pdb_id,pep_identity,mhc_identity,tcrA_identity,tcrB_identity,total_identity
5eu6,44.4444444444,100.0,29.203539823,48.6725663717,61.1274991806
5bs0,33.3333333333,86.5921787709,28.3185840708,70.2702702703,56.4066464249
3o4l,33.3333333333,100.0,29.2452830189,26.0869565217,53.6664843679
3qdj,22.2222222222,100.0,37.037037037,35.7142857143,52.8659611993
5euo,22.2222222222,100.0,32.7272727273,39.6396396396,52.8018928019
