pdb_id,pep_identity,mhc_identity,tcrA_identity,tcrB_identity,total_identity
5eu6,44.4444444444,100.0,26.0869565217,35.3448275862,58.3867788328
5euo,22.2222222222,100.0,28.5714285714,51.7543859649,54.1283764968
3o4l,33.3333333333,100.0,20.5357142857,28.2051282051,52.5679181929
5bs0,33.3333333333,86.5921787709,22.6086956522,35.652173913,49.685315629
5men,11.1111111111,100.0,25.0,46.9565217391,49.0297906602
