pdb_id,pep_identity,mhc_identity,tcrA_identity,tcrB_identity,total_identity
2vlk,22.2222222222,100.0,37.8378378378,89.2857142857,61.927999428
4eup,33.3333333333,100.0,48.6486486486,53.5714285714,61.4811239811
3o4l,33.3333333333,100.0,52.2522522523,28.6956521739,57.9357618488
5bs0,33.3333333333,86.5921787709,38.0530973451,35.3982300885,52.217058607
2bnr,11.1111111111,100.0,38.9380530973,47.3214285714,51.4136173152
4mnq,11.1111111111,100.0,33.0357142857,46.9026548673,50.3600985625
