pdb_id,pep_identity,mhc_identity,tcrA_identity,tcrB_identity,total_identity
4eup,33.3333333333,100.0,25.6880733945,56.7567567568,58.1852494697
5euo,22.2222222222,100.0,27.027027027,51.3513513514,53.8038038038
3o4l,33.3333333333,100.0,21.4953271028,24.5614035088,52.120566213
4mnq,11.1111111111,100.0,19.8198198198,57.1428571429,49.8641498641
5bs0,33.3333333333,86.5921787709,21.0526315789,33.0357142857,48.9898950122
