pdb_id,pep_identity,mhc_identity,tcrA_identity,tcrB_identity,total_identity
2vlr,22.2222222222,100.0,58.0357142857,94.5454545455,66.1709355459
5eu6,44.4444444444,100.0,35.9649122807,38.9380530973,60.6319757112
4eup,33.3333333333,100.0,32.1428571429,57.6576576577,59.4111969112
2bnq,22.2222222222,100.0,32.4561403509,50.4504504505,54.5585058743
3o4l,33.3333333333,100.0,30.0884955752,30.0884955752,54.4739429695
