pdb_id,pep_identity,mhc_identity,tcrA_identity,tcrB_identity,total_identity
5eu6,44.4444444444,100.0,37.1681415929,42.6086956522,61.444287689
3o4l,33.3333333333,100.0,57.5471698113,29.9145299145,59.0213943988
5bs0,33.3333333333,86.5921787709,38.9380530973,66.6666666667,57.5759573288
3qdj,22.2222222222,100.0,41.4414414414,35.9649122807,53.6417996944
2vlk,22.2222222222,100.0,34.5454545455,35.9649122807,52.4924685451
