pdb_id,pep_identity,mhc_identity,tcrA_identity,tcrB_identity,total_identity
4eup,33.3333333333,100.0,60.5504587156,54.4642857143,63.6135685161
2bnq,22.2222222222,100.0,35.3982300885,74.1071428571,58.9916362317
5euo,22.2222222222,100.0,32.1428571429,55.4545454545,55.3403078403
5men,11.1111111111,100.0,30.9090909091,76.5765765766,54.9513149513
3o4l,33.3333333333,100.0,31.4814814815,29.8245614035,54.6621182586
5bs0,33.3333333333,86.5921787709,37.1681415929,36.3636363636,52.2304670275
