pdb_id,pep_identity,mhc_identity,tcrA_identity,tcrB_identity,total_identity
5eu6,44.4444444444,100.0,48.6725663717,50.4347826087,64.6660396449
4eup,33.3333333333,100.0,32.4324324324,34.2105263158,55.5516042358
3o4l,33.3333333333,100.0,36.3636363636,25.8620689655,54.8153953326
2bnq,22.2222222222,100.0,46.9026548673,32.4561403509,53.9672066104
5bs0,33.3333333333,86.5921787709,45.1327433628,37.7192982456,53.7838443028
5euo,22.2222222222,100.0,42.8571428571,35.3982300885,53.7833028983
