pdb_id,pep_identity,mhc_identity,tcrA_identity,tcrB_identity,total_identity
5eu6,44.4444444444,100.0,36.8421052632,59.2920353982,64.170504925
4eup,33.3333333333,100.0,33.0357142857,31.8584070796,55.2601313387
3o4l,33.3333333333,100.0,33.0357142857,27.8260869565,54.5880779848
5bs0,33.3333333333,86.5921787709,35.9649122807,42.4778761062,53.0489687659
