pdb_id,pep_identity,mhc_identity,tcrA_identity,tcrB_identity,total_identity
3qdj,22.2222222222,100.0,37.962962963,92.9203539823,62.5546268983
5eu6,44.4444444444,100.0,32.7433628319,36.8421052632,59.745726164
3o4l,33.3333333333,100.0,29.3577981651,31.0344827586,54.5098245984
2vlk,22.2222222222,100.0,30.2752293578,51.3274336283,54.3411845718
2f54,11.1111111111,100.0,32.7433628319,63.7168141593,53.1137332022
5men,11.1111111111,100.0,29.7297297297,65.4867256637,52.9064462693
5bs0,33.3333333333,86.5921787709,31.8584070796,31.8584070796,50.594639728
