pdb_id,pep_identity,mhc_identity,tcrA_identity,tcrB_identity,total_identity
5eu6,44.4444444444,100.0,34.2105263158,58.1196581197,63.5365122207
5euo,22.2222222222,100.0,51.3274336283,37.0689655172,55.4734739317
3qeq,22.2222222222,100.0,43.75,34.188034188,53.7304131054
3o4l,33.3333333333,100.0,27.4336283186,27.731092437,53.6385645704
5bs0,33.3333333333,86.5921787709,32.4561403509,42.2413793103,52.4247573116
3ffc,11.1111111111,81.0055865922,31.3043478261,90.5982905983,51.0226723052
