pdb_id,pep_identity,mhc_identity,tcrA_identity,tcrB_identity,total_identity
5eu6,44.4444444444,100.0,22.8070175439,54.3859649123,61.0136452242
3o4l,33.3333333333,100.0,19.2660550459,28.4482758621,52.3968329291
3qeq,22.2222222222,100.0,30.2752293578,37.7192982456,52.073162008
5bs0,33.3333333333,86.5921787709,25.4385964912,39.4736842105,50.7938841517
5euo,22.2222222222,100.0,27.9279279279,28.9473684211,50.2199567989
