pdb_id,pep_identity,mhc_identity,tcrA_identity,tcrB_identity,total_identity
3qeq,22.2222222222,100.0,94.4444444444,34.8214285714,62.2850529101
5eu6,44.4444444444,100.0,31.8584070796,46.9026548673,61.274991806
2vlk,22.2222222222,100.0,50.4587155963,36.036036036,55.1565326795
5bs0,33.3333333333,86.5921787709,32.7433628319,56.7567567568,54.8918572995
3o4l,33.3333333333,100.0,30.2752293578,26.3157894737,53.8762809164
