pdb_id,pep_identity,mhc_identity,tcrA_identity,tcrB_identity,total_identity
5eu6,44.4444444444,100.0,37.1681415929,34.7826086957,60.1399398629
3o4l,33.3333333333,100.0,58.0952380952,22.8070175439,57.9281537176
3qdj,22.2222222222,100.0,43.6363636364,35.0877192982,53.8614212298
5euo,22.2222222222,100.0,37.2727272727,34.5132743363,52.7050743422
5bs0,33.3333333333,86.5921787709,38.9380530973,31.5789473684,51.7280041124
2p5e,11.1111111111,100.0,36.2831858407,32.7433628319,48.5414618158
