pdb_id,pep_identity,mhc_identity,tcrA_identity,tcrB_identity,total_identity
5eu6,44.4444444444,100.0,36.2831858407,64.6551724138,64.9712078572
3o4l,33.3333333333,100.0,58.6538461538,26.4957264957,58.636039886
4eup,33.3333333333,100.0,40.3669724771,31.3043478261,56.389664495
5bs0,33.3333333333,86.5921787709,37.1681415929,47.4137931034,54.0721598175
5euo,22.2222222222,100.0,35.4545454545,37.3913043478,52.8817157078
