pdb_id,pep_identity,mhc_identity,tcrA_identity,tcrB_identity,total_identity
5eu6,44.4444444444,100.0,30.9734513274,49.5575221239,61.5699770567
3o4l,33.3333333333,100.0,29.7297297297,26.9565217391,53.8921530226
5bs0,33.3333333333,86.5921787709,30.9734513274,44.6428571429,52.5778887798
3qdj,22.2222222222,100.0,38.1818181818,32.7433628319,52.561604243
5euo,22.2222222222,100.0,28.5714285714,40.1785714286,52.1990740741
