pdb_id,pep_identity,mhc_identity,tcrA_identity,tcrB_identity,total_identity
5eu6,44.4444444444,100.0,38.0530973451,43.3628318584,61.7174696821
3qdj,22.2222222222,100.0,61.8181818182,39.6396396396,57.6503776504
5bs0,33.3333333333,86.5921787709,38.0530973451,58.5585585586,56.077113352
3o4l,33.3333333333,100.0,32.4324324324,27.4336283186,54.4221212363
2vlk,22.2222222222,100.0,31.5315315315,38.1818181818,52.3596323596
