pdb_id,pep_identity,mhc_identity,tcrA_identity,tcrB_identity,total_identity
4eup,33.3333333333,100.0,61.4678899083,35.0877192982,60.5370459789
3o4l,33.3333333333,100.0,34.2592592593,25.641025641,54.4278252612
5bs0,33.3333333333,86.5921787709,36.2831858407,40.0,52.6890350082
2vlk,22.2222222222,100.0,34.8623853211,35.0877192982,52.3990915106
2p5e,11.1111111111,100.0,36.2831858407,34.2105263158,48.7859890631
