pdb_id,pep_identity,mhc_identity,tcrA_identity,tcrB_identity,total_identity
3qdj,22.2222222222,100.0,88.2882882883,89.4736842105,70.3677361572
5eu6,44.4444444444,100.0,42.4778761062,33.9130434783,60.8799680789
2bnq,22.2222222222,100.0,41.592920354,60.5263157895,57.7606134313
3o4l,33.3333333333,100.0,37.5,34.188034188,56.3924501425
