pdb_id,pep_identity,mhc_identity,tcrA_identity,tcrB_identity,total_identity
5eu6,44.4444444444,100.0,35.0877192982,35.3982300885,59.8958063793
3o4l,33.3333333333,100.0,33.3333333333,30.0884955752,55.0147492625
3qeq,22.2222222222,100.0,27.1929824561,52.6785714286,54.0526663882
5bs0,33.3333333333,86.5921787709,32.4561403509,40.9090909091,52.2027092448
2p5w,11.1111111111,100.0,33.3333333333,50.0,50.9259259259
2e7l,22.2222222222,68.7150837989,67.5438596491,50.0,49.9030786152
