pdb_id,pep_identity,mhc_identity,tcrA_identity,tcrB_identity,total_identity
5eu6,44.4444444444,100.0,39.8230088496,56.8965517241,64.2680749104
4eup,33.3333333333,100.0,41.2844036697,28.4482758621,56.0665576997
5bs0,33.3333333333,86.5921787709,37.1681415929,38.7931034483,52.6353782083
2vlk,22.2222222222,100.0,36.4485981308,32.7586206897,52.2752772108
