pdb_id,pep_identity,mhc_identity,tcrA_identity,tcrB_identity,total_identity
5eu6,44.4444444444,100.0,23.6842105263,70.1754385965,63.7914230019
4eup,33.3333333333,100.0,23.6363636364,33.3333333333,53.9393939394
3o4l,33.3333333333,100.0,20.9090909091,27.5862068966,52.5269940787
5bs0,33.3333333333,86.5921787709,24.5614035088,48.6725663717,52.1808323482
2vlk,22.2222222222,100.0,25.4545454545,38.0530973451,51.325347874
