pdb_id,pep_identity,mhc_identity,tcrA_identity,tcrB_identity,total_identity
2vlr,22.2222222222,100.0,57.5221238938,94.5454545455,66.0853371473
5eu6,44.4444444444,100.0,36.8421052632,38.9380530973,60.7781745416
4eup,33.3333333333,100.0,31.8584070796,57.6576576577,59.3637885673
2bnq,22.2222222222,100.0,33.3333333333,50.4504504505,54.7047047047
3o4l,33.3333333333,100.0,29.8245614035,30.0884955752,54.4299539409
