pdb_id,pep_identity,mhc_identity,tcrA_identity,tcrB_identity,total_identity
5eu6,44.4444444444,100.0,31.5789473684,40.8695652174,60.2229002458
5bs0,33.3333333333,86.5921787709,32.4561403509,73.6842105263,57.665229181
3o4l,33.3333333333,100.0,30.0,25.641025641,53.7179487179
3qdj,22.2222222222,100.0,33.3333333333,37.7192982456,52.5828460039
5euo,22.2222222222,100.0,31.5789473684,35.0877192982,51.8518518519
