pdb_id,pep_identity,mhc_identity,tcrA_identity,tcrB_identity,total_identity
5eu6,44.4444444444,100.0,34.2105263158,38.0530973451,60.192085425
3o4l,33.3333333333,100.0,30.701754386,24.5614035088,53.6549707602
5bs0,33.3333333333,86.5921787709,32.4561403509,39.6396396396,51.9911340332
3qdj,22.2222222222,100.0,32.4561403509,33.0357142857,51.6560498468
2vlk,22.2222222222,100.0,25.4385964912,35.4545454545,50.8895977317
2f54,11.1111111111,100.0,42.9824561404,31.5315315315,49.4560349824
