pdb_id,pep_identity,mhc_identity,tcrA_identity,tcrB_identity,total_identity
2bnq,22.2222222222,100.0,90.2654867257,33.0434782609,61.2922349052
5bs0,33.3333333333,86.5921787709,84.9557522124,42.6086956522,61.2359120122
3o4l,33.3333333333,100.0,38.0530973451,31.6239316239,56.057282606
3qdj,22.2222222222,100.0,42.4778761062,37.3913043478,54.0522708164
2vlk,22.2222222222,100.0,38.0530973451,40.0,53.7495902983
4mnq,11.1111111111,100.0,39.8230088496,33.9130434783,49.3263790917
