pdb_id,pep_identity,mhc_identity,tcrA_identity,tcrB_identity,total_identity
4eup,33.3333333333,100.0,38.5321100917,56.5217391304,60.2867526481
3o4l,33.3333333333,100.0,36.3636363636,24.5762711864,54.6010957028
2vlr,22.2222222222,100.0,30.0,51.3043478261,54.2914653784
2p5w,11.1111111111,100.0,33.6283185841,54.3103448276,51.693480939
5bs0,33.3333333333,86.5921787709,33.6283185841,33.6206896552,51.1833387413
