pdb_id,pep_identity,mhc_identity,tcrA_identity,tcrB_identity,total_identity
4eup,33.3333333333,100.0,83.4862385321,30.9734513274,63.521059421
3o4l,33.3333333333,100.0,38.8888888889,23.275862069,54.8052362708
5bs0,33.3333333333,86.5921787709,39.8230088496,37.7192982456,52.8988885506
2bnq,22.2222222222,100.0,42.4778761062,30.0884955752,52.835136021
2vlk,22.2222222222,100.0,34.8623853211,32.7433628319,52.0083654329
