pdb_id,pep_identity,mhc_identity,tcrA_identity,tcrB_identity,total_identity
5eu6,44.4444444444,100.0,40.7079646018,61.9469026549,65.2572926909
3o4l,33.3333333333,100.0,85.4368932039,27.8260869565,63.3216078045
4eup,33.3333333333,100.0,41.2844036697,32.7433628319,56.782405528
2bnq,22.2222222222,100.0,46.017699115,33.6283185841,54.0150770239
5bs0,33.3333333333,86.5921787709,38.9380530973,45.1327433628,53.9869701115
