pdb_id,pep_identity,mhc_identity,tcrA_identity,tcrB_identity,total_identity
4eup,33.3333333333,100.0,30.4347826087,90.0900900901,64.5319232276
5eu6,44.4444444444,100.0,39.1304347826,30.0884955752,59.6846365411
2vlk,22.2222222222,100.0,26.9565217391,59.0909090909,55.0819792124
3o4l,33.3333333333,100.0,31.3043478261,28.3185840708,54.3815997606
2f54,11.1111111111,100.0,37.3913043478,52.2522522523,51.9776298037
5bs0,33.3333333333,86.5921787709,33.9130434783,36.036036036,51.6333506205
