pdb_id,pep_identity,mhc_identity,tcrA_identity,tcrB_identity,total_identity
5eu6,44.4444444444,100.0,34.5132743363,64.347826087,64.6249982187
4eup,33.3333333333,100.0,36.3636363636,33.3333333333,56.0606060606
3o4l,33.3333333333,100.0,29.7297297297,26.724137931,53.8534223879
5bs0,33.3333333333,86.5921787709,32.7433628319,48.2456140351,53.4733335126
5euo,22.2222222222,100.0,29.4642857143,40.7079646018,52.4361157934
