pdb_id,pep_identity,mhc_identity,tcrA_identity,tcrB_identity,total_identity
4eup,33.3333333333,100.0,36.3636363636,57.6576576577,60.1146601147
5hho,22.2222222222,100.0,37.6146788991,52.7272727273,55.7977326785
3o4l,33.3333333333,100.0,34.8623853211,27.4336283186,54.8271133844
4mnq,11.1111111111,100.0,37.5,60.0,53.287037037
5bs0,33.3333333333,86.5921787709,39.8230088496,33.3333333333,52.1678943986
