pdb_id,pep_identity,mhc_identity,tcrA_identity,tcrB_identity,total_identity
5eu6,44.4444444444,100.0,40.7079646018,46.017699115,62.6024254343
5bs0,33.3333333333,86.5921787709,38.9380530973,61.2612612613,56.6750564279
5euo,22.2222222222,100.0,43.2432432432,40.0,54.6146146146
3o4l,33.3333333333,100.0,32.4324324324,27.1929824561,54.3820135925
3qeq,22.2222222222,100.0,39.0909090909,35.7142857143,53.2082732083
5men,11.1111111111,100.0,44.8598130841,33.9285714286,50.1684344558
