pdb_id,pep_identity,mhc_identity,tcrA_identity,tcrB_identity,total_identity
5eu6,44.4444444444,100.0,26.9565217391,51.3043478261,61.191626409
3o4l,33.3333333333,100.0,21.4285714286,26.724137931,52.4698960044
3qeq,22.2222222222,100.0,31.25,37.3913043478,52.180958132
2vlk,22.2222222222,100.0,25.8928571429,36.2831858407,51.1034145713
5bs0,33.3333333333,86.5921787709,26.9565217391,39.4736842105,51.046871693
