pdb_id,pep_identity,mhc_identity,tcrA_identity,tcrB_identity,total_identity
4eup,33.3333333333,100.0,31.8584070796,61.2612612613,59.9643891679
5euo,22.2222222222,100.0,30.4347826087,55.9633027523,55.1404216342
3o4l,33.3333333333,100.0,31.8584070796,25.6637168142,54.0314650934
5bs0,33.3333333333,86.5921787709,37.3913043478,37.2727272727,52.4191759715
2f54,11.1111111111,100.0,35.652173913,55.8558558559,52.2883753319
3ffc,11.1111111111,81.0055865922,83.185840708,29.9145299145,49.5556276715
