pdb_id,pep_identity,mhc_identity,tcrA_identity,tcrB_identity,total_identity
3qdj,22.2222222222,100.0,45.9459459459,90.2654867257,63.442646186
5eu6,44.4444444444,100.0,40.7079646018,35.9649122807,60.9269609619
3o4l,33.3333333333,100.0,45.9459459459,30.1724137931,57.1308377343
2vlk,22.2222222222,100.0,34.2342342342,52.2123893805,55.1485113432
2f54,11.1111111111,100.0,39.8230088496,64.6017699115,54.4411668305
5men,11.1111111111,100.0,31.8584070796,65.4867256637,53.2612258276
5bs0,33.3333333333,86.5921787709,38.0530973451,31.8584070796,51.6270881056
