pdb_id,pep_identity,mhc_identity,tcrA_identity,tcrB_identity,total_identity
5euo,22.2222222222,100.0,91.7431192661,33.9285714286,61.6860225232
5eu6,44.4444444444,100.0,38.9380530973,34.2105263158,60.3395780503
3o4l,33.3333333333,100.0,34.5794392523,24.347826087,54.2656553343
3qeq,22.2222222222,100.0,50.0,29.203539823,53.9413307112
5bs0,33.3333333333,86.5921787709,39.8230088496,38.0530973451,52.9545217339
