pdb_id,pep_identity,mhc_identity,tcrA_identity,tcrB_identity,total_identity
2bnq,22.2222222222,100.0,32.4561403509,89.4736842105,61.0623781676
4mnq,11.1111111111,100.0,29.8245614035,85.9649122807,56.3352826511
3qeq,22.2222222222,100.0,32.7272727273,60.5263157895,56.2830054935
3o4l,33.3333333333,100.0,30.9090909091,29.0598290598,54.4392644393
2vlk,22.2222222222,100.0,30.6306306306,50.8771929825,54.3253780096
5bs0,33.3333333333,86.5921787709,32.4561403509,34.2105263158,51.0862818125
2e7l,22.2222222222,68.7150837989,58.5585585586,53.5087719298,48.9903237551
