pdb_id,pep_identity,mhc_identity,tcrA_identity,tcrB_identity,total_identity
5eu6,44.4444444444,100.0,34.7826086957,52.2123893805,62.6473144942
3o4l,33.3333333333,100.0,35.0877192982,27.4336283186,54.8646690472
3qeq,22.2222222222,100.0,34.2105263158,36.2831858407,52.4896927668
5bs0,33.3333333333,86.5921787709,33.9130434783,40.5405405405,52.3841013712
2vlk,22.2222222222,100.0,31.5789473684,38.1818181818,52.3675349991
