pdb_id,pep_identity,mhc_identity,tcrA_identity,tcrB_identity,total_identity
5eu6,44.4444444444,100.0,22.8070175439,34.7826086957,57.7464191881
3o4l,33.3333333333,100.0,22.4299065421,22.8070175439,51.9839317921
5bs0,33.3333333333,86.5921787709,21.9298245614,31.5789473684,48.8932993564
