pdb_id,pep_identity,mhc_identity,tcrA_identity,tcrB_identity,total_identity
4eup,33.3333333333,100.0,35.7142857143,57.6576576577,60.0064350064
5euo,22.2222222222,100.0,29.203539823,52.7272727273,54.3958761658
3o4l,33.3333333333,100.0,28.3185840708,26.3157894737,53.5501733685
2p5w,11.1111111111,100.0,34.2105263158,56.25,52.113791423
5bs0,33.3333333333,86.5921787709,35.9649122807,35.1351351351,51.8251786041
