pdb_id,pep_identity,mhc_identity,tcrA_identity,tcrB_identity,total_identity
2vlk,22.2222222222,100.0,87.962962963,50.8771929825,63.8807667316
5eu6,44.4444444444,100.0,38.0530973451,37.3913043478,60.722215097
3qeq,22.2222222222,100.0,50.9259259259,59.649122807,59.1699155296
2bnr,11.1111111111,100.0,35.3982300885,78.9473684211,56.0946367886
5men,11.1111111111,100.0,35.1351351351,78.9473684211,56.0507876297
3o4l,33.3333333333,100.0,32.1100917431,26.4957264957,54.2120808176
5bs0,33.3333333333,86.5921787709,37.1681415929,34.2105263158,51.8716153529
