pdb_id,pep_identity,mhc_identity,tcrA_identity,tcrB_identity,total_identity
3qeq,22.2222222222,100.0,29.0909090909,94.6428571429,61.363035113
5eu6,44.4444444444,100.0,23.6842105263,36.2831858407,58.1427142093
2vlk,22.2222222222,100.0,23.6363636364,53.5714285714,53.6087061087
3o4l,33.3333333333,100.0,21.8181818182,26.9565217391,52.573561704
2f53,11.1111111111,100.0,23.6842105263,59.8214285714,50.9546435533
4mnq,11.1111111111,100.0,21.6216216216,58.9285714286,50.4620692121
