pdb_id,pep_identity,mhc_identity,tcrA_identity,tcrB_identity,total_identity
5eu6,44.4444444444,100.0,35.652173913,40.7079646018,60.8748379006
5bs0,33.3333333333,86.5921787709,33.9130434783,64.2857142857,56.3416303288
3o4l,33.3333333333,100.0,28.3185840708,28.6956521739,53.9468171519
2vlk,22.2222222222,100.0,28.3185840708,36.6071428571,51.5616952287
3qdj,22.2222222222,100.0,30.9734513274,33.0357142857,51.4089350096
