pdb_id,pep_identity,mhc_identity,tcrA_identity,tcrB_identity,total_identity
5eu6,44.4444444444,100.0,40.7079646018,69.0265486726,66.4372336939
4eup,33.3333333333,100.0,41.8181818182,33.6283185841,57.0188611782
3o4l,33.3333333333,100.0,34.5454545455,29.5652173913,55.1295564339
5bs0,33.3333333333,86.5921787709,38.9380530973,46.9026548673,54.2819553622
5euo,22.2222222222,100.0,37.5,38.0530973451,53.3329236316
