pdb_id,pep_identity,mhc_identity,tcrA_identity,tcrB_identity,total_identity
5eu6,44.4444444444,100.0,37.1681415929,35.8974358974,60.3257443965
3o4l,33.3333333333,100.0,52.2522522523,27.1186440678,57.6729271645
3qdj,22.2222222222,100.0,48.6486486486,31.0344827586,54.021262642
5euo,22.2222222222,100.0,40.1785714286,35.652173913,53.3791982977
5bs0,33.3333333333,86.5921787709,37.1681415929,36.2068965517,52.2043437255
2p5e,11.1111111111,100.0,35.3982300885,33.0434782609,48.4439884286
