pdb_id,pep_identity,mhc_identity,tcrA_identity,tcrB_identity,total_identity
5eu6,44.4444444444,100.0,33.3333333333,60.1769911504,63.7332022288
4eup,33.3333333333,100.0,33.0357142857,33.6283185841,55.5551165894
3o4l,33.3333333333,100.0,31.8181818182,28.9473684211,54.572036151
5bs0,33.3333333333,86.5921787709,31.5789473684,45.045045045,52.7458361037
2vlk,22.2222222222,100.0,28.8288288288,37.8378378378,51.8518518519
