pdb_id,pep_identity,mhc_identity,tcrA_identity,tcrB_identity,total_identity
5eu6,44.4444444444,100.0,42.9824561404,57.0175438596,64.8148148148
4eup,33.3333333333,100.0,83.0357142857,27.1929824561,62.8158939014
3o4l,33.3333333333,100.0,38.0530973451,27.5862068966,55.3843284847
2bnq,22.2222222222,100.0,50.0,29.8245614035,54.044834308
5bs0,33.3333333333,86.5921787709,40.350877193,37.7192982456,52.9868666079
