pdb_id,pep_identity,mhc_identity,tcrA_identity,tcrB_identity,total_identity
5eu6,44.4444444444,100.0,36.2831858407,61.0619469027,64.3723369387
3o4l,33.3333333333,100.0,52.2935779817,30.4347826087,58.2325045428
4eup,33.3333333333,100.0,46.3636363636,32.7433628319,57.6289443104
5euo,22.2222222222,100.0,38.3928571429,37.5,53.3895502646
5bs0,33.3333333333,86.5921787709,36.2831858407,43.75,53.3140350082
