pdb_id,pep_identity,mhc_identity,tcrA_identity,tcrB_identity,total_identity
5eu6,44.4444444444,100.0,47.7876106195,53.0973451327,64.9623074402
4eup,33.3333333333,100.0,31.5315315315,37.5,55.9496996997
3o4l,33.3333333333,100.0,36.9369369369,26.3157894737,54.9865655129
2bnq,22.2222222222,100.0,47.7876106195,35.7142857143,54.657723463
2vlk,22.2222222222,100.0,42.7272727273,38.7387387387,54.3184093184
5bs0,33.3333333333,86.5921787709,44.2477876106,40.1785714286,54.0462305413
