pdb_id,pep_identity,mhc_identity,tcrA_identity,tcrB_identity,total_identity
5eu6,44.4444444444,100.0,37.1681415929,59.2920353982,64.2248443133
2vlk,22.2222222222,100.0,90.5660377358,31.8584070796,61.1448148767
4eup,33.3333333333,100.0,36.6972477064,31.8584070796,55.8703869088
3o4l,33.3333333333,100.0,33.9622641509,27.8260869565,54.7425029624
5bs0,33.3333333333,86.5921787709,36.2831858407,42.4778761062,53.1020143592
