pdb_id,pep_identity,mhc_identity,tcrA_identity,tcrB_identity,total_identity
5eu6,44.4444444444,100.0,38.0530973451,43.4782608696,61.7367078506
3o4l,33.3333333333,100.0,57.6923076923,27.3504273504,58.6182336182
5bs0,33.3333333333,86.5921787709,36.2831858407,66.6666666667,57.1334794527
2vlk,22.2222222222,100.0,35.1851851852,41.2280701754,53.4762833008
3qdj,22.2222222222,100.0,41.2844036697,35.0877192982,53.4694279021
