pdb_id,pep_identity,mhc_identity,tcrA_identity,tcrB_identity,total_identity
5eu6,44.4444444444,100.0,35.0877192982,63.7168141593,64.6155703911
4eup,33.3333333333,100.0,30.701754386,31.8584070796,54.871138022
3o4l,33.3333333333,100.0,33.3333333333,28.9473684211,54.8245614035
5euo,22.2222222222,100.0,35.0877192982,36.6071428571,52.6898844333
5bs0,33.3333333333,86.5921787709,32.4561403509,43.75,52.6761940932
