pdb_id,pep_identity,mhc_identity,tcrA_identity,tcrB_identity,total_identity
5eu6,44.4444444444,100.0,46.017699115,35.3982300885,61.7174696821
2vlk,22.2222222222,100.0,41.4414414414,56.880733945,57.1277699718
3qdj,22.2222222222,100.0,38.3928571429,53.1531531532,55.9984091234
3o4l,33.3333333333,100.0,35.7142857143,30.9734513274,55.5590672847
5bs0,33.3333333333,86.5921787709,41.592920354,38.1818181818,53.2709604574
5men,11.1111111111,100.0,41.4414414414,51.8181818182,52.5803075803
2p5e,11.1111111111,100.0,41.592920354,49.5495495495,52.2274486876
