pdb_id,pep_identity,mhc_identity,tcrA_identity,tcrB_identity,total_identity
5eu6,44.4444444444,100.0,47.7876106195,44.347826087,63.5040542659
5bs0,33.3333333333,86.5921787709,45.1327433628,68.1415929204,58.8542267486
3qdj,22.2222222222,100.0,66.6666666667,35.0877192982,57.6998050682
3o4l,33.3333333333,100.0,38.3928571429,26.4957264957,55.2592083842
2vlk,22.2222222222,100.0,36.6071428571,41.592920354,53.7740846093
