pdb_id,pep_identity,mhc_identity,tcrA_identity,tcrB_identity,total_identity
5eu6,44.4444444444,100.0,50.4424778761,54.3859649123,65.6195552795
3o4l,33.3333333333,100.0,37.5,33.0434782609,56.2016908213
4eup,33.3333333333,100.0,34.8214285714,31.8584070796,55.5577503863
2bnq,22.2222222222,100.0,48.6725663717,34.5132743363,54.6050475254
5bs0,33.3333333333,86.5921787709,46.017699115,40.350877193,54.3699334194
2vlk,22.2222222222,100.0,42.3423423423,33.6283185841,53.4025175618
