pdb_id,pep_identity,mhc_identity,tcrA_identity,tcrB_identity,total_identity
5eu6,44.4444444444,100.0,48.6725663717,39.8230088496,62.897410685
5bs0,33.3333333333,86.5921787709,45.1327433628,63.963963964,58.1579552559
3o4l,33.3333333333,100.0,37.8378378378,25.6637168142,55.0280368864
5euo,22.2222222222,100.0,41.9642857143,36.3636363636,53.7953944204
3qdj,22.2222222222,100.0,35.1351351351,36.036036036,52.6026026026
2f54,11.1111111111,100.0,47.7876106195,36.9369369369,51.1577949631
