pdb_id,pep_identity,mhc_identity,tcrA_identity,tcrB_identity,total_identity
3o4l,33.3333333333,100.0,85.4368932039,28.9473684211,63.5084880486
5eu6,44.4444444444,100.0,40.7079646018,41.592920354,61.8649623074
5bs0,33.3333333333,86.5921787709,38.9380530973,66.6666666667,57.5759573288
3qdj,22.2222222222,100.0,40.3669724771,40.5405405405,54.2253262437
5euo,22.2222222222,100.0,34.5454545455,39.6396396396,53.1049231049
