pdb_id,pep_identity,mhc_identity,tcrA_identity,tcrB_identity,total_identity
5eu6,44.4444444444,100.0,44.2477876106,58.407079646,65.2572926909
4eup,33.3333333333,100.0,86.3636363636,30.9734513274,64.0006257263
3o4l,33.3333333333,100.0,39.6396396396,29.5652173913,55.9785872829
5bs0,33.3333333333,86.5921787709,40.7079646018,41.592920354,53.6919848607
2bnq,22.2222222222,100.0,43.3628318584,30.9734513274,53.1301212717
5euo,22.2222222222,100.0,34.8214285714,34.5132743363,52.2965245587
