pdb_id,pep_identity,mhc_identity,tcrA_identity,tcrB_identity,total_identity
5eu6,44.4444444444,100.0,35.652173913,43.3628318584,61.3173157767
5bs0,33.3333333333,86.5921787709,34.7826086957,55.3571428571,54.9984626269
3o4l,33.3333333333,100.0,29.8245614035,32.1739130435,54.7775235189
3qeq,22.2222222222,100.0,30.701754386,33.9285714286,51.5124617098
5euo,22.2222222222,100.0,29.5652173913,33.9285714286,51.3230388774
