pdb_id,pep_identity,mhc_identity,tcrA_identity,tcrB_identity,total_identity
4eup,33.3333333333,100.0,88.9908256881,34.8214285714,65.0798201544
5eu6,44.4444444444,100.0,42.4778761062,41.592920354,62.1599475582
5bs0,33.3333333333,86.5921787709,38.9380530973,66.6666666667,57.5759573288
3o4l,33.3333333333,100.0,40.9090909091,28.9473684211,56.0871876661
5euo,22.2222222222,100.0,35.7142857143,39.6396396396,53.2997282997
2bnq,22.2222222222,100.0,41.592920354,31.25,52.8812274664
