pdb_id,pep_identity,mhc_identity,tcrA_identity,tcrB_identity,total_identity
5eu6,44.4444444444,100.0,40.350877193,35.0877192982,60.7212475634
3o4l,33.3333333333,100.0,32.4561403509,54.4642857143,58.931182122
3qdj,22.2222222222,100.0,35.0877192982,32.7433628319,52.0459210958
5euo,22.2222222222,100.0,28.9473684211,33.0357142857,51.0712545252
5bs0,33.3333333333,86.5921787709,32.4561403509,30.9734513274,50.5467693145
