pdb_id,pep_identity,mhc_identity,tcrA_identity,tcrB_identity,total_identity
5eu6,44.4444444444,100.0,43.3628318584,58.407079646,65.1098000656
4eup,33.3333333333,100.0,34.8214285714,30.9734513274,55.4102577609
3o4l,33.3333333333,100.0,33.0357142857,28.9473684211,54.7749582289
5euo,22.2222222222,100.0,44.2477876106,33.9285714286,53.7701339139
5bs0,33.3333333333,86.5921787709,38.9380530973,43.75,53.7565128843
2bnq,22.2222222222,100.0,39.8230088496,36.2831858407,53.4251065225
