pdb_id,pep_identity,mhc_identity,tcrA_identity,tcrB_identity,total_identity
5eu6,44.4444444444,100.0,39.8230088496,35.8974358974,60.7682222726
3qdj,22.2222222222,100.0,36.9369369369,62.0689655172,57.2417244831
5euo,22.2222222222,100.0,43.2432432432,52.5862068966,56.712315764
5men,11.1111111111,100.0,42.5925925926,75.0,56.6358024691
3o4l,33.3333333333,100.0,32.1428571429,29.4117647059,54.7035480859
5bs0,33.3333333333,86.5921787709,39.8230088496,33.6206896552,52.2157871189
