pdb_id,pep_identity,mhc_identity,tcrA_identity,tcrB_identity,total_identity
5eu6,44.4444444444,100.0,37.3913043478,36.2068965517,60.4145149647
3o4l,33.3333333333,100.0,33.0434782609,23.9316239316,53.9402948099
5bs0,33.3333333333,86.5921787709,37.3913043478,37.3913043478,52.4389388174
2vlk,22.2222222222,100.0,36.5217391304,32.4561403509,52.2370539876
3qdj,22.2222222222,100.0,34.7826086957,30.4347826087,51.6103059581
3ffc,11.1111111111,81.0055865922,83.4782608696,35.0427350427,50.4590652198
