pdb_id,pep_identity,mhc_identity,tcrA_identity,tcrB_identity,total_identity
5eu6,44.4444444444,100.0,86.7256637168,33.6283185841,68.2071451983
2bnq,22.2222222222,100.0,85.8407079646,75.0,67.5475254015
4eup,33.3333333333,100.0,39.2857142857,53.5714285714,59.9206349206
5bs0,33.3333333333,86.5921787709,84.0707964602,32.4324324324,59.3923755169
5men,11.1111111111,100.0,39.8230088496,81.0810810811,57.1877186921
3o4l,33.3333333333,100.0,36.6071428571,31.5789473684,55.8087928154
5euo,22.2222222222,100.0,38.0530973451,51.3513513514,55.6414821902
