pdb_id,pep_identity,mhc_identity,tcrA_identity,tcrB_identity,total_identity
5eu6,44.4444444444,100.0,48.6725663717,38.0530973451,62.6024254343
5euo,22.2222222222,100.0,41.9642857143,55.4545454545,56.9772126022
3qeq,22.2222222222,100.0,35.7142857143,57.1428571429,56.2169312169
3o4l,33.3333333333,100.0,34.5132743363,30.0884955752,55.2114060964
5bs0,33.3333333333,86.5921787709,48.6725663717,37.8378378378,54.393571403
2p5w,11.1111111111,100.0,49.5575221239,50.8928571429,53.7787669148
5men,11.1111111111,100.0,37.5,49.5495495495,51.5452952953
