pdb_id,pep_identity,mhc_identity,tcrA_identity,tcrB_identity,total_identity
5eu6,44.4444444444,100.0,87.610619469,61.9469026549,73.0744018355
5bs0,33.3333333333,86.5921787709,84.0707964602,42.4778761062,61.0666161292
2bnq,22.2222222222,100.0,87.610619469,32.7433628319,60.7997377909
