pdb_id,pep_identity,mhc_identity,tcrA_identity,tcrB_identity,total_identity
5bs0,33.3333333333,86.5921787709,30.9734513274,94.5454545455,60.8949883469
5eu6,44.4444444444,100.0,31.8584070796,44.2477876106,60.8325139299
3o4l,33.3333333333,100.0,33.3333333333,27.1929824561,54.5321637427
5euo,22.2222222222,100.0,30.9090909091,41.8181818182,52.861952862
3qdj,22.2222222222,100.0,40.0,32.4324324324,52.8128128128
