pdb_id,pep_identity,mhc_identity,tcrA_identity,tcrB_identity,total_identity
4eup,33.3333333333,100.0,39.0909090909,58.5585585586,60.7193557194
3o4l,33.3333333333,100.0,33.9449541284,30.0884955752,55.1166860617
5bs0,33.3333333333,86.5921787709,40.7079646018,40.0,53.4264981351
2p5w,11.1111111111,100.0,35.3982300885,50.0,51.2700753851
