pdb_id,pep_identity,mhc_identity,tcrA_identity,tcrB_identity,total_identity
5eu6,44.4444444444,100.0,35.3448275862,52.5862068966,62.8033205619
3o4l,33.3333333333,100.0,34.4827586207,33.8983050847,55.8412883954
5bs0,33.3333333333,86.5921787709,32.7586206897,39.6551724138,52.0441362187
3qdj,22.2222222222,100.0,33.6206896552,32.7586206897,51.8039591315
5euo,22.2222222222,100.0,32.7586206897,31.0344827586,51.3729246488
