pdb_id,pep_identity,mhc_identity,tcrA_identity,tcrB_identity,total_identity
3qeq,22.2222222222,100.0,27.7777777778,89.3805309735,60.2671255326
5eu6,44.4444444444,100.0,30.9734513274,38.5964912281,59.7431385741
3o4l,33.3333333333,100.0,31.7757009346,29.3103448276,54.6254520715
2vlk,22.2222222222,100.0,25.6880733945,57.1428571429,54.5458958303
5men,11.1111111111,100.0,30.9090909091,61.9469026549,52.5130359644
5bs0,33.3333333333,86.5921787709,34.5132743363,33.9285714286,51.3821449956
