pdb_id,pep_identity,mhc_identity,tcrA_identity,tcrB_identity,total_identity
4eup,33.3333333333,100.0,60.7142857143,50.4424778761,62.9705717095
2bnq,22.2222222222,100.0,37.7192982456,72.5663716814,59.1216857286
2vlk,22.2222222222,100.0,31.8584070796,49.5575221239,54.3100622747
5men,11.1111111111,100.0,29.7297297297,73.4513274336,54.2338798976
3o4l,33.3333333333,100.0,31.8584070796,25.8620689655,54.0645237853
5bs0,33.3333333333,86.5921787709,38.5964912281,34.5132743363,52.1601316288
