pdb_id,pep_identity,mhc_identity,tcrA_identity,tcrB_identity,total_identity
5eu6,44.4444444444,100.0,25.4385964912,34.2105263158,58.089668616
3o4l,33.3333333333,100.0,21.6216216216,27.4336283186,52.6203194345
5euo,22.2222222222,100.0,25.2252252252,34.8214285714,50.7485163735
5bs0,33.3333333333,86.5921787709,23.6842105263,31.8584070796,49.2322736358
