pdb_id,pep_identity,mhc_identity,tcrA_identity,tcrB_identity,total_identity
5eu6,44.4444444444,100.0,40.7079646018,36.5217391304,61.0197654368
5men,11.1111111111,100.0,86.2385321101,33.3333333333,56.9656812776
3o4l,33.3333333333,100.0,32.4324324324,25.8620689655,54.1601946774
5bs0,33.3333333333,86.5921787709,40.7079646018,40.350877193,53.4849776672
3qdj,22.2222222222,100.0,36.3636363636,35.9649122807,52.7954988481
5euo,22.2222222222,100.0,35.7142857143,36.2831858407,52.7403193332
