pdb_id,pep_identity,mhc_identity,tcrA_identity,tcrB_identity,total_identity
5eu6,44.4444444444,100.0,36.5217391304,42.735042735,61.3576117924
5bs0,33.3333333333,86.5921787709,33.9130434783,56.8965517241,55.1101032352
3o4l,33.3333333333,100.0,29.8245614035,29.6610169492,54.3587075032
3qdj,22.2222222222,100.0,32.4561403509,34.4827586207,51.8972239027
5euo,22.2222222222,100.0,28.6956521739,35.652173913,51.4653784219
