pdb_id,pep_identity,mhc_identity,tcrA_identity,tcrB_identity,total_identity
5eu6,44.4444444444,100.0,33.9130434783,41.592920354,60.7324754535
3o4l,33.3333333333,100.0,36.036036036,23.8938053097,54.4327513354
5euo,22.2222222222,100.0,32.1739130435,38.1818181818,52.466695945
3qeq,22.2222222222,100.0,33.3333333333,35.7142857143,52.2486772487
5bs0,33.3333333333,86.5921787709,32.1739130435,41.4414414414,52.2443964489
