pdb_id,pep_identity,mhc_identity,tcrA_identity,tcrB_identity,total_identity
5eu6,44.4444444444,100.0,37.1681415929,43.4782608696,61.5892152252
3o4l,33.3333333333,100.0,51.8181818182,25.8620689655,57.3911529084
5bs0,33.3333333333,86.5921787709,38.0530973451,56.1403508772,55.6740787385
3qdj,22.2222222222,100.0,49.0909090909,35.0877192982,54.7705121389
2vlk,22.2222222222,100.0,38.1818181818,36.2831858407,53.1515747445
2bnr,11.1111111111,100.0,38.9380530973,38.9380530973,50.0163880695
