pdb_id,pep_identity,mhc_identity,tcrA_identity,tcrB_identity,total_identity
4eup,33.3333333333,100.0,88.9908256881,32.7433628319,64.7334758644
5eu6,44.4444444444,100.0,42.4778761062,33.0434782609,60.7350405427
3o4l,33.3333333333,100.0,40.9090909091,25.8620689655,55.5729710902
2bnq,22.2222222222,100.0,41.592920354,31.8584070796,52.9826286463
5bs0,33.3333333333,86.5921787709,38.9380530973,36.8421052632,52.6051970948
5euo,22.2222222222,100.0,35.7142857143,31.8584070796,52.0028562064
