pdb_id,pep_identity,mhc_identity,tcrA_identity,tcrB_identity,total_identity
5eu6,44.4444444444,100.0,38.0530973451,39.8230088496,61.1274991806
3o4l,33.3333333333,100.0,53.6363636364,25.4385964912,57.6236044657
3qdj,22.2222222222,100.0,51.8181818182,33.0357142857,54.8830567581
2vlk,22.2222222222,100.0,44.5454545455,40.0,54.8316498316
5bs0,33.3333333333,86.5921787709,39.8230088496,42.3423423423,53.6693959001
