pdb_id,pep_identity,mhc_identity,tcrA_identity,tcrB_identity,total_identity
5eu6,44.4444444444,100.0,32.7433628319,38.5964912281,60.0381238248
3o4l,33.3333333333,100.0,29.3577981651,23.4782608696,53.2504542836
5bs0,33.3333333333,86.5921787709,31.8584070796,40.7079646018,52.0695659817
2vlk,22.2222222222,100.0,30.2752293578,34.8214285714,51.5901837289
3qeq,22.2222222222,100.0,29.3577981651,30.0884955752,50.6484563641
