pdb_id,pep_identity,mhc_identity,tcrA_identity,tcrB_identity,total_identity
2vlr,22.2222222222,100.0,45.045045045,94.5454545455,64.0058240058
4eup,33.3333333333,100.0,49.5495495495,58.5585585586,62.4624624625
5eu6,44.4444444444,100.0,39.8230088496,38.0530973451,61.1274991806
3o4l,33.3333333333,100.0,53.1531531532,30.9734513274,58.4655451912
5bs0,33.3333333333,86.5921787709,39.8230088496,39.6396396396,53.2189454496
2bnr,11.1111111111,100.0,36.2831858407,49.5495495495,51.3424929354
