pdb_id,pep_identity,mhc_identity,tcrA_identity,tcrB_identity,total_identity
5men,11.1111111111,100.0,88.9908256881,75.4385964912,64.4419407336
5eu6,44.4444444444,100.0,41.2280701754,37.3913043478,61.2513772354
4eup,33.3333333333,100.0,32.7433628319,54.3859649123,58.9659990685
2f54,11.1111111111,100.0,42.1052631579,74.5614035088,56.4814814815
5euo,22.2222222222,100.0,34.5132743363,54.8672566372,55.637495903
3o4l,33.3333333333,100.0,31.5789473684,28.2051282051,54.40845704
5bs0,33.3333333333,86.5921787709,39.4736842105,35.3982300885,52.4538230846
