pdb_id,pep_identity,mhc_identity,tcrA_identity,tcrB_identity,total_identity
5eu6,44.4444444444,100.0,48.6725663717,57.5221238938,65.8472631924
3o4l,33.3333333333,100.0,36.6071428571,27.1929824561,55.0777986633
4eup,33.3333333333,100.0,31.25,30.0884955752,54.6675270403
5bs0,33.3333333333,86.5921787709,44.2477876106,41.9642857143,54.3438495889
2bnq,22.2222222222,100.0,46.9026548673,32.7433628319,54.0150770239
2vlk,22.2222222222,100.0,42.3423423423,32.1428571429,53.1549406549
