pdb_id,pep_identity,mhc_identity,tcrA_identity,tcrB_identity,total_identity
2vlk,22.2222222222,100.0,57.1428571429,92.7272727273,65.7190957191
5eu6,44.4444444444,100.0,35.9649122807,33.6283185841,59.7470199589
4eup,33.3333333333,100.0,32.1428571429,54.954954955,58.9607464607
2bnq,22.2222222222,100.0,32.4561403509,55.8558558559,55.4594067752
3o4l,33.3333333333,100.0,30.0884955752,29.203539823,54.3264503441
