pdb_id,pep_identity,mhc_identity,tcrA_identity,tcrB_identity,total_identity
5eu6,44.4444444444,100.0,44.2477876106,93.0434782609,71.0300257934
4eup,33.3333333333,100.0,64.2201834862,29.5652173913,60.0753445907
