pdb_id,pep_identity,mhc_identity,tcrA_identity,tcrB_identity,total_identity
5hho,22.2222222222,100.0,25.8620689655,89.2857142857,59.9320379493
5eu6,44.4444444444,100.0,35.3448275862,33.3333333333,59.5945083014
3qeq,22.2222222222,100.0,27.5862068966,59.2920353982,55.2204477899
3o4l,33.3333333333,100.0,29.3103448276,27.8260869565,53.9671830751
5bs0,33.3333333333,86.5921787709,32.7586206897,35.3982300885,51.3346458311
2p5w,11.1111111111,100.0,33.6206896552,48.6725663717,50.7525797082
