pdb_id,pep_identity,mhc_identity,tcrA_identity,tcrB_identity,total_identity
4eup,33.3333333333,100.0,85.3211009174,35.3982300885,64.5643329454
5eu6,44.4444444444,100.0,42.4778761062,35.652173913,61.1698231514
3o4l,33.3333333333,100.0,39.8148148148,25.0,55.2469135802
5bs0,33.3333333333,86.5921787709,40.7079646018,38.9380530973,53.2495069846
2vlk,22.2222222222,100.0,35.7798165138,35.7142857143,52.6564244454
