pdb_id,pep_identity,mhc_identity,tcrA_identity,tcrB_identity,total_identity
5eu6,44.4444444444,100.0,30.0884955752,42.1052631579,60.1804412703
5bs0,33.3333333333,86.5921787709,31.8584070796,64.6017699115,56.0518668666
3o4l,33.3333333333,100.0,29.6296296296,28.6956521739,54.165324745
3qdj,22.2222222222,100.0,37.962962963,37.1681415929,53.2625915001
2vlk,22.2222222222,100.0,29.3577981651,38.3928571429,52.0325166254
