pdb_id,pep_identity,mhc_identity,tcrA_identity,tcrB_identity,total_identity
5eu6,44.4444444444,100.0,32.4561403509,38.0530973451,59.8996877641
3o4l,33.3333333333,100.0,30.701754386,24.5614035088,53.6549707602
5bs0,33.3333333333,86.5921787709,32.4561403509,42.3423423423,52.4415844836
2vlr,22.2222222222,100.0,29.8245614035,39.0909090909,52.2266524898
3qeq,22.2222222222,100.0,25.4385964912,29.4642857143,49.8912211083
2p5e,11.1111111111,100.0,34.2105263158,32.4324324324,48.1441968284
