pdb_id,pep_identity,mhc_identity,tcrA_identity,tcrB_identity,total_identity
3o4l,33.3333333333,100.0,88.2352941176,26.724137931,63.6043497859
2bnq,22.2222222222,100.0,38.0530973451,81.4159292035,60.6522451655
4eup,33.3333333333,100.0,39.4495412844,52.2123893805,59.7214328886
5men,11.1111111111,100.0,32.1428571429,76.9911504425,55.2260383013
2vlk,22.2222222222,100.0,35.5140186916,50.4424778761,55.066823502
5bs0,33.3333333333,86.5921787709,37.1681415929,33.6283185841,51.7745807309
