pdb_id,pep_identity,mhc_identity,tcrA_identity,tcrB_identity,total_identity
5eu6,44.4444444444,100.0,42.4778761062,36.2831858407,61.274991806
2vlk,22.2222222222,100.0,43.6363636364,36.3636363636,54.0740740741
3o4l,33.3333333333,100.0,31.5315315315,25.4385964912,53.9394657816
5bs0,33.3333333333,86.5921787709,38.9380530973,40.5405405405,53.2216029744
3qdj,22.2222222222,100.0,35.4545454545,33.0357142857,52.1557840308
5men,11.1111111111,100.0,44.8598130841,33.0357142857,50.019624932
