pdb_id,pep_identity,mhc_identity,tcrA_identity,tcrB_identity,total_identity
5eu6,44.4444444444,100.0,34.2105263158,75.652173913,66.4585981863
4eup,33.3333333333,100.0,32.4561403509,29.5652173913,54.7813374015
3o4l,33.3333333333,100.0,28.9473684211,30.7692307692,54.3972109762
