pdb_id,pep_identity,mhc_identity,tcrA_identity,tcrB_identity,total_identity
5eu6,44.4444444444,100.0,38.0530973451,35.3982300885,60.3900360538
3qeq,22.2222222222,100.0,51.4018691589,52.6785714286,58.0874808386
3o4l,33.3333333333,100.0,34.2592592593,30.0884955752,55.1690702502
5bs0,33.3333333333,86.5921787709,37.1681415929,40.9090909091,52.9880427851
2p5w,11.1111111111,100.0,37.1681415929,50.0,51.5650606359
