pdb_id,pep_identity,mhc_identity,tcrA_identity,tcrB_identity,total_identity
4eup,33.3333333333,100.0,46.9026548673,52.6785714286,61.0413154937
3o4l,33.3333333333,100.0,53.0973451327,29.5652173913,58.2215381985
2vlk,22.2222222222,100.0,38.0530973451,50.8928571429,55.5650664887
2bnr,11.1111111111,100.0,38.5964912281,58.0357142857,53.1424046227
4mnq,11.1111111111,100.0,32.7433628319,61.0619469027,52.6712553261
5bs0,33.3333333333,86.5921787709,35.9649122807,31.8584070796,51.2790572615
