pdb_id,pep_identity,mhc_identity,tcrA_identity,tcrB_identity,total_identity
5eu6,44.4444444444,100.0,25.2173913043,33.3333333333,57.9066022544
5euo,22.2222222222,100.0,28.5714285714,50.4424778761,53.9097251487
4mnq,11.1111111111,100.0,22.3214285714,71.6814159292,52.7041777871
5bs0,33.3333333333,86.5921787709,22.6086956522,32.7433628319,49.2005137821
