pdb_id,pep_identity,mhc_identity,tcrA_identity,tcrB_identity,total_identity
5eu6,44.4444444444,100.0,89.3805309735,36.8421052632,69.1852541876
2bnq,22.2222222222,100.0,89.3805309735,32.1428571429,60.9946387601
5bs0,33.3333333333,86.5921787709,84.9557522124,39.2857142857,60.6820817844
4eup,33.3333333333,100.0,43.2432432432,35.7142857143,57.604032604
