pdb_id,pep_identity,mhc_identity,tcrA_identity,tcrB_identity,total_identity
2bnq,22.2222222222,100.0,32.4561403509,89.3805309735,61.0468526281
4mnq,11.1111111111,100.0,28.0701754386,85.8407079646,56.0221842709
3o4l,33.3333333333,100.0,40.0,28.4482758621,55.8524904215
3qeq,22.2222222222,100.0,29.0909090909,60.1769911504,55.6187241143
2vlk,22.2222222222,100.0,29.7297297297,53.5714285714,54.6242671243
5bs0,33.3333333333,86.5921787709,31.5789473684,34.8214285714,51.0419000247
2e7l,22.2222222222,68.7150837989,69.3693693694,54.8672566372,51.0185396748
