pdb_id,pep_identity,mhc_identity,tcrA_identity,tcrB_identity,total_identity
5eu6,44.4444444444,100.0,22.8070175439,35.0877192982,57.7972709552
3o4l,33.3333333333,100.0,18.5185185185,23.4782608696,51.4439076758
5bs0,33.3333333333,86.5921787709,22.8070175439,38.0530973451,50.1185231829
