pdb_id,pep_identity,mhc_identity,tcrA_identity,tcrB_identity,total_identity
5eu6,44.4444444444,100.0,30.9734513274,49.1379310345,61.5000452085
3o4l,33.3333333333,100.0,28.8288288288,24.7863247863,53.3803033803
3qdj,22.2222222222,100.0,39.0909090909,32.7586206897,52.7156623708
5bs0,33.3333333333,86.5921787709,35.3982300885,35.3448275862,51.7656803139
2vlk,22.2222222222,100.0,28.8288288288,32.1739130435,50.9078643861
2f54,11.1111111111,100.0,32.7433628319,40.8695652174,49.3058583786
