pdb_id,pep_identity,mhc_identity,tcrA_identity,tcrB_identity,total_identity
5eu6,44.4444444444,100.0,44.2477876106,43.3628318584,62.7499180597
5bs0,33.3333333333,86.5921787709,40.7079646018,92.7927927928,62.2252969339
3o4l,33.3333333333,100.0,38.7387387387,26.0869565217,55.2487269879
2vlk,22.2222222222,100.0,42.7272727273,42.3423423423,54.919009919
3qdj,22.2222222222,100.0,40.5405405405,30.3571428571,52.557021307
