pdb_id,pep_identity,mhc_identity,tcrA_identity,tcrB_identity,total_identity
5eu6,44.4444444444,100.0,34.2105263158,35.593220339,59.7821059239
3o4l,33.3333333333,100.0,31.5315315315,21.3675213675,53.260953261
3qeq,22.2222222222,100.0,28.8288288288,35.0427350427,51.386001386
5euo,22.2222222222,100.0,28.9473684211,34.4827586207,51.312428581
5bs0,33.3333333333,86.5921787709,30.701754386,31.6239316239,50.3627850364
2p5e,11.1111111111,100.0,33.3333333333,31.8965517241,47.9086845466
