pdb_id,pep_identity,mhc_identity,tcrA_identity,tcrB_identity,total_identity
3o4l,33.3333333333,100.0,87.3786407767,53.9130434783,67.9930584869
5eu6,44.4444444444,100.0,39.8230088496,35.3448275862,60.6761208874
4eup,33.3333333333,100.0,39.4495412844,31.5789473684,56.2825258866
