pdb_id,pep_identity,mhc_identity,tcrA_identity,tcrB_identity,total_identity
5eu6,44.4444444444,100.0,88.4955752212,28.2051282051,67.5982653859
4eup,33.3333333333,100.0,43.75,85.2173913043,65.9390096618
2bnq,22.2222222222,100.0,86.7256637168,55.652173913,64.4703803457
5bs0,33.3333333333,86.5921787709,81.4159292035,31.8965517241,58.8605841894
5euo,22.2222222222,100.0,37.1681415929,53.9130434783,55.9209382526
3o4l,33.3333333333,100.0,39.2857142857,25.4237288136,55.2293516277
