pdb_id,pep_identity,mhc_identity,tcrA_identity,tcrB_identity,total_identity
2vlk,22.2222222222,100.0,26.7857142857,92.7272727273,60.6595719096
5eu6,44.4444444444,100.0,36.5217391304,33.6283185841,59.8398244339
3o4l,33.3333333333,100.0,29.4642857143,34.5132743363,55.1073711195
3qeq,22.2222222222,100.0,28.5714285714,51.7857142857,54.1335978836
5bs0,33.3333333333,86.5921787709,32.1739130435,37.8378378378,51.6437958483
2f54,11.1111111111,100.0,35.652173913,48.6486486486,51.0871741307
