pdb_id,pep_identity,mhc_identity,tcrA_identity,tcrB_identity,total_identity
2vlk,22.2222222222,100.0,29.3103448276,94.5454545455,61.3833739696
5eu6,44.4444444444,100.0,34.4827586207,38.0530973451,60.2374574758
3qeq,22.2222222222,100.0,31.8965517241,53.5714285714,54.9854041233
3o4l,33.3333333333,100.0,31.0344827586,30.0884955752,54.6316075001
5bs0,33.3333333333,86.5921787709,37.0689655172,39.6396396396,52.7599382276
2f54,11.1111111111,100.0,35.3448275862,49.5495495495,51.186099893
4mnq,11.1111111111,100.0,31.3043478261,49.5495495495,50.5126865996
3ffc,11.1111111111,81.0055865922,81.0344827586,37.6068376068,50.4791192953
