pdb_id,pep_identity,mhc_identity,tcrA_identity,tcrB_identity,total_identity
5eu6,44.4444444444,100.0,33.6283185841,47.8632478632,61.7300758894
5bs0,33.3333333333,86.5921787709,30.9734513274,58.6206896552,54.9075275319
3o4l,33.3333333333,100.0,33.9449541284,25.4237288136,54.3392249348
3qdj,22.2222222222,100.0,39.0909090909,33.6206896552,52.8593405318
5euo,22.2222222222,100.0,30.0884955752,38.2608695652,52.1323015975
