pdb_id,pep_identity,mhc_identity,tcrA_identity,tcrB_identity,total_identity
3o4l,33.3333333333,100.0,30.701754386,29.0598290598,54.4047083521
4eup,33.3333333333,100.0,28.0701754386,29.5652173913,54.0503432494
5bs0,33.3333333333,86.5921787709,31.5789473684,43.4782608696,52.4847054078
5men,11.1111111111,100.0,38.3928571429,33.0434782609,48.9430929377
2e7l,22.2222222222,68.7150837989,65.7894736842,35.652173913,47.2193766066
3ffc,11.1111111111,81.0055865922,26.724137931,60.6837606838,45.2735490036
