pdb_id,pep_identity,mhc_identity,tcrA_identity,tcrB_identity,total_identity
5eu6,44.4444444444,100.0,30.701754386,60.8695652174,63.4100347487
3o4l,33.3333333333,100.0,28.8288288288,25.8620689655,53.5595940768
5bs0,33.3333333333,86.5921787709,28.0701754386,43.4782608696,51.8999100861
5euo,22.2222222222,100.0,28.0701754386,35.0877192982,51.2670565302
3qdj,22.2222222222,100.0,29.7297297297,32.1739130435,51.0580145363
