pdb_id,pep_identity,mhc_identity,tcrA_identity,tcrB_identity,total_identity
5eu6,44.4444444444,100.0,88.4955752212,33.3333333333,68.4529662406
2bnq,22.2222222222,100.0,86.7256637168,30.0884955752,60.2097672894
3o4l,33.3333333333,100.0,38.1818181818,53.982300885,59.8051309556
5bs0,33.3333333333,86.5921787709,81.4159292035,28.0701754386,58.2228548085
4eup,33.3333333333,100.0,40.5405405405,29.4642857143,56.1119154869
