pdb_id,pep_identity,mhc_identity,tcrA_identity,tcrB_identity,total_identity
5eu6,44.4444444444,100.0,41.592920354,46.9565217391,62.906388497
3o4l,33.3333333333,100.0,36.3636363636,24.7863247863,54.6361046361
2vlk,22.2222222222,100.0,44.5454545455,34.7826086957,53.9620846143
3qeq,22.2222222222,100.0,41.8181818182,33.0434782609,53.2176840872
5bs0,33.3333333333,86.5921787709,38.0530973451,40.0,52.9840202589
2p5w,11.1111111111,100.0,40.7079646018,39.1304347826,50.3434369344
