pdb_id,pep_identity,mhc_identity,tcrA_identity,tcrB_identity,total_identity
5eu6,44.4444444444,100.0,32.7433628319,42.4778761062,60.6850213045
5bs0,33.3333333333,86.5921787709,34.5132743363,68.4684684685,57.1387945022
3o4l,33.3333333333,100.0,31.4814814815,28.0701754386,54.3697205978
3qdj,22.2222222222,100.0,36.3636363636,41.4414414414,53.7082537083
5euo,22.2222222222,100.0,26.3636363636,36.036036036,51.1406861407
