pdb_id,pep_identity,mhc_identity,tcrA_identity,tcrB_identity,total_identity
5eu6,44.4444444444,100.0,39.8230088496,57.8947368421,64.4344390968
4eup,33.3333333333,100.0,61.8181818182,30.701754386,59.8644338118
3o4l,33.3333333333,100.0,32.4324324324,33.6206896552,55.4532981257
5bs0,33.3333333333,86.5921787709,38.0530973451,41.2280701754,53.1886986215
5euo,22.2222222222,100.0,33.9285714286,35.0877192982,52.2434558619
