pdb_id,pep_identity,mhc_identity,tcrA_identity,tcrB_identity,total_identity
4eup,33.3333333333,100.0,60.5504587156,52.1739130435,63.2318397376
2bnq,22.2222222222,100.0,35.3982300885,86.9565217391,61.1331993787
5men,11.1111111111,100.0,30.5555555556,88.6956521739,56.9122383253
2vlk,22.2222222222,100.0,30.2752293578,54.3859649123,54.8509397858
3o4l,33.3333333333,100.0,31.4814814815,27.9661016949,54.3523749738
5bs0,33.3333333333,86.5921787709,35.3982300885,34.2105263158,51.5766301021
