pdb_id,pep_identity,mhc_identity,tcrA_identity,tcrB_identity,total_identity
5eu6,44.4444444444,100.0,30.701754386,61.9469026549,63.5895909883
3o4l,33.3333333333,100.0,29.8245614035,30.4347826087,54.4876684465
5bs0,33.3333333333,86.5921787709,32.4561403509,45.5357142857,52.9738131409
3qdj,22.2222222222,100.0,33.3333333333,36.2831858407,52.3434939364
5euo,22.2222222222,100.0,30.701754386,37.5,52.1076998051
