pdb_id,pep_identity,mhc_identity,tcrA_identity,tcrB_identity,total_identity
5euo,22.2222222222,100.0,23.4234234234,94.5945945946,60.4104104104
5eu6,44.4444444444,100.0,24.5614035088,35.0877192982,58.089668616
3qeq,22.2222222222,100.0,29.6296296296,52.2123893805,54.3810772424
3o4l,33.3333333333,100.0,21.2962962963,30.4347826087,53.0662909286
5bs0,33.3333333333,86.5921787709,21.0526315789,39.2857142857,50.0315616789
2p5w,11.1111111111,100.0,22.8070175439,49.5575221239,49.0977936483
