pdb_id,pep_identity,mhc_identity,tcrA_identity,tcrB_identity,total_identity
5eu6,44.4444444444,100.0,38.2608695652,37.3913043478,60.7568438003
3o4l,33.3333333333,100.0,29.4642857143,25.8620689655,53.6655035577
5bs0,33.3333333333,86.5921787709,34.7826086957,40.350877193,52.4974183495
3qdj,22.2222222222,100.0,31.25,35.0877192982,51.7970272904
2vlk,22.2222222222,100.0,29.4642857143,35.3982300885,51.5511600412
