pdb_id,pep_identity,mhc_identity,tcrA_identity,tcrB_identity,total_identity
5eu6,44.4444444444,100.0,42.4778761062,47.7876106195,63.1923959358
5euo,22.2222222222,100.0,42.3423423423,40.1785714286,54.4942263692
3o4l,33.3333333333,100.0,31.5315315315,28.6956521739,54.4823083954
5bs0,33.3333333333,86.5921787709,40.7079646018,43.75,54.0514981351
3qeq,22.2222222222,100.0,40.0,32.7433628319,52.8646345461
