pdb_id,pep_identity,mhc_identity,tcrA_identity,tcrB_identity,total_identity
4eup,33.3333333333,100.0,83.4862385321,54.4642857143,67.4361984855
5eu6,44.4444444444,100.0,42.4778761062,38.9380530973,61.7174696821
2bnq,22.2222222222,100.0,40.7079646018,61.6071428571,57.7932586506
2vlk,22.2222222222,100.0,37.6146788991,55.3571428571,56.2360443668
3o4l,33.3333333333,100.0,39.4495412844,29.5652173913,55.9469042237
