pdb_id,pep_identity,mhc_identity,tcrA_identity,tcrB_identity,total_identity
5eu6,44.4444444444,100.0,40.7079646018,46.9026548673,62.7499180597
3o4l,33.3333333333,100.0,46.8468468468,30.701754386,57.3692113166
3qdj,22.2222222222,100.0,47.7477477477,32.1428571429,54.0558415558
5bs0,33.3333333333,86.5921787709,38.0530973451,42.8571428571,53.4602107351
5euo,22.2222222222,100.0,35.3982300885,35.7142857143,52.5928267079
