pdb_id,pep_identity,mhc_identity,tcrA_identity,tcrB_identity,total_identity
5eu6,44.4444444444,100.0,33.0434782609,44.2477876106,61.0300257934
5bs0,33.3333333333,86.5921787709,32.1739130435,59.4594594595,55.2473994519
3o4l,33.3333333333,100.0,35.3982300885,28.3185840708,55.063913471
3qdj,22.2222222222,100.0,34.5132743363,41.4414414414,53.399860037
5euo,22.2222222222,100.0,31.3043478261,37.2727272727,52.1702532572
