pdb_id,pep_identity,mhc_identity,tcrA_identity,tcrB_identity,total_identity
5eu6,44.4444444444,100.0,35.0877192982,62.6086956522,64.4308839732
4eup,33.3333333333,100.0,33.6283185841,32.1739130435,55.411483049
3o4l,33.3333333333,100.0,30.0884955752,29.0598290598,54.3024985503
5bs0,33.3333333333,86.5921787709,35.0877192982,42.6086956522,52.9245731932
