pdb_id,pep_identity,mhc_identity,tcrA_identity,tcrB_identity,total_identity
5eu6,44.4444444444,100.0,42.4778761062,43.9655172414,62.5553803727
5bs0,33.3333333333,86.5921787709,39.8230088496,64.347826087,57.3369765242
2vlk,22.2222222222,100.0,44.1441441441,37.7192982456,54.3846478057
3o4l,33.3333333333,100.0,31.25,25.641025641,53.9262820513
3qeq,22.2222222222,100.0,37.8378378378,30.4347826087,52.1195108152
