pdb_id,pep_identity,mhc_identity,tcrA_identity,tcrB_identity,total_identity
2vlk,22.2222222222,100.0,29.203539823,92.8571428571,61.0841878541
5eu6,44.4444444444,100.0,35.9649122807,37.7192982456,60.4288499025
3qdj,22.2222222222,100.0,34.5132743363,48.6725663717,54.6050475254
3o4l,33.3333333333,100.0,30.0884955752,29.5652173913,54.3867299389
5bs0,33.3333333333,86.5921787709,31.5789473684,39.8230088496,51.8754967378
2p5w,11.1111111111,100.0,34.2105263158,49.5575221239,50.9983784437
4mnq,11.1111111111,100.0,29.8245614035,48.6725663717,50.1198916662
