pdb_id,pep_identity,mhc_identity,tcrA_identity,tcrB_identity,total_identity
3o4l,33.3333333333,100.0,83.9622641509,26.0869565217,62.7859812232
5eu6,44.4444444444,100.0,40.350877193,33.3333333333,60.4288499025
3qdj,22.2222222222,100.0,41.0714285714,37.1681415929,53.7806691015
5bs0,33.3333333333,86.5921787709,36.8421052632,38.9380530973,52.6051970948
5euo,22.2222222222,100.0,36.036036036,32.1428571429,52.1038896039
