pdb_id,pep_identity,mhc_identity,tcrA_identity,tcrB_identity,total_identity
2vlr,22.2222222222,100.0,30.9734513274,91.9642857143,61.230363581
5eu6,44.4444444444,100.0,32.4561403509,35.9649122807,59.5516569201
3qeq,22.2222222222,100.0,30.0884955752,53.0973451327,54.6050475254
3o4l,33.3333333333,100.0,30.9734513274,28.6956521739,54.389295028
5bs0,33.3333333333,86.5921787709,34.2105263158,38.0530973451,52.0191079782
2p5w,11.1111111111,100.0,33.3333333333,48.6725663717,50.7046869879
4mnq,11.1111111111,100.0,28.9473684211,47.7876106195,49.8262002105
