pdb_id,pep_identity,mhc_identity,tcrA_identity,tcrB_identity,total_identity
5eu6,44.4444444444,100.0,30.9734513274,43.8596491228,60.6203315565
5bs0,33.3333333333,86.5921787709,32.7433628319,53.0973451327,54.2819553622
3o4l,33.3333333333,100.0,32.7272727273,25.0,54.0656565657
3qeq,22.2222222222,100.0,30.9090909091,39.8230088496,52.5294240338
2vlk,22.2222222222,100.0,29.0909090909,32.7433628319,51.0464527279
4qrp,0.0,81.0055865922,88.1818181818,53.5087719298,50.6169605493
