pdb_id,pep_identity,mhc_identity,tcrA_identity,tcrB_identity,total_identity
5eu6,44.4444444444,100.0,37.3913043478,37.3913043478,60.6119162641
3qeq,22.2222222222,100.0,29.4642857143,68.4210526316,57.0549637984
5euo,22.2222222222,100.0,28.6956521739,51.7543859649,54.1490804305
3o4l,33.3333333333,100.0,29.4642857143,27.3504273504,53.9135632886
2f54,11.1111111111,100.0,35.652173913,57.8947368421,52.6281888296
5bs0,33.3333333333,86.5921787709,37.3913043478,33.3333333333,51.762610315
