pdb_id,pep_identity,mhc_identity,tcrA_identity,tcrB_identity,total_identity
4eup,33.3333333333,100.0,87.2727272727,53.1531531532,67.8487578488
2vlk,22.2222222222,100.0,35.1351351351,88.2882882883,61.3113113113
5eu6,44.4444444444,100.0,44.2477876106,31.8584070796,60.8325139299
2bnq,22.2222222222,100.0,42.4778761062,49.5495495495,56.0786450167
3o4l,33.3333333333,100.0,39.6396396396,29.8245614035,56.021811285
