pdb_id,pep_identity,mhc_identity,tcrA_identity,tcrB_identity,total_identity
5eu6,44.4444444444,100.0,34.7826086957,36.2068965517,59.979732356
5men,11.1111111111,100.0,40.7079646018,77.3913043478,56.7202485286
3qeq,22.2222222222,100.0,32.1739130435,58.2608695652,55.8132045089
5euo,22.2222222222,100.0,30.4347826087,50.4347826087,54.2190016103
3o4l,33.3333333333,100.0,30.4347826087,27.1186440678,54.0366822239
5bs0,33.3333333333,86.5921787709,34.7826086957,33.9130434783,51.4244460637
3ffc,11.1111111111,81.0055865922,85.2173913043,35.8974358974,50.8913704347
