pdb_id,pep_identity,mhc_identity,tcrA_identity,tcrB_identity,total_identity
5eu6,44.4444444444,100.0,34.2105263158,38.0530973451,60.192085425
3qdj,22.2222222222,100.0,35.1351351351,50.0,54.9299299299
2vlk,22.2222222222,100.0,30.6306306306,54.0540540541,54.8548548549
3o4l,33.3333333333,100.0,30.6306306306,29.8245614035,54.5203097835
5bs0,33.3333333333,86.5921787709,31.5789473684,36.6071428571,51.3395190724
2f54,11.1111111111,100.0,32.4561403509,49.5495495495,50.7046520204
2e7l,22.2222222222,68.7150837989,61.2612612613,54.954954955,49.6818047097
