pdb_id,pep_identity,mhc_identity,tcrA_identity,tcrB_identity,total_identity
5eu6,44.4444444444,100.0,39.8230088496,60.1769911504,64.8148148148
4eup,33.3333333333,100.0,63.3027522936,33.6283185841,60.5996229241
3o4l,33.3333333333,100.0,32.7272727273,28.9473684211,54.7235513025
5bs0,33.3333333333,86.5921787709,38.9380530973,45.9459459459,54.1225038753
2bnq,22.2222222222,100.0,37.1681415929,33.6283185841,52.5401507702
2vlk,22.2222222222,100.0,32.7272727273,36.9369369369,52.3514423514
