pdb_id,pep_identity,mhc_identity,tcrA_identity,tcrB_identity,total_identity
5eu6,44.4444444444,100.0,38.9380530973,59.2920353982,64.5198295641
3o4l,33.3333333333,100.0,59.0476190476,27.8260869565,58.9233954451
4eup,33.3333333333,100.0,40.9090909091,31.8584070796,56.5723607759
5bs0,33.3333333333,86.5921787709,35.3982300885,42.4778761062,52.9545217339
5euo,22.2222222222,100.0,36.3636363636,31.8584070796,52.1110813146
