pdb_id,pep_identity,mhc_identity,tcrA_identity,tcrB_identity,total_identity
5eu6,44.4444444444,100.0,31.8584070796,38.7931034483,59.9233999028
3qeq,22.2222222222,100.0,29.6296296296,57.3913043478,55.244229737
2p5w,11.1111111111,100.0,30.0884955752,74.7826086957,54.5155544155
5euo,22.2222222222,100.0,26.7857142857,53.0434782609,54.0456061652
3o4l,33.3333333333,100.0,28.7037037037,27.9661016949,53.8894120109
5bs0,33.3333333333,86.5921787709,29.203539823,36.5217391304,50.9293838603
