pdb_id,pep_identity,mhc_identity,tcrA_identity,tcrB_identity,total_identity
5eu6,44.4444444444,100.0,48.6725663717,62.3931623932,66.6591029423
4eup,33.3333333333,100.0,34.2342342342,32.7586206897,55.6099202651
5bs0,33.3333333333,86.5921787709,45.1327433628,46.5517241379,55.2559152849
3o4l,33.3333333333,100.0,36.9369369369,26.2711864407,54.979131674
5euo,22.2222222222,100.0,43.75,40.0,54.6990740741
