pdb_id,pep_identity,mhc_identity,tcrA_identity,tcrB_identity,total_identity
5eu6,44.4444444444,100.0,45.1327433628,40.350877193,62.3954182408
3o4l,33.3333333333,100.0,35.7798165138,23.4782608696,54.320790675
2vlk,22.2222222222,100.0,43.6363636364,36.6071428571,54.1146584897
5bs0,33.3333333333,86.5921787709,40.7079646018,39.8230088496,53.39699961
3qeq,22.2222222222,100.0,37.6146788991,36.2831858407,53.0570515307
