pdb_id,pep_identity,mhc_identity,tcrA_identity,tcrB_identity,total_identity
5eu6,44.4444444444,100.0,38.0530973451,64.6017699115,65.2572926909
4eup,33.3333333333,100.0,60.5504587156,33.0357142857,60.0421399447
3o4l,33.3333333333,100.0,33.3333333333,27.4336283186,54.5722713864
5bs0,33.3333333333,86.5921787709,37.1681415929,48.2142857143,54.2055752526
2vlk,22.2222222222,100.0,32.1100917431,39.6396396396,52.6990293045
