pdb_id,pep_identity,mhc_identity,tcrA_identity,tcrB_identity,total_identity
5eu6,44.4444444444,100.0,38.0530973451,61.7391304348,64.7801861115
4eup,33.3333333333,100.0,61.4678899083,29.8245614035,59.6598529964
3o4l,33.3333333333,100.0,34.8623853211,25.8620689655,54.5651868255
5bs0,33.3333333333,86.5921787709,37.1681415929,43.4782608696,53.4162377785
2bnq,22.2222222222,100.0,37.1681415929,35.9649122807,52.929583053
2vlr,22.2222222222,100.0,33.0275229358,35.9649122807,52.2394799435
