pdb_id,pep_identity,mhc_identity,tcrA_identity,tcrB_identity,total_identity
4eup,33.3333333333,100.0,84.8214285714,59.4594594595,68.4912591163
5eu6,44.4444444444,100.0,44.7368421053,35.3982300885,61.5039935138
3o4l,33.3333333333,100.0,39.8230088496,30.0884955752,56.0963618486
2bnq,22.2222222222,100.0,42.1052631579,49.5495495495,56.0165428586
