pdb_id,pep_identity,mhc_identity,tcrA_identity,tcrB_identity,total_identity
4eup,33.3333333333,100.0,48.6486486486,52.2522522523,61.2612612613
3o4l,33.3333333333,100.0,51.3513513514,32.7433628319,58.4602301416
5euo,22.2222222222,100.0,36.6071428571,51.8181818182,55.4782948533
2bnr,11.1111111111,100.0,45.1327433628,57.6576576577,54.1687705405
4mnq,11.1111111111,100.0,33.9285714286,58.5585585586,52.4515587016
5bs0,33.3333333333,86.5921787709,38.0530973451,32.4324324324,51.7227589977
