pdb_id,pep_identity,mhc_identity,tcrA_identity,tcrB_identity,total_identity
5eu6,44.4444444444,100.0,35.652173913,39.1304347826,60.6119162641
3o4l,33.3333333333,100.0,28.0701754386,25.0,53.2894736842
5bs0,33.3333333333,86.5921787709,33.9130434783,41.2280701754,52.4986896437
5euo,22.2222222222,100.0,27.8260869565,35.3982300885,51.2781269149
3qdj,22.2222222222,100.0,29.8245614035,32.4561403509,51.1208576998
2f54,11.1111111111,100.0,39.1304347826,30.9734513274,48.7210180554
