pdb_id,pep_identity,mhc_identity,tcrA_identity,tcrB_identity,total_identity
5eu6,44.4444444444,100.0,90.2654867257,48.6725663717,71.304490331
5bs0,33.3333333333,86.5921787709,86.7256637168,70.2702702703,66.1411596993
2bnq,22.2222222222,100.0,88.4955752212,31.25,60.6983366109
4eup,33.3333333333,100.0,41.0714285714,36.6071428571,57.3908730159
