pdb_id,pep_identity,mhc_identity,tcrA_identity,tcrB_identity,total_identity
5eu6,44.4444444444,100.0,35.652173913,35.9649122807,60.0843291804
3o4l,33.3333333333,100.0,34.8214285714,55.3571428571,59.4742063492
2vlk,22.2222222222,100.0,33.0357142857,33.9285714286,51.9014550265
3qeq,22.2222222222,100.0,33.0357142857,31.5789473684,51.5098510164
5bs0,33.3333333333,86.5921787709,33.0434782609,31.8584070796,50.7921515915
2f54,11.1111111111,100.0,35.652173913,30.9734513274,48.1413079104
