pdb_id,pep_identity,mhc_identity,tcrA_identity,tcrB_identity,total_identity
5eu6,44.4444444444,100.0,39.8230088496,35.3982300885,60.6850213045
3qeq,22.2222222222,100.0,51.376146789,52.6785714286,58.083193777
3o4l,33.3333333333,100.0,33.6363636364,30.0884955752,55.065254313
5bs0,33.3333333333,86.5921787709,40.7079646018,40.9090909091,53.5780132866
2f53,11.1111111111,100.0,36.2831858407,50.0,51.4175680105
