pdb_id,pep_identity,mhc_identity,tcrA_identity,tcrB_identity,total_identity
4eup,33.3333333333,100.0,31.25,55.652173913,58.9281400966
3o4l,33.3333333333,100.0,33.0357142857,25.4237288136,54.187684961
5euo,22.2222222222,100.0,30.701754386,49.5652173913,54.1185693703
2p5e,11.1111111111,100.0,33.3333333333,53.0434782609,51.4331723027
2e7l,22.2222222222,68.7150837989,68.75,54.7826086957,50.9012034563
5bs0,33.3333333333,86.5921787709,31.5789473684,32.7586206897,50.6980987111
