pdb_id,pep_identity,mhc_identity,tcrA_identity,tcrB_identity,total_identity
5eu6,44.4444444444,100.0,37.1681415929,35.9649122807,60.3369904604
3o4l,33.3333333333,100.0,51.8181818182,25.2173913043,57.2837066315
3qdj,22.2222222222,100.0,49.0909090909,32.7433628319,54.3797860612
5euo,22.2222222222,100.0,38.3928571429,33.9285714286,52.7943121693
5bs0,33.3333333333,86.5921787709,38.0530973451,38.0530973451,52.6595364831
2f54,11.1111111111,100.0,38.0530973451,33.0357142857,48.8851723088
