pdb_id,pep_identity,mhc_identity,tcrA_identity,tcrB_identity,total_identity
5eu6,44.4444444444,100.0,37.1681415929,38.0530973451,60.6850213045
3o4l,33.3333333333,100.0,58.6538461538,28.0701754386,58.8984480432
3qdj,22.2222222222,100.0,43.119266055,33.0357142857,53.4332374642
2vlk,22.2222222222,100.0,36.1111111111,37.8378378378,53.0655655656
5bs0,33.3333333333,86.5921787709,35.3982300885,37.5,52.1248757162
