pdb_id,pep_identity,mhc_identity,tcrA_identity,tcrB_identity,total_identity
5eu6,44.4444444444,100.0,33.3333333333,36.8421052632,59.8440545809
3qeq,22.2222222222,100.0,26.3157894737,61.9469026549,55.4511894288
2p5w,11.1111111111,100.0,34.2105263158,76.1061946903,55.4231572047
5euo,22.2222222222,100.0,31.5789473684,53.0973451327,54.8534561576
3o4l,33.3333333333,100.0,29.8245614035,29.3103448276,54.3002621496
5bs0,33.3333333333,86.5921787709,35.0877192982,34.5132743363,51.5753363072
2e7l,22.2222222222,68.7150837989,57.0175438596,56.6371681416,49.2548873406
