pdb_id,pep_identity,mhc_identity,tcrA_identity,tcrB_identity,total_identity
5eu6,44.4444444444,100.0,50.0,57.5221238938,66.0685021304
4eup,33.3333333333,100.0,66.0714285714,30.0884955752,60.4710984689
3o4l,33.3333333333,100.0,38.9380530973,30.701754386,56.051079025
5bs0,33.3333333333,86.5921787709,43.8596491228,41.9642857143,54.2791598409
2bnq,22.2222222222,100.0,45.6140350877,33.6283185841,53.947799686
