pdb_id,pep_identity,mhc_identity,tcrA_identity,tcrB_identity,total_identity
5eu6,44.4444444444,100.0,37.1681415929,61.9469026549,64.6673221894
3o4l,33.3333333333,100.0,51.8181818182,26.5486725664,57.5055868419
4eup,33.3333333333,100.0,47.2727272727,28.5714285714,57.0851370851
5bs0,33.3333333333,86.5921787709,38.0530973451,44.6428571429,53.7578297828
5euo,22.2222222222,100.0,38.3928571429,35.1351351351,52.9954061204
2bnq,22.2222222222,100.0,38.9380530973,27.6785714286,51.8435114951
