pdb_id,pep_identity,mhc_identity,tcrA_identity,tcrB_identity,total_identity
5eu6,44.4444444444,100.0,34.5132743363,33.3333333333,59.4559160931
3qeq,22.2222222222,100.0,29.4642857143,65.5172413793,56.5709952563
5men,11.1111111111,100.0,34.8623853211,71.5517241379,54.7727219469
3o4l,33.3333333333,100.0,28.5714285714,26.0504201681,53.548085901
5euo,22.2222222222,100.0,27.6785714286,48.275862069,53.3998129903
5bs0,33.3333333333,86.5921787709,31.8584070796,31.0344827586,50.4573190078
