pdb_id,pep_identity,mhc_identity,tcrA_identity,tcrB_identity,total_identity
5eu6,44.4444444444,100.0,37.3913043478,62.2807017544,64.7601491652
3ffc,11.1111111111,81.0055865922,60.0,91.452991453,55.9477311433
4eup,33.3333333333,100.0,33.0434782609,32.4561403509,55.3610475464
3o4l,33.3333333333,100.0,33.9130434783,27.5862068966,54.6943195069
5bs0,33.3333333333,86.5921787709,33.9130434783,42.9824561404,52.7910873045
5euo,22.2222222222,100.0,33.9130434783,35.0877192982,52.2408678702
