pdb_id,pep_identity,mhc_identity,tcrA_identity,tcrB_identity,total_identity
4eup,33.3333333333,100.0,84.4036697248,33.0357142857,64.0176751129
5eu6,44.4444444444,100.0,42.4778761062,42.4778761062,62.3074401835
5bs0,33.3333333333,86.5921787709,38.9380530973,67.5675675676,57.7261074789
3o4l,33.3333333333,100.0,38.8888888889,31.5789473684,56.1890838207
2vlk,22.2222222222,100.0,35.7798165138,38.7387387387,53.1604999495
