pdb_id,pep_identity,mhc_identity,tcrA_identity,tcrB_identity,total_identity
5eu6,44.4444444444,100.0,33.0434782609,37.1681415929,59.8500847904
3o4l,33.3333333333,100.0,30.4347826087,24.5614035088,53.610475464
5bs0,33.3333333333,86.5921787709,31.3043478261,39.6396396396,51.7991686124
5euo,22.2222222222,100.0,28.6956521739,37.2727272727,51.7354706485
3qeq,22.2222222222,100.0,26.9565217391,28.5714285714,49.9953991258
5men,11.1111111111,100.0,36.2831858407,32.1428571429,48.4413775343
