pdb_id,pep_identity,mhc_identity,tcrA_identity,tcrB_identity,total_identity
5eu6,44.4444444444,100.0,33.6283185841,59.649122807,63.69438838
3qeq,22.2222222222,100.0,37.2727272727,40.350877193,53.6780081517
3o4l,33.3333333333,100.0,25.2252252252,29.3103448276,53.5337061199
5euo,22.2222222222,100.0,36.6071428571,35.9649122807,52.8360832637
5bs0,33.3333333333,86.5921787709,30.0884955752,42.9824561404,52.153662654
