pdb_id,pep_identity,mhc_identity,tcrA_identity,tcrB_identity,total_identity
3o4l,33.3333333333,100.0,84.6153846154,23.275862069,62.4263188918
5eu6,44.4444444444,100.0,39.8230088496,33.9130434783,60.4374902028
3qdj,22.2222222222,100.0,40.9090909091,32.4561403509,52.9682792841
5bs0,33.3333333333,86.5921787709,38.9380530973,35.0877192982,52.312799434
5euo,22.2222222222,100.0,35.4545454545,30.9734513274,51.8120735377
