pdb_id,pep_identity,mhc_identity,tcrA_identity,tcrB_identity,total_identity
2vlk,22.2222222222,100.0,45.045045045,93.6363636364,63.8543088543
4eup,33.3333333333,100.0,50.4504504505,57.6576576577,62.4624624625
5eu6,44.4444444444,100.0,39.8230088496,39.8230088496,61.4224844313
3o4l,33.3333333333,100.0,53.1531531532,30.0884955752,58.3180525658
5bs0,33.3333333333,86.5921787709,39.8230088496,39.6396396396,53.2189454496
2bnr,11.1111111111,100.0,36.2831858407,50.4504504505,51.4926430856
