pdb_id,pep_identity,mhc_identity,tcrA_identity,tcrB_identity,total_identity
5eu6,44.4444444444,100.0,33.6283185841,34.7826086957,59.5499693614
3qeq,22.2222222222,100.0,31.1926605505,55.2631578947,55.1500438149
5men,11.1111111111,100.0,32.4324324324,74.5614035088,54.8693430272
2vlk,22.2222222222,100.0,31.1926605505,49.1228070175,54.1266520021
3o4l,33.3333333333,100.0,30.2752293578,27.3504273504,54.0487205625
5bs0,33.3333333333,86.5921787709,30.9734513274,32.4561403509,50.5467693145
