pdb_id,pep_identity,mhc_identity,tcrA_identity,tcrB_identity,total_identity
5eu6,44.4444444444,100.0,42.4778761062,41.3793103448,62.12434589
5bs0,33.3333333333,86.5921787709,38.9380530973,86.9565217391,60.9575998408
3o4l,33.3333333333,100.0,44.6428571429,25.4237288136,56.1222087705
3qdj,22.2222222222,100.0,45.5357142857,30.4347826087,53.4024902231
5euo,22.2222222222,100.0,33.6283185841,35.652173913,52.2874894903
2f54,11.1111111111,100.0,40.7079646018,36.5217391304,49.9086543257
