pdb_id,pep_identity,mhc_identity,tcrA_identity,tcrB_identity,total_identity
4eup,33.3333333333,100.0,86.2385321101,31.3043478261,64.0349244338
5eu6,44.4444444444,100.0,43.3628318584,38.4615384615,61.7855432015
3o4l,33.3333333333,100.0,41.6666666667,54.3103448276,60.4406130268
2vlk,22.2222222222,100.0,40.3669724771,32.7586206897,52.9283396019
5bs0,33.3333333333,86.5921787709,41.592920354,30.7692307692,52.035529222
