pdb_id,pep_identity,mhc_identity,tcrA_identity,tcrB_identity,total_identity
5eu6,44.4444444444,100.0,31.8584070796,55.7522123894,62.7499180597
3o4l,33.3333333333,100.0,32.7433628319,32.4561403509,55.3110283082
3qdj,22.2222222222,100.0,36.2831858407,40.1785714286,53.4843669523
5bs0,33.3333333333,86.5921787709,30.0884955752,41.0714285714,51.8351580592
5euo,22.2222222222,100.0,28.3185840708,33.0357142857,50.9664571335
