pdb_id,pep_identity,mhc_identity,tcrA_identity,tcrB_identity,total_identity
5eu6,44.4444444444,100.0,39.4736842105,36.2831858407,60.7742931567
3qdj,22.2222222222,100.0,63.3928571429,32.1428571429,56.6633597884
3o4l,33.3333333333,100.0,33.6283185841,24.5614035088,54.1427314599
5bs0,33.3333333333,86.5921787709,39.4736842105,39.6396396396,53.1607246765
2vlk,22.2222222222,100.0,38.0530973451,36.3636363636,53.1435296922
