pdb_id,pep_identity,mhc_identity,tcrA_identity,tcrB_identity,total_identity
5eu6,44.4444444444,100.0,45.1327433628,67.2566371681,66.87971157
4eup,33.3333333333,100.0,86.2385321101,28.3185840708,63.5372971413
3o4l,33.3333333333,100.0,40.0,28.0701754386,55.7894736842
5bs0,33.3333333333,86.5921787709,43.3628318584,43.75,54.4939760112
2bnq,22.2222222222,100.0,40.7079646018,36.2831858407,53.5725991478
