pdb_id,pep_identity,mhc_identity,tcrA_identity,tcrB_identity,total_identity
5eu6,44.4444444444,100.0,41.592920354,60.1769911504,65.1098000656
4eup,33.3333333333,100.0,84.4036697248,33.9285714286,64.1664846367
3o4l,33.3333333333,100.0,40.7407407407,30.9734513274,56.3968097891
5bs0,33.3333333333,86.5921787709,38.9380530973,41.9642857143,53.4588938367
2vlk,22.2222222222,100.0,36.6972477064,36.9369369369,53.013104848
2bnq,22.2222222222,100.0,41.592920354,28.5714285714,52.434798895
