pdb_id,pep_identity,mhc_identity,tcrA_identity,tcrB_identity,total_identity
5eu6,44.4444444444,100.0,31.5789473684,49.1228070175,61.5984405458
3o4l,33.3333333333,100.0,30.3571428571,26.0869565217,53.8517943409
3qdj,22.2222222222,100.0,32.1428571429,33.3333333333,51.6534391534
5euo,22.2222222222,100.0,29.8245614035,33.6283185841,51.3162207387
5bs0,33.3333333333,86.5921787709,30.701754386,35.9649122807,51.0862818125
