pdb_id,pep_identity,mhc_identity,tcrA_identity,tcrB_identity,total_identity
5eu6,44.4444444444,100.0,35.0877192982,52.2123893805,62.6981662613
3o4l,33.3333333333,100.0,30.701754386,36.8421052632,55.701754386
3qdj,22.2222222222,100.0,37.7192982456,33.6283185841,52.6320102124
5bs0,33.3333333333,86.5921787709,34.2105263158,39.8230088496,52.314093229
2vlk,22.2222222222,100.0,35.9649122807,32.1428571429,52.0920356447
