pdb_id,pep_identity,mhc_identity,tcrA_identity,tcrB_identity,total_identity
5eu6,44.4444444444,100.0,37.1681415929,35.652173913,60.2848673991
3o4l,33.3333333333,100.0,61.1111111111,24.1379310345,58.6526181354
3qdj,22.2222222222,100.0,48.623853211,36.8421052632,54.9850671531
2vlk,22.2222222222,100.0,38.5321100917,35.3982300885,53.0624641041
5bs0,33.3333333333,86.5921787709,35.3982300885,38.5964912281,52.3076242542
4mnq,11.1111111111,100.0,33.0357142857,35.9649122807,48.5371414648
