pdb_id,pep_identity,mhc_identity,tcrA_identity,tcrB_identity,total_identity
5eu6,44.4444444444,100.0,44.2477876106,43.3628318584,62.7499180597
5bs0,33.3333333333,86.5921787709,40.7079646018,66.0714285714,57.7717362303
3o4l,33.3333333333,100.0,36.036036036,26.9565217391,54.9432040736
5euo,22.2222222222,100.0,43.3628318584,34.8214285714,53.7714508124
3qdj,22.2222222222,100.0,37.8378378378,34.8214285714,52.8506184756
