pdb_id,pep_identity,mhc_identity,tcrA_identity,tcrB_identity,total_identity
5eu6,44.4444444444,100.0,43.3628318584,61.4035087719,65.6092049199
4eup,33.3333333333,100.0,83.7837837838,30.0884955752,63.4231576709
3o4l,33.3333333333,100.0,40.1785714286,26.0869565217,55.4886991028
5bs0,33.3333333333,86.5921787709,40.7079646018,43.8596491228,54.0697729889
2bnq,22.2222222222,100.0,41.592920354,35.3982300885,53.5725991478
5euo,22.2222222222,100.0,39.2857142857,35.3982300885,53.1880648031
