pdb_id,pep_identity,mhc_identity,tcrA_identity,tcrB_identity,total_identity
5eu6,44.4444444444,100.0,46.017699115,35.9649122807,61.8119167141
3o4l,33.3333333333,100.0,37.5,53.5714285714,59.623015873
2vlk,22.2222222222,100.0,48.6486486486,32.1428571429,54.205991706
3qdj,22.2222222222,100.0,42.8571428571,32.7433628319,53.3408250222
5bs0,33.3333333333,86.5921787709,45.1327433628,30.9734513274,52.6595364831
