pdb_id,pep_identity,mhc_identity,tcrA_identity,tcrB_identity,total_identity
5eu6,44.4444444444,100.0,46.017699115,38.2608695652,62.1945762615
3o4l,33.3333333333,100.0,59.0476190476,27.5862068966,58.8834154351
5bs0,33.3333333333,86.5921787709,37.1681415929,63.1578947368,56.6961767564
3qdj,22.2222222222,100.0,43.6363636364,38.5964912281,54.4462165515
5euo,22.2222222222,100.0,36.3636363636,36.2831858407,52.8485444415
