pdb_id,pep_identity,mhc_identity,tcrA_identity,tcrB_identity,total_identity
3o4l,33.3333333333,100.0,88.1188118812,23.4782608696,63.0439565696
5eu6,44.4444444444,100.0,38.9380530973,32.4561403509,60.0471803895
3qdj,22.2222222222,100.0,41.6666666667,30.0884955752,52.6999344477
5bs0,33.3333333333,86.5921787709,36.2831858407,34.5132743363,51.7745807309
2vlk,22.2222222222,100.0,35.5140186916,29.4642857143,51.5704581417
