pdb_id,pep_identity,mhc_identity,tcrA_identity,tcrB_identity,total_identity
5eu6,44.4444444444,100.0,27.4336283186,37.0689655172,58.8985804541
3o4l,33.3333333333,100.0,26.6666666667,27.3504273504,53.4472934473
2vlk,22.2222222222,100.0,29.9065420561,35.9649122807,51.7193164635
5bs0,33.3333333333,86.5921787709,29.203539823,36.5217391304,50.9293838603
3qeq,22.2222222222,100.0,28.3018867925,29.5652173913,50.3852581047
4mnq,11.1111111111,100.0,29.0909090909,33.9130434783,47.5376957986
