pdb_id,pep_identity,mhc_identity,tcrA_identity,tcrB_identity,total_identity
2vlk,22.2222222222,100.0,88.785046729,38.1818181818,61.9018848925
5eu6,44.4444444444,100.0,36.2831858407,38.0530973451,60.5375286791
3qeq,22.2222222222,100.0,57.9439252336,29.4642857143,55.3087758987
3o4l,33.3333333333,100.0,33.3333333333,25.4385964912,54.2397660819
5bs0,33.3333333333,86.5921787709,38.0530973451,42.3423423423,53.3744106493
