pdb_id,pep_identity,mhc_identity,tcrA_identity,tcrB_identity,total_identity
2bnq,22.2222222222,100.0,31.5789473684,88.4955752212,60.7531611724
3qeq,22.2222222222,100.0,25.4545454545,60.1769911504,55.0126635082
2vlr,22.2222222222,100.0,31.5315315315,51.3274336283,54.5505682674
3o4l,33.3333333333,100.0,30.9090909091,29.3103448276,54.4810170672
5bs0,33.3333333333,86.5921787709,30.701754386,33.6283185841,50.6968495298
2e7l,22.2222222222,68.7150837989,57.6576576577,56.6371681416,49.3615729736
