pdb_id,pep_identity,mhc_identity,tcrA_identity,tcrB_identity,total_identity
5eu6,44.4444444444,100.0,35.9649122807,58.407079646,63.8768134693
4eup,33.3333333333,100.0,34.2105263158,32.7433628319,55.6034259691
3o4l,33.3333333333,100.0,29.8245614035,29.8245614035,54.3859649123
5bs0,33.3333333333,86.5921787709,34.2105263158,42.8571428571,52.8197822302
5euo,22.2222222222,100.0,28.9473684211,35.7142857143,51.5176830966
