pdb_id,pep_identity,mhc_identity,tcrA_identity,tcrB_identity,total_identity
4eup,33.3333333333,100.0,23.2142857143,57.6576576577,57.9231016731
5euo,22.2222222222,100.0,25.8928571429,51.8181818182,53.6925805676
4mnq,11.1111111111,100.0,22.7272727273,57.6576576577,50.4345254345
5bs0,33.3333333333,86.5921787709,22.6086956522,36.036036036,49.7492926495
