pdb_id,pep_identity,mhc_identity,tcrA_identity,tcrB_identity,total_identity
5eu6,44.4444444444,100.0,86.7256637168,30.0884955752,67.6171746968
2bnq,22.2222222222,100.0,87.610619469,56.7567567568,64.8019701117
4eup,33.3333333333,100.0,40.1785714286,58.5585585586,60.9006327756
5bs0,33.3333333333,86.5921787709,84.9557522124,33.9285714286,59.7892246416
2vlk,22.2222222222,100.0,38.3928571429,51.3513513514,55.6981088231
3o4l,33.3333333333,100.0,37.5,27.1929824561,55.2266081871
