pdb_id,pep_identity,mhc_identity,tcrA_identity,tcrB_identity,total_identity
3o4l,33.3333333333,100.0,84.6153846154,24.7787610619,62.6768020573
5eu6,44.4444444444,100.0,40.7079646018,37.1681415929,61.1274991806
5bs0,33.3333333333,86.5921787709,40.7079646018,38.7387387387,53.2162879248
3qdj,22.2222222222,100.0,40.0,33.3333333333,52.962962963
2vlk,22.2222222222,100.0,36.6972477064,33.6363636364,52.4630092979
