pdb_id,pep_identity,mhc_identity,tcrA_identity,tcrB_identity,total_identity
5eu6,44.4444444444,100.0,30.9734513274,63.4782608696,63.890100181
4eup,33.3333333333,100.0,37.8378378378,33.3333333333,56.3063063063
3o4l,33.3333333333,100.0,34.2342342342,26.724137931,54.6041731387
5bs0,33.3333333333,86.5921787709,29.203539823,48.2456140351,52.8833630111
5euo,22.2222222222,100.0,28.3185840708,39.8230088496,52.0976728941
