pdb_id,pep_identity,mhc_identity,tcrA_identity,tcrB_identity,total_identity
3qdj,22.2222222222,100.0,39.0909090909,89.3805309735,62.1526474181
5eu6,44.4444444444,100.0,42.4778761062,34.2105263158,60.9295485518
5euo,22.2222222222,100.0,37.5,49.1071428571,55.1752645503
3o4l,33.3333333333,100.0,32.7272727273,29.3103448276,54.7840473703
2pye,11.1111111111,100.0,40.7079646018,62.8318584071,54.2936742052
5men,11.1111111111,100.0,35.7142857143,62.8318584071,53.4613943906
5bs0,33.3333333333,86.5921787709,41.592920354,30.3571428571,51.9668479033
