pdb_id,pep_identity,mhc_identity,tcrA_identity,tcrB_identity,total_identity
5eu6,44.4444444444,100.0,46.017699115,46.9026548673,63.6348738119
3o4l,33.3333333333,100.0,37.2727272727,25.4385964912,54.8963317384
5bs0,33.3333333333,86.5921787709,41.592920354,41.9642857143,53.9013717128
2vlk,22.2222222222,100.0,41.8181818182,35.7142857143,53.6628186628
3qdj,22.2222222222,100.0,39.0909090909,32.1428571429,52.613035113
