pdb_id,pep_identity,mhc_identity,tcrA_identity,tcrB_identity,total_identity
5eu6,44.4444444444,100.0,40.7079646018,67.8260869565,66.2371567412
4eup,33.3333333333,100.0,50.8928571429,33.0434782609,58.4338336784
3o4l,33.3333333333,100.0,50.8928571429,29.0598290598,57.7698921449
5bs0,33.3333333333,86.5921787709,37.1681415929,46.9565217391,53.9959479234
2vlk,22.2222222222,100.0,37.5,37.3913043478,53.2226247987
