pdb_id,pep_identity,mhc_identity,tcrA_identity,tcrB_identity,total_identity
2bnq,22.2222222222,100.0,35.652173913,90.2654867257,61.7270175139
3qdj,22.2222222222,100.0,31.3043478261,68.1415929204,57.3150641985
4mnq,11.1111111111,100.0,26.9565217391,91.1504424779,56.7215310732
3o4l,33.3333333333,100.0,28.6956521739,29.3103448276,54.1121106114
2vlk,22.2222222222,100.0,27.8260869565,50.4424778761,53.7855015462
5bs0,33.3333333333,86.5921787709,32.1739130435,32.7433628319,50.7947166807
