pdb_id,pep_identity,mhc_identity,tcrA_identity,tcrB_identity,total_identity
5eu6,44.4444444444,100.0,35.652173913,33.3333333333,59.6457326892
3o4l,33.3333333333,100.0,28.0701754386,25.2173913043,53.3257055683
5bs0,33.3333333333,86.5921787709,33.9130434783,35.3982300885,51.5270496292
5euo,22.2222222222,100.0,27.8260869565,30.3571428571,50.4379457097
3qeq,22.2222222222,100.0,28.0701754386,26.5486725664,49.8438820749
5men,11.1111111111,100.0,37.1681415929,30.9734513274,48.3939691904
