pdb_id,pep_identity,mhc_identity,tcrA_identity,tcrB_identity,total_identity
4eup,33.3333333333,100.0,87.1559633028,58.5585585586,68.730198088
5eu6,44.4444444444,100.0,42.4778761062,35.3982300885,61.1274991806
3o4l,33.3333333333,100.0,40.3669724771,30.0884955752,56.1870224532
2bnq,22.2222222222,100.0,39.8230088496,49.5495495495,55.6361671406
