pdb_id,pep_identity,mhc_identity,tcrA_identity,tcrB_identity,total_identity
5eu6,44.4444444444,100.0,43.3628318584,68.1415929204,66.7322189446
4eup,33.3333333333,100.0,85.3211009174,30.9734513274,63.8268698186
3o4l,33.3333333333,100.0,38.8888888889,26.9565217391,55.4186795491
5bs0,33.3333333333,86.5921787709,38.0530973451,45.1327433628,53.8394774861
2bnq,22.2222222222,100.0,40.7079646018,37.1681415929,53.7200917732
