pdb_id,pep_identity,mhc_identity,tcrA_identity,tcrB_identity,total_identity
5eu6,44.4444444444,100.0,31.8584070796,64.9122807018,64.2765961117
4eup,33.3333333333,100.0,32.1428571429,33.6283185841,55.4063070656
3o4l,33.3333333333,100.0,32.1428571429,27.8260869565,54.439268461
5bs0,33.3333333333,86.5921787709,29.203539823,46.4912280702,52.5909653503
2vlk,22.2222222222,100.0,28.5714285714,38.0530973451,51.8448283935
