pdb_id,pep_identity,mhc_identity,tcrA_identity,tcrB_identity,total_identity
5euo,22.2222222222,100.0,92.6605504587,36.2831858407,62.2313634573
5eu6,44.4444444444,100.0,38.0530973451,36.5217391304,60.5772875607
3o4l,33.3333333333,100.0,34.5794392523,27.5862068966,54.8053854693
3qeq,22.2222222222,100.0,51.8867924528,28.9473684211,54.2131008864
5bs0,33.3333333333,86.5921787709,38.9380530973,36.8421052632,52.6051970948
