pdb_id,pep_identity,mhc_identity,tcrA_identity,tcrB_identity,total_identity
5eu6,44.4444444444,100.0,33.3333333333,57.8947368421,63.3528265107
2vlk,22.2222222222,100.0,52.2522522523,35.0877192982,55.2974026658
3o4l,33.3333333333,100.0,30.3571428571,33.6206896552,55.1074165298
3qeq,22.2222222222,100.0,44.1441441441,33.3333333333,53.6536536537
5bs0,33.3333333333,86.5921787709,31.5789473684,41.2280701754,52.1096736254
