pdb_id,pep_identity,mhc_identity,tcrA_identity,tcrB_identity,total_identity
5euo,22.2222222222,100.0,92.6605504587,34.2105263158,61.8859202032
5eu6,44.4444444444,100.0,38.0530973451,38.7931034483,60.9558482804
5bs0,33.3333333333,86.5921787709,38.9380530973,60.8695652174,56.6097737539
3qeq,22.2222222222,100.0,51.8867924528,36.5217391304,55.4754960046
3o4l,33.3333333333,100.0,34.5794392523,23.9316239316,54.1962883084
