pdb_id,pep_identity,mhc_identity,tcrA_identity,tcrB_identity,total_identity
4eup,33.3333333333,100.0,86.2385321101,51.7857142857,67.4484855104
5eu6,44.4444444444,100.0,44.2477876106,33.6283185841,61.1274991806
2bnq,22.2222222222,100.0,40.7079646018,73.2142857143,59.7277824601
5men,11.1111111111,100.0,34.8623853211,76.3636363636,55.5747073178
3o4l,33.3333333333,100.0,39.4495412844,27.1929824561,55.5515317345
2vlk,22.2222222222,100.0,33.9449541284,50.4504504505,54.8066415039
