pdb_id,pep_identity,mhc_identity,tcrA_identity,tcrB_identity,total_identity
5euo,22.2222222222,100.0,88.1818181818,50.0,63.771043771
5eu6,44.4444444444,100.0,38.5964912281,35.652173913,60.5229256717
3qeq,22.2222222222,100.0,49.0909090909,67.5438596491,60.1798688641
3o4l,33.3333333333,100.0,31.5315315315,29.0598290598,54.543004543
2bnr,11.1111111111,100.0,35.0877192982,60.5263157895,52.9727095517
5men,11.1111111111,100.0,34.8214285714,58.7719298246,52.635930103
5bs0,33.3333333333,86.5921787709,35.9649122807,32.4561403509,51.3786794734
