pdb_id,pep_identity,mhc_identity,tcrA_identity,tcrB_identity,total_identity
5eu6,44.4444444444,100.0,38.0530973451,38.0530973451,60.8325139299
3qdj,22.2222222222,100.0,48.2142857143,63.963963964,59.4371156871
3o4l,33.3333333333,100.0,51.7857142857,27.1929824561,57.6075605681
5men,11.1111111111,100.0,36.6071428571,81.0810810811,56.6517410267
5euo,22.2222222222,100.0,38.3928571429,52.2522522523,55.8482589733
5bs0,33.3333333333,86.5921787709,38.0530973451,35.1351351351,52.1732094481
