pdb_id,pep_identity,mhc_identity,tcrA_identity,tcrB_identity,total_identity
5eu6,44.4444444444,100.0,31.5789473684,38.0530973451,59.7534889337
3o4l,33.3333333333,100.0,30.3571428571,26.5486725664,53.928747015
5euo,22.2222222222,100.0,30.701754386,34.5454545455,51.6152755626
5bs0,33.3333333333,86.5921787709,30.701754386,38.7387387387,51.5485862222
3qeq,22.2222222222,100.0,27.6785714286,29.4642857143,50.2645502646
2p5e,11.1111111111,100.0,30.701754386,34.2342342342,47.8597018071
