pdb_id,pep_identity,mhc_identity,tcrA_identity,tcrB_identity,total_identity
2vlk,22.2222222222,100.0,43.3628318584,87.3873873874,62.5324439484
5eu6,44.4444444444,100.0,49.1228070175,31.8584070796,61.6450171643
3qeq,22.2222222222,100.0,34.5132743363,58.0357142857,56.1655721777
3o4l,33.3333333333,100.0,35.0877192982,28.0701754386,54.9707602339
5bs0,33.3333333333,86.5921787709,43.8596491228,33.9285714286,52.9398741267
2f54,11.1111111111,100.0,48.2456140351,45.9459459459,52.7356303672
5men,11.1111111111,100.0,36.2831858407,45.5357142857,50.6735203914
