pdb_id,pep_identity,mhc_identity,tcrA_identity,tcrB_identity,total_identity
5eu6,44.4444444444,100.0,33.3333333333,67.5438596491,64.9610136452
4eup,33.3333333333,100.0,29.4642857143,31.8584070796,54.6648932434
3o4l,33.3333333333,100.0,34.2342342342,26.9565217391,54.6429037733
5bs0,33.3333333333,86.5921787709,32.4561403509,47.3684210526,53.2792642687
2vlk,22.2222222222,100.0,29.7297297297,39.8230088496,52.3328638373
