pdb_id,pep_identity,mhc_identity,tcrA_identity,tcrB_identity,total_identity
5eu6,44.4444444444,100.0,38.9380530973,59.2920353982,64.5198295641
4eup,33.3333333333,100.0,61.4678899083,31.8584070796,59.9988272758
3o4l,33.3333333333,100.0,31.8181818182,27.8260869565,54.3851559069
5bs0,33.3333333333,86.5921787709,41.592920354,42.4778761062,53.9869701115
