pdb_id,pep_identity,mhc_identity,tcrA_identity,tcrB_identity,total_identity
2vlk,22.2222222222,100.0,27.5229357798,90.9090909091,60.4794118556
5eu6,44.4444444444,100.0,22.8070175439,32.7433628319,57.4065448774
3qeq,22.2222222222,100.0,30.2752293578,58.9285714286,55.6080408718
3o4l,33.3333333333,100.0,19.2660550459,28.3185840708,52.3752176306
5bs0,33.3333333333,86.5921787709,25.4385964912,36.036036036,50.2209427893
2f53,11.1111111111,100.0,25.4385964912,49.1071428571,49.4613269284
