pdb_id,pep_identity,mhc_identity,tcrA_identity,tcrB_identity,total_identity
5eu6,44.4444444444,100.0,34.7826086957,60.1769911504,63.9747481225
4eup,33.3333333333,100.0,33.9130434783,34.5132743363,55.8488307469
3o4l,33.3333333333,100.0,30.4347826087,28.6956521739,54.2995169082
5bs0,33.3333333333,86.5921787709,36.5217391304,45.5357142857,53.6514129375
2vlr,22.2222222222,100.0,32.1739130435,38.3928571429,52.5018691051
