pdb_id,pep_identity,mhc_identity,tcrA_identity,tcrB_identity,total_identity
5eu6,44.4444444444,100.0,37.1681415929,57.8947368421,63.9919612207
3o4l,33.3333333333,100.0,51.8181818182,29.3103448276,57.9658655521
4eup,33.3333333333,100.0,47.2727272727,33.3333333333,57.8787878788
5bs0,33.3333333333,86.5921787709,38.0530973451,43.8596491228,53.6272951128
2vlr,22.2222222222,100.0,38.1818181818,33.3333333333,52.6599326599
