pdb_id,pep_identity,mhc_identity,tcrA_identity,tcrB_identity,total_identity
5eu6,44.4444444444,100.0,49.5575221239,38.9380530973,62.897410685
3qeq,22.2222222222,100.0,36.3636363636,90.1785714286,61.8311087061
5euo,22.2222222222,100.0,41.9642857143,58.5585585586,57.4945481195
2f54,11.1111111111,100.0,48.6725663717,60.7142857143,55.2681790514
3o4l,33.3333333333,100.0,35.1351351351,27.8260869565,54.9379814597
5men,11.1111111111,100.0,44.5454545455,62.5,54.8779461279
5bs0,33.3333333333,86.5921787709,46.017699115,35.1351351351,53.5006430765
