pdb_id,pep_identity,mhc_identity,tcrA_identity,tcrB_identity,total_identity
5eu6,44.4444444444,100.0,35.0877192982,65.2173913043,64.8656665819
4eup,33.3333333333,100.0,38.9380530973,32.4561403509,56.3434766858
3o4l,33.3333333333,100.0,29.203539823,27.5862068966,53.909402231
5bs0,33.3333333333,86.5921787709,34.2105263158,47.8260869565,53.6479395801
5euo,22.2222222222,100.0,28.9473684211,38.5964912281,51.9980506823
