pdb_id,pep_identity,mhc_identity,tcrA_identity,tcrB_identity,total_identity
4eup,33.3333333333,100.0,86.2385321101,87.3873873874,73.382097694
5eu6,44.4444444444,100.0,42.4778761062,28.3185840708,59.9475581776
