pdb_id,pep_identity,mhc_identity,tcrA_identity,tcrB_identity,total_identity
5eu6,44.4444444444,100.0,43.3628318584,56.6371681416,64.8148148148
4eup,33.3333333333,100.0,84.5454545455,30.9734513274,63.6975954233
3o4l,33.3333333333,100.0,38.7387387387,33.3333333333,56.4564564565
5bs0,33.3333333333,86.5921787709,42.4778761062,42.8571428571,54.197673862
2bnq,22.2222222222,100.0,42.4778761062,33.6283185841,53.4251065225
2vlk,22.2222222222,100.0,36.036036036,34.8214285714,52.5503181753
