pdb_id,pep_identity,mhc_identity,tcrA_identity,tcrB_identity,total_identity
5eu6,44.4444444444,100.0,38.0530973451,40.350877193,61.2154772378
3o4l,33.3333333333,100.0,58.4905660377,25.2173913043,58.3957706681
3qdj,22.2222222222,100.0,41.4414414414,34.5132743363,53.399860037
5bs0,33.3333333333,86.5921787709,36.2831858407,41.592920354,52.9545217339
2vlk,22.2222222222,100.0,34.5454545455,35.7142857143,52.4506974507
