pdb_id,pep_identity,mhc_identity,tcrA_identity,tcrB_identity,total_identity
3o4l,33.3333333333,100.0,58.0952380952,55.3571428571,63.3531746032
5eu6,44.4444444444,100.0,38.0530973451,35.0877192982,60.3382842554
3qdj,22.2222222222,100.0,41.8181818182,35.3982300885,53.6101427252
2vlk,22.2222222222,100.0,34.8623853211,33.9285714286,52.205900199
5bs0,33.3333333333,86.5921787709,37.1681415929,30.9734513274,51.3321028548
