pdb_id,pep_identity,mhc_identity,tcrA_identity,tcrB_identity,total_identity
5eu6,44.4444444444,100.0,36.2068965517,36.2068965517,60.2171136654
3o4l,33.3333333333,100.0,27.5862068966,24.7863247863,53.1731997249
5bs0,33.3333333333,86.5921787709,34.4827586207,38.2608695652,52.0991087324
3qdj,22.2222222222,100.0,29.3103448276,32.1739130435,50.9881170526
5euo,22.2222222222,100.0,27.5862068966,33.3333333333,50.8939974457
2f54,11.1111111111,100.0,35.3448275862,32.4561403509,48.3371983599
