pdb_id,pep_identity,mhc_identity,tcrA_identity,tcrB_identity,total_identity
4eup,33.3333333333,100.0,50.0,59.4594594595,62.6876876877
3o4l,33.3333333333,100.0,59.0909090909,27.4336283186,58.8652006794
5euo,22.2222222222,100.0,38.3928571429,51.8181818182,55.7759139009
4mnq,11.1111111111,100.0,33.0357142857,61.8181818182,52.846019721
2p5w,11.1111111111,100.0,35.3982300885,57.1428571429,52.4605515756
5bs0,33.3333333333,86.5921787709,36.2831858407,34.2342342342,51.7280740473
