pdb_id,pep_identity,mhc_identity,tcrA_identity,tcrB_identity,total_identity
3qeq,22.2222222222,100.0,85.4545454545,27.1929824561,59.5153287259
5eu6,44.4444444444,100.0,32.7433628319,34.7826086957,59.4024767361
2vlk,22.2222222222,100.0,50.9090909091,33.6283185841,54.8303089896
3o4l,33.3333333333,100.0,30.6306306306,25.8620689655,53.8598943771
5bs0,33.3333333333,86.5921787709,30.9734513274,34.2105263158,50.8391669753
4mnq,11.1111111111,100.0,33.9285714286,33.3333333333,48.2473544974
