pdb_id,pep_identity,mhc_identity,tcrA_identity,tcrB_identity,total_identity
2vlk,22.2222222222,100.0,35.7142857143,91.9642857143,62.0205026455
4eup,33.3333333333,100.0,47.3214285714,57.1428571429,61.8551587302
3o4l,33.3333333333,100.0,50.8928571429,30.4347826087,57.9990510697
2bnr,11.1111111111,100.0,46.017699115,50.8928571429,53.1887964134
5bs0,33.3333333333,86.5921787709,37.1681415929,38.0530973451,52.5120438578
4mnq,11.1111111111,100.0,33.9285714286,50.4424778761,51.0988785878
