pdb_id,pep_identity,mhc_identity,tcrA_identity,tcrB_identity,total_identity
5eu6,44.4444444444,100.0,44.2477876106,45.1327433628,63.0449033104
5bs0,33.3333333333,86.5921787709,41.592920354,67.5675675676,58.168585355
3o4l,33.3333333333,100.0,36.036036036,26.5486725664,54.8752292115
5euo,22.2222222222,100.0,41.4414414414,39.0909090909,54.1627991628
3qdj,22.2222222222,100.0,39.6396396396,35.1351351351,53.2032032032
