pdb_id,pep_identity,mhc_identity,tcrA_identity,tcrB_identity,total_identity
2bnq,22.2222222222,100.0,40.7079646018,88.4955752212,62.2746640446
5men,11.1111111111,100.0,37.5,90.2654867257,58.3312848246
3qdj,22.2222222222,100.0,40.3669724771,63.7168141593,58.0880385135
3o4l,33.3333333333,100.0,33.3333333333,32.7586206897,55.4597701149
2vlk,22.2222222222,100.0,36.6972477064,49.5575221239,55.1165357125
5bs0,33.3333333333,86.5921787709,41.592920354,32.7433628319,52.3645512324
