pdb_id,pep_identity,mhc_identity,tcrA_identity,tcrB_identity,total_identity
4eup,33.3333333333,100.0,87.1559633028,53.982300885,67.9674884757
5eu6,44.4444444444,100.0,42.4778761062,40.350877193,61.9529403647
2bnq,22.2222222222,100.0,41.592920354,59.2920353982,57.5549000328
3o4l,33.3333333333,100.0,48.1481481481,28.4482758621,57.2105151128
2vlk,22.2222222222,100.0,36.6972477064,53.982300885,55.8539988393
