pdb_id,pep_identity,mhc_identity,tcrA_identity,tcrB_identity,total_identity
5eu6,44.4444444444,100.0,38.0530973451,39.4736842105,61.0692784074
3o4l,33.3333333333,100.0,53.2110091743,25.2173913043,57.5158445242
3qdj,22.2222222222,100.0,47.7064220183,36.2831858407,54.7390087173
2vlk,22.2222222222,100.0,37.6146788991,35.7142857143,52.962234843
5bs0,33.3333333333,86.5921787709,36.2831858407,41.592920354,52.9545217339
2bnr,11.1111111111,100.0,37.1681415929,34.8214285714,49.0352987311
