pdb_id,pep_identity,mhc_identity,tcrA_identity,tcrB_identity,total_identity
5eu6,44.4444444444,100.0,33.3333333333,34.5132743363,59.4559160931
2vlk,22.2222222222,100.0,50.8928571429,35.4545454545,55.131974507
3o4l,33.3333333333,100.0,28.3185840708,32.7433628319,54.6214355949
3qeq,22.2222222222,100.0,43.75,27.6785714286,52.6455026455
5bs0,33.3333333333,86.5921787709,34.2105263158,36.9369369369,51.8330812435
4mnq,11.1111111111,100.0,35.7142857143,34.2342342342,48.6951236951
