pdb_id,pep_identity,mhc_identity,tcrA_identity,tcrB_identity,total_identity
5eu6,44.4444444444,100.0,33.3333333333,56.1403508772,63.0604288499
3o4l,33.3333333333,100.0,32.7272727273,27.5862068966,54.4966910484
3qdj,22.2222222222,100.0,33.3333333333,35.0877192982,52.1442495127
5bs0,33.3333333333,86.5921787709,30.701754386,39.4736842105,51.6710771342
