pdb_id,pep_identity,mhc_identity,tcrA_identity,tcrB_identity,total_identity
5eu6,44.4444444444,100.0,40.7079646018,41.2280701754,61.8041539443
5bs0,33.3333333333,86.5921787709,38.0530973451,88.4955752212,61.0666161292
3qdj,22.2222222222,100.0,61.8181818182,28.3185840708,55.7635350556
3o4l,33.3333333333,100.0,32.4324324324,25.0,54.0165165165
2vlk,22.2222222222,100.0,33.3333333333,35.3982300885,52.196001311
