pdb_id,pep_identity,mhc_identity,tcrA_identity,tcrB_identity,total_identity
5eu6,44.4444444444,100.0,31.8584070796,39.4736842105,60.0368300298
5men,11.1111111111,100.0,32.4324324324,79.6460176991,55.7167787256
3qeq,22.2222222222,100.0,28.3018867925,59.2920353982,55.3397277725
3o4l,33.3333333333,100.0,35.2380952381,27.5862068966,54.9151614669
5euo,22.2222222222,100.0,29.0909090909,52.2123893805,54.291290486
5bs0,33.3333333333,86.5921787709,30.0884955752,35.3982300885,50.8896249787
