pdb_id,pep_identity,mhc_identity,tcrA_identity,tcrB_identity,total_identity
5eu6,44.4444444444,100.0,38.2608695652,46.017699115,62.1945762615
5bs0,33.3333333333,86.5921787709,33.9130434783,62.7272727273,56.081890069
3o4l,33.3333333333,100.0,29.5652173913,26.5486725664,53.7967594374
5euo,22.2222222222,100.0,28.6956521739,41.2844036697,52.4040833813
3qdj,22.2222222222,100.0,31.3043478261,36.036036036,51.9641380511
