pdb_id,pep_identity,mhc_identity,tcrA_identity,tcrB_identity,total_identity
2bnq,22.2222222222,100.0,40.7079646018,88.4955752212,62.2746640446
5men,11.1111111111,100.0,37.5,91.1504424779,58.47877745
3qdj,22.2222222222,100.0,40.3669724771,65.4867256637,58.3830237642
3o4l,33.3333333333,100.0,33.3333333333,34.4827586207,55.7471264368
2vlk,22.2222222222,100.0,36.6972477064,48.6725663717,54.9690430871
5bs0,33.3333333333,86.5921787709,41.592920354,32.7433628319,52.3645512324
