pdb_id,pep_identity,mhc_identity,tcrA_identity,tcrB_identity,total_identity
5eu6,44.4444444444,100.0,34.2105263158,60.5263157895,63.9376218324
3o4l,33.3333333333,100.0,33.6283185841,29.3103448276,54.9342216797
4eup,33.3333333333,100.0,30.0884955752,32.4561403509,54.8685504321
5euo,22.2222222222,100.0,34.2105263158,35.9649122807,52.4366471735
5bs0,33.3333333333,86.5921787709,30.701754386,42.1052631579,52.1096736254
