pdb_id,pep_identity,mhc_identity,tcrA_identity,tcrB_identity,total_identity
5eu6,44.4444444444,100.0,47.7876106195,45.1327433628,63.6348738119
5bs0,33.3333333333,86.5921787709,47.7876106195,69.3693693694,59.5013340329
3qdj,22.2222222222,100.0,67.8899082569,34.8214285714,57.8592968788
3o4l,33.3333333333,100.0,40.0,28.6956521739,55.8937198068
2vlk,22.2222222222,100.0,40.9090909091,40.5405405405,54.3156793157
