pdb_id,pep_identity,mhc_identity,tcrA_identity,tcrB_identity,total_identity
4eup,33.3333333333,100.0,83.0357142857,32.7433628319,63.7409572974
5eu6,44.4444444444,100.0,42.9824561404,44.7368421053,62.7680311891
5bs0,33.3333333333,86.5921787709,40.350877193,53.0973451327,55.5498744224
3o4l,33.3333333333,100.0,38.0530973451,25.8620689655,55.0969721629
2vlk,22.2222222222,100.0,33.6283185841,33.6283185841,51.9501802688
2f53,11.1111111111,100.0,49.1228070175,37.1681415929,51.4188618054
