pdb_id,pep_identity,mhc_identity,tcrA_identity,tcrB_identity,total_identity
4eup,33.3333333333,100.0,45.045045045,57.5221238938,61.5389726009
3o4l,33.3333333333,100.0,47.2727272727,25.8620689655,56.6335771508
5euo,22.2222222222,100.0,35.3982300885,51.3274336283,55.1950180269
2p5w,11.1111111111,100.0,39.8230088496,56.1403508772,53.0309303248
4mnq,11.1111111111,100.0,33.6283185841,60.5263157895,52.7294760993
5bs0,33.3333333333,86.5921787709,37.1681415929,34.2105263158,51.8716153529
