pdb_id,pep_identity,mhc_identity,tcrA_identity,tcrB_identity,total_identity
2vlk,22.2222222222,100.0,35.4545454545,90.9090909091,61.8013468013
5eu6,44.4444444444,100.0,41.592920354,32.7433628319,60.5375286791
3qdj,22.2222222222,100.0,38.1818181818,50.4504504505,55.5127855128
3o4l,33.3333333333,100.0,32.7272727273,30.9734513274,55.0612317869
5bs0,33.3333333333,86.5921787709,38.0530973451,36.036036036,52.3233595983
2p5w,11.1111111111,100.0,39.8230088496,50.0,52.007538512
5men,11.1111111111,100.0,38.1818181818,49.5495495495,51.6589316589
