pdb_id,pep_identity,mhc_identity,tcrA_identity,tcrB_identity,total_identity
2vlk,22.2222222222,100.0,90.8256880734,36.2831858407,61.9255530598
5eu6,44.4444444444,100.0,38.0530973451,43.4782608696,61.7367078506
5bs0,33.3333333333,86.5921787709,37.1681415929,56.1403508772,55.5265861131
3qeq,22.2222222222,100.0,50.4587155963,32.4561403509,54.5598833986
3o4l,33.3333333333,100.0,33.6363636364,25.8620689655,54.3608498781
2p5e,11.1111111111,100.0,36.2831858407,38.9380530973,49.5739101934
