pdb_id,pep_identity,mhc_identity,tcrA_identity,tcrB_identity,total_identity
5eu6,44.4444444444,100.0,37.1681415929,35.9649122807,60.3369904604
3o4l,33.3333333333,100.0,31.8181818182,55.3571428571,58.9736652237
3qdj,22.2222222222,100.0,63.3027522936,33.6283185841,56.8959192203
5bs0,33.3333333333,86.5921787709,39.8230088496,31.8584070796,51.9220733563
2vlk,22.2222222222,100.0,32.7272727273,33.9285714286,51.8500481
2f53,11.1111111111,100.0,38.9380530973,30.701754386,48.6436716176
