pdb_id,pep_identity,mhc_identity,tcrA_identity,tcrB_identity,total_identity
4eup,33.3333333333,100.0,84.4036697248,36.9369369369,64.6678788881
5eu6,44.4444444444,100.0,42.4778761062,42.4778761062,62.3074401835
5bs0,33.3333333333,86.5921787709,39.8230088496,68.1818181818,57.9759752067
3o4l,33.3333333333,100.0,41.6666666667,27.4336283186,55.9611602753
2vlk,22.2222222222,100.0,35.7798165138,41.2844036697,53.584777438
2bnq,22.2222222222,100.0,41.592920354,30.6306306306,52.7779992382
