pdb_id,pep_identity,mhc_identity,tcrA_identity,tcrB_identity,total_identity
3qeq,22.2222222222,100.0,94.4444444444,53.5714285714,65.4100529101
2vlk,22.2222222222,100.0,50.4587155963,55.8558558559,58.4598359828
5eu6,44.4444444444,100.0,31.8584070796,28.3185840708,58.1776466732
3o4l,33.3333333333,100.0,30.2752293578,32.4561403509,54.8996727292
2bnq,22.2222222222,100.0,31.8584070796,50.4504504505,54.4588836624
