pdb_id,pep_identity,mhc_identity,tcrA_identity,tcrB_identity,total_identity
5eu6,44.4444444444,100.0,29.203539823,48.6956521739,61.1313468143
3o4l,33.3333333333,100.0,25.7142857143,27.5862068966,53.3278598796
3qdj,22.2222222222,100.0,30.8411214953,37.3913043478,52.1128117146
5euo,22.2222222222,100.0,30.9090909091,34.2105263158,51.5940102782
5bs0,33.3333333333,86.5921787709,27.4336283186,37.3913043478,50.7793261458
5men,11.1111111111,100.0,37.037037037,39.1304347826,49.7316156736
