pdb_id,pep_identity,mhc_identity,tcrA_identity,tcrB_identity,total_identity
5eu6,44.4444444444,100.0,31.8584070796,49.5575221239,61.7174696821
5bs0,33.3333333333,86.5921787709,34.5132743363,61.6071428571,55.9952402337
2vlr,22.2222222222,100.0,40.3669724771,39.6396396396,54.0751760935
3qeq,22.2222222222,100.0,40.7407407407,34.8214285714,53.3344356261
3o4l,33.3333333333,100.0,26.6055045872,26.3157894737,53.2646601213
