pdb_id,pep_identity,mhc_identity,tcrA_identity,tcrB_identity,total_identity
4eup,33.3333333333,100.0,86.3636363636,32.1428571429,64.1955266955
5eu6,44.4444444444,100.0,45.1327433628,43.8596491228,62.9802135624
5bs0,33.3333333333,86.5921787709,40.7079646018,57.5221238938,56.3468521174
3o4l,33.3333333333,100.0,39.6396396396,25.2173913043,55.2539496018
2vlk,22.2222222222,100.0,36.036036036,35.7142857143,52.6991276991
