pdb_id,pep_identity,mhc_identity,tcrA_identity,tcrB_identity,total_identity
5eu6,44.4444444444,100.0,33.0434782609,33.6206896552,59.2588428008
3o4l,33.3333333333,100.0,32.1428571429,20.8695652174,53.2798481712
3qeq,22.2222222222,100.0,31.25,40.8695652174,52.760668277
5euo,22.2222222222,100.0,32.1739130435,32.4561403509,51.5124163065
5bs0,33.3333333333,86.5921787709,32.1739130435,29.5652173913,50.2650257739
5men,11.1111111111,100.0,37.1681415929,32.1739130435,48.5940461431
