pdb_id,pep_identity,mhc_identity,tcrA_identity,tcrB_identity,total_identity
5eu6,44.4444444444,100.0,35.0877192982,59.2920353982,63.8781072642
4eup,33.3333333333,100.0,31.5789473684,31.8584070796,55.0173368525
3o4l,33.3333333333,100.0,32.4561403509,27.8260869565,54.491482329
5bs0,33.3333333333,86.5921787709,34.2105263158,42.4778761062,52.7565711051
