pdb_id,pep_identity,mhc_identity,tcrA_identity,tcrB_identity,total_identity
3o4l,33.3333333333,100.0,88.2352941176,26.3157894737,63.5362917097
5eu6,44.4444444444,100.0,41.592920354,45.1327433628,62.6024254343
5bs0,33.3333333333,86.5921787709,38.0530973451,66.6666666667,57.4284647034
3qdj,22.2222222222,100.0,41.6666666667,36.036036036,53.6911911912
2vlk,22.2222222222,100.0,37.3831775701,36.036036036,52.9772763418
