pdb_id,pep_identity,mhc_identity,tcrA_identity,tcrB_identity,total_identity
3qeq,22.2222222222,100.0,94.4444444444,33.0434782609,61.9887278583
5eu6,44.4444444444,100.0,31.8584070796,44.8275862069,60.9291470292
5bs0,33.3333333333,86.5921787709,32.7433628319,66.9565217391,56.5918181299
2vlk,22.2222222222,100.0,50.4587155963,39.1304347826,55.6722658039
3o4l,33.3333333333,100.0,30.2752293578,27.1186440678,54.0100900154
