pdb_id,pep_identity,mhc_identity,tcrA_identity,tcrB_identity,total_identity
5eu6,44.4444444444,100.0,43.3628318584,38.0530973451,61.7174696821
3qdj,22.2222222222,100.0,70.3703703704,34.8214285714,58.272707231
3o4l,33.3333333333,100.0,39.4495412844,25.4385964912,55.2591340737
5bs0,33.3333333333,86.5921787709,44.2477876106,41.9642857143,54.3438495889
5euo,22.2222222222,100.0,38.3928571429,36.036036036,53.1455562706
2bnr,11.1111111111,100.0,42.4778761062,35.1351351351,49.9725389106
