pdb_id,pep_identity,mhc_identity,tcrA_identity,tcrB_identity,total_identity
5eu6,44.4444444444,100.0,44.2477876106,93.9655172414,71.1836989568
4eup,33.3333333333,100.0,87.1559633028,29.3103448276,63.8554957995
