pdb_id,pep_identity,mhc_identity,tcrA_identity,tcrB_identity,total_identity
5eu6,44.4444444444,100.0,38.9380530973,42.4778761062,61.7174696821
5bs0,33.3333333333,86.5921787709,37.1681415929,65.7657657658,57.1308219279
3o4l,33.3333333333,100.0,33.0357142857,27.4336283186,54.5226682118
2vlk,22.2222222222,100.0,40.1785714286,39.0909090909,53.9523208273
3qdj,22.2222222222,100.0,34.8214285714,37.8378378378,52.8506184756
