pdb_id,pep_identity,mhc_identity,tcrA_identity,tcrB_identity,total_identity
5eu6,44.4444444444,100.0,30.9734513274,40.7079646018,60.095050803
3o4l,33.3333333333,100.0,33.6448598131,25.4385964912,54.2916871618
5euo,22.2222222222,100.0,30.0,36.9369369369,51.8968968969
5bs0,33.3333333333,86.5921787709,29.203539823,41.9642857143,51.8364749576
3qeq,22.2222222222,100.0,27.7777777778,31.25,50.5787037037
