pdb_id,pep_identity,mhc_identity,tcrA_identity,tcrB_identity,total_identity
5eu6,44.4444444444,100.0,43.3628318584,61.4035087719,65.6092049199
4eup,33.3333333333,100.0,85.4545454545,30.0884955752,63.7016179494
3o4l,33.3333333333,100.0,41.4414414414,31.3043478261,56.5687426557
5bs0,33.3333333333,86.5921787709,40.7079646018,45.6140350877,54.3621706497
2vlk,22.2222222222,100.0,36.036036036,37.1681415929,52.9414370122
2bnq,22.2222222222,100.0,43.3628318584,27.4336283186,52.5401507702
