pdb_id,pep_identity,mhc_identity,tcrA_identity,tcrB_identity,total_identity
4eup,33.3333333333,100.0,25.6880733945,86.6071428571,63.1603138197
2vlk,22.2222222222,100.0,35.1851851852,56.7567567568,56.0643977311
3o4l,33.3333333333,100.0,24.2990654206,26.9565217391,52.9870423044
2bnq,22.2222222222,100.0,22.8070175439,50.0,52.8752436647
