pdb_id,pep_identity,mhc_identity,tcrA_identity,tcrB_identity,total_identity
3qdj,22.2222222222,100.0,32.7433628319,90.2654867257,61.242215667
5eu6,44.4444444444,100.0,31.5789473684,35.0877192982,59.2592592593
2pye,11.1111111111,100.0,34.2105263158,69.0265486726,54.2432162018
3o4l,33.3333333333,100.0,30.9734513274,27.5862068966,54.2043874818
5euo,22.2222222222,100.0,31.5789473684,48.6725663717,54.1159930308
4mnq,11.1111111111,100.0,26.3157894737,61.9469026549,51.7474857251
5bs0,33.3333333333,86.5921787709,33.3333333333,29.203539823,50.3979828942
