pdb_id,pep_identity,mhc_identity,tcrA_identity,tcrB_identity,total_identity
2vlk,22.2222222222,100.0,88.679245283,52.2123893805,64.2226798513
2bnq,22.2222222222,100.0,34.5132743363,90.2654867257,61.5372009177
3qeq,22.2222222222,100.0,50.9433962264,61.9469026549,59.5557905543
5men,11.1111111111,100.0,35.7798165138,89.3805309735,57.8970949516
3o4l,33.3333333333,100.0,31.7757009346,28.4482758621,54.4817739106
5bs0,33.3333333333,86.5921787709,35.3982300885,34.5132743363,51.6270881056
