pdb_id,pep_identity,mhc_identity,tcrA_identity,tcrB_identity,total_identity
5euo,22.2222222222,100.0,92.6605504587,87.3873873874,70.7487303818
5eu6,44.4444444444,100.0,38.0530973451,32.7433628319,59.9475581776
4eup,33.3333333333,100.0,37.6146788991,54.0540540541,59.7225666033
