pdb_id,pep_identity,mhc_identity,tcrA_identity,tcrB_identity,total_identity
3o4l,33.3333333333,100.0,90.099009901,51.7543859649,68.0866770888
5eu6,44.4444444444,100.0,39.8230088496,32.1739130435,60.1476351303
4eup,33.3333333333,100.0,41.2844036697,27.4336283186,55.8974497758
