pdb_id,pep_identity,mhc_identity,tcrA_identity,tcrB_identity,total_identity
5eu6,44.4444444444,100.0,37.1681415929,57.8947368421,63.9919612207
4eup,33.3333333333,100.0,60.5504587156,30.701754386,59.653146628
3o4l,33.3333333333,100.0,35.1851851852,33.6206896552,55.9120902512
5bs0,33.3333333333,86.5921787709,38.0530973451,41.2280701754,53.1886986215
5euo,22.2222222222,100.0,36.6071428571,35.0877192982,52.6898844333
