pdb_id,pep_identity,mhc_identity,tcrA_identity,tcrB_identity,total_identity
4eup,33.3333333333,100.0,85.3211009174,36.036036036,64.6706339367
5eu6,44.4444444444,100.0,43.3628318584,46.017699115,63.0449033104
5bs0,33.3333333333,86.5921787709,38.9380530973,61.2612612613,56.6750564279
3o4l,33.3333333333,100.0,39.8148148148,27.1929824561,55.6124106563
2vlk,22.2222222222,100.0,34.8623853211,41.8181818182,53.520835264
2bnq,22.2222222222,100.0,41.592920354,32.4324324324,53.0782995385
