pdb_id,pep_identity,mhc_identity,tcrA_identity,tcrB_identity,total_identity
5eu6,44.4444444444,100.0,30.701754386,56.1403508772,62.6218323587
3o4l,33.3333333333,100.0,30.6306306306,26.724137931,54.0035725381
3qeq,22.2222222222,100.0,27.027027027,44.7368421053,52.7013855961
5bs0,33.3333333333,86.5921787709,33.3333333333,40.350877193,52.2558724558
2vlk,22.2222222222,100.0,31.5315315315,32.4561403509,51.4053527211
