pdb_id,pep_identity,mhc_identity,tcrA_identity,tcrB_identity,total_identity
4eup,33.3333333333,100.0,62.3853211009,57.6576576577,64.4516075709
2vlr,22.2222222222,100.0,33.0275229358,94.5454545455,62.0029036543
5eu6,44.4444444444,100.0,38.0530973451,38.9380530973,60.9800065552
3o4l,33.3333333333,100.0,39.4495412844,30.0884955752,56.0341172544
5bs0,33.3333333333,86.5921787709,37.1681415929,39.6396396396,52.7764675735
2f53,11.1111111111,100.0,36.2831858407,50.8928571429,51.5663775343
