pdb_id,pep_identity,mhc_identity,tcrA_identity,tcrB_identity,total_identity
4eup,33.3333333333,100.0,31.5789473684,56.6371681416,59.1471303628
5euo,22.2222222222,100.0,32.4561403509,50.4424778761,54.5571771119
3o4l,33.3333333333,100.0,28.9473684211,24.1379310345,53.2919943537
2p5w,11.1111111111,100.0,31.5789473684,64.0350877193,52.9727095517
5bs0,33.3333333333,86.5921787709,32.4561403509,32.4561403509,50.7938841517
2e7l,22.2222222222,68.7150837989,55.2631578947,53.982300885,48.5200118037
