pdb_id,pep_identity,mhc_identity,tcrA_identity,tcrB_identity,total_identity
4eup,33.3333333333,100.0,28.0701754386,86.9565217391,63.6155606407
5euo,22.2222222222,100.0,27.8260869565,58.7719298246,55.1737435376
2bnq,22.2222222222,100.0,34.7826086957,47.8260869565,54.5088566828
3o4l,33.3333333333,100.0,28.0701754386,27.1186440678,53.6425810288
5bs0,33.3333333333,86.5921787709,33.9130434783,34.7826086957,51.4244460637
