pdb_id,pep_identity,mhc_identity,tcrA_identity,tcrB_identity,total_identity
3o4l,33.3333333333,100.0,51.8181818182,55.3571428571,62.306998557
5eu6,44.4444444444,100.0,37.1681415929,35.0877192982,60.19079163
3qdj,22.2222222222,100.0,49.0909090909,35.3982300885,54.8222639373
2vlk,22.2222222222,100.0,38.1818181818,33.9285714286,52.7591390091
5bs0,33.3333333333,86.5921787709,38.0530973451,30.9734513274,51.4795954802
