pdb_id,pep_identity,mhc_identity,tcrA_identity,tcrB_identity,total_identity
5eu6,44.4444444444,100.0,35.3982300885,56.0344827586,63.3869336227
3o4l,33.3333333333,100.0,56.6037735849,27.9661016949,58.5394236577
3qdj,22.2222222222,100.0,41.4414414414,36.2068965517,53.6821304063
5bs0,33.3333333333,86.5921787709,32.7433628319,40.5172413793,52.1852714033
5euo,22.2222222222,100.0,33.6363636364,31.0344827586,51.5192151399
