pdb_id,pep_identity,mhc_identity,tcrA_identity,tcrB_identity,total_identity
5eu6,44.4444444444,100.0,32.7433628319,39.8230088496,60.2425434284
3qeq,22.2222222222,100.0,82.8828828829,29.4642857143,59.4652688403
5bs0,33.3333333333,86.5921787709,30.9734513274,63.3928571429,55.7028887798
5euo,22.2222222222,100.0,50.8928571429,36.036036036,55.2288896039
3o4l,33.3333333333,100.0,28.5714285714,29.8245614035,54.1771094403
5men,11.1111111111,100.0,41.8181818182,32.1428571429,49.3638768639
