pdb_id,pep_identity,mhc_identity,tcrA_identity,tcrB_identity,total_identity
4eup,33.3333333333,100.0,43.2432432432,55.3571428571,60.8778421278
2vlk,22.2222222222,100.0,30.6306306306,90.1785714286,60.8756077506
3o4l,33.3333333333,100.0,43.2432432432,30.4347826087,56.7241154198
5bs0,33.3333333333,86.5921787709,34.5132743363,36.2831858407,51.7745807309
2f54,11.1111111111,100.0,38.0530973451,50.0,51.7125532612
