pdb_id,pep_identity,mhc_identity,tcrA_identity,tcrB_identity,total_identity
5eu6,44.4444444444,100.0,42.4778761062,33.9130434783,60.8799680789
3qdj,22.2222222222,100.0,39.6396396396,63.1578947368,57.8736631368
2pye,11.1111111111,100.0,40.7079646018,74.5614035088,56.2485983888
5euo,22.2222222222,100.0,36.6071428571,51.7543859649,55.4676622111
4mnq,11.1111111111,100.0,36.6071428571,73.6842105263,55.4189292676
3o4l,33.3333333333,100.0,32.4324324324,32.4786324786,55.262955263
5bs0,33.3333333333,86.5921787709,40.7079646018,33.3333333333,52.3153870239
