pdb_id,pep_identity,mhc_identity,tcrA_identity,tcrB_identity,total_identity
5eu6,44.4444444444,100.0,43.3628318584,35.9649122807,61.369438838
3o4l,33.3333333333,100.0,33.9449541284,25.2173913043,54.3048353499
3qdj,22.2222222222,100.0,41.2844036697,33.6283185841,53.2261944497
2vlk,22.2222222222,100.0,39.4495412844,33.9285714286,52.9704261929
5bs0,33.3333333333,86.5921787709,39.8230088496,38.0530973451,52.9545217339
2p5e,11.1111111111,100.0,41.592920354,33.9285714286,49.6239523341
