pdb_id,pep_identity,mhc_identity,tcrA_identity,tcrB_identity,total_identity
5eu6,44.4444444444,100.0,38.9380530973,43.4782608696,61.884200476
3o4l,33.3333333333,100.0,53.2110091743,25.8620689655,57.6232908011
5bs0,33.3333333333,86.5921787709,37.1681415929,56.1403508772,55.5265861131
3qdj,22.2222222222,100.0,48.623853211,35.0877192982,54.6926694923
2vlk,22.2222222222,100.0,38.5321100917,36.2831858407,53.2099567295
2bnr,11.1111111111,100.0,37.1681415929,38.9380530973,49.7214028187
