pdb_id,pep_identity,mhc_identity,tcrA_identity,tcrB_identity,total_identity
5eu6,44.4444444444,100.0,32.7433628319,38.0530973451,59.9475581776
3qeq,22.2222222222,100.0,29.3577981651,61.6071428571,55.9015642445
2vlk,22.2222222222,100.0,30.2752293578,57.2727272727,55.3320668458
2f54,11.1111111111,100.0,32.7433628319,75.8928571429,55.1430736995
3o4l,33.3333333333,100.0,29.3577981651,29.8245614035,54.3081710392
5bs0,33.3333333333,86.5921787709,31.8584070796,36.3636363636,51.3455112753
