pdb_id,pep_identity,mhc_identity,tcrA_identity,tcrB_identity,total_identity
2vlk,22.2222222222,100.0,22.9357798165,90.0900900901,59.5783857252
5eu6,44.4444444444,100.0,23.6842105263,32.4561403509,57.5048732943
3qeq,22.2222222222,100.0,37.6146788991,53.0973451327,55.8594114127
3o4l,33.3333333333,100.0,22.0183486239,31.3043478261,53.3315605194
5bs0,33.3333333333,86.5921787709,23.6842105263,35.7142857143,49.8749200749
4mnq,11.1111111111,100.0,22.5225225225,48.6725663717,48.9028851861
