pdb_id,pep_identity,mhc_identity,tcrA_identity,tcrB_identity,total_identity
4eup,33.3333333333,100.0,61.4678899083,35.1351351351,60.5449486183
3o4l,33.3333333333,100.0,33.3333333333,29.203539823,54.8672566372
5bs0,33.3333333333,86.5921787709,37.1681415929,40.5405405405,52.9266177237
5euo,22.2222222222,100.0,33.0357142857,36.3636363636,52.3072991823
