pdb_id,pep_identity,mhc_identity,tcrA_identity,tcrB_identity,total_identity
5eu6,44.4444444444,100.0,35.0877192982,76.9911504425,66.8279597716
4eup,33.3333333333,100.0,34.8214285714,32.7433628319,55.7052430117
3o4l,33.3333333333,100.0,31.25,32.4561403509,55.0621345029
