pdb_id,pep_identity,mhc_identity,tcrA_identity,tcrB_identity,total_identity
5eu6,44.4444444444,100.0,46.017699115,59.2920353982,65.699770567
4eup,33.3333333333,100.0,66.3636363636,34.5132743363,61.2572628944
3o4l,33.3333333333,100.0,39.6396396396,28.9473684211,55.8756124546
5bs0,33.3333333333,86.5921787709,44.2477876106,45.045045045,54.8573094774
2bnq,22.2222222222,100.0,45.1327433628,34.5132743363,54.0150770239
2vlk,22.2222222222,100.0,37.8378378378,37.8378378378,53.3533533534
