pdb_id,pep_identity,mhc_identity,tcrA_identity,tcrB_identity,total_identity
5eu6,44.4444444444,100.0,40.7079646018,66.6666666667,66.0439200262
4eup,33.3333333333,100.0,37.2727272727,32.4561403509,56.0659223817
3o4l,33.3333333333,100.0,33.0275229358,29.3103448276,54.8340890717
5bs0,33.3333333333,86.5921787709,40.7079646018,45.6140350877,54.3621706497
2vlk,22.2222222222,100.0,39.4495412844,35.9649122807,53.3098163349
