pdb_id,pep_identity,mhc_identity,tcrA_identity,tcrB_identity,total_identity
2vlr,22.2222222222,100.0,35.9649122807,94.5454545455,62.4924685451
5eu6,44.4444444444,100.0,35.0877192982,38.9380530973,60.4857768807
3qdj,22.2222222222,100.0,37.7192982456,49.5495495495,55.2855487066
3o4l,33.3333333333,100.0,30.701754386,30.0884955752,54.5761527713
5bs0,33.3333333333,86.5921787709,34.2105263158,39.6396396396,52.283531694
2f54,11.1111111111,100.0,32.4561403509,50.4504504505,50.8548021706
4mnq,11.1111111111,100.0,29.8245614035,49.5495495495,50.2660555292
