pdb_id,pep_identity,mhc_identity,tcrA_identity,tcrB_identity,total_identity
5eu6,44.4444444444,100.0,25.4385964912,33.6283185841,57.992633994
3o4l,33.3333333333,100.0,22.9357798165,23.8938053097,52.2493752988
5euo,22.2222222222,100.0,27.027027027,31.8181818182,50.5482755483
5bs0,33.3333333333,86.5921787709,23.6842105263,36.036036036,49.9285451285
4mnq,11.1111111111,100.0,23.4234234234,32.7272727273,46.3954863955
