pdb_id,pep_identity,mhc_identity,tcrA_identity,tcrB_identity,total_identity
5eu6,44.4444444444,100.0,49.5575221239,51.3274336283,64.9623074402
3o4l,33.3333333333,100.0,36.3636363636,36.2831858407,56.5522481452
4eup,33.3333333333,100.0,42.3423423423,29.4642857143,56.4122157872
5bs0,33.3333333333,86.5921787709,46.017699115,40.1785714286,54.341215792
2bnq,22.2222222222,100.0,46.9026548673,32.1428571429,53.9149927424
5euo,22.2222222222,100.0,43.3628318584,32.4324324324,53.3732847892
