pdb_id,pep_identity,mhc_identity,tcrA_identity,tcrB_identity,total_identity
5eu6,44.4444444444,100.0,36.2068965517,33.6283185841,59.7873506708
3o4l,33.3333333333,100.0,28.4482758621,25.4385964912,53.4255898367
5bs0,33.3333333333,86.5921787709,35.3448275862,37.5,52.1159752991
2vlk,22.2222222222,100.0,28.4482758621,31.5315315315,50.7373753063
3qeq,22.2222222222,100.0,26.724137931,27.6785714286,49.8078589673
2p5e,11.1111111111,100.0,34.4827586207,32.4324324324,48.1895688792
