pdb_id,pep_identity,mhc_identity,tcrA_identity,tcrB_identity,total_identity
5eu6,44.4444444444,100.0,39.8230088496,51.7543859649,63.4110472839
3qdj,22.2222222222,100.0,63.6363636364,34.2105263158,57.0485557328
3o4l,33.3333333333,100.0,32.4324324324,26.9565217391,54.342603473
5bs0,33.3333333333,86.5921787709,37.1681415929,38.5964912281,52.6026095049
2vlr,22.2222222222,100.0,33.3333333333,36.2831858407,52.3434939364
