pdb_id,pep_identity,mhc_identity,tcrA_identity,tcrB_identity,total_identity
4eup,33.3333333333,100.0,87.1559633028,59.4594594595,68.8803482381
5eu6,44.4444444444,100.0,44.2477876106,36.2831858407,61.5699770567
3o4l,33.3333333333,100.0,41.2844036697,30.0884955752,56.3399276519
2bnq,22.2222222222,100.0,41.592920354,49.5495495495,55.9311523913
