pdb_id,pep_identity,mhc_identity,tcrA_identity,tcrB_identity,total_identity
4eup,33.3333333333,100.0,88.0733944954,51.7543859649,67.7490745212
5eu6,44.4444444444,100.0,42.4778761062,33.0434782609,60.7350405427
2bnq,22.2222222222,100.0,41.592920354,72.8070175439,59.807397057
3o4l,33.3333333333,100.0,48.1481481481,31.6239316239,57.7397910731
2vlr,22.2222222222,100.0,36.6972477064,51.7543859649,55.482679686
5men,11.1111111111,100.0,32.4324324324,75.4385964912,55.0155418576
