pdb_id,pep_identity,mhc_identity,tcrA_identity,tcrB_identity,total_identity
3qdj,22.2222222222,100.0,33.9285714286,89.2857142857,61.2764550265
5eu6,44.4444444444,100.0,33.3333333333,33.6283185841,59.3084234677
3o4l,33.3333333333,100.0,30.3571428571,28.6956521739,54.2865769496
5euo,22.2222222222,100.0,29.8245614035,47.3214285714,53.5984057366
2pye,11.1111111111,100.0,30.701754386,66.9642857143,53.3147103871
4mnq,11.1111111111,100.0,30.3571428571,60.7142857143,52.2156084656
5bs0,33.3333333333,86.5921787709,29.8245614035,27.6785714286,49.5590261734
2e7l,22.2222222222,68.7150837989,59.8214285714,53.5714285714,49.2112448642
