pdb_id,pep_identity,mhc_identity,tcrA_identity,tcrB_identity,total_identity
5eu6,44.4444444444,100.0,90.2654867257,52.2123893805,71.8944608325
2bnq,22.2222222222,100.0,89.3805309735,34.5132743363,61.3897082924
5bs0,33.3333333333,86.5921787709,83.185840708,43.3628318584,61.0666161292
