pdb_id,pep_identity,mhc_identity,tcrA_identity,tcrB_identity,total_identity
5eu6,44.4444444444,100.0,35.0877192982,67.2566371681,65.2055408925
2vlk,22.2222222222,100.0,51.3513513514,34.8214285714,55.1028707279
4eup,33.3333333333,100.0,28.8288288288,30.9734513274,54.4114911372
3o4l,33.3333333333,100.0,27.6785714286,31.5789473684,54.3206975773
5bs0,33.3333333333,86.5921787709,32.4561403509,46.4285714286,53.1226226647
