pdb_id,pep_identity,mhc_identity,tcrA_identity,tcrB_identity,total_identity
5eu6,44.4444444444,100.0,37.3913043478,38.9380530973,60.8697077223
3o4l,33.3333333333,100.0,29.5652173913,23.8938053097,53.3542815613
5bs0,33.3333333333,86.5921787709,36.5217391304,39.6396396396,52.6687338298
5euo,22.2222222222,100.0,29.5652173913,37.2727272727,51.8803981847
3qeq,22.2222222222,100.0,28.6956521739,37.5,51.7733494364
