pdb_id,pep_identity,mhc_identity,tcrA_identity,tcrB_identity,total_identity
4eup,33.3333333333,100.0,35.3982300885,55.652173913,59.619511778
5euo,22.2222222222,100.0,28.0701754386,51.3043478261,53.9698279515
3o4l,33.3333333333,100.0,30.0884955752,24.5762711864,53.5552389047
2p5w,11.1111111111,100.0,33.3333333333,53.4482758621,51.5006385696
5bs0,33.3333333333,86.5921787709,31.5789473684,33.6206896552,50.841776872
2e7l,22.2222222222,68.7150837989,61.9469026549,54.7826086957,49.7673538988
