pdb_id,pep_identity,mhc_identity,tcrA_identity,tcrB_identity,total_identity
5eu6,44.4444444444,100.0,43.3628318584,43.4782608696,62.6216636028
5bs0,33.3333333333,86.5921787709,40.7079646018,89.4736842105,61.6721121701
3o4l,33.3333333333,100.0,46.3636363636,25.641025641,56.4452214452
3qdj,22.2222222222,100.0,47.2727272727,29.8245614035,53.5902888534
2vlr,22.2222222222,100.0,36.3636363636,37.7192982456,53.0878965089
