pdb_id,pep_identity,mhc_identity,tcrA_identity,tcrB_identity,total_identity
5eu6,44.4444444444,100.0,30.701754386,39.8230088496,59.9022753541
3o4l,33.3333333333,100.0,30.3571428571,24.7787610619,53.6337617643
5euo,22.2222222222,100.0,30.701754386,38.1818181818,52.2213361687
5bs0,33.3333333333,86.5921787709,29.8245614035,41.4414414414,51.8528378423
3qeq,22.2222222222,100.0,27.6785714286,34.8214285714,51.1574074074
