pdb_id,pep_identity,mhc_identity,tcrA_identity,tcrB_identity,total_identity
5eu6,44.4444444444,100.0,38.9380530973,36.8421052632,60.7781745416
3qdj,22.2222222222,100.0,63.3027522936,33.6283185841,56.8959192203
3o4l,33.3333333333,100.0,32.7272727273,28.6956521739,54.6815985946
5bs0,33.3333333333,86.5921787709,38.0530973451,39.8230088496,52.9545217339
5euo,22.2222222222,100.0,33.9285714286,33.0357142857,51.9014550265
