pdb_id,pep_identity,mhc_identity,tcrA_identity,tcrB_identity,total_identity
4eup,33.3333333333,100.0,70.6422018349,86.4864864865,70.6325591647
5eu6,44.4444444444,100.0,46.017699115,28.3185840708,60.5375286791
2bnq,22.2222222222,100.0,44.2477876106,52.2522522523,56.8240807179
