pdb_id,pep_identity,mhc_identity,tcrA_identity,tcrB_identity,total_identity
4eup,33.3333333333,100.0,50.8928571429,58.9285714286,62.748015873
3o4l,33.3333333333,100.0,50.8928571429,25.2173913043,57.1294858523
2vlk,22.2222222222,100.0,36.6071428571,52.6785714286,55.6216931217
2bnr,11.1111111111,100.0,38.9380530973,54.4642857143,52.6040935056
5bs0,33.3333333333,86.5921787709,37.1681415929,36.2831858407,52.217058607
4mnq,11.1111111111,100.0,33.0357142857,54.8672566372,51.6875321909
