pdb_id,pep_identity,mhc_identity,tcrA_identity,tcrB_identity,total_identity
5eu6,44.4444444444,100.0,33.6283185841,45.6140350877,61.3552070934
5bs0,33.3333333333,86.5921787709,34.5132743363,55.7522123894,55.019418489
3o4l,33.3333333333,100.0,28.4403669725,26.724137931,53.638528595
3qdj,22.2222222222,100.0,39.4495412844,31.8584070796,52.6253988014
5euo,22.2222222222,100.0,23.8938053097,34.5132743363,50.4752540151
