pdb_id,pep_identity,mhc_identity,tcrA_identity,tcrB_identity,total_identity
4eup,33.3333333333,100.0,52.7272727273,55.3571428571,62.4585137085
5hho,22.2222222222,100.0,38.1818181818,91.0714285714,62.2829485329
3o4l,33.3333333333,100.0,51.8181818182,34.7826086957,58.8779095301
5bs0,33.3333333333,86.5921787709,37.1681415929,37.1681415929,52.3645512324
2bnr,11.1111111111,100.0,37.1681415929,48.2142857143,51.2674415882
4mnq,11.1111111111,100.0,33.0357142857,49.5575221239,50.8025764386
