pdb_id,pep_identity,mhc_identity,tcrA_identity,tcrB_identity,total_identity
5eu6,44.4444444444,100.0,48.6725663717,31.3043478261,61.4776338478
2vlk,22.2222222222,100.0,44.0366972477,54.8672566372,57.2247330549
3qdj,22.2222222222,100.0,38.1818181818,53.5087719298,56.0225057593
3o4l,33.3333333333,100.0,38.1818181818,25.8620689655,55.1184256357
2p5w,11.1111111111,100.0,48.6725663717,57.0175438596,54.6520554089
5bs0,33.3333333333,86.5921787709,46.017699115,35.0877192982,53.492740437
4mnq,11.1111111111,100.0,38.3928571429,57.0175438596,52.9387705375
