pdb_id,pep_identity,mhc_identity,tcrA_identity,tcrB_identity,total_identity
5eu6,44.4444444444,100.0,24.5614035088,61.9469026549,62.5661991754
3o4l,33.3333333333,100.0,20.1834862385,25.4385964912,52.0481248994
3qeq,22.2222222222,100.0,25.6880733945,40.7079646018,51.8067470735
5bs0,33.3333333333,86.5921787709,21.9298245614,44.2477876106,51.0047727301
5euo,22.2222222222,100.0,25.2252252252,34.8214285714,50.7485163735
