pdb_id,pep_identity,mhc_identity,tcrA_identity,tcrB_identity,total_identity
5eu6,44.4444444444,100.0,33.0434782609,35.3982300885,59.5550995397
3o4l,33.3333333333,100.0,31.3043478261,30.0884955752,54.6765850113
3qeq,22.2222222222,100.0,25.2173913043,52.6785714286,53.7234011962
5bs0,33.3333333333,86.5921787709,31.3043478261,40.0,51.8592286724
5men,11.1111111111,100.0,29.5652173913,50.4504504505,50.3729816773
2e7l,22.2222222222,68.7150837989,55.652173913,50.0,47.9211309925
