pdb_id,pep_identity,mhc_identity,tcrA_identity,tcrB_identity,total_identity
5eu6,44.4444444444,100.0,37.1681415929,46.4912280702,62.0913764253
3o4l,33.3333333333,100.0,51.8181818182,25.0,57.2474747475
3qdj,22.2222222222,100.0,49.0909090909,31.5789473684,54.1857168173
5euo,22.2222222222,100.0,38.3928571429,36.8421052632,53.2799011417
5bs0,33.3333333333,86.5921787709,38.0530973451,40.350877193,53.0424997911
2bnr,11.1111111111,100.0,38.9380530973,38.5964912281,49.9594610913
