pdb_id,pep_identity,mhc_identity,tcrA_identity,tcrB_identity,total_identity
3o4l,33.3333333333,100.0,85.7142857143,31.8584070796,64.0398932434
2vlk,22.2222222222,100.0,42.7272727273,93.6363636364,63.468013468
4eup,33.3333333333,100.0,42.3423423423,57.6576576577,61.1111111111
5eu6,44.4444444444,100.0,42.4778761062,32.7433628319,60.6850213045
5bs0,33.3333333333,86.5921787709,41.592920354,37.8378378378,53.2136304001
2bnr,11.1111111111,100.0,38.9380530973,50.4504504505,51.9351209617
4mnq,11.1111111111,100.0,32.1428571429,55.8558558559,51.7034892035
