pdb_id,pep_identity,mhc_identity,tcrA_identity,tcrB_identity,total_identity
5eu6,44.4444444444,100.0,49.5575221239,36.2831858407,62.4549328089
3o4l,33.3333333333,100.0,35.7142857143,23.6842105263,54.3441938179
5bs0,33.3333333333,86.5921787709,46.017699115,36.6071428571,53.7459776968
5euo,22.2222222222,100.0,41.9642857143,33.3333333333,53.2903439153
3qeq,22.2222222222,100.0,36.036036036,36.6071428571,52.8479372229
2f54,11.1111111111,100.0,47.7876106195,32.4324324324,50.4070442124
