pdb_id,pep_identity,mhc_identity,tcrA_identity,tcrB_identity,total_identity
5eu6,44.4444444444,100.0,48.6725663717,42.9824561404,63.4239852335
5bs0,33.3333333333,86.5921787709,44.2477876106,64.6017699115,58.1167636218
3o4l,33.3333333333,100.0,37.1681415929,26.0869565217,54.9869607969
2vlk,22.2222222222,100.0,41.9642857143,37.5,53.9847883598
3qdj,22.2222222222,100.0,35.3982300885,33.6283185841,52.2451655195
