pdb_id,pep_identity,mhc_identity,tcrA_identity,tcrB_identity,total_identity
5hho,22.2222222222,100.0,42.2018348624,91.8181818182,63.0774101875
5eu6,44.4444444444,100.0,47.7876106195,33.6283185841,61.7174696821
3qeq,22.2222222222,100.0,36.1111111111,54.4642857143,55.8366402116
3o4l,33.3333333333,100.0,36.6972477064,29.8245614035,55.5314126294
5bs0,33.3333333333,86.5921787709,45.1327433628,36.9369369369,53.6534507514
2p5w,11.1111111111,100.0,46.9026548673,51.7857142857,53.4850985625
5men,11.1111111111,100.0,39.2857142857,49.1071428571,51.7691798942
