pdb_id,pep_identity,mhc_identity,tcrA_identity,tcrB_identity,total_identity
5eu6,44.4444444444,100.0,32.4561403509,69.0265486726,65.0619296521
4eup,33.3333333333,100.0,30.9734513274,33.6283185841,55.2114060964
3o4l,33.3333333333,100.0,30.9734513274,29.5652173913,54.5342225642
5bs0,33.3333333333,86.5921787709,30.701754386,47.7876106195,53.0567315357
