pdb_id,pep_identity,mhc_identity,tcrA_identity,tcrB_identity,total_identity
5eu6,44.4444444444,100.0,24.5614035088,41.7391304348,59.1982371387
5bs0,33.3333333333,86.5921787709,22.8070175439,65.7894736842,54.7412525728
3o4l,33.3333333333,100.0,22.7272727273,29.0598290598,53.0756280756
3qeq,22.2222222222,100.0,30.9090909091,31.5789473684,51.155413787
2vlk,22.2222222222,100.0,25.4545454545,36.8421052632,51.1235158604
