pdb_id,pep_identity,mhc_identity,tcrA_identity,tcrB_identity,total_identity
5eu6,44.4444444444,100.0,37.1681415929,43.8596491228,61.6527799341
2vlk,22.2222222222,100.0,88.679245283,36.6071428571,61.6218054308
5bs0,33.3333333333,86.5921787709,34.5132743363,58.407079646,55.4618963651
3o4l,33.3333333333,100.0,33.0188679245,32.1739130435,55.3099079391
3qeq,22.2222222222,100.0,50.4761904762,33.6283185841,54.7581589175
