pdb_id,pep_identity,mhc_identity,tcrA_identity,tcrB_identity,total_identity
5eu6,44.4444444444,100.0,42.9824561404,56.5217391304,64.7321806933
4eup,33.3333333333,100.0,35.0877192982,31.3043478261,55.5097889652
3o4l,33.3333333333,100.0,35.0877192982,29.0598290598,55.1357025041
2vlk,22.2222222222,100.0,48.2456140351,33.0434782609,54.2889227901
5bs0,33.3333333333,86.5921787709,41.2280701754,41.7391304348,53.8030374698
2bnq,22.2222222222,100.0,40.350877193,34.7826086957,53.2629883888
