pdb_id,pep_identity,mhc_identity,tcrA_identity,tcrB_identity,total_identity
5eu6,44.4444444444,100.0,35.0877192982,61.0619469027,64.173092515
4eup,33.3333333333,100.0,34.8214285714,28.5714285714,55.0099206349
3o4l,33.3333333333,100.0,31.5315315315,26.3157894737,54.085664612
5bs0,33.3333333333,86.5921787709,31.5789473684,43.3628318584,52.4654672392
2vlk,22.2222222222,100.0,29.7297297297,34.8214285714,51.4992671243
