pdb_id,pep_identity,mhc_identity,tcrA_identity,tcrB_identity,total_identity
5eu6,44.4444444444,100.0,38.5964912281,69.9115044248,66.2328140903
4eup,33.3333333333,100.0,31.5789473684,34.5132743363,55.4598147286
2vlk,22.2222222222,100.0,38.9380530973,41.4414414414,54.1373231639
3o4l,33.3333333333,100.0,26.3157894737,29.8245614035,53.8011695906
5bs0,33.3333333333,86.5921787709,32.4561403509,49.5495495495,53.6427856848
