pdb_id,pep_identity,mhc_identity,tcrA_identity,tcrB_identity,total_identity
5eu6,44.4444444444,100.0,32.7433628319,34.5132743363,59.3575876762
3qeq,22.2222222222,100.0,29.3577981651,60.7142857143,55.7527547206
5men,11.1111111111,100.0,29.7297297297,81.981981982,55.6556556557
2vlk,22.2222222222,100.0,30.2752293578,53.1531531532,54.6454711592
3o4l,33.3333333333,100.0,29.3577981651,30.701754386,54.4543698696
5bs0,33.3333333333,86.5921787709,31.8584070796,34.2342342342,50.9906109204
