pdb_id,pep_identity,mhc_identity,tcrA_identity,tcrB_identity,total_identity
5eu6,44.4444444444,100.0,34.2105263158,41.592920354,60.7820559264
5bs0,33.3333333333,86.5921787709,33.3333333333,91.0714285714,60.7092976856
3o4l,33.3333333333,100.0,29.8245614035,27.8260869565,54.0528858378
3qdj,22.2222222222,100.0,34.2105263158,36.6071428571,52.5436856029
2vlr,22.2222222222,100.0,28.0701754386,38.3928571429,51.8179128376
