pdb_id,pep_identity,mhc_identity,tcrA_identity,tcrB_identity,total_identity
5eu6,44.4444444444,100.0,38.0530973451,62.0689655172,64.8351586252
3o4l,33.3333333333,100.0,52.6785714286,32.2033898305,58.5914379876
4eup,33.3333333333,100.0,46.4285714286,30.1724137931,57.2112753147
5bs0,33.3333333333,86.5921787709,36.2831858407,45.6896551724,53.6373108703
5euo,22.2222222222,100.0,41.0714285714,35.3448275862,53.4767834337
