pdb_id,pep_identity,mhc_identity,tcrA_identity,tcrB_identity,total_identity
5eu6,44.4444444444,100.0,38.9380530973,57.8947368421,64.2869464714
5euo,22.2222222222,100.0,94.495412844,35.0877192982,62.3379294311
4eup,33.3333333333,100.0,39.0909090909,30.701754386,56.0765550239
3o4l,33.3333333333,100.0,33.9449541284,33.6206896552,55.705385075
5bs0,33.3333333333,86.5921787709,40.7079646018,41.2280701754,53.6311764976
