pdb_id,pep_identity,mhc_identity,tcrA_identity,tcrB_identity,total_identity
4eup,33.3333333333,100.0,30.3571428571,58.407079646,59.2384815283
5euo,22.2222222222,100.0,28.9473684211,53.0973451327,54.4148596664
3o4l,33.3333333333,100.0,32.7272727273,25.8620689655,54.2093347266
2p5w,11.1111111111,100.0,33.3333333333,57.0175438596,52.0955165692
5bs0,33.3333333333,86.5921787709,33.3333333333,35.0877192982,51.3786794734
2e7l,22.2222222222,68.7150837989,68.4684684685,53.0973451327,50.5734042739
