pdb_id,pep_identity,mhc_identity,tcrA_identity,tcrB_identity,total_identity
5eu6,44.4444444444,100.0,37.0689655172,52.6315789474,63.0982388922
3o4l,33.3333333333,100.0,30.1724137931,33.0434782609,54.9804264534
3qdj,22.2222222222,100.0,36.2068965517,36.8421052632,52.9155743766
5bs0,33.3333333333,86.5921787709,34.4827586207,40.350877193,52.447443337
5euo,22.2222222222,100.0,31.0344827586,31.8584070796,51.2228890471
