pdb_id,pep_identity,mhc_identity,tcrA_identity,tcrB_identity,total_identity
5eu6,44.4444444444,100.0,23.6842105263,41.592920354,59.0276699615
5bs0,33.3333333333,86.5921787709,21.0526315789,66.6666666667,54.5950537424
3o4l,33.3333333333,100.0,22.0183486239,28.9473684211,52.9387306186
5euo,22.2222222222,100.0,27.027027027,39.6396396396,51.8518518519
3qeq,22.2222222222,100.0,26.6055045872,32.1428571429,50.5321343624
