pdb_id,pep_identity,mhc_identity,tcrA_identity,tcrB_identity,total_identity
5eu6,44.4444444444,100.0,38.9380530973,75.8620689655,67.2815018253
4eup,33.3333333333,100.0,60.5504587156,29.3103448276,59.421245035
3o4l,33.3333333333,100.0,30.9090909091,29.6610169492,54.5394624208
