pdb_id,pep_identity,mhc_identity,tcrA_identity,tcrB_identity,total_identity
5eu6,44.4444444444,100.0,38.9380530973,59.2920353982,64.5198295641
4eup,33.3333333333,100.0,32.1100917431,33.6283185841,55.4008461656
3o4l,33.3333333333,100.0,32.7272727273,29.5652173913,54.8265261309
5bs0,33.3333333333,86.5921787709,38.9380530973,44.2477876106,53.8394774861
2vlk,22.2222222222,100.0,42.2018348624,34.5132743363,53.5265922739
