pdb_id,pep_identity,mhc_identity,tcrA_identity,tcrB_identity,total_identity
2vlk,22.2222222222,100.0,37.7192982456,92.7272727273,62.4818359029
5eu6,44.4444444444,100.0,34.2105263158,36.2831858407,59.8971001742
3o4l,33.3333333333,100.0,31.5789473684,30.9734513274,54.8698442271
3qdj,22.2222222222,100.0,35.0877192982,49.5495495495,54.8469522154
5bs0,33.3333333333,86.5921787709,34.2105263158,37.8378378378,51.9832313937
2p5w,11.1111111111,100.0,30.701754386,50.8928571429,50.6361389585
