pdb_id,pep_identity,mhc_identity,tcrA_identity,tcrB_identity,total_identity
5hho,22.2222222222,100.0,46.7889908257,91.8181818182,63.8419361814
4eup,33.3333333333,100.0,48.1818181818,55.8558558559,61.7840567841
5eu6,44.4444444444,100.0,38.9380530973,32.7433628319,60.095050803
3o4l,33.3333333333,100.0,54.128440367,35.3982300885,59.365556187
5bs0,33.3333333333,86.5921787709,38.0530973451,37.8378378378,52.6236598986
2bnr,11.1111111111,100.0,36.2831858407,48.6486486486,51.1923427853
4mnq,11.1111111111,100.0,33.9285714286,50.9090909091,51.1766474266
