pdb_id,pep_identity,mhc_identity,tcrA_identity,tcrB_identity,total_identity
3o4l,33.3333333333,100.0,82.8571428571,23.4782608696,62.1670117322
5eu6,44.4444444444,100.0,39.8230088496,34.2105263158,60.4870706757
3qdj,22.2222222222,100.0,38.7387387387,31.8584070796,52.5069317105
5bs0,33.3333333333,86.5921787709,35.3982300885,38.0530973451,52.217058607
5euo,22.2222222222,100.0,35.4545454545,32.1428571429,52.006974507
