pdb_id,pep_identity,mhc_identity,tcrA_identity,tcrB_identity,total_identity
5eu6,44.4444444444,100.0,90.2654867257,43.1034482759,70.3763039817
5bs0,33.3333333333,86.5921787709,82.3008849558,89.5652173913,68.6195210926
2bnq,22.2222222222,100.0,85.8407079646,32.1739130435,60.4098442421
4eup,33.3333333333,100.0,39.2857142857,35.652173913,56.9340924776
