pdb_id,pep_identity,mhc_identity,tcrA_identity,tcrB_identity,total_identity
5eu6,44.4444444444,100.0,35.3448275862,46.0869565217,61.7201121661
5bs0,33.3333333333,86.5921787709,33.6206896552,58.7719298246,55.3739406147
3o4l,33.3333333333,100.0,27.5862068966,26.724137931,53.4961685824
5euo,22.2222222222,100.0,27.5862068966,38.0530973451,51.680624781
3qdj,22.2222222222,100.0,29.3103448276,35.9649122807,51.6199502588
