pdb_id,pep_identity,mhc_identity,tcrA_identity,tcrB_identity,total_identity
5eu6,44.4444444444,100.0,39.8230088496,35.3982300885,60.6850213045
3qeq,22.2222222222,100.0,50.0,52.6785714286,57.8538359788
3o4l,33.3333333333,100.0,33.9449541284,30.0884955752,55.1166860617
5bs0,33.3333333333,86.5921787709,39.8230088496,40.0,53.2790055097
2p5w,11.1111111111,100.0,35.3982300885,50.0,51.2700753851
