pdb_id,pep_identity,mhc_identity,tcrA_identity,tcrB_identity,total_identity
4eup,33.3333333333,100.0,46.3636363636,55.3571428571,61.3979076479
3o4l,33.3333333333,100.0,51.8181818182,28.6956521739,57.8634167765
2bnr,11.1111111111,100.0,38.9380530973,75.8928571429,56.1755220771
5euo,22.2222222222,100.0,38.3928571429,54.0540540541,56.1485592736
4mnq,11.1111111111,100.0,33.9285714286,73.2142857143,54.8941798942
5bs0,33.3333333333,86.5921787709,38.0530973451,35.1351351351,52.1732094481
