pdb_id,pep_identity,mhc_identity,tcrA_identity,tcrB_identity,total_identity
5eu6,44.4444444444,100.0,40.7079646018,59.2920353982,64.8148148148
4eup,33.3333333333,100.0,34.8623853211,31.8584070796,55.5645765112
3o4l,33.3333333333,100.0,32.7272727273,27.8260869565,54.5366710584
2bnq,22.2222222222,100.0,38.9380530973,41.592920354,54.1625696493
5euo,22.2222222222,100.0,45.045045045,31.8584070796,53.5579827615
5bs0,33.3333333333,86.5921787709,38.9380530973,42.4778761062,53.5444922354
