pdb_id,pep_identity,mhc_identity,tcrA_identity,tcrB_identity,total_identity
5eu6,44.4444444444,100.0,41.592920354,57.8947368421,64.7294243475
3o4l,33.3333333333,100.0,34.2342342342,33.6206896552,55.753598426
4eup,33.3333333333,100.0,36.036036036,30.701754386,55.5674095148
5euo,22.2222222222,100.0,44.2477876106,35.0877192982,53.9633252256
5bs0,33.3333333333,86.5921787709,38.9380530973,41.2280701754,53.3361912469
2bnq,22.2222222222,100.0,39.8230088496,29.8245614035,52.3486691163
