pdb_id,pep_identity,mhc_identity,tcrA_identity,tcrB_identity,total_identity
5eu6,44.4444444444,100.0,42.4778761062,61.9469026549,65.5522779417
4eup,33.3333333333,100.0,35.1351351351,31.8584070796,55.6100348136
3o4l,33.3333333333,100.0,33.3333333333,29.5652173913,54.9275362319
2bnq,22.2222222222,100.0,46.9026548673,33.6283185841,54.1625696493
5bs0,33.3333333333,86.5921787709,39.8230088496,44.2477876106,53.9869701115
5euo,22.2222222222,100.0,42.4778761062,33.6283185841,53.4251065225
