pdb_id,pep_identity,mhc_identity,tcrA_identity,tcrB_identity,total_identity
5eu6,44.4444444444,100.0,29.203539823,42.6086956522,60.1168540607
5bs0,33.3333333333,86.5921787709,32.7433628319,66.6666666667,56.5435089512
3o4l,33.3333333333,100.0,31.4814814815,26.4957264957,54.1073124406
2vlk,22.2222222222,100.0,25.4545454545,35.9649122807,50.9773170299
3qeq,22.2222222222,100.0,28.4403669725,30.701754386,50.5977609671
4mnq,11.1111111111,100.0,29.7297297297,36.8421052632,48.1323428692
