pdb_id,pep_identity,mhc_identity,tcrA_identity,tcrB_identity,total_identity
5eu6,44.4444444444,100.0,40.7079646018,35.9649122807,60.9269609619
3o4l,33.3333333333,100.0,33.0357142857,54.8672566372,59.0949395983
3qeq,22.2222222222,100.0,45.5357142857,31.5789473684,53.5931843498
2vlk,22.2222222222,100.0,41.0714285714,33.6283185841,53.1906986
5bs0,33.3333333333,86.5921787709,39.8230088496,30.701754386,51.7292979073
2p5w,11.1111111111,100.0,41.592920354,33.3333333333,49.5247459849
