pdb_id,pep_identity,mhc_identity,tcrA_identity,tcrB_identity,total_identity
5eu6,44.4444444444,100.0,42.4778761062,46.5517241379,62.9864148555
5bs0,33.3333333333,86.5921787709,39.8230088496,58.2608695652,56.3224837706
3o4l,33.3333333333,100.0,33.0357142857,26.4957264957,54.3663512414
2vlk,22.2222222222,100.0,41.0714285714,37.7192982456,53.8725285436
3qeq,22.2222222222,100.0,39.2857142857,34.7826086957,53.0854612376
2f54,11.1111111111,100.0,48.6725663717,34.2105263158,50.8508858183
