pdb_id,pep_identity,mhc_identity,tcrA_identity,tcrB_identity,total_identity
5eu6,44.4444444444,100.0,45.1327433628,38.2608695652,62.0470836362
3qdj,22.2222222222,100.0,66.3636363636,34.2105263158,57.5031011873
3o4l,33.3333333333,100.0,38.7387387387,23.6842105263,54.848269322
5bs0,33.3333333333,86.5921787709,44.2477876106,32.4561403509,52.759158695
2vlk,22.2222222222,100.0,36.9369369369,34.5132743363,52.6491092863
2pye,11.1111111111,100.0,45.1327433628,34.2105263158,50.2609153168
