pdb_id,pep_identity,mhc_identity,tcrA_identity,tcrB_identity,total_identity
5eu6,44.4444444444,100.0,33.6283185841,43.3628318584,60.9800065552
5bs0,33.3333333333,86.5921787709,31.8584070796,66.6666666667,56.3960163258
5euo,22.2222222222,100.0,40.1785714286,38.1818181818,53.8008056758
3o4l,33.3333333333,100.0,28.1818181818,26.5486725664,53.5661929025
3qeq,22.2222222222,100.0,39.4495412844,33.0357142857,52.8216166691
