pdb_id,pep_identity,mhc_identity,tcrA_identity,tcrB_identity,total_identity
4eup,33.3333333333,100.0,47.2727272727,54.4642857143,61.4006132756
3o4l,33.3333333333,100.0,51.8181818182,27.8260869565,57.7184892402
2f53,11.1111111111,100.0,38.0530973451,76.7857142857,56.1768389755
5euo,22.2222222222,100.0,38.3928571429,53.5714285714,56.0681216931
4mnq,11.1111111111,100.0,33.9285714286,75.0,55.1917989418
5bs0,33.3333333333,86.5921787709,38.0530973451,38.3928571429,52.7161631161
