pdb_id,pep_identity,mhc_identity,tcrA_identity,tcrB_identity,total_identity
5eu6,44.4444444444,100.0,23.6842105263,36.8421052632,58.2358674464
3o4l,33.3333333333,100.0,23.1481481481,25.2173913043,52.5053676865
2vlk,22.2222222222,100.0,25.0,36.9369369369,51.0635635636
5bs0,33.3333333333,86.5921787709,22.8070175439,41.9642857143,50.7703879111
