pdb_id,pep_identity,mhc_identity,tcrA_identity,tcrB_identity,total_identity
2vlr,22.2222222222,100.0,44.6428571429,94.5454545455,63.9387926888
5eu6,44.4444444444,100.0,36.2831858407,38.9380530973,60.6850213045
4eup,33.3333333333,100.0,31.8584070796,57.6576576577,59.3637885673
3o4l,33.3333333333,100.0,27.4336283186,30.0884955752,54.0314650934
5bs0,33.3333333333,86.5921787709,35.3982300885,39.6396396396,52.4814823228
