pdb_id,pep_identity,mhc_identity,tcrA_identity,tcrB_identity,total_identity
5eu6,44.4444444444,100.0,22.8070175439,36.8421052632,58.089668616
3o4l,33.3333333333,100.0,21.8181818182,26.9565217391,52.573561704
5euo,22.2222222222,100.0,24.3243243243,37.8378378378,51.1011011011
5bs0,33.3333333333,86.5921787709,23.6842105263,38.3928571429,50.3213486463
4mnq,11.1111111111,100.0,23.6363636364,33.6283185841,46.5811507404
