pdb_id,pep_identity,mhc_identity,tcrA_identity,tcrB_identity,total_identity
5eu6,44.4444444444,100.0,44.2477876106,35.3448275862,61.4135840143
3o4l,33.3333333333,100.0,34.8623853211,52.1739130435,58.9504941719
2vlk,22.2222222222,100.0,44.5454545455,31.3043478261,53.3823744693
3qdj,22.2222222222,100.0,36.3636363636,32.7586206897,52.2611169163
5bs0,33.3333333333,86.5921787709,41.592920354,30.1724137931,51.9360597259
