pdb_id,pep_identity,mhc_identity,tcrA_identity,tcrB_identity,total_identity
5eu6,44.4444444444,100.0,37.1681415929,64.0350877193,65.0153530335
2vlk,22.2222222222,100.0,89.8148148148,42.8571428571,62.8527336861
4eup,33.3333333333,100.0,35.4545454545,33.6283185841,55.9582551175
5bs0,33.3333333333,86.5921787709,38.9380530973,47.7876106195,54.4294479876
3o4l,33.3333333333,100.0,32.1100917431,26.9565217391,54.2888800248
