pdb_id,pep_identity,mhc_identity,tcrA_identity,tcrB_identity,total_identity
5eu6,44.4444444444,100.0,38.0530973451,63.7168141593,65.1098000656
2vlr,22.2222222222,100.0,92.5925925926,42.7272727273,63.2940516274
4eup,33.3333333333,100.0,36.3636363636,33.0357142857,56.011002886
3o4l,33.3333333333,100.0,33.9449541284,27.4336283186,54.6742081856
5bs0,33.3333333333,86.5921787709,36.2831858407,49.5495495495,54.2806265998
