pdb_id,pep_identity,mhc_identity,tcrA_identity,tcrB_identity,total_identity
5eu6,44.4444444444,100.0,31.8584070796,37.7192982456,59.744432369
3qeq,22.2222222222,100.0,28.0373831776,60.1769911504,55.4431364621
5men,11.1111111111,100.0,29.0909090909,79.6460176991,55.1598581687
3o4l,33.3333333333,100.0,33.0188679245,27.5862068966,54.545290248
2vlk,22.2222222222,100.0,26.8518518519,51.3274336283,53.7706216541
5bs0,33.3333333333,86.5921787709,32.7433628319,34.5132743363,51.1846102295
