pdb_id,pep_identity,mhc_identity,tcrA_identity,tcrB_identity,total_identity
2vlk,22.2222222222,100.0,60.9090909091,92.7272727273,66.3468013468
5eu6,44.4444444444,100.0,35.0877192982,32.7433628319,59.4533285032
4eup,33.3333333333,100.0,31.5315315315,54.0540540541,58.7087087087
3o4l,33.3333333333,100.0,30.6306306306,28.3185840708,54.2693135613
2bnq,22.2222222222,100.0,32.4561403509,47.7477477477,54.1080554238
