pdb_id,pep_identity,mhc_identity,tcrA_identity,tcrB_identity,total_identity
4eup,33.3333333333,100.0,85.3211009174,55.7522123894,67.9566633289
5eu6,44.4444444444,100.0,42.4778761062,36.8421052632,61.368145043
2bnq,22.2222222222,100.0,40.7079646018,75.2212389381,60.062274664
2vlk,22.2222222222,100.0,35.7798165138,55.3571428571,55.9302339692
3o4l,33.3333333333,100.0,38.8888888889,27.5862068966,55.5236270754
5men,11.1111111111,100.0,34.2342342342,76.1061946903,55.4271085245
