pdb_id,pep_identity,mhc_identity,tcrA_identity,tcrB_identity,total_identity
4eup,33.3333333333,100.0,64.2201834862,90.990990991,70.312973524
5eu6,44.4444444444,100.0,37.1681415929,30.0884955752,59.3575876762
