pdb_id,pep_identity,mhc_identity,tcrA_identity,tcrB_identity,total_identity
5eu6,44.4444444444,100.0,37.1681415929,64.0350877193,65.0153530335
3o4l,33.3333333333,100.0,51.8181818182,28.6956521739,57.8634167765
4eup,33.3333333333,100.0,46.3636363636,31.8584070796,57.481451685
5bs0,33.3333333333,86.5921787709,38.0530973451,46.4912280702,54.065891604
2vlk,22.2222222222,100.0,38.1818181818,38.9380530973,53.5940526206
2bnq,22.2222222222,100.0,38.9380530973,30.0884955752,52.2451655195
