pdb_id,pep_identity,mhc_identity,tcrA_identity,tcrB_identity,total_identity
4eup,33.3333333333,100.0,85.3211009174,57.1428571429,68.1884374545
5eu6,44.4444444444,100.0,44.2477876106,28.0701754386,60.2011419897
2bnq,22.2222222222,100.0,43.3628318584,55.3571428571,57.19406986
3o4l,33.3333333333,100.0,42.5925925926,26.0869565217,55.8910359635
2vlr,22.2222222222,100.0,36.6972477064,51.7857142857,55.4879010728
