pdb_id,pep_identity,mhc_identity,tcrA_identity,tcrB_identity,total_identity
5eu6,44.4444444444,100.0,48.6725663717,38.7931034483,62.7257597848
3o4l,33.3333333333,100.0,34.8214285714,23.9316239316,54.2366198616
5bs0,33.3333333333,86.5921787709,45.1327433628,38.2608695652,53.8741061894
5euo,22.2222222222,100.0,42.8571428571,34.2105263158,53.5853522696
3qdj,22.2222222222,100.0,34.8214285714,30.4347826087,51.6167759374
2f54,11.1111111111,100.0,50.4424778761,31.5789473684,50.7072745778
