pdb_id,pep_identity,mhc_identity,tcrA_identity,tcrB_identity,total_identity
5euo,22.2222222222,100.0,93.5779816514,91.8181818182,71.640101319
5eu6,44.4444444444,100.0,38.9380530973,33.6283185841,60.2425434284
4eup,33.3333333333,100.0,38.1818181818,54.954954955,59.9672399672
