pdb_id,pep_identity,mhc_identity,tcrA_identity,tcrB_identity,total_identity
5eu6,44.4444444444,100.0,38.0530973451,59.2920353982,64.3723369387
4eup,33.3333333333,100.0,61.4678899083,31.8584070796,59.9988272758
3o4l,33.3333333333,100.0,34.2592592593,27.8260869565,54.7920021471
5bs0,33.3333333333,86.5921787709,38.9380530973,42.4778761062,53.5444922354
5euo,22.2222222222,100.0,36.6071428571,31.8584070796,52.1516657302
