pdb_id,pep_identity,mhc_identity,tcrA_identity,tcrB_identity,total_identity
5eu6,44.4444444444,100.0,36.5217391304,68.1415929204,65.5920368233
4eup,33.3333333333,100.0,28.3185840708,30.9734513274,54.3264503441
3o4l,33.3333333333,100.0,29.4642857143,27.8260869565,53.9928398896
5bs0,33.3333333333,86.5921787709,34.7826086957,45.1327433628,53.2943960445
2bnq,22.2222222222,100.0,36.5217391304,37.1681415929,53.022387528
