pdb_id,pep_identity,mhc_identity,tcrA_identity,tcrB_identity,total_identity
5eu6,44.4444444444,100.0,33.3333333333,43.3628318584,60.9308423468
3o4l,33.3333333333,100.0,34.2342342342,31.3043478261,55.3675414545
5bs0,33.3333333333,86.5921787709,32.4561403509,54.4642857143,54.461908379
3qdj,22.2222222222,100.0,32.4324324324,32.1428571429,51.5032890033
5euo,22.2222222222,100.0,29.8245614035,32.1428571429,51.0686438318
