pdb_id,pep_identity,mhc_identity,tcrA_identity,tcrB_identity,total_identity
4eup,33.3333333333,100.0,33.6283185841,58.5585585586,59.8089239682
3o4l,33.3333333333,100.0,30.9734513274,30.0884955752,54.6214355949
5bs0,33.3333333333,86.5921787709,34.2105263158,40.0,52.3435917541
2p5w,11.1111111111,100.0,33.3333333333,50.0,50.9259259259
2e7l,22.2222222222,68.7150837989,56.6371681416,50.9090909091,48.2368118488
