pdb_id,pep_identity,mhc_identity,tcrA_identity,tcrB_identity,total_identity
2bnq,22.2222222222,100.0,49.5575221239,89.2857142857,63.8812801423
4eup,33.3333333333,100.0,36.036036036,51.7857142857,59.0814028314
5men,11.1111111111,100.0,34.5132743363,91.8181818182,58.0922797294
2vlk,22.2222222222,100.0,42.7272727273,51.3513513514,56.4205114205
3o4l,33.3333333333,100.0,33.6363636364,28.0701754386,54.7288676236
5bs0,33.3333333333,86.5921787709,41.592920354,35.1351351351,52.7631799496
