pdb_id,pep_identity,mhc_identity,tcrA_identity,tcrB_identity,total_identity
5eu6,44.4444444444,100.0,31.5789473684,65.4867256637,64.3257603202
4eup,33.3333333333,100.0,30.701754386,30.3571428571,54.6209273183
3o4l,33.3333333333,100.0,29.8245614035,27.4336283186,53.9874760648
5bs0,33.3333333333,86.5921787709,33.3333333333,46.4285714286,53.2688214951
5euo,22.2222222222,100.0,30.701754386,36.9369369369,52.0138559612
