pdb_id,pep_identity,mhc_identity,tcrA_identity,tcrB_identity,total_identity
3o4l,33.3333333333,100.0,85.4368932039,26.2711864407,63.0624577185
5eu6,44.4444444444,100.0,38.9380530973,39.3162393162,61.1905302171
2vlk,22.2222222222,100.0,36.1111111111,35.652173913,52.7012882448
3qdj,22.2222222222,100.0,42.2018348624,29.3103448276,52.6594373557
5bs0,33.3333333333,86.5921787709,38.9380530973,37.0689655172,52.6430071372
