pdb_id,pep_identity,mhc_identity,tcrA_identity,tcrB_identity,total_identity
4eup,33.3333333333,100.0,32.1739130435,58.5585585586,59.5665230448
2vlk,22.2222222222,100.0,30.4347826087,52.7272727273,54.6010832967
3o4l,33.3333333333,100.0,30.4347826087,26.5486725664,53.9416869736
5men,11.1111111111,100.0,29.5652173913,61.2612612613,52.1747834791
5bs0,33.3333333333,86.5921787709,33.0434782609,35.1351351351,51.3382729341
2e7l,22.2222222222,68.7150837989,55.652173913,53.6363636364,48.5271915986
