pdb_id,pep_identity,mhc_identity,tcrA_identity,tcrB_identity,total_identity
5eu6,44.4444444444,100.0,48.6725663717,37.1681415929,62.4549328089
3o4l,33.3333333333,100.0,34.2342342342,25.4385964912,54.389916232
5bs0,33.3333333333,86.5921787709,44.2477876106,39.6396396396,53.9564085765
5euo,22.2222222222,100.0,39.8230088496,36.3636363636,53.4385149429
3qdj,22.2222222222,100.0,42.3423423423,33.0357142857,53.3037501788
