pdb_id,pep_identity,mhc_identity,tcrA_identity,tcrB_identity,total_identity
4eup,33.3333333333,100.0,47.7064220183,53.0973451327,61.245072303
3o4l,33.3333333333,100.0,57.6923076923,27.5862068966,58.6575302093
2pye,11.1111111111,100.0,36.2831858407,82.3008849558,56.8010488364
2vlk,22.2222222222,100.0,35.1851851852,50.4424778761,55.0120179176
4mnq,11.1111111111,100.0,28.5714285714,73.4513274336,54.0408297045
5bs0,33.3333333333,86.5921787709,36.2831858407,32.7433628319,51.4795954802
