pdb_id,pep_identity,mhc_identity,tcrA_identity,tcrB_identity,total_identity
5eu6,44.4444444444,100.0,32.4561403509,62.0689655172,63.9023324595
4eup,33.3333333333,100.0,33.9285714286,31.0344827586,55.2716201423
3o4l,33.3333333333,100.0,36.6071428571,27.9661016949,55.2066518698
5bs0,33.3333333333,86.5921787709,29.8245614035,42.2413793103,51.9861608204
2vlr,22.2222222222,100.0,30.3571428571,36.2068965517,51.8347473089
