pdb_id,pep_identity,mhc_identity,tcrA_identity,tcrB_identity,total_identity
5eu6,44.4444444444,100.0,41.592920354,38.7931034483,61.5458187819
3o4l,33.3333333333,100.0,31.5315315315,53.0434782609,58.5402794098
5euo,22.2222222222,100.0,42.3423423423,32.1739130435,53.1601166384
3qeq,22.2222222222,100.0,38.1818181818,31.0344827586,52.2767908975
5bs0,33.3333333333,86.5921787709,39.8230088496,31.0344827586,51.7847526361
5men,11.1111111111,100.0,44.8598130841,31.0344827586,49.6860863442
