pdb_id,pep_identity,mhc_identity,tcrA_identity,tcrB_identity,total_identity
5eu6,44.4444444444,100.0,43.3628318584,59.2920353982,65.2572926909
4eup,33.3333333333,100.0,65.1376146789,31.8584070796,60.6104480709
3o4l,33.3333333333,100.0,39.8148148148,27.8260869565,55.717928073
2bnq,22.2222222222,100.0,42.4778761062,41.592920354,54.7525401508
5bs0,33.3333333333,86.5921787709,44.2477876106,42.4778761062,54.4294479876
2vlk,22.2222222222,100.0,38.5321100917,31.8584070796,52.4724936026
