pdb_id,pep_identity,mhc_identity,tcrA_identity,tcrB_identity,total_identity
5eu6,44.4444444444,100.0,23.6842105263,61.0619469027,62.2725077196
3qeq,22.2222222222,100.0,37.6146788991,36.2831858407,53.0570515307
3o4l,33.3333333333,100.0,22.0183486239,29.5652173913,53.041705447
3ffc,11.1111111111,81.0055865922,36.3636363636,88.8888888889,51.5809867765
5bs0,33.3333333333,86.5921787709,23.6842105263,42.4778761062,51.0021851402
2vlk,22.2222222222,100.0,22.9357798165,36.2831858407,50.6105683503
