pdb_id,pep_identity,mhc_identity,tcrA_identity,tcrB_identity,total_identity
2vlk,22.2222222222,100.0,39.4736842105,90.0,62.3196881092
5eu6,44.4444444444,100.0,46.4912280702,32.7433628319,61.3539132985
3qdj,22.2222222222,100.0,40.350877193,50.4504504505,55.874295348
3o4l,33.3333333333,100.0,32.4561403509,30.9734513274,55.0160430575
5bs0,33.3333333333,86.5921787709,44.7368421053,36.036036036,53.4373170583
2p5w,11.1111111111,100.0,44.7368421053,50.0,52.8265107212
5men,11.1111111111,100.0,35.0877192982,49.5495495495,51.1432485117
