pdb_id,pep_identity,mhc_identity,tcrA_identity,tcrB_identity,total_identity
5eu6,44.4444444444,100.0,33.3333333333,60.1769911504,63.7332022288
3o4l,33.3333333333,100.0,34.2342342342,29.5652173913,55.077686382
4eup,33.3333333333,100.0,29.4642857143,32.7433628319,54.8123858688
5bs0,33.3333333333,86.5921787709,32.4561403509,44.6428571429,52.8250036171
2vlr,22.2222222222,100.0,29.7297297297,40.1785714286,52.3921242671
