pdb_id,pep_identity,mhc_identity,tcrA_identity,tcrB_identity,total_identity
5hho,22.2222222222,100.0,29.8245614035,90.4347826087,60.7839647428
5eu6,44.4444444444,100.0,35.652173913,37.6068376068,60.3579834015
3o4l,33.3333333333,100.0,38.5964912281,28.813559322,55.6794528695
3qeq,22.2222222222,100.0,32.4561403509,52.5862068966,54.914465282
5bs0,33.3333333333,86.5921787709,34.7826086957,37.9310344828,52.0941112312
3ffc,11.1111111111,81.0055865922,85.0877192982,40.1709401709,51.582009146
2f54,11.1111111111,100.0,36.5217391304,48.6956521739,51.2399355878
