pdb_id,pep_identity,mhc_identity,tcrA_identity,tcrB_identity,total_identity
5eu6,44.4444444444,100.0,38.9380530973,59.1304347826,64.4928961281
4eup,33.3333333333,100.0,60.0,31.3043478261,59.6618357488
3o4l,33.3333333333,100.0,33.3333333333,28.2051282051,54.7008547009
5bs0,33.3333333333,86.5921787709,37.1681415929,41.7391304348,53.126382706
5euo,22.2222222222,100.0,36.6071428571,36.5217391304,52.9288877387
