pdb_id,pep_identity,mhc_identity,tcrA_identity,tcrB_identity,total_identity
5eu6,44.4444444444,100.0,36.2831858407,66.6666666667,65.3064568994
5hho,22.2222222222,100.0,88.785046729,34.2105263158,61.2400029149
4eup,33.3333333333,100.0,34.8623853211,28.9473684211,55.0794034015
3o4l,33.3333333333,100.0,33.3333333333,27.5862068966,54.5977011494
5bs0,33.3333333333,86.5921787709,37.1681415929,44.7368421053,53.6260013178
2bnq,22.2222222222,100.0,35.3982300885,35.0877192982,52.4883989719
