pdb_id,pep_identity,mhc_identity,tcrA_identity,tcrB_identity,total_identity
5eu6,44.4444444444,100.0,33.3333333333,70.796460177,65.5031137332
4eup,33.3333333333,100.0,34.8214285714,34.5132743363,56.0002282624
3o4l,33.3333333333,100.0,39.0909090909,29.5652173913,55.8871321915
5bs0,33.3333333333,86.5921787709,33.3333333333,49.1071428571,53.7152500665
