pdb_id,pep_identity,mhc_identity,tcrA_identity,tcrB_identity,total_identity
5eu6,44.4444444444,100.0,39.8230088496,35.3982300885,60.6850213045
3qeq,22.2222222222,100.0,49.5412844037,53.5714285714,57.9261929033
3o4l,33.3333333333,100.0,33.6363636364,30.0884955752,55.065254313
5bs0,33.3333333333,86.5921787709,39.8230088496,38.7387387387,53.0687952995
2f53,11.1111111111,100.0,36.2831858407,51.7857142857,51.7151870581
