pdb_id,pep_identity,mhc_identity,tcrA_identity,tcrB_identity,total_identity
2bnq,22.2222222222,100.0,30.701754386,88.3928571429,60.5898426622
3qeq,22.2222222222,100.0,25.6637168142,66.9642857143,56.1787411621
3o4l,33.3333333333,100.0,30.0884955752,26.9565217391,53.9519473302
5euo,22.2222222222,100.0,27.1929824561,48.2142857143,53.3086187691
5bs0,33.3333333333,86.5921787709,30.701754386,31.25,50.3004630991
2e7l,22.2222222222,68.7150837989,61.0619469027,54.4642857143,49.5668074432
