pdb_id,pep_identity,mhc_identity,tcrA_identity,tcrB_identity,total_identity
5eu6,44.4444444444,100.0,24.5614035088,54.8672566372,61.3862581725
3o4l,33.3333333333,100.0,22.2222222222,29.5652173913,53.07568438
3qeq,22.2222222222,100.0,27.7777777778,32.7433628319,50.827597509
5bs0,33.3333333333,86.5921787709,23.6842105263,38.9380530973,50.4122146387
5euo,22.2222222222,100.0,27.027027027,30.9734513274,50.4074871332
