pdb_id,pep_identity,mhc_identity,tcrA_identity,tcrB_identity,total_identity
5eu6,44.4444444444,100.0,41.592920354,59.2920353982,64.9623074402
4eup,33.3333333333,100.0,33.9449541284,31.8584070796,55.4116713125
3o4l,33.3333333333,100.0,33.3333333333,27.8260869565,54.6376811594
2bnq,22.2222222222,100.0,38.9380530973,41.592920354,54.1625696493
5bs0,33.3333333333,86.5921787709,38.9380530973,42.4778761062,53.5444922354
2vlk,22.2222222222,100.0,42.5925925926,31.8584070796,53.1492406861
