pdb_id,pep_identity,mhc_identity,tcrA_identity,tcrB_identity,total_identity
4eup,33.3333333333,100.0,61.4678899083,54.4642857143,63.7664737149
2bnq,22.2222222222,100.0,36.2831858407,89.2857142857,61.6688907618
5men,11.1111111111,100.0,32.7272727273,92.7927927928,57.957047957
5euo,22.2222222222,100.0,33.0357142857,55.4545454545,55.4891173641
3o4l,33.3333333333,100.0,33.3333333333,29.8245614035,54.9707602339
5bs0,33.3333333333,86.5921787709,37.1681415929,35.4545454545,52.078951876
