pdb_id,pep_identity,mhc_identity,tcrA_identity,tcrB_identity,total_identity
5eu6,44.4444444444,100.0,40.7079646018,44.2477876106,62.3074401835
5men,11.1111111111,100.0,86.2385321101,32.4324324324,56.8155311275
3o4l,33.3333333333,100.0,31.8584070796,25.4385964912,53.9939450396
5bs0,33.3333333333,86.5921787709,39.8230088496,39.2857142857,53.1599578906
5euo,22.2222222222,100.0,36.6071428571,33.0357142857,52.3478835979
3qeq,22.2222222222,100.0,33.0357142857,32.7433628319,51.7039202603
