pdb_id,pep_identity,mhc_identity,tcrA_identity,tcrB_identity,total_identity
5eu6,44.4444444444,100.0,28.3185840708,56.6371681416,62.3074401835
3o4l,33.3333333333,100.0,29.8076923077,29.8245614035,54.3831533963
3qdj,22.2222222222,100.0,29.9065420561,40.1785714286,52.4215929882
5bs0,33.3333333333,86.5921787709,27.4336283186,42.8571428571,51.6902992307
2vlk,22.2222222222,100.0,28.9719626168,32.1428571429,50.926544034
