pdb_id,pep_identity,mhc_identity,tcrA_identity,tcrB_identity,total_identity
5eu6,44.4444444444,100.0,38.9380530973,64.9122807018,65.4565371147
4eup,33.3333333333,100.0,49.0909090909,31.8584070796,57.9359971395
3o4l,33.3333333333,100.0,53.2110091743,26.0869565217,57.6607720605
5bs0,33.3333333333,86.5921787709,37.1681415929,46.4912280702,53.9183989786
2vlk,22.2222222222,100.0,38.5321100917,37.1681415929,53.3574493549
