pdb_id,pep_identity,mhc_identity,tcrA_identity,tcrB_identity,total_identity
5eu6,44.4444444444,100.0,36.8421052632,35.3982300885,60.1882040401
3o4l,33.3333333333,100.0,33.3333333333,30.9734513274,55.1622418879
3qdj,22.2222222222,100.0,34.2105263158,51.3513513514,55.0010536853
5bs0,33.3333333333,86.5921787709,35.0877192982,40.0,52.4897905845
2f54,11.1111111111,100.0,33.3333333333,49.5495495495,50.8508508509
2e7l,22.2222222222,68.7150837989,68.4210526316,51.8181818182,50.3523077487
