pdb_id,pep_identity,mhc_identity,tcrA_identity,tcrB_identity,total_identity
5eu6,44.4444444444,100.0,33.3333333333,92.1739130435,69.0660225443
2vlk,22.2222222222,100.0,53.1531531532,35.652173913,55.5416285851
