pdb_id,pep_identity,mhc_identity,tcrA_identity,tcrB_identity,total_identity
5eu6,44.4444444444,100.0,33.3333333333,59.2920353982,63.5857096034
3o4l,33.3333333333,100.0,31.25,27.8260869565,54.2904589372
3qdj,22.2222222222,100.0,33.9285714286,38.0530973451,52.7376855364
5bs0,33.3333333333,86.5921787709,32.4561403509,42.4778761062,52.4641734443
5euo,22.2222222222,100.0,29.8245614035,31.8584070796,51.0212354879
