pdb_id,pep_identity,mhc_identity,tcrA_identity,tcrB_identity,total_identity
5eu6,44.4444444444,100.0,38.0530973451,58.407079646,64.2248443133
5euo,22.2222222222,100.0,92.6605504587,33.9285714286,61.838927722
4eup,33.3333333333,100.0,37.6146788991,30.9734513274,55.8757994822
3o4l,33.3333333333,100.0,34.5794392523,31.5789473684,55.4708422146
5bs0,33.3333333333,86.5921787709,38.9380530973,42.8571428571,53.6077033605
