pdb_id,pep_identity,mhc_identity,tcrA_identity,tcrB_identity,total_identity
2vlr,22.2222222222,100.0,28.9473684211,91.9642857143,60.8926830966
4eup,33.3333333333,100.0,32.4561403509,54.4642857143,58.931182122
3o4l,33.3333333333,100.0,29.8245614035,33.9130434783,55.0673785914
5bs0,33.3333333333,86.5921787709,31.5789473684,36.2831858407,51.2855262363
5men,11.1111111111,100.0,30.0884955752,48.6725663717,50.1638806949
