pdb_id,pep_identity,mhc_identity,tcrA_identity,tcrB_identity,total_identity
5eu6,44.4444444444,100.0,24.5614035088,41.0256410256,59.0793222372
5bs0,33.3333333333,86.5921787709,22.8070175439,86.2068965517,58.144156384
3o4l,33.3333333333,100.0,19.8198198198,25.2100840336,51.94942842
5euo,22.2222222222,100.0,25.2252252252,35.3448275862,50.8357495426
3qeq,22.2222222222,100.0,28.8288288288,28.4482758621,50.2869248559
