pdb_id,pep_identity,mhc_identity,tcrA_identity,tcrB_identity,total_identity
5eu6,44.4444444444,100.0,32.4561403509,67.5438596491,64.8148148148
4eup,33.3333333333,100.0,35.7142857143,29.8245614035,55.3675856307
3o4l,33.3333333333,100.0,29.203539823,26.724137931,53.7657240701
5bs0,33.3333333333,86.5921787709,33.3333333333,44.7368421053,52.9868666079
2bnq,22.2222222222,100.0,33.3333333333,37.7192982456,52.5828460039
