pdb_id,pep_identity,mhc_identity,tcrA_identity,tcrB_identity,total_identity
4eup,33.3333333333,100.0,85.3211009174,55.3571428571,67.8908184069
5eu6,44.4444444444,100.0,42.4778761062,37.1681415929,61.4224844313
2bnq,22.2222222222,100.0,41.592920354,75.0,60.1728941331
2vlr,22.2222222222,100.0,35.7798165138,56.7567567568,56.1635029525
3o4l,33.3333333333,100.0,38.8888888889,29.5652173913,55.8534621578
5men,11.1111111111,100.0,34.2342342342,76.7857142857,55.5403617904
