pdb_id,pep_identity,mhc_identity,tcrA_identity,tcrB_identity,total_identity
5eu6,44.4444444444,100.0,35.0877192982,36.2068965517,60.0305841231
3o4l,33.3333333333,100.0,34.5454545455,23.9316239316,54.1906241906
5bs0,33.3333333333,86.5921787709,31.5789473684,40.0,51.9049952628
2vlk,22.2222222222,100.0,28.8288288288,35.9649122807,51.5396975923
3qeq,22.2222222222,100.0,30.0,29.5652173913,50.6682769726
