pdb_id,pep_identity,mhc_identity,tcrA_identity,tcrB_identity,total_identity
5eu6,44.4444444444,100.0,43.3628318584,33.0434782609,60.882533168
3o4l,33.3333333333,100.0,34.5454545455,28.4482758621,54.9433995124
3qdj,22.2222222222,100.0,43.6363636364,31.5789473684,53.2766259082
5euo,22.2222222222,100.0,41.0714285714,31.8584070796,52.8957133493
5bs0,33.3333333333,86.5921787709,39.8230088496,36.8421052632,52.7526897202
5men,11.1111111111,100.0,40.1785714286,31.5789473684,48.9966235032
