pdb_id,pep_identity,mhc_identity,tcrA_identity,tcrB_identity,total_identity
5eu6,44.4444444444,100.0,36.5217391304,36.2831858407,60.28230231
3qdj,22.2222222222,100.0,33.0434782609,53.5714285714,55.1765585461
5euo,22.2222222222,100.0,29.5652173913,54.0540540541,54.6772859816
3o4l,33.3333333333,100.0,30.4347826087,30.701754386,54.6338672769
5bs0,33.3333333333,86.5921787709,35.652173913,36.6071428571,52.0183901631
2p5w,11.1111111111,100.0,35.652173913,51.7857142857,51.6100184035
2e7l,22.2222222222,68.7150837989,60.8695652174,53.1531531532,49.3162217355
