pdb_id,pep_identity,mhc_identity,tcrA_identity,tcrB_identity,total_identity
4eup,33.3333333333,100.0,62.1621621622,57.6576576577,64.4144144144
5eu6,44.4444444444,100.0,40.7079646018,38.0530973451,61.274991806
3o4l,33.3333333333,100.0,33.0357142857,30.0884955752,54.9651460879
5bs0,33.3333333333,86.5921787709,41.592920354,39.6396396396,53.5139307004
2f53,11.1111111111,100.0,37.1681415929,50.0,51.5650606359
