pdb_id,pep_identity,mhc_identity,tcrA_identity,tcrB_identity,total_identity
5eu6,44.4444444444,100.0,24.5614035088,35.652173913,58.1837443851
3o4l,33.3333333333,100.0,20.7207207207,25.0,52.0645645646
2vlk,22.2222222222,100.0,27.027027027,33.6283185841,50.8499650093
5bs0,33.3333333333,86.5921787709,23.6842105263,37.7192982456,50.2090888301
