pdb_id,pep_identity,mhc_identity,tcrA_identity,tcrB_identity,total_identity
5eu6,44.4444444444,100.0,31.5789473684,66.3716814159,64.4732529455
4eup,33.3333333333,100.0,33.0357142857,30.0884955752,54.9651460879
3o4l,33.3333333333,100.0,32.7272727273,28.0701754386,54.5773524721
5bs0,33.3333333333,86.5921787709,30.701754386,44.6428571429,52.5326059562
