pdb_id,pep_identity,mhc_identity,tcrA_identity,tcrB_identity,total_identity
5eu6,44.4444444444,100.0,37.1681415929,56.6371681416,63.7823664372
3o4l,33.3333333333,100.0,51.8181818182,35.652173913,59.0228370663
4eup,33.3333333333,100.0,46.3636363636,31.8584070796,57.481451685
5bs0,33.3333333333,86.5921787709,38.0530973451,43.3628318584,53.5444922354
5euo,22.2222222222,100.0,38.3928571429,32.7433628319,52.5967774032
