pdb_id,pep_identity,mhc_identity,tcrA_identity,tcrB_identity,total_identity
5eu6,44.4444444444,100.0,47.7876106195,36.8421052632,62.2531007953
3o4l,33.3333333333,100.0,35.1351351351,26.0869565217,54.6481263873
5bs0,33.3333333333,86.5921787709,46.9026548673,38.0530973451,54.1344627368
2vlk,22.2222222222,100.0,43.2432432432,34.8214285714,53.7515193765
3qdj,22.2222222222,100.0,45.045045045,32.7433628319,53.7054753869
2bnr,11.1111111111,100.0,46.017699115,33.9285714286,50.361415461
