pdb_id,pep_identity,mhc_identity,tcrA_identity,tcrB_identity,total_identity
5eu6,44.4444444444,100.0,88.5964912281,36.8421052632,69.0545808967
2bnq,22.2222222222,100.0,87.7192982456,30.3571428571,60.4201475912
5bs0,33.3333333333,86.5921787709,81.5789473684,38.9380530973,60.0613374457
4eup,33.3333333333,100.0,40.350877193,33.9285714286,56.824352548
