pdb_id,pep_identity,mhc_identity,tcrA_identity,tcrB_identity,total_identity
4eup,33.3333333333,100.0,85.3211009174,53.5714285714,67.5931993593
5eu6,44.4444444444,100.0,42.4778761062,34.5132743363,60.9800065552
2bnq,22.2222222222,100.0,41.592920354,75.0,60.1728941331
3o4l,33.3333333333,100.0,40.7407407407,35.0877192982,57.0825211176
5men,11.1111111111,100.0,33.3333333333,79.2792792793,55.8058058058
2vlk,22.2222222222,100.0,35.7798165138,51.3513513514,55.2626020516
