pdb_id,pep_identity,mhc_identity,tcrA_identity,tcrB_identity,total_identity
4eup,33.3333333333,100.0,87.1559633028,55.7522123894,68.2624737265
5eu6,44.4444444444,100.0,45.1327433628,40.350877193,62.3954182408
2bnq,22.2222222222,100.0,49.5575221239,62.8318584071,59.4723041626
5euo,22.2222222222,100.0,34.8214285714,55.7522123894,55.8363475675
3o4l,33.3333333333,100.0,39.0909090909,28.4482758621,55.7009752699
