pdb_id,pep_identity,mhc_identity,tcrA_identity,tcrB_identity,total_identity
4eup,33.3333333333,100.0,36.036036036,90.0900900901,65.4654654655
5euo,22.2222222222,100.0,87.1559633028,57.6576576577,64.8763442341
5eu6,44.4444444444,100.0,38.0530973451,27.4336283186,59.0626024254
2bnq,22.2222222222,100.0,46.017699115,51.3513513514,56.9689158185
3o4l,33.3333333333,100.0,31.8181818182,28.9473684211,54.572036151
