pdb_id,pep_identity,mhc_identity,tcrA_identity,tcrB_identity,total_identity
3qeq,22.2222222222,100.0,94.4444444444,33.6206896552,62.0849297573
5eu6,44.4444444444,100.0,31.8584070796,49.1379310345,61.6475378338
2vlk,22.2222222222,100.0,50.4587155963,32.1739130435,54.512845514
3o4l,33.3333333333,100.0,30.2752293578,24.7863247863,53.6213701351
5bs0,33.3333333333,86.5921787709,32.7433628319,35.3448275862,51.3232024378
