pdb_id,pep_identity,mhc_identity,tcrA_identity,tcrB_identity,total_identity
5eu6,44.4444444444,100.0,40.7079646018,35.3982300885,60.8325139299
3o4l,33.3333333333,100.0,45.4545454545,24.7787610619,56.1499955305
3qdj,22.2222222222,100.0,46.3636363636,36.036036036,54.474019474
5bs0,33.3333333333,86.5921787709,41.592920354,38.7387387387,53.3637805502
2vlk,22.2222222222,100.0,34.5454545455,33.6363636364,52.1043771044
2f54,11.1111111111,100.0,39.8230088496,38.7387387387,50.1306616351
