pdb_id,pep_identity,mhc_identity,tcrA_identity,tcrB_identity,total_identity
5eu6,44.4444444444,100.0,23.6842105263,64.347826087,62.8201542504
3o4l,33.3333333333,100.0,22.0183486239,26.724137931,52.5681922036
5bs0,33.3333333333,86.5921787709,24.5614035088,46.9565217391,51.8948249094
2vlr,22.2222222222,100.0,26.6055045872,38.5964912281,51.6077400433
3qeq,22.2222222222,100.0,28.4403669725,33.9130434783,51.1329758159
