pdb_id,pep_identity,mhc_identity,tcrA_identity,tcrB_identity,total_identity
5eu6,44.4444444444,100.0,34.7826086957,29.8245614035,58.9160098313
3qeq,22.2222222222,100.0,32.4561403509,52.2123893805,54.8521623626
3o4l,33.3333333333,100.0,34.2105263158,27.8260869565,54.7838799898
5euo,22.2222222222,100.0,33.9130434783,50.0,54.7262479871
5men,11.1111111111,100.0,33.0434782609,55.7522123894,51.8363188121
5bs0,33.3333333333,86.5921787709,34.7826086957,32.7433628319,51.2294992893
