pdb_id,pep_identity,mhc_identity,tcrA_identity,tcrB_identity,total_identity
5eu6,44.4444444444,100.0,37.1681415929,67.2413793103,65.5497349654
4eup,33.3333333333,100.0,62.3853211009,32.7586206897,60.3017680762
3o4l,33.3333333333,100.0,40.7407407407,28.813559322,56.0368277882
5bs0,33.3333333333,86.5921787709,37.1681415929,46.5517241379,53.9284816566
2vlk,22.2222222222,100.0,33.0275229358,38.7931034483,52.7108451381
