pdb_id,pep_identity,mhc_identity,tcrA_identity,tcrB_identity,total_identity
5eu6,44.4444444444,100.0,87.610619469,50.0,71.083251393
2bnq,22.2222222222,100.0,84.9557522124,35.3982300885,60.7997377909
5bs0,33.3333333333,86.5921787709,79.6460176991,38.5964912281,59.6822555226
