pdb_id,pep_identity,mhc_identity,tcrA_identity,tcrB_identity,total_identity
4eup,33.3333333333,100.0,61.2612612613,86.7256637168,69.1089319408
5eu6,44.4444444444,100.0,38.9380530973,28.6956521739,59.42043236
2bnq,22.2222222222,100.0,38.0530973451,57.5221238938,56.6699442806
5euo,22.2222222222,100.0,33.0357142857,54.8672566372,55.3912358946
