pdb_id,pep_identity,mhc_identity,tcrA_identity,tcrB_identity,total_identity
4eup,33.3333333333,100.0,60.0,54.4642857143,63.5218253968
2bnq,22.2222222222,100.0,36.2831858407,76.7857142857,59.5855574285
2vlk,22.2222222222,100.0,33.3333333333,53.5714285714,55.2248677249
5men,11.1111111111,100.0,30.5555555556,77.6785714286,55.0760582011
3o4l,33.3333333333,100.0,31.5315315315,29.5652173913,54.6272359316
5bs0,33.3333333333,86.5921787709,38.9380530973,34.8214285714,52.2684176462
