pdb_id,pep_identity,mhc_identity,tcrA_identity,tcrB_identity,total_identity
5eu6,44.4444444444,100.0,37.1681415929,63.7168141593,64.9623074402
3o4l,33.3333333333,100.0,51.8181818182,28.9473684211,57.9053694843
4eup,33.3333333333,100.0,47.2727272727,30.9734513274,57.4854742111
5bs0,33.3333333333,86.5921787709,38.0530973451,42.8571428571,53.4602107351
5euo,22.2222222222,100.0,38.3928571429,36.6071428571,53.2407407407
2bnq,22.2222222222,100.0,38.9380530973,30.0884955752,52.2451655195
