pdb_id,pep_identity,mhc_identity,tcrA_identity,tcrB_identity,total_identity
5eu6,44.4444444444,100.0,35.9649122807,41.7391304348,61.0988219341
3o4l,33.3333333333,100.0,32.4561403509,25.641025641,54.1273054431
5bs0,33.3333333333,86.5921787709,30.701754386,51.7543859649,53.7178607599
3qdj,22.2222222222,100.0,36.8421052632,30.701754386,51.9980506823
2vlr,22.2222222222,100.0,28.0701754386,33.3333333333,50.9746588694
