pdb_id,pep_identity,mhc_identity,tcrA_identity,tcrB_identity,total_identity
5eu6,44.4444444444,100.0,33.3333333333,38.9380530973,60.1933792199
3qdj,22.2222222222,100.0,35.7142857143,64.2857142857,57.4074074074
2f54,11.1111111111,100.0,31.5789473684,79.4642857143,55.5442425508
5euo,22.2222222222,100.0,30.701754386,52.6785714286,54.6374617098
3o4l,33.3333333333,100.0,29.4642857143,27.8260869565,53.9928398896
5bs0,33.3333333333,86.5921787709,29.8245614035,34.8214285714,50.7495023639
2e7l,22.2222222222,68.7150837989,59.8214285714,58.0357142857,49.9552924832
