pdb_id,pep_identity,mhc_identity,tcrA_identity,tcrB_identity,total_identity
4eup,33.3333333333,100.0,41.4414414414,58.5585585586,61.1111111111
3o4l,33.3333333333,100.0,59.4339622642,30.0884955752,59.3648540843
5bs0,33.3333333333,86.5921787709,38.0530973451,40.0,52.9840202589
2bnr,11.1111111111,100.0,36.2831858407,49.5495495495,51.3424929354
4mnq,11.1111111111,100.0,30.3571428571,50.4504504505,50.504969255
