pdb_id,pep_identity,mhc_identity,tcrA_identity,tcrB_identity,total_identity
4eup,33.3333333333,100.0,90.990990991,56.25,68.9846096096
5eu6,44.4444444444,100.0,45.1327433628,38.9380530973,62.1599475582
2bnq,22.2222222222,100.0,44.2477876106,60.7142857143,58.2344196282
2vlk,22.2222222222,100.0,35.7142857143,57.6576576577,56.3027313027
3o4l,33.3333333333,100.0,38.3928571429,27.8260869565,55.4809351277
