pdb_id,pep_identity,mhc_identity,tcrA_identity,tcrB_identity,total_identity
5eu6,44.4444444444,100.0,40.7079646018,38.0530973451,61.274991806
3o4l,33.3333333333,100.0,33.3333333333,28.0701754386,54.6783625731
5bs0,33.3333333333,86.5921787709,40.7079646018,40.1785714286,53.4562600398
3qeq,22.2222222222,100.0,39.8148148148,33.9285714286,53.0313051146
2vlk,22.2222222222,100.0,38.5321100917,35.1351351351,53.0186149452
