pdb_id,pep_identity,mhc_identity,tcrA_identity,tcrB_identity,total_identity
5eu6,44.4444444444,100.0,37.1681415929,35.3982300885,60.2425434284
3qeq,22.2222222222,100.0,50.0,52.6785714286,57.8538359788
3o4l,33.3333333333,100.0,32.7102803738,30.0884955752,54.9109071026
5bs0,33.3333333333,86.5921787709,35.3982300885,40.0,52.5415423828
2p5w,11.1111111111,100.0,35.3982300885,50.0,51.2700753851
