pdb_id,pep_identity,mhc_identity,tcrA_identity,tcrB_identity,total_identity
5eu6,44.4444444444,100.0,89.3805309735,43.3628318584,70.2720419535
5bs0,33.3333333333,86.5921787709,84.0707964602,59.4594594595,63.8968800214
2pye,11.1111111111,100.0,94.6902654867,33.0357142857,58.3247003324
4eup,33.3333333333,100.0,39.8230088496,34.2342342342,56.7873182917
