pdb_id,pep_identity,mhc_identity,tcrA_identity,tcrB_identity,total_identity
5eu6,44.4444444444,100.0,24.5614035088,36.8421052632,58.3820662768
3o4l,33.3333333333,100.0,20.9090909091,26.9565217391,52.4220465525
2vlr,22.2222222222,100.0,23.6363636364,38.7387387387,51.1365911366
5bs0,33.3333333333,86.5921787709,23.6842105263,38.3928571429,50.3213486463
