pdb_id,pep_identity,mhc_identity,tcrA_identity,tcrB_identity,total_identity
5eu6,44.4444444444,100.0,40.7079646018,33.9130434783,60.5849828282
3o4l,33.3333333333,100.0,45.1327433628,25.8620689655,56.2769131658
3qdj,22.2222222222,100.0,44.2477876106,32.4561403509,53.5247287343
5bs0,33.3333333333,86.5921787709,38.9380530973,37.7192982456,52.7513959253
2vlk,22.2222222222,100.0,34.5132743363,32.7433628319,51.9501802688
2f54,11.1111111111,100.0,41.592920354,30.9734513274,49.1314323173
