pdb_id,pep_identity,mhc_identity,tcrA_identity,tcrB_identity,total_identity
5eu6,44.4444444444,100.0,26.3157894737,34.7826086957,58.3312145097
3o4l,33.3333333333,100.0,20.7207207207,54.3859649123,56.9622253833
2vlk,22.2222222222,100.0,22.5225225225,35.0877192982,50.3424477109
5bs0,33.3333333333,86.5921787709,23.6842105263,30.4347826087,48.9950028906
