pdb_id,pep_identity,mhc_identity,tcrA_identity,tcrB_identity,total_identity
5eu6,44.4444444444,100.0,38.0530973451,36.5217391304,60.5772875607
3qdj,22.2222222222,100.0,61.8181818182,35.9649122807,57.0379230906
3o4l,33.3333333333,100.0,32.4324324324,22.8070175439,53.6510194405
2vlr,22.2222222222,100.0,32.4324324324,38.3928571429,52.54495567
5bs0,33.3333333333,86.5921787709,40.7079646018,33.6283185841,52.3645512324
2f53,11.1111111111,100.0,37.1681415929,34.2105263158,48.9334816885
