pdb_id,pep_identity,mhc_identity,tcrA_identity,tcrB_identity,total_identity
4eup,33.3333333333,100.0,82.8828828829,88.2882882883,72.972972973
5eu6,44.4444444444,100.0,45.1327433628,27.4336283186,60.2425434284
