pdb_id,pep_identity,mhc_identity,tcrA_identity,tcrB_identity,total_identity
5eu6,44.4444444444,100.0,44.2477876106,40.1709401709,62.2179361117
5bs0,33.3333333333,86.5921787709,42.4778761062,62.9310344828,57.5433224663
3o4l,33.3333333333,100.0,34.5454545455,27.1186440678,54.7217942133
2vlk,22.2222222222,100.0,43.6363636364,39.1304347826,54.5352071439
3qdj,22.2222222222,100.0,37.2727272727,34.4827586207,52.6999883896
