pdb_id,pep_identity,mhc_identity,tcrA_identity,tcrB_identity,total_identity
5eu6,44.4444444444,100.0,33.0434782609,36.2068965517,59.6898772836
3o4l,33.3333333333,100.0,30.4347826087,23.9316239316,53.5055122012
5bs0,33.3333333333,86.5921787709,31.3043478261,38.5964912281,51.6253105438
5euo,22.2222222222,100.0,28.6956521739,36.2831858407,51.5705470765
3qeq,22.2222222222,100.0,26.9565217391,27.8260869565,49.8711755233
5men,11.1111111111,100.0,36.2831858407,31.3043478261,48.3016259815
