pdb_id,pep_identity,mhc_identity,tcrA_identity,tcrB_identity,total_identity
5eu6,44.4444444444,100.0,42.9824561404,34.5132743363,61.0641032276
3qdj,22.2222222222,100.0,35.9649122807,64.2857142857,57.4491785018
5men,11.1111111111,100.0,40.350877193,76.7857142857,56.5598022835
5euo,22.2222222222,100.0,42.9824561404,51.7857142857,56.5354358118
3o4l,33.3333333333,100.0,32.4561403509,32.1739130435,55.2161200102
5bs0,33.3333333333,86.5921787709,38.5964912281,35.7142857143,52.3603001918
