pdb_id,pep_identity,mhc_identity,tcrA_identity,tcrB_identity,total_identity
4eup,33.3333333333,100.0,86.2385321101,34.8214285714,64.621104558
5eu6,44.4444444444,100.0,42.4778761062,46.017699115,62.897410685
5bs0,33.3333333333,86.5921787709,39.8230088496,56.7567567568,56.0717983025
3o4l,33.3333333333,100.0,40.3669724771,28.0701754386,55.8506357637
2bnq,22.2222222222,100.0,41.592920354,30.3571428571,52.7324179426
2vlk,22.2222222222,100.0,35.7798165138,36.036036036,52.710049499
