pdb_id,pep_identity,mhc_identity,tcrA_identity,tcrB_identity,total_identity
4eup,33.3333333333,100.0,29.4642857143,88.2882882883,64.0698734449
5eu6,44.4444444444,100.0,33.3333333333,27.4336283186,58.2759750901
2vlr,22.2222222222,100.0,29.7297297297,57.6576576577,55.3053053053
3o4l,33.3333333333,100.0,34.2342342342,28.0701754386,54.8285127232
2e7l,22.2222222222,68.7150837989,70.2702702703,56.7567567568,51.4836065115
