pdb_id,pep_identity,mhc_identity,tcrA_identity,tcrB_identity,total_identity
5eu6,44.4444444444,100.0,38.5964912281,44.7368421053,62.037037037
5bs0,33.3333333333,86.5921787709,35.9649122807,91.1504424779,61.1610631612
3o4l,33.3333333333,100.0,53.0973451327,28.4482758621,58.0353812769
3qdj,22.2222222222,100.0,46.9026548673,33.6283185841,54.1625696493
2vlk,22.2222222222,100.0,38.0530973451,38.9380530973,53.5725991478
