pdb_id,pep_identity,mhc_identity,tcrA_identity,tcrB_identity,total_identity
5eu6,44.4444444444,100.0,33.3333333333,73.5042735043,65.9544159544
3o4l,33.3333333333,100.0,34.8214285714,30.2521008403,55.2900326797
4eup,33.3333333333,100.0,33.0357142857,29.0598290598,54.7937016687
