pdb_id,pep_identity,mhc_identity,tcrA_identity,tcrB_identity,total_identity
3o4l,33.3333333333,100.0,59.4339622642,56.25,63.7251048218
5eu6,44.4444444444,100.0,37.1681415929,35.9649122807,60.3369904604
4eup,33.3333333333,100.0,40.5405405405,33.0357142857,56.7071535822
2vlk,22.2222222222,100.0,34.5454545455,34.2342342342,52.204022204
5bs0,33.3333333333,86.5921787709,34.5132743363,32.1428571429,51.084525948
