pdb_id,pep_identity,mhc_identity,tcrA_identity,tcrB_identity,total_identity
5eu6,44.4444444444,100.0,92.0353982301,41.592920354,70.4195345788
5bs0,33.3333333333,86.5921787709,83.185840708,67.5675675676,65.1007387473
2bnq,22.2222222222,100.0,88.4955752212,29.4642857143,60.4007175633
4eup,33.3333333333,100.0,41.9642857143,33.0357142857,56.9444444444
