pdb_id,pep_identity,mhc_identity,tcrA_identity,tcrB_identity,total_identity
5eu6,44.4444444444,100.0,39.4736842105,45.1327433628,62.2492194104
5bs0,33.3333333333,86.5921787709,30.701754386,57.6576576577,54.7017393754
3o4l,33.3333333333,100.0,32.4324324324,26.5486725664,54.2746286109
2vlk,22.2222222222,100.0,30.6306306306,36.3636363636,51.9064519065
3qdj,22.2222222222,100.0,30.6306306306,36.036036036,51.8518518519
