pdb_id,pep_identity,mhc_identity,tcrA_identity,tcrB_identity,total_identity
5eu6,44.4444444444,100.0,46.9026548673,53.0973451327,64.8148148148
3o4l,33.3333333333,100.0,36.036036036,29.8245614035,55.4212106844
4eup,33.3333333333,100.0,32.4324324324,27.4336283186,54.4221212363
5bs0,33.3333333333,86.5921787709,46.9026548673,39.2857142857,54.3398988936
2bnq,22.2222222222,100.0,46.9026548673,34.5132743363,54.3100622747
2vlk,22.2222222222,100.0,42.7272727273,30.3571428571,52.9214766715
