pdb_id,pep_identity,mhc_identity,tcrA_identity,tcrB_identity,total_identity
5eu6,44.4444444444,100.0,36.5217391304,57.8947368421,63.8842274769
3o4l,33.3333333333,100.0,30.9734513274,33.6206896552,55.2101346082
4eup,33.3333333333,100.0,30.0884955752,30.701754386,54.5761527713
3ffc,11.1111111111,81.0055865922,55.7522123894,87.1794871795,54.5275158292
5bs0,33.3333333333,86.5921787709,33.9130434783,41.2280701754,52.4986896437
2vlk,22.2222222222,100.0,28.3185840708,35.0877192982,51.3084579689
