pdb_id,pep_identity,mhc_identity,tcrA_identity,tcrB_identity,total_identity
5eu6,44.4444444444,100.0,33.0434782609,37.9310344828,59.9772336054
3qeq,22.2222222222,100.0,29.5652173913,69.5652173913,57.2624798712
5euo,22.2222222222,100.0,32.1739130435,53.0434782609,54.9436392915
3o4l,33.3333333333,100.0,32.1739130435,28.813559322,54.609023172
2f54,11.1111111111,100.0,33.0434782609,60.8695652174,52.6892109501
5bs0,33.3333333333,86.5921787709,32.1739130435,33.9130434783,50.9896634551
