pdb_id,pep_identity,mhc_identity,tcrA_identity,tcrB_identity,total_identity
5eu6,44.4444444444,100.0,37.1681415929,58.7719298246,64.1381600511
3o4l,33.3333333333,100.0,51.8181818182,32.7586206897,58.5405781958
4eup,33.3333333333,100.0,46.3636363636,32.4561403509,57.5810738969
5bs0,33.3333333333,86.5921787709,38.0530973451,43.8596491228,53.6272951128
5euo,22.2222222222,100.0,38.3928571429,32.4561403509,52.5489069897
