pdb_id,pep_identity,mhc_identity,tcrA_identity,tcrB_identity,total_identity
4eup,33.3333333333,100.0,32.4561403509,58.5585585586,59.6135609294
3o4l,33.3333333333,100.0,30.701754386,30.0884955752,54.5761527713
5bs0,33.3333333333,86.5921787709,30.701754386,40.0,51.7587964324
5men,11.1111111111,100.0,32.4561403509,50.4504504505,50.8548021706
2e7l,22.2222222222,68.7150837989,59.649122807,50.0,48.5872891415
