pdb_id,pep_identity,mhc_identity,tcrA_identity,tcrB_identity,total_identity
5eu6,44.4444444444,100.0,42.4778761062,65.811965812,66.1964551345
4eup,33.3333333333,100.0,83.6363636364,29.0598290598,63.2271432271
3o4l,33.3333333333,100.0,41.4414414414,26.0504201681,55.693088046
5bs0,33.3333333333,86.5921787709,40.7079646018,43.5897435897,54.0247887333
2bnq,22.2222222222,100.0,41.592920354,36.7521367521,53.7982502584
2vlk,22.2222222222,100.0,39.6396396396,34.188034188,53.0453530454
