pdb_id,pep_identity,mhc_identity,tcrA_identity,tcrB_identity,total_identity
5eu6,44.4444444444,100.0,36.2831858407,49.1228070175,62.3824802912
3qdj,22.2222222222,100.0,60.5504587156,31.5789473684,56.0956417547
3o4l,33.3333333333,100.0,31.8181818182,26.724137931,54.201497736
5bs0,33.3333333333,86.5921787709,36.2831858407,44.2477876106,53.39699961
5euo,22.2222222222,100.0,32.1428571429,39.8230088496,52.7350517395
