pdb_id,pep_identity,mhc_identity,tcrA_identity,tcrB_identity,total_identity
2vlr,22.2222222222,100.0,87.1559633028,53.1531531532,64.1255934834
5eu6,44.4444444444,100.0,39.8230088496,32.7433628319,60.2425434284
4eup,33.3333333333,100.0,37.8378378378,54.0540540541,59.7597597598
3o4l,33.3333333333,100.0,33.6363636364,29.8245614035,55.0212652844
2f53,11.1111111111,100.0,38.0530973451,55.3571428571,52.6054104041
5bs0,33.3333333333,86.5921787709,36.2831858407,33.9285714286,51.6771302463
