pdb_id,pep_identity,mhc_identity,tcrA_identity,tcrB_identity,total_identity
5eu6,44.4444444444,100.0,36.2068965517,43.9655172414,61.5102171137
5bs0,33.3333333333,86.5921787709,33.6206896552,66.0869565217,56.5931117309
3o4l,33.3333333333,100.0,30.1724137931,26.2711864407,53.8517111501
2vlk,22.2222222222,100.0,27.5862068966,40.0,52.0051085568
3qdj,22.2222222222,100.0,31.0344827586,34.7826086957,51.7102559831
