pdb_id,pep_identity,mhc_identity,tcrA_identity,tcrB_identity,total_identity
2bnq,22.2222222222,100.0,23.6842105263,89.3805309735,59.584864324
3qeq,22.2222222222,100.0,30.2752293578,62.8318584071,56.2585887016
5euo,22.2222222222,100.0,25.2252252252,53.5714285714,53.8735163735
3o4l,33.3333333333,100.0,21.1009174312,29.3103448276,52.8463214876
5bs0,33.3333333333,86.5921787709,22.8070175439,34.8214285714,49.5799117206
