pdb_id,pep_identity,mhc_identity,tcrA_identity,tcrB_identity,total_identity
4eup,33.3333333333,100.0,83.4862385321,58.5585585586,68.1185772929
5eu6,44.4444444444,100.0,41.592920354,34.5132743363,60.8325139299
3o4l,33.3333333333,100.0,39.8148148148,31.8584070796,56.3899814269
2bnq,22.2222222222,100.0,40.7079646018,48.6486486486,55.6335096158
