pdb_id,pep_identity,mhc_identity,tcrA_identity,tcrB_identity,total_identity
5eu6,44.4444444444,100.0,40.7079646018,57.0175438596,64.4357328917
3o4l,33.3333333333,100.0,85.4368932039,28.4482758621,63.4253059554
4eup,33.3333333333,100.0,41.2844036697,29.8245614035,56.2959386233
5bs0,33.3333333333,86.5921787709,38.9380530973,41.2280701754,53.3361912469
5euo,22.2222222222,100.0,34.5454545455,31.5789473684,51.7614743931
