pdb_id,pep_identity,mhc_identity,tcrA_identity,tcrB_identity,total_identity
4eup,33.3333333333,100.0,30.701754386,57.6576576577,59.1710131184
3o4l,33.3333333333,100.0,33.3333333333,30.0884955752,55.0147492625
5euo,22.2222222222,100.0,32.1739130435,51.8181818182,54.7394232177
2f54,11.1111111111,100.0,33.9130434783,54.954954955,51.8483701092
5bs0,33.3333333333,86.5921787709,33.0434782609,35.1351351351,51.3382729341
