pdb_id,pep_identity,mhc_identity,tcrA_identity,tcrB_identity,total_identity
5eu6,44.4444444444,100.0,91.1504424779,28.6956521739,68.1224972568
4eup,33.3333333333,100.0,41.0714285714,87.610619469,65.8914524512
2bnq,22.2222222222,100.0,88.4955752212,50.4424778761,63.8970829236
5bs0,33.3333333333,86.5921787709,86.7256637168,34.2105263158,60.1312023735
2vlk,22.2222222222,100.0,37.5,56.6371681416,56.4302687643
3o4l,33.3333333333,100.0,38.3928571429,29.3103448276,55.7283114395
