pdb_id,pep_identity,mhc_identity,tcrA_identity,tcrB_identity,total_identity
5eu6,44.4444444444,100.0,44.2477876106,42.4778761062,62.6024254343
5bs0,33.3333333333,86.5921787709,40.7079646018,67.2727272727,57.9719526805
3o4l,33.3333333333,100.0,36.3636363636,26.5486725664,54.9298292661
5euo,22.2222222222,100.0,43.2432432432,41.2844036697,54.8286818929
3qdj,22.2222222222,100.0,40.9090909091,36.036036036,53.5649285649
