pdb_id,pep_identity,mhc_identity,tcrA_identity,tcrB_identity,total_identity
5eu6,44.4444444444,100.0,33.3333333333,36.7521367521,59.8290598291
3qeq,22.2222222222,100.0,30.6306306306,56.0344827586,55.1849263056
3o4l,33.3333333333,100.0,34.2342342342,26.8907563025,54.6319428672
2p5w,11.1111111111,100.0,32.4561403509,72.4137931034,54.5153592794
5euo,22.2222222222,100.0,29.8245614035,50.8620689655,54.1885124689
2e7l,22.2222222222,68.7150837989,70.2702702703,56.8965517241,51.5069056728
5bs0,33.3333333333,86.5921787709,32.4561403509,35.3448275862,51.2753320243
