pdb_id,pep_identity,mhc_identity,tcrA_identity,tcrB_identity,total_identity
5eu6,44.4444444444,100.0,30.701754386,33.3333333333,58.820662768
3o4l,33.3333333333,100.0,29.203539823,26.0869565217,53.6595271686
5euo,22.2222222222,100.0,29.8245614035,33.0357142857,51.2174533556
5bs0,33.3333333333,86.5921787709,30.701754386,33.6283185841,50.6968495298
5men,11.1111111111,100.0,33.6283185841,30.0884955752,47.6565060636
