pdb_id,pep_identity,mhc_identity,tcrA_identity,tcrB_identity,total_identity
5euo,22.2222222222,100.0,41.9642857143,90.990990991,62.899953525
4eup,33.3333333333,100.0,48.1818181818,55.8558558559,61.7840567841
3o4l,33.3333333333,100.0,53.6363636364,30.701754386,58.5007974482
2bnq,22.2222222222,100.0,38.0530973451,49.5495495495,55.3411818899
5bs0,33.3333333333,86.5921787709,38.0530973451,36.6071428571,52.4185440685
5men,11.1111111111,100.0,36.6071428571,52.6785714286,51.917989418
