pdb_id,pep_identity,mhc_identity,tcrA_identity,tcrB_identity,total_identity
5eu6,44.4444444444,100.0,33.3333333333,45.2991452991,61.2535612536
5bs0,33.3333333333,86.5921787709,23.6842105263,67.8260869565,55.2268869486
2vlk,22.2222222222,100.0,27.9279279279,40.0,52.0620620621
3o4l,33.3333333333,100.0,19.8198198198,25.2100840336,51.94942842
3qeq,22.2222222222,100.0,28.8288288288,31.0344827586,50.7179593386
