pdb_id,pep_identity,mhc_identity,tcrA_identity,tcrB_identity,total_identity
5eu6,44.4444444444,100.0,31.8584070796,40.8695652174,60.2694768643
5bs0,33.3333333333,86.5921787709,31.8584070796,66.6666666667,56.3960163258
3o4l,33.3333333333,100.0,31.25,27.3504273504,54.2111823362
3qdj,22.2222222222,100.0,34.8214285714,38.5964912281,52.9770607073
5euo,22.2222222222,100.0,28.3185840708,37.7192982456,51.7470544601
5men,11.1111111111,100.0,36.9369369369,35.9649122807,49.18734524
4qrp,0.0,81.0055865922,86.6071428571,40.8695652174,48.2479802098
