pdb_id,pep_identity,mhc_identity,tcrA_identity,tcrB_identity,total_identity
5eu6,44.4444444444,100.0,40.7079646018,73.5042735043,67.1835211658
3o4l,33.3333333333,100.0,45.1327433628,31.9327731092,57.2886971898
4eup,33.3333333333,100.0,46.017699115,29.9145299145,57.0998159494
