pdb_id,pep_identity,mhc_identity,tcrA_identity,tcrB_identity,total_identity
5eu6,44.4444444444,100.0,33.3333333333,35.3982300885,59.6034087185
3o4l,33.3333333333,100.0,34.2342342342,30.0884955752,55.1648994127
3qeq,22.2222222222,100.0,30.6306306306,52.6785714286,54.6256077506
5bs0,33.3333333333,86.5921787709,32.4561403509,40.0,52.0511940932
2e7l,22.2222222222,68.7150837989,70.2702702703,50.0,50.3574803854
5men,11.1111111111,100.0,28.9473684211,50.4504504505,50.270006849
