pdb_id,pep_identity,mhc_identity,tcrA_identity,tcrB_identity,total_identity
5eu6,44.4444444444,100.0,34.2105263158,34.5132743363,59.6021149235
3o4l,33.3333333333,100.0,31.8584070796,26.3157894737,54.14014387
5bs0,33.3333333333,86.5921787709,32.4561403509,36.6071428571,51.4857179028
2vlk,22.2222222222,100.0,28.3185840708,31.5315315315,50.7157600078
3qeq,22.2222222222,100.0,27.4336283186,28.5714285714,50.0749168891
