pdb_id,pep_identity,mhc_identity,tcrA_identity,tcrB_identity,total_identity
5eu6,44.4444444444,100.0,33.0434782609,33.3333333333,59.2109500805
3qeq,22.2222222222,100.0,40.5405405405,54.8672566372,56.6420402704
5euo,22.2222222222,100.0,31.3043478261,50.8928571429,54.4402749022
3o4l,33.3333333333,100.0,34.2342342342,25.2173913043,54.3530487009
5bs0,33.3333333333,86.5921787709,33.9130434783,33.6283185841,51.2320643785
5men,11.1111111111,100.0,30.4347826087,49.5575221239,50.3690878258
