pdb_id,pep_identity,mhc_identity,tcrA_identity,tcrB_identity,total_identity
3o4l,33.3333333333,100.0,86.5384615385,36.2831858407,64.9147190076
2vlk,22.2222222222,100.0,39.4495412844,90.0,62.3156642881
4eup,33.3333333333,100.0,40.9090909091,55.8558558559,60.5719355719
5eu6,44.4444444444,100.0,41.592920354,31.8584070796,60.3900360538
2bnq,22.2222222222,100.0,38.0530973451,47.7477477477,55.0408815896
5bs0,33.3333333333,86.5921787709,38.0530973451,36.9369369369,52.4735097484
