pdb_id,pep_identity,mhc_identity,tcrA_identity,tcrB_identity,total_identity
5eu6,44.4444444444,100.0,32.4561403509,53.982300885,62.5545550208
3o4l,33.3333333333,100.0,30.701754386,34.7826086957,55.358504958
3qdj,22.2222222222,100.0,40.350877193,31.8584070796,52.7756214528
5bs0,33.3333333333,86.5921787709,30.701754386,40.7079646018,51.8767905327
5euo,22.2222222222,100.0,33.3333333333,30.9734513274,51.4585381842
