pdb_id,pep_identity,mhc_identity,tcrA_identity,tcrB_identity,total_identity
5hho,22.2222222222,100.0,27.4336283186,91.8181818182,60.6160424302
5eu6,44.4444444444,100.0,37.3913043478,33.6283185841,59.9847519701
3qdj,22.2222222222,100.0,30.0884955752,53.1531531532,54.6143488621
3o4l,33.3333333333,100.0,28.3185840708,30.9734513274,54.3264503441
5bs0,33.3333333333,86.5921787709,34.7826086957,36.9369369369,51.9284283069
5men,11.1111111111,100.0,35.3982300885,53.1531531532,51.7956009106
