pdb_id,pep_identity,mhc_identity,tcrA_identity,tcrB_identity,total_identity
5eu6,44.4444444444,100.0,48.6725663717,36.8421052632,62.4005934206
3qdj,22.2222222222,100.0,69.3693693694,30.9734513274,57.4645441902
3o4l,33.3333333333,100.0,39.2857142857,28.6956521739,55.7746721877
5bs0,33.3333333333,86.5921787709,45.1327433628,36.2831858407,53.5444922354
5euo,22.2222222222,100.0,39.2857142857,35.7142857143,53.2407407407
2bnr,11.1111111111,100.0,45.1327433628,33.9285714286,50.2139228356
