pdb_id,pep_identity,mhc_identity,tcrA_identity,tcrB_identity,total_identity
2vlk,22.2222222222,100.0,29.4642857143,90.9090909091,60.802970178
5eu6,44.4444444444,100.0,34.2105263158,33.6283185841,59.4546222981
3qeq,22.2222222222,100.0,31.25,58.9285714286,55.7705026455
3o4l,33.3333333333,100.0,33.0357142857,28.3185840708,54.6701608372
5bs0,33.3333333333,86.5921787709,32.4561403509,36.9369369369,51.5406835827
2f54,11.1111111111,100.0,32.4561403509,47.7477477477,50.4043517201
2e7l,22.2222222222,68.7150837989,67.8571428571,50.0,49.9552924832
