pdb_id,pep_identity,mhc_identity,tcrA_identity,tcrB_identity,total_identity
4eup,33.3333333333,100.0,86.2385321101,30.9734513274,63.9797750174
5eu6,44.4444444444,100.0,43.3628318584,37.3913043478,61.6071708492
3o4l,33.3333333333,100.0,38.8888888889,53.5087719298,59.8440545809
2vlk,22.2222222222,100.0,33.9449541284,31.5789473684,51.6613909902
5bs0,33.3333333333,86.5921787709,38.0530973451,30.4347826087,51.3898173604
