pdb_id,pep_identity,mhc_identity,tcrA_identity,tcrB_identity,total_identity
5eu6,44.4444444444,100.0,25.4385964912,33.6206896552,57.9913625059
3o4l,33.3333333333,100.0,21.1009174312,27.3504273504,52.5196685747
5euo,22.2222222222,100.0,24.3243243243,34.2105263158,50.4965491808
5bs0,33.3333333333,86.5921787709,24.5614035088,36.5217391304,50.1556944746
4mnq,11.1111111111,100.0,21.6216216216,37.3913043478,46.8725246986
