pdb_id,pep_identity,mhc_identity,tcrA_identity,tcrB_identity,total_identity
3qeq,22.2222222222,100.0,33.3333333333,90.350877193,61.3547758285
5eu6,44.4444444444,100.0,33.9130434783,39.1304347826,60.3220611916
3o4l,33.3333333333,100.0,36.9369369369,28.2051282051,55.3014553015
2vlk,22.2222222222,100.0,31.25,55.2631578947,55.1596003899
2f54,11.1111111111,100.0,33.9130434783,62.2807017544,53.0693279091
4mnq,11.1111111111,100.0,31.3043478261,61.4035087719,52.48834647
5bs0,33.3333333333,86.5921787709,32.1739130435,32.4561403509,50.7468462672
