pdb_id,pep_identity,mhc_identity,tcrA_identity,tcrB_identity,total_identity
2vlr,22.2222222222,100.0,29.8245614035,94.5454545455,61.4690767322
5eu6,44.4444444444,100.0,32.4561403509,38.9380530973,60.0471803895
3qdj,22.2222222222,100.0,35.0877192982,49.5495495495,54.8469522154
3o4l,33.3333333333,100.0,30.701754386,30.0884955752,54.5761527713
5bs0,33.3333333333,86.5921787709,29.8245614035,39.6396396396,51.552537542
2f54,11.1111111111,100.0,33.3333333333,50.4504504505,51.001001001
4mnq,11.1111111111,100.0,29.8245614035,49.5495495495,50.2660555292
2e7l,22.2222222222,68.7150837989,60.5263157895,52.7272727273,49.1880334265
