pdb_id,pep_identity,mhc_identity,tcrA_identity,tcrB_identity,total_identity
2bnq,22.2222222222,100.0,34.7826086957,80.3571428571,59.9306993329
3qeq,22.2222222222,100.0,26.0869565217,58.9285714286,54.9099953991
2vlk,22.2222222222,100.0,28.6956521739,54.5454545455,54.6142585273
3o4l,33.3333333333,100.0,31.3043478261,28.0701754386,54.3401983219
5bs0,33.3333333333,86.5921787709,32.1739130435,36.3636363636,51.3980956026
2e7l,22.2222222222,68.7150837989,66.9565217391,56.880733945,50.9519779544
