pdb_id,pep_identity,mhc_identity,tcrA_identity,tcrB_identity,total_identity
4eup,33.3333333333,100.0,84.4036697248,35.3982300885,64.4114277467
5eu6,44.4444444444,100.0,42.4778761062,46.0869565217,62.9089535861
5bs0,33.3333333333,86.5921787709,39.8230088496,60.1769911504,56.6418373681
3o4l,33.3333333333,100.0,40.9090909091,26.724137931,55.7166492511
5euo,22.2222222222,100.0,35.7142857143,39.2857142857,53.2407407407
