pdb_id,pep_identity,mhc_identity,tcrA_identity,tcrB_identity,total_identity
5eu6,44.4444444444,100.0,41.592920354,41.592920354,62.0124549328
5bs0,33.3333333333,86.5921787709,38.0530973451,66.6666666667,57.4284647034
3o4l,33.3333333333,100.0,36.3636363636,28.9473684211,55.3296119086
2vlk,22.2222222222,100.0,44.5454545455,39.6396396396,54.7715897716
3qdj,22.2222222222,100.0,37.2727272727,40.5405405405,53.7096187096
4mnq,11.1111111111,100.0,38.9380530973,37.8378378378,49.8330188596
