pdb_id,pep_identity,mhc_identity,tcrA_identity,tcrB_identity,total_identity
2vlk,22.2222222222,100.0,25.4385964912,86.8421052632,59.4541910331
5eu6,44.4444444444,100.0,34.2105263158,31.8965517241,59.1659944881
3qeq,22.2222222222,100.0,27.1929824561,57.3913043478,54.8381218747
3o4l,33.3333333333,100.0,30.701754386,28.2051282051,54.2622582096
5bs0,33.3333333333,86.5921787709,31.5789473684,34.7826086957,51.0354300454
5men,11.1111111111,100.0,29.8245614035,46.0869565217,49.6889566912
2e7l,22.2222222222,68.7150837989,62.2807017544,48.2456140351,48.7334879719
