pdb_id,pep_identity,mhc_identity,tcrA_identity,tcrB_identity,total_identity
5eu6,44.4444444444,100.0,36.2068965517,33.3333333333,59.7381864623
3o4l,33.3333333333,100.0,34.4827586207,22.6086956522,53.9596868233
3qeq,22.2222222222,100.0,31.8965517241,34.5132743363,51.8090450841
5euo,22.2222222222,100.0,32.7586206897,31.25,51.408844189
5bs0,33.3333333333,86.5921787709,32.7586206897,35.3982300885,51.3346458311
2p5e,11.1111111111,100.0,35.3448275862,29.4642857143,47.8385559205
