pdb_id,pep_identity,mhc_identity,tcrA_identity,tcrB_identity,total_identity
2vlk,22.2222222222,100.0,51.8181818182,90.0,64.3771043771
5eu6,44.4444444444,100.0,34.2105263158,31.8584070796,59.1596370474
4eup,33.3333333333,100.0,32.4324324324,54.954954955,59.009009009
3o4l,33.3333333333,100.0,28.8288288288,30.0884955752,54.2639985118
5men,11.1111111111,100.0,39.0909090909,50.9090909091,52.037037037
2f54,11.1111111111,100.0,35.0877192982,54.0540540541,51.8939992624
