pdb_id,pep_identity,mhc_identity,tcrA_identity,tcrB_identity,total_identity
2bnq,22.2222222222,100.0,34.2105263158,90.1785714286,61.4722570315
4mnq,11.1111111111,100.0,36.6071428571,91.8918918919,58.4535428285
3qeq,22.2222222222,100.0,44.6428571429,59.8214285714,58.1514550265
2vlk,22.2222222222,100.0,52.6785714286,50.4504504505,57.9289110539
3o4l,33.3333333333,100.0,29.203539823,30.701754386,54.4286601459
5bs0,33.3333333333,86.5921787709,34.2105263158,33.3333333333,51.2324806429
