pdb_id,pep_identity,mhc_identity,tcrA_identity,tcrB_identity,total_identity
5eu6,44.4444444444,100.0,37.3913043478,38.7931034483,60.8455494475
3o4l,33.3333333333,100.0,29.5652173913,23.0769230769,53.2181345225
5bs0,33.3333333333,86.5921787709,34.7826086957,40.350877193,52.4974183495
2vlk,22.2222222222,100.0,26.9565217391,38.9380530973,51.7231698802
3qeq,22.2222222222,100.0,28.6956521739,33.9130434783,51.1755233494
2f54,11.1111111111,100.0,38.2608695652,31.5789473684,48.677006526
