pdb_id,pep_identity,mhc_identity,tcrA_identity,tcrB_identity,total_identity
5eu6,44.4444444444,100.0,31.8584070796,42.9824561404,60.6216253515
5bs0,33.3333333333,86.5921787709,30.9734513274,90.2654867257,60.1816603769
3o4l,33.3333333333,100.0,32.1428571429,26.724137931,54.2556102901
2vlk,22.2222222222,100.0,31.25,38.9380530973,52.4387495903
3qdj,22.2222222222,100.0,36.6071428571,30.9734513274,52.0041731048
