pdb_id,pep_identity,mhc_identity,tcrA_identity,tcrB_identity,total_identity
2bnq,22.2222222222,100.0,29.203539823,86.8421052632,60.0816815884
3qeq,22.2222222222,100.0,32.1100917431,58.7719298246,55.8877443354
3o4l,33.3333333333,100.0,32.1100917431,32.4786324786,55.2092318147
2vlk,22.2222222222,100.0,26.3636363636,49.1228070175,53.3218146376
5bs0,33.3333333333,86.5921787709,29.203539823,33.3333333333,50.3979828942
