pdb_id,pep_identity,mhc_identity,tcrA_identity,tcrB_identity,total_identity
2vlr,22.2222222222,100.0,31.25,94.5945945946,61.7148398398
4eup,33.3333333333,100.0,34.8214285714,58.0357142857,59.9206349206
3o4l,33.3333333333,100.0,31.25,29.5652173913,54.5803140097
5bs0,33.3333333333,86.5921787709,33.3333333333,39.2857142857,52.0783453046
2p5w,11.1111111111,100.0,33.3333333333,49.5575221239,50.8521796132
4mnq,11.1111111111,100.0,26.3157894737,49.5575221239,49.68258897
