pdb_id,pep_identity,mhc_identity,tcrA_identity,tcrB_identity,total_identity
4eup,33.3333333333,100.0,33.9285714286,57.1428571429,59.623015873
5euo,22.2222222222,100.0,31.5789473684,53.5714285714,54.932470064
3o4l,33.3333333333,100.0,32.7272727273,25.2173913043,54.1018884497
2p5w,11.1111111111,100.0,32.4561403509,55.7522123894,51.7384291604
5bs0,33.3333333333,86.5921787709,31.5789473684,34.5132743363,50.9905409855
2e7l,22.2222222222,68.7150837989,58.5585585586,53.5714285714,49.0007665287
