pdb_id,pep_identity,mhc_identity,tcrA_identity,tcrB_identity,total_identity
5eu6,44.4444444444,100.0,49.5575221239,46.9026548673,64.2248443133
4eup,33.3333333333,100.0,46.9026548673,36.036036036,58.267559595
5bs0,33.3333333333,86.5921787709,38.9380530973,62.7272727273,56.9193916722
3o4l,33.3333333333,100.0,45.1327433628,27.4336283186,56.5388397247
5euo,22.2222222222,100.0,34.5132743363,40.3669724771,53.2207818763
