pdb_id,pep_identity,mhc_identity,tcrA_identity,tcrB_identity,total_identity
5eu6,44.4444444444,100.0,23.6842105263,34.2105263158,57.7972709552
3o4l,33.3333333333,100.0,20.5607476636,24.347826087,51.9292067362
5bs0,33.3333333333,86.5921787709,22.8070175439,38.0530973451,50.1185231829
5men,11.1111111111,100.0,22.5225225225,32.7433628319,46.2480179294
