pdb_id,pep_identity,mhc_identity,tcrA_identity,tcrB_identity,total_identity
5eu6,44.4444444444,100.0,43.3628318584,40.7079646018,62.1599475582
5bs0,33.3333333333,86.5921787709,40.7079646018,66.6666666667,57.8709425795
3o4l,33.3333333333,100.0,37.5,27.4336283186,55.2667158309
2vlk,22.2222222222,100.0,37.5,38.1818181818,53.3543771044
3qdj,22.2222222222,100.0,38.3928571429,34.2342342342,52.8452559703
