pdb_id,pep_identity,mhc_identity,tcrA_identity,tcrB_identity,total_identity
5eu6,44.4444444444,100.0,42.4778761062,61.4035087719,65.4617122945
4eup,33.3333333333,100.0,85.3211009174,33.3333333333,64.2201834862
3o4l,33.3333333333,100.0,40.3669724771,28.4482758621,55.913652501
5bs0,33.3333333333,86.5921787709,39.8230088496,43.3628318584,53.8394774861
2vlk,22.2222222222,100.0,35.7798165138,38.0530973451,53.0462263839
2bnq,22.2222222222,100.0,41.592920354,30.701754386,52.7898531974
