pdb_id,pep_identity,mhc_identity,tcrA_identity,tcrB_identity,total_identity
5eu6,44.4444444444,100.0,33.3333333333,65.4867256637,64.618157981
4eup,33.3333333333,100.0,29.203539823,32.1428571429,54.6688439388
3o4l,33.3333333333,100.0,32.7433628319,27.1929824561,54.4338353258
5bs0,33.3333333333,86.5921787709,31.5789473684,46.9026548673,53.0554377407
5euo,22.2222222222,100.0,28.9473684211,37.5,51.8153021442
