pdb_id,pep_identity,mhc_identity,tcrA_identity,tcrB_identity,total_identity
5eu6,44.4444444444,100.0,33.3333333333,36.8421052632,59.8440545809
3o4l,33.3333333333,100.0,30.6306306306,25.2173913043,53.7524481003
5euo,22.2222222222,100.0,31.5789473684,33.9285714286,51.6586605402
5bs0,33.3333333333,86.5921787709,30.701754386,38.0530973451,51.4343126566
3qeq,22.2222222222,100.0,27.9279279279,30.0884955752,50.4101446579
5men,11.1111111111,100.0,32.4561403509,32.7433628319,47.9036209008
