pdb_id,pep_identity,mhc_identity,tcrA_identity,tcrB_identity,total_identity
5eu6,44.4444444444,100.0,24.347826087,37.7192982456,58.4926688702
3o4l,33.3333333333,100.0,18.75,24.347826087,51.6274154589
5euo,22.2222222222,100.0,25.8928571429,36.036036036,51.0622229372
5bs0,33.3333333333,86.5921787709,23.4782608696,39.2857142857,50.4358332273
