pdb_id,pep_identity,mhc_identity,tcrA_identity,tcrB_identity,total_identity
5eu6,44.4444444444,100.0,88.4955752212,51.7543859649,71.5231416792
2bnq,22.2222222222,100.0,86.7256637168,33.6283185841,60.7997377909
5bs0,33.3333333333,86.5921787709,81.4159292035,40.7079646018,60.3291530023
4eup,33.3333333333,100.0,40.5405405405,36.2831858407,57.2483988413
