pdb_id,pep_identity,mhc_identity,tcrA_identity,tcrB_identity,total_identity
4eup,33.3333333333,100.0,32.7433628319,86.8421052632,64.3753557936
5eu6,44.4444444444,100.0,32.4561403509,31.8965517241,58.8735968273
2vlk,22.2222222222,100.0,30.9734513274,56.1403508772,55.2597077748
3o4l,33.3333333333,100.0,31.8584070796,27.3504273504,54.3125835161
