pdb_id,pep_identity,mhc_identity,tcrA_identity,tcrB_identity,total_identity
5eu6,44.4444444444,100.0,37.3913043478,33.0434782609,59.8872785829
3o4l,33.3333333333,100.0,28.9473684211,53.5087719298,58.1871345029
5bs0,33.3333333333,86.5921787709,35.652173913,27.8260869565,50.5548808464
2p5e,11.1111111111,100.0,42.6086956522,37.7192982456,50.42503602
3qeq,22.2222222222,100.0,28.9473684211,28.6956521739,50.3479108399
2vlk,22.2222222222,100.0,27.1929824561,29.8245614035,50.2436647173
