pdb_id,pep_identity,mhc_identity,tcrA_identity,tcrB_identity,total_identity
2vlk,22.2222222222,100.0,29.203539823,92.7927927928,61.0734628434
5eu6,44.4444444444,100.0,35.652173913,36.2831858407,60.1373747738
3o4l,33.3333333333,100.0,30.0884955752,31.5789473684,54.7223516017
3qdj,22.2222222222,100.0,31.8584070796,51.7857142857,54.681427635
5bs0,33.3333333333,86.5921787709,34.7826086957,39.2857142857,52.3198911983
2f54,11.1111111111,100.0,35.652173913,51.3513513514,51.5376245811
