pdb_id,pep_identity,mhc_identity,tcrA_identity,tcrB_identity,total_identity
5eu6,44.4444444444,100.0,41.592920354,78.0701754386,68.0919974469
5men,11.1111111111,100.0,86.3636363636,33.3333333333,56.9865319865
4eup,33.3333333333,100.0,32.7272727273,33.3333333333,55.4545454545
3o4l,33.3333333333,100.0,33.3333333333,31.0344827586,55.1724137931
