pdb_id,pep_identity,mhc_identity,tcrA_identity,tcrB_identity,total_identity
5eu6,44.4444444444,100.0,22.8070175439,45.2173913043,59.4855496228
5bs0,33.3333333333,86.5921787709,24.5614035088,56.6371681416,53.5082659765
3o4l,33.3333333333,100.0,20.5607476636,29.0598290598,52.714540565
2vlk,22.2222222222,100.0,28.7037037037,37.1681415929,51.7193816235
3qeq,22.2222222222,100.0,29.9065420561,34.2105263158,51.4269188027
