pdb_id,pep_identity,mhc_identity,tcrA_identity,tcrB_identity,total_identity
4eup,33.3333333333,100.0,83.4862385321,32.1428571429,63.7159603903
3o4l,33.3333333333,100.0,39.8148148148,24.347826087,55.1382179281
2bnq,22.2222222222,100.0,41.592920354,37.5,53.9228941331
5bs0,33.3333333333,86.5921787709,39.8230088496,38.0530973451,52.9545217339
2vlk,22.2222222222,100.0,34.8623853211,34.8214285714,52.3547097228
