pdb_id,pep_identity,mhc_identity,tcrA_identity,tcrB_identity,total_identity
2vlk,22.2222222222,100.0,94.3396226415,92.7272727273,71.9185566355
5eu6,44.4444444444,100.0,37.1681415929,33.6283185841,59.9475581776
4eup,33.3333333333,100.0,36.6972477064,54.954954955,59.7198115547
