pdb_id,pep_identity,mhc_identity,tcrA_identity,tcrB_identity,total_identity
5eu6,44.4444444444,100.0,34.2105263158,34.2105263158,59.5516569201
3o4l,33.3333333333,100.0,29.8245614035,27.8260869565,54.0528858378
5bs0,33.3333333333,86.5921787709,32.4561403509,36.2831858407,51.4317250667
2vlk,22.2222222222,100.0,28.0701754386,34.8214285714,51.2226747424
3qeq,22.2222222222,100.0,27.1929824561,27.4336283186,49.8451758699
4mnq,11.1111111111,100.0,28.0701754386,38.0530973451,48.057582501
