pdb_id,pep_identity,mhc_identity,tcrA_identity,tcrB_identity,total_identity
5eu6,44.4444444444,100.0,35.0877192982,41.592920354,60.9282547569
5bs0,33.3333333333,86.5921787709,32.4561403509,66.6666666667,56.4956385377
3o4l,33.3333333333,100.0,33.3333333333,28.9473684211,54.8245614035
3qdj,22.2222222222,100.0,37.7192982456,40.5405405405,53.7840472051
5euo,22.2222222222,100.0,32.4561403509,39.6396396396,52.7567040725
