pdb_id,pep_identity,mhc_identity,tcrA_identity,tcrB_identity,total_identity
5eu6,44.4444444444,100.0,37.1681415929,34.2105263158,60.0445927996
3o4l,33.3333333333,100.0,52.7272727273,24.347826087,57.2902942468
5euo,22.2222222222,100.0,37.5,33.9285714286,52.6455026455
5bs0,33.3333333333,86.5921787709,35.3982300885,38.0530973451,52.217058607
3qeq,22.2222222222,100.0,32.7272727273,29.203539823,51.0625428325
2p5e,11.1111111111,100.0,34.5132743363,37.5,49.0392494264
