pdb_id,pep_identity,mhc_identity,tcrA_identity,tcrB_identity,total_identity
2bnq,22.2222222222,100.0,42.4778761062,89.2857142857,62.7013391394
5men,11.1111111111,100.0,31.5315315315,90.1785714286,57.3220541971
3qdj,22.2222222222,100.0,36.036036036,63.3928571429,57.3122229372
2vlk,22.2222222222,100.0,26.7857142857,54.0540540541,54.214035464
3o4l,33.3333333333,100.0,28.5714285714,28.6956521739,53.988957902
5bs0,33.3333333333,86.5921787709,33.6283185841,34.2342342342,51.2855961711
