pdb_id,pep_identity,mhc_identity,tcrA_identity,tcrB_identity,total_identity
5eu6,44.4444444444,100.0,47.7876106195,40.8695652174,62.924344121
5bs0,33.3333333333,86.5921787709,44.2477876106,64.0350877193,58.0223165897
3qdj,22.2222222222,100.0,66.6666666667,33.3333333333,57.4074074074
3o4l,33.3333333333,100.0,38.3928571429,27.3504273504,55.4016585267
2vlk,22.2222222222,100.0,36.6071428571,36.8421052632,52.9822820941
