pdb_id,pep_identity,mhc_identity,tcrA_identity,tcrB_identity,total_identity
3qdj,22.2222222222,100.0,91.6666666667,91.9642857143,71.3458994709
5eu6,44.4444444444,100.0,43.3628318584,35.3982300885,61.274991806
2bnq,22.2222222222,100.0,41.592920354,62.5,58.0895607997
