pdb_id,pep_identity,mhc_identity,tcrA_identity,tcrB_identity,total_identity
4eup,33.3333333333,100.0,86.2385321101,49.5575221239,67.0771201501
5eu6,44.4444444444,100.0,42.4778761062,32.1739130435,60.5901130064
2bnq,22.2222222222,100.0,40.7079646018,56.6371681416,56.9649295313
3o4l,33.3333333333,100.0,38.8888888889,26.724137931,55.3799489144
2vlk,22.2222222222,100.0,35.7798165138,49.5575221239,54.9636305137
