pdb_id,pep_identity,mhc_identity,tcrA_identity,tcrB_identity,total_identity
5eu6,44.4444444444,100.0,36.5217391304,45.6140350877,61.8374438512
5bs0,33.3333333333,86.5921787709,32.1739130435,61.6071428571,55.6053466849
3o4l,33.3333333333,100.0,28.5714285714,26.0869565217,53.5541752933
2vlk,22.2222222222,100.0,26.7857142857,39.6396396396,51.8116330616
3qdj,22.2222222222,100.0,29.4642857143,35.3982300885,51.5511600412
