pdb_id,pep_identity,mhc_identity,tcrA_identity,tcrB_identity,total_identity
5eu6,44.4444444444,100.0,38.0530973451,35.3982300885,60.3900360538
3qeq,22.2222222222,100.0,51.376146789,52.6785714286,58.083193777
3o4l,33.3333333333,100.0,32.7272727273,30.0884955752,54.9137391615
5bs0,33.3333333333,86.5921787709,37.1681415929,40.9090909091,52.9880427851
5men,11.1111111111,100.0,38.7387387387,50.4504504505,51.9019019019
