pdb_id,pep_identity,mhc_identity,tcrA_identity,tcrB_identity,total_identity
5eu6,44.4444444444,100.0,43.3628318584,59.649122807,65.3168072591
4eup,33.3333333333,100.0,84.6846846847,27.4336283186,63.130829945
3o4l,33.3333333333,100.0,41.0714285714,26.0869565217,55.6375086266
5bs0,33.3333333333,86.5921787709,39.8230088496,42.9824561404,53.7760815331
2vlk,22.2222222222,100.0,35.7142857143,35.3982300885,52.5928267079
2bnq,22.2222222222,100.0,42.4778761062,28.3185840708,52.5401507702
