pdb_id,pep_identity,mhc_identity,tcrA_identity,tcrB_identity,total_identity
3qdj,22.2222222222,100.0,37.962962963,91.2280701754,62.2725795971
5eu6,44.4444444444,100.0,32.7433628319,36.5217391304,59.6923318085
3o4l,33.3333333333,100.0,29.3577981651,29.9145299145,54.3231657911
2vlk,22.2222222222,100.0,30.2752293578,50.8771929825,54.2661444641
2f54,11.1111111111,100.0,32.7433628319,63.1578947368,53.0205799652
4mnq,11.1111111111,100.0,29.7297297297,62.2807017544,52.3721089511
5bs0,33.3333333333,86.5921787709,31.8584070796,31.5789473684,50.5480631094
