pdb_id,pep_identity,mhc_identity,tcrA_identity,tcrB_identity,total_identity
4eup,33.3333333333,100.0,60.3603603604,56.6371681416,63.9440325281
5euo,22.2222222222,100.0,36.6071428571,92.0353982301,62.1811642553
5eu6,44.4444444444,100.0,38.9380530973,35.652173913,60.5798526499
3o4l,33.3333333333,100.0,33.0357142857,29.3103448276,54.8354542967
5bs0,33.3333333333,86.5921787709,38.9380530973,37.7192982456,52.7513959253
2f53,11.1111111111,100.0,36.2831858407,50.8771929825,51.5637668409
