pdb_id,pep_identity,mhc_identity,tcrA_identity,tcrB_identity,total_identity
5eu6,44.4444444444,100.0,87.610619469,61.4035087719,72.9838361883
5bs0,33.3333333333,86.5921787709,83.185840708,44.7368421053,61.295617837
2bnq,22.2222222222,100.0,85.8407079646,30.701754386,60.1644844658
