pdb_id,pep_identity,mhc_identity,tcrA_identity,tcrB_identity,total_identity
5eu6,44.4444444444,100.0,47.7876106195,61.0619469027,66.2897410685
4eup,33.3333333333,100.0,42.3423423423,32.7433628319,56.9587286401
3o4l,33.3333333333,100.0,34.5454545455,29.5652173913,55.1295564339
5bs0,33.3333333333,86.5921787709,46.017699115,42.4778761062,54.7244332383
2vlk,22.2222222222,100.0,41.8181818182,36.2831858407,53.7576353506
2bnq,22.2222222222,100.0,46.017699115,31.8584070796,53.7200917732
