pdb_id,pep_identity,mhc_identity,tcrA_identity,tcrB_identity,total_identity
5eu6,44.4444444444,100.0,33.3333333333,39.4736842105,60.2826510721
3qdj,22.2222222222,100.0,31.25,61.9469026549,56.2735578499
2f54,11.1111111111,100.0,31.5789473684,75.2212389381,54.8370680881
3o4l,33.3333333333,100.0,32.1428571429,28.4482758621,54.5429666119
5euo,22.2222222222,100.0,28.9473684211,53.0973451327,54.4148596664
2e7l,22.2222222222,68.7150837989,67.8571428571,58.407079646,51.3564724242
5bs0,33.3333333333,86.5921787709,31.5789473684,35.3982300885,51.1380336109
