pdb_id,pep_identity,mhc_identity,tcrA_identity,tcrB_identity,total_identity
5eu6,44.4444444444,100.0,89.3805309735,35.0877192982,68.8928565268
2bnq,22.2222222222,100.0,90.2654867257,33.6283185841,61.3897082924
3o4l,33.3333333333,100.0,38.7387387387,55.3571428571,60.1270913771
5bs0,33.3333333333,86.5921787709,83.185840708,30.9734513274,59.001719374
4eup,33.3333333333,100.0,40.5405405405,31.25,56.4095345345
