pdb_id,pep_identity,mhc_identity,tcrA_identity,tcrB_identity,total_identity
4eup,33.3333333333,100.0,84.4036697248,34.2342342342,64.2174284376
5eu6,44.4444444444,100.0,42.4778761062,38.9380530973,61.7174696821
3o4l,33.3333333333,100.0,40.3669724771,24.5614035088,55.2658404421
5bs0,33.3333333333,86.5921787709,39.8230088496,40.1785714286,53.3087674144
2vlk,22.2222222222,100.0,35.7798165138,34.2342342342,52.4097491987
