pdb_id,pep_identity,mhc_identity,tcrA_identity,tcrB_identity,total_identity
5eu6,44.4444444444,100.0,33.3333333333,35.9649122807,59.6978557505
3o4l,33.3333333333,100.0,29.8245614035,25.2173913043,53.6181032291
5bs0,33.3333333333,86.5921787709,33.3333333333,38.0530973451,51.8729091478
5euo,22.2222222222,100.0,29.8245614035,33.9285714286,51.3662628794
3qeq,22.2222222222,100.0,27.1929824561,29.203539823,50.1401611206
2p5e,11.1111111111,100.0,40.350877193,33.9285714286,49.4169451406
