pdb_id,pep_identity,mhc_identity,tcrA_identity,tcrB_identity,total_identity
3o4l,33.3333333333,100.0,52.2935779817,56.25,62.5350407747
5eu6,44.4444444444,100.0,35.3982300885,32.4561403509,59.457209888
3qdj,22.2222222222,100.0,44.9541284404,38.9380530973,54.722770997
2vlk,22.2222222222,100.0,35.7798165138,31.25,51.9123768264
5bs0,33.3333333333,86.5921787709,35.3982300885,30.0884955752,50.8896249787
