pdb_id,pep_identity,mhc_identity,tcrA_identity,tcrB_identity,total_identity
5eu6,44.4444444444,100.0,35.652173913,57.8947368421,63.7392999407
3o4l,33.3333333333,100.0,29.203539823,33.6206896552,54.9151493575
4eup,33.3333333333,100.0,28.3185840708,30.701754386,54.2811675206
3ffc,11.1111111111,81.0055865922,53.0973451327,87.1794871795,54.0850379531
5bs0,33.3333333333,86.5921787709,34.7826086957,41.2280701754,52.6436171799
5euo,22.2222222222,100.0,27.8260869565,35.0877192982,51.2263751165
