pdb_id,pep_identity,mhc_identity,tcrA_identity,tcrB_identity,total_identity
5eu6,44.4444444444,100.0,32.7433628319,59.2920353982,63.4873811865
3o4l,33.3333333333,100.0,30.6306306306,27.8260869565,54.187230709
3qdj,22.2222222222,100.0,39.0909090909,38.0530973451,53.5980751467
5bs0,33.3333333333,86.5921787709,32.7433628319,42.4778761062,52.5120438578
2vlk,22.2222222222,100.0,29.7297297297,31.8584070796,51.005430209
