pdb_id,pep_identity,mhc_identity,tcrA_identity,tcrB_identity,total_identity
5euo,22.2222222222,100.0,94.495412844,30.3571428571,61.5495000243
5eu6,44.4444444444,100.0,38.0530973451,33.3333333333,60.0458865946
3o4l,33.3333333333,100.0,33.6363636364,25.2173913043,54.2534036012
3qeq,22.2222222222,100.0,50.4587155963,26.5486725664,53.5753054345
5bs0,33.3333333333,86.5921787709,37.1681415929,35.3982300885,52.0695659817
