pdb_id,pep_identity,mhc_identity,tcrA_identity,tcrB_identity,total_identity
4eup,33.3333333333,100.0,20.0,60.3603603604,57.8378378378
5euo,22.2222222222,100.0,24.3243243243,56.880733945,54.274917119
4mnq,11.1111111111,100.0,21.6216216216,57.6576576577,50.2502502503
5bs0,33.3333333333,86.5921787709,22.8070175439,37.2727272727,49.9884615042
