pdb_id,pep_identity,mhc_identity,tcrA_identity,tcrB_identity,total_identity
4eup,33.3333333333,100.0,87.1559633028,52.6785714286,67.750200233
2bnq,22.2222222222,100.0,41.592920354,89.2857142857,62.553846514
5eu6,44.4444444444,100.0,43.3628318584,38.0530973451,61.7174696821
5men,11.1111111111,100.0,32.4324324324,89.2857142857,57.3233948234
3o4l,33.3333333333,100.0,48.1481481481,28.6956521739,57.2517444981
2vlr,22.2222222222,100.0,36.6972477064,52.6785714286,55.6367105966
