pdb_id,pep_identity,mhc_identity,tcrA_identity,tcrB_identity,total_identity
5euo,22.2222222222,100.0,31.3043478261,90.1785714286,60.9878939499
5eu6,44.4444444444,100.0,33.9130434783,33.3333333333,59.3558776167
3qdj,22.2222222222,100.0,33.9130434783,53.982300885,55.3899648013
3o4l,33.3333333333,100.0,29.5652173913,30.4347826087,54.4444444444
5men,11.1111111111,100.0,32.1739130435,53.982300885,51.3964060251
5bs0,33.3333333333,86.5921787709,29.5652173913,38.0530973451,51.2448898242
