pdb_id,pep_identity,mhc_identity,tcrA_identity,tcrB_identity,total_identity
5eu6,44.4444444444,100.0,89.3805309735,38.0530973451,69.3870862012
2bnq,22.2222222222,100.0,84.9557522124,59.8214285714,64.8702708714
4eup,33.3333333333,100.0,45.045045045,55.3571428571,61.1781424281
5bs0,33.3333333333,86.5921787709,84.0707964602,35.1351351351,59.8428259673
5euo,22.2222222222,100.0,36.2831858407,56.7567567568,56.2473978403
3o4l,33.3333333333,100.0,39.6396396396,28.6956521739,55.8336597467
