pdb_id,pep_identity,mhc_identity,tcrA_identity,tcrB_identity,total_identity
4eup,33.3333333333,100.0,91.7431192661,34.2342342342,65.4406700278
5eu6,44.4444444444,100.0,44.2477876106,34.5132743363,61.274991806
3o4l,33.3333333333,100.0,39.0909090909,26.3157894737,55.3455608719
5bs0,33.3333333333,86.5921787709,41.592920354,40.1785714286,53.6037526652
2bnq,22.2222222222,100.0,42.4778761062,33.3333333333,53.375942314
2vlk,22.2222222222,100.0,36.3636363636,34.2342342342,52.5070525071
