pdb_id,pep_identity,mhc_identity,tcrA_identity,tcrB_identity,total_identity
5eu6,44.4444444444,100.0,33.3333333333,33.6283185841,59.3084234677
5euo,22.2222222222,100.0,32.4561403509,53.6363636364,55.0894914053
3o4l,33.3333333333,100.0,31.5789473684,30.9734513274,54.8698442271
3qeq,22.2222222222,100.0,26.3157894737,54.4642857143,54.2040866054
5bs0,33.3333333333,86.5921787709,32.4561403509,36.036036036,51.3905334326
4mnq,11.1111111111,100.0,27.1929824561,54.954954955,50.7283599389
2e7l,22.2222222222,68.7150837989,56.1403508772,52.7272727273,48.4570392744
