pdb_id,pep_identity,mhc_identity,tcrA_identity,tcrB_identity,total_identity
5eu6,44.4444444444,100.0,37.3913043478,35.9649122807,60.3741842529
3o4l,33.3333333333,100.0,28.9473684211,26.0869565217,53.6168319349
5bs0,33.3333333333,86.5921787709,34.7826086957,38.0530973451,52.1144550416
3qdj,22.2222222222,100.0,30.701754386,32.7433628319,51.3149269437
5euo,22.2222222222,100.0,27.8260869565,33.9285714286,51.0331838049
2f54,11.1111111111,100.0,36.5217391304,33.9285714286,48.7787554635
