pdb_id,pep_identity,mhc_identity,tcrA_identity,tcrB_identity,total_identity
2vlk,22.2222222222,100.0,46.7889908257,94.5454545455,64.2964816359
4eup,33.3333333333,100.0,48.1818181818,57.6576576577,62.0843570844
5eu6,44.4444444444,100.0,38.9380530973,36.2831858407,60.6850213045
3o4l,33.3333333333,100.0,55.0458715596,30.0884955752,58.6335056336
5bs0,33.3333333333,86.5921787709,38.0530973451,38.7387387387,52.7738100487
