pdb_id,pep_identity,mhc_identity,tcrA_identity,tcrB_identity,total_identity
5eu6,44.4444444444,100.0,33.3333333333,37.7192982456,59.9902534113
3o4l,33.3333333333,100.0,28.0701754386,25.2173913043,53.3257055683
5bs0,33.3333333333,86.5921787709,31.5789473684,41.9642857143,52.2323762152
5euo,22.2222222222,100.0,29.8245614035,37.8378378378,52.017807281
3qeq,22.2222222222,100.0,27.1929824561,30.0884955752,50.287653746
5men,11.1111111111,100.0,37.5,32.7433628319,48.7442641757
