pdb_id,pep_identity,mhc_identity,tcrA_identity,tcrB_identity,total_identity
5eu6,44.4444444444,100.0,43.3628318584,56.0344827586,64.714367251
4eup,33.3333333333,100.0,87.1559633028,31.0344827586,64.1428521213
3o4l,33.3333333333,100.0,40.7407407407,29.6610169492,56.1780707261
2bnq,22.2222222222,100.0,41.592920354,36.2068965517,53.7073768917
5bs0,33.3333333333,86.5921787709,39.8230088496,39.6551724138,53.2215342453
2vlk,22.2222222222,100.0,37.6146788991,31.0344827586,52.1822676837
