pdb_id,pep_identity,mhc_identity,tcrA_identity,tcrB_identity,total_identity
4eup,33.3333333333,100.0,84.4036697248,30.3571428571,63.5712465414
3o4l,33.3333333333,100.0,38.5321100917,56.25,60.2414627931
2bnq,22.2222222222,100.0,40.7079646018,31.8584070796,52.835136021
2vlk,22.2222222222,100.0,36.6972477064,31.25,52.0652820251
5bs0,33.3333333333,86.5921787709,39.8230088496,30.0884955752,51.6270881056
