pdb_id,pep_identity,mhc_identity,tcrA_identity,tcrB_identity,total_identity
3o4l,33.3333333333,100.0,83.0188679245,29.0598290598,63.1242272752
5eu6,44.4444444444,100.0,41.2280701754,37.3913043478,61.2513772354
3qdj,22.2222222222,100.0,41.9642857143,63.1578947368,58.2611041493
2pye,11.1111111111,100.0,42.1052631579,78.9473684211,57.2124756335
5men,11.1111111111,100.0,36.2831858407,77.1929824561,55.9497317532
5euo,22.2222222222,100.0,36.9369369369,53.5087719298,55.8150255519
5bs0,33.3333333333,86.5921787709,39.4736842105,34.2105263158,52.2558724558
