pdb_id,pep_identity,mhc_identity,tcrA_identity,tcrB_identity,total_identity
5eu6,44.4444444444,100.0,36.5217391304,60.0,64.2351046699
3o4l,33.3333333333,100.0,30.4347826087,25.8620689655,53.8272530401
4eup,33.3333333333,100.0,27.8260869565,27.1929824561,53.6142893466
5bs0,33.3333333333,86.5921787709,35.652173913,42.6086956522,53.0186489623
5euo,22.2222222222,100.0,31.3043478261,33.3333333333,51.5136876006
