pdb_id,pep_identity,mhc_identity,tcrA_identity,tcrB_identity,total_identity
5eu6,44.4444444444,100.0,32.4561403509,34.5132743363,59.3097172627
3qeq,22.2222222222,100.0,25.4385964912,68.75,56.4388401559
5men,11.1111111111,100.0,28.0701754386,76.5765765766,54.4781623729
3o4l,33.3333333333,100.0,30.701754386,28.0701754386,54.2397660819
2vlk,22.2222222222,100.0,29.8245614035,50.4504504505,54.1199093831
5bs0,33.3333333333,86.5921787709,33.3333333333,32.4324324324,50.9361316624
2e7l,22.2222222222,68.7150837989,59.649122807,58.5585585586,50.013715568
