pdb_id,pep_identity,mhc_identity,tcrA_identity,tcrB_identity,total_identity
5eu6,44.4444444444,100.0,86.7256637168,56.0344827586,71.9415058941
2bnq,22.2222222222,100.0,86.7256637168,38.7931034483,61.6605352683
5bs0,33.3333333333,86.5921787709,80.5309734513,40.5172413793,60.1498731732
