pdb_id,pep_identity,mhc_identity,tcrA_identity,tcrB_identity,total_identity
4eup,33.3333333333,100.0,85.4545454545,58.0357142857,68.3594877345
2vlr,22.2222222222,100.0,36.036036036,92.8571428571,62.2229372229
5eu6,44.4444444444,100.0,43.3628318584,39.4736842105,61.9542341596
2bnq,22.2222222222,100.0,42.4778761062,50.8928571429,56.3025296156
3o4l,33.3333333333,100.0,39.6396396396,30.4347826087,56.1235148192
