pdb_id,pep_identity,mhc_identity,tcrA_identity,tcrB_identity,total_identity
5eu6,44.4444444444,100.0,38.9380530973,57.0175438596,64.140747641
4eup,33.3333333333,100.0,30.9090909091,30.701754386,54.7129186603
3o4l,33.3333333333,100.0,30.6306306306,30.1724137931,54.5782851817
5euo,22.2222222222,100.0,43.2432432432,37.1681415929,54.1426382134
5bs0,33.3333333333,86.5921787709,38.0530973451,42.4778761062,53.39699961
