pdb_id,pep_identity,mhc_identity,tcrA_identity,tcrB_identity,total_identity
5eu6,44.4444444444,100.0,33.3333333333,42.6086956522,60.8051529791
5euo,22.2222222222,100.0,50.4424778761,36.2831858407,55.1950180269
5bs0,33.3333333333,86.5921787709,33.3333333333,57.8947368421,55.179849064
3o4l,33.3333333333,100.0,27.4336283186,31.0344827586,54.189129624
3qeq,22.2222222222,100.0,42.8571428571,32.4561403509,53.2929546087
5men,11.1111111111,100.0,44.5454545455,32.4561403509,49.8706361864
