pdb_id,pep_identity,mhc_identity,tcrA_identity,tcrB_identity,total_identity
5eu6,44.4444444444,100.0,85.8407079646,29.203539823,67.3221894461
2bnq,22.2222222222,100.0,84.9557522124,54.954954955,64.0591919353
4eup,33.3333333333,100.0,38.7387387387,56.7567567568,60.3603603604
5bs0,33.3333333333,86.5921787709,82.3008849558,33.0357142857,59.1979372417
5euo,22.2222222222,100.0,38.0530973451,50.4504504505,55.49133204
3o4l,33.3333333333,100.0,38.1818181818,25.4385964912,55.04784689
