pdb_id,pep_identity,mhc_identity,tcrA_identity,tcrB_identity,total_identity
5eu6,44.4444444444,100.0,92.0353982301,58.6206896552,73.257496129
5bs0,33.3333333333,86.5921787709,86.7256637168,43.9655172414,61.7570341945
2bnq,22.2222222222,100.0,88.4955752212,26.0869565217,59.8378293646
