pdb_id,pep_identity,mhc_identity,tcrA_identity,tcrB_identity,total_identity
3qeq,22.2222222222,100.0,30.2752293578,87.610619469,60.3883822119
5eu6,44.4444444444,100.0,34.5132743363,35.9649122807,59.8945125843
2vlk,22.2222222222,100.0,30.2752293578,53.982300885,54.7836624479
3o4l,33.3333333333,100.0,30.2752293578,29.3103448276,54.3753734753
5men,11.1111111111,100.0,33.3333333333,66.3716814159,53.6545394952
5bs0,33.3333333333,86.5921787709,31.8584070796,31.8584070796,50.594639728
