pdb_id,pep_identity,mhc_identity,tcrA_identity,tcrB_identity,total_identity
4eup,33.3333333333,100.0,88.0733944954,51.7857142857,67.754295908
2bnq,22.2222222222,100.0,42.4778761062,89.2857142857,62.7013391394
5eu6,44.4444444444,100.0,46.017699115,33.6283185841,61.4224844313
5men,11.1111111111,100.0,32.4324324324,93.6936936937,58.0580580581
3o4l,33.3333333333,100.0,40.9090909091,35.0877192982,57.110579479
2vlk,22.2222222222,100.0,37.2727272727,49.5495495495,55.2111202111
