pdb_id,pep_identity,mhc_identity,tcrA_identity,tcrB_identity,total_identity
5eu6,44.4444444444,100.0,48.6725663717,65.4867256637,67.1746968207
4eup,33.3333333333,100.0,34.2342342342,33.0357142857,55.6561025311
3o4l,33.3333333333,100.0,39.6396396396,27.4336283186,55.6233224375
5bs0,33.3333333333,86.5921787709,45.1327433628,48.6486486486,55.6054027033
2vlk,22.2222222222,100.0,42.7272727273,40.9090909091,54.6801346801
