pdb_id,pep_identity,mhc_identity,tcrA_identity,tcrB_identity,total_identity
3o4l,33.3333333333,100.0,83.9622641509,30.701754386,63.5551142006
5eu6,44.4444444444,100.0,41.2280701754,46.017699115,62.6891096966
5bs0,33.3333333333,86.5921787709,36.8421052632,42.8571428571,53.2583787215
3qdj,22.2222222222,100.0,41.0714285714,33.0357142857,53.0919312169
5euo,22.2222222222,100.0,36.9369369369,35.7142857143,52.8492778493
