pdb_id,pep_identity,mhc_identity,tcrA_identity,tcrB_identity,total_identity
5eu6,44.4444444444,100.0,36.2831858407,34.7826086957,59.9924472375
3o4l,33.3333333333,100.0,59.2233009709,28.4482758621,59.0563739166
2vlk,22.2222222222,100.0,36.4485981308,34.5132743363,52.5677194853
5bs0,33.3333333333,86.5921787709,36.2831858407,35.9649122807,52.0165203883
3qeq,22.2222222222,100.0,31.1320754717,27.1929824561,50.4615837287
4mnq,11.1111111111,100.0,30.9090909091,37.7192982456,48.4751018962
