pdb_id,pep_identity,mhc_identity,tcrA_identity,tcrB_identity,total_identity
4eup,33.3333333333,100.0,60.7142857143,51.3274336283,63.1180643349
2bnq,22.2222222222,100.0,36.8421052632,73.4513274336,59.1229795235
2vlk,22.2222222222,100.0,38.0530973451,49.5575221239,55.3425106522
5men,11.1111111111,100.0,29.7297297297,73.4513274336,54.2338798976
3o4l,33.3333333333,100.0,32.7433628319,25.8620689655,54.2120164107
5bs0,33.3333333333,86.5921787709,40.350877193,34.5132743363,52.4525292896
