pdb_id,pep_identity,mhc_identity,tcrA_identity,tcrB_identity,total_identity
5eu6,44.4444444444,100.0,88.4955752212,35.3982300885,68.7971156998
2bnq,22.2222222222,100.0,87.610619469,56.7567567568,64.8019701117
4eup,33.3333333333,100.0,41.4414414414,60.3603603604,61.4114114114
5bs0,33.3333333333,86.5921787709,82.3008849558,38.3928571429,60.0907943845
2vlk,22.2222222222,100.0,38.1818181818,54.0540540541,56.1133861134
3o4l,33.3333333333,100.0,40.0,25.4385964912,55.350877193
