pdb_id,pep_identity,mhc_identity,tcrA_identity,tcrB_identity,total_identity
4eup,33.3333333333,100.0,34.8623853211,58.5585585586,60.0146017577
3o4l,33.3333333333,100.0,29.3577981651,30.0884955752,54.3521600678
5bs0,33.3333333333,86.5921787709,30.9734513274,40.9090909091,51.9555944075
2p5w,11.1111111111,100.0,31.8584070796,50.0,50.6801048836
