pdb_id,pep_identity,mhc_identity,tcrA_identity,tcrB_identity,total_identity
5eu6,44.4444444444,100.0,40.350877193,64.6017699115,65.6402559989
4eup,33.3333333333,100.0,61.6071428571,31.25,59.9206349206
5bs0,33.3333333333,86.5921787709,42.1052631579,46.9026548673,54.8098237056
3o4l,33.3333333333,100.0,31.8584070796,26.3157894737,54.14014387
5euo,22.2222222222,100.0,35.3982300885,37.5,52.8904457555
