pdb_id,pep_identity,mhc_identity,tcrA_identity,tcrB_identity,total_identity
5eu6,44.4444444444,100.0,36.5217391304,56.6371681416,63.6746326935
3o4l,33.3333333333,100.0,27.8260869565,31.5789473684,54.3452834986
5bs0,33.3333333333,86.5921787709,33.0434782609,41.9642857143,52.4764646973
3qdj,22.2222222222,100.0,28.6956521739,41.0714285714,52.3685875316
