pdb_id,pep_identity,mhc_identity,tcrA_identity,tcrB_identity,total_identity
5eu6,44.4444444444,100.0,38.2608695652,57.5221238938,64.1119803913
4eup,33.3333333333,100.0,29.8245614035,29.203539823,54.2824613155
3o4l,33.3333333333,100.0,28.9473684211,27.1929824561,53.8011695906
5bs0,33.3333333333,86.5921787709,38.2608695652,41.0714285714,53.1972203909
