pdb_id,pep_identity,mhc_identity,tcrA_identity,tcrB_identity,total_identity
5eu6,44.4444444444,100.0,40.7079646018,46.017699115,62.6024254343
5bs0,33.3333333333,86.5921787709,40.7079646018,61.8181818182,57.0628617714
5men,11.1111111111,100.0,86.2385321101,33.3333333333,56.9656812776
3o4l,33.3333333333,100.0,32.4324324324,27.4336283186,54.4221212363
5euo,22.2222222222,100.0,35.7142857143,42.2018348624,53.7267608369
3qdj,22.2222222222,100.0,36.3636363636,36.036036036,52.8073528074
