pdb_id,pep_identity,mhc_identity,tcrA_identity,tcrB_identity,total_identity
5eu6,44.4444444444,100.0,35.652173913,32.4561403509,59.4995338588
3o4l,33.3333333333,100.0,31.3043478261,53.0973451327,58.5113932709
2vlk,22.2222222222,100.0,35.652173913,30.0884955752,51.6975189888
3qeq,22.2222222222,100.0,27.8260869565,35.9649122807,51.3725739469
5bs0,33.3333333333,86.5921787709,33.9130434783,28.0701754386,50.3057071876
