pdb_id,pep_identity,mhc_identity,tcrA_identity,tcrB_identity,total_identity
5eu6,44.4444444444,100.0,43.3628318584,39.8230088496,62.0124549328
5bs0,33.3333333333,86.5921787709,39.8230088496,63.963963964,57.2729995037
3o4l,33.3333333333,100.0,33.3333333333,26.3157894737,54.3859649123
5euo,22.2222222222,100.0,38.3928571429,38.1818181818,53.5031866282
3qdj,22.2222222222,100.0,39.6396396396,34.8214285714,53.1509187759
