pdb_id,pep_identity,mhc_identity,tcrA_identity,tcrB_identity,total_identity
4eup,33.3333333333,100.0,34.8214285714,88.5964912281,65.0140977444
5eu6,44.4444444444,100.0,32.4561403509,29.3103448276,58.4425623446
5euo,22.2222222222,100.0,28.3185840708,60.1769911504,55.4900032776
2bnq,22.2222222222,100.0,31.5789473684,49.1228070175,54.1910331384
3o4l,33.3333333333,100.0,27.4336283186,26.4957264957,53.4326702468
