pdb_id,pep_identity,mhc_identity,tcrA_identity,tcrB_identity,total_identity
5eu6,44.4444444444,100.0,41.592920354,34.5132743363,60.8325139299
3o4l,33.3333333333,100.0,52.7272727273,26.3157894737,57.6182881446
3qdj,22.2222222222,100.0,49.0909090909,29.4642857143,53.8332732083
5euo,22.2222222222,100.0,40.1785714286,34.2342342342,53.1428750179
5bs0,33.3333333333,86.5921787709,39.8230088496,34.8214285714,52.4159102716
