pdb_id,pep_identity,mhc_identity,tcrA_identity,tcrB_identity,total_identity
5eu6,44.4444444444,100.0,43.3628318584,37.1681415929,61.5699770567
3o4l,33.3333333333,100.0,37.2727272727,24.7787610619,54.7863591669
5euo,22.2222222222,100.0,44.1441441441,36.6972477064,54.2143060492
5bs0,33.3333333333,86.5921787709,40.7079646018,40.0,53.4264981351
3qdj,22.2222222222,100.0,40.9090909091,32.4324324324,52.9643279643
5men,11.1111111111,100.0,43.2432432432,33.3333333333,49.7997997998
2p5e,11.1111111111,100.0,42.4778761062,32.4324324324,49.5220884601
