pdb_id,pep_identity,mhc_identity,tcrA_identity,tcrB_identity,total_identity
2vlk,22.2222222222,100.0,29.5652173913,91.9642857143,60.995657925
5eu6,44.4444444444,100.0,35.652173913,38.5964912281,60.5229256717
3qeq,22.2222222222,100.0,32.1739130435,53.0973451327,54.9526171034
3o4l,33.3333333333,100.0,31.3043478261,30.4347826087,54.7342995169
5bs0,33.3333333333,86.5921787709,38.2608695652,38.9380530973,52.8416578119
2f54,11.1111111111,100.0,37.3913043478,50.0,51.6022544283
3ffc,11.1111111111,81.0055865922,85.2173913043,39.3162393162,51.4611710045
