pdb_id,pep_identity,mhc_identity,tcrA_identity,tcrB_identity,total_identity
5eu6,44.4444444444,100.0,32.7433628319,36.2831858407,59.6525729269
3o4l,33.3333333333,100.0,27.027027027,26.3157894737,53.3349138612
2vlk,22.2222222222,100.0,39.0909090909,34.2342342342,52.9615979616
3qeq,22.2222222222,100.0,38.1818181818,28.5714285714,51.8662818663
5bs0,33.3333333333,86.5921787709,31.8584070796,35.7142857143,51.2372861671
2p5w,11.1111111111,100.0,31.8584070796,39.2857142857,48.8943905979
