pdb_id,pep_identity,mhc_identity,tcrA_identity,tcrB_identity,total_identity
5eu6,44.4444444444,100.0,22.8070175439,64.0350877193,62.6218323587
3o4l,33.3333333333,100.0,19.2660550459,26.9565217391,52.1482072419
2vlk,22.2222222222,100.0,27.5229357798,40.1785714286,52.0243252755
5bs0,33.3333333333,86.5921787709,24.5614035088,46.9026548673,51.8858470974
3qeq,22.2222222222,100.0,30.2752293578,33.3333333333,51.3421678559
