pdb_id,pep_identity,mhc_identity,tcrA_identity,tcrB_identity,total_identity
4eup,33.3333333333,100.0,47.2727272727,88.4955752212,67.0724948601
5eu6,44.4444444444,100.0,37.1681415929,28.6956521739,59.1254471093
3o4l,33.3333333333,100.0,51.8181818182,26.724137931,57.5348310693
5euo,22.2222222222,100.0,38.3928571429,60.7142857143,57.2585978836
2bnq,22.2222222222,100.0,38.9380530973,48.6725663717,55.3425106522
