pdb_id,pep_identity,mhc_identity,tcrA_identity,tcrB_identity,total_identity
5eu6,44.4444444444,100.0,36.2831858407,33.6283185841,59.8000655523
3o4l,33.3333333333,100.0,57.1428571429,26.5486725664,58.3930327293
5euo,22.2222222222,100.0,34.5454545455,32.7272727273,51.9528619529
5bs0,33.3333333333,86.5921787709,35.3982300885,34.2342342342,51.5805814219
3qeq,22.2222222222,100.0,30.5555555556,28.5714285714,50.5952380952
2p5e,11.1111111111,100.0,34.5132743363,32.4324324324,48.1946548318
