pdb_id,pep_identity,mhc_identity,tcrA_identity,tcrB_identity,total_identity
5eu6,44.4444444444,100.0,87.610619469,35.3982300885,68.6496230744
2bnq,22.2222222222,100.0,86.7256637168,49.5495495495,63.4532762851
4eup,33.3333333333,100.0,40.5405405405,58.5585585586,60.960960961
5bs0,33.3333333333,86.5921787709,82.3008849558,40.0,60.3586515274
3o4l,33.3333333333,100.0,39.0909090909,30.0884955752,55.9743452221
