pdb_id,pep_identity,mhc_identity,tcrA_identity,tcrB_identity,total_identity
4eup,33.3333333333,100.0,88.0733944954,58.5585585586,68.8831032868
5euo,22.2222222222,100.0,35.7142857143,94.495412844,62.4423571671
5eu6,44.4444444444,100.0,44.2477876106,34.5132743363,61.274991806
3o4l,33.3333333333,100.0,40.7407407407,32.7433628319,56.6917950399
2bnq,22.2222222222,100.0,43.3628318584,48.6486486486,56.0759874919
