pdb_id,pep_identity,mhc_identity,tcrA_identity,tcrB_identity,total_identity
5eu6,44.4444444444,100.0,48.6725663717,34.5132743363,62.0124549328
3qeq,22.2222222222,100.0,44.4444444444,54.4642857143,57.2255291005
2vlk,22.2222222222,100.0,41.2844036697,55.9633027523,56.9486918111
3o4l,33.3333333333,100.0,36.6972477064,30.0884955752,55.5754016581
5bs0,33.3333333333,86.5921787709,46.017699115,38.1818181818,54.0084235842
2p5w,11.1111111111,100.0,48.6725663717,50.0,53.4824647657
5men,11.1111111111,100.0,38.3928571429,50.0,51.7691798942
