pdb_id,pep_identity,mhc_identity,tcrA_identity,tcrB_identity,total_identity
5eu6,44.4444444444,100.0,38.0530973451,68.9655172414,65.9845839126
4eup,33.3333333333,100.0,49.0909090909,34.4827586207,58.373389063
3o4l,33.3333333333,100.0,52.7272727273,28.813559322,58.0345831193
5bs0,33.3333333333,86.5921787709,37.1681415929,47.4137931034,54.0721598175
5euo,22.2222222222,100.0,39.2857142857,37.9310344828,53.6101988688
