pdb_id,pep_identity,mhc_identity,tcrA_identity,tcrB_identity,total_identity
5eu6,44.4444444444,100.0,45.1327433628,38.9380530973,62.1599475582
3qdj,22.2222222222,100.0,48.2142857143,60.7142857143,58.8955026455
3o4l,33.3333333333,100.0,51.7857142857,27.8260869565,57.7130779848
2pye,11.1111111111,100.0,38.0530973451,75.0,55.8792199279
5euo,22.2222222222,100.0,38.3928571429,51.7857142857,55.7705026455
5men,11.1111111111,100.0,34.8214285714,75.0,55.3406084656
5bs0,33.3333333333,86.5921787709,36.2831858407,33.9285714286,51.6771302463
