pdb_id,pep_identity,mhc_identity,tcrA_identity,tcrB_identity,total_identity
5euo,22.2222222222,100.0,28.6956521739,91.8181818182,60.8263797394
5eu6,44.4444444444,100.0,35.652173913,33.6283185841,59.6948968977
3qdj,22.2222222222,100.0,31.25,50.4504504505,54.3574824825
3o4l,33.3333333333,100.0,28.5714285714,29.203539823,54.0736058435
2f54,11.1111111111,100.0,35.652173913,55.8558558559,52.2883753319
5bs0,33.3333333333,86.5921787709,34.7826086957,36.036036036,51.7782781567
