pdb_id,pep_identity,mhc_identity,tcrA_identity,tcrB_identity,total_identity
4eup,33.3333333333,100.0,38.5321100917,58.5585585586,60.6262225528
5euo,22.2222222222,100.0,28.5714285714,53.1531531532,54.3615043615
3o4l,33.3333333333,100.0,29.0909090909,29.8245614035,54.2636895268
5men,11.1111111111,100.0,33.9449541284,56.25,52.0695293918
5bs0,33.3333333333,86.5921787709,31.8584070796,35.7142857143,51.2372861671
