pdb_id,pep_identity,mhc_identity,tcrA_identity,tcrB_identity,total_identity
5eu6,44.4444444444,100.0,25.2173913043,41.592920354,59.2832000912
5bs0,33.3333333333,86.5921787709,22.6086956522,67.5675675676,55.0045479047
3o4l,33.3333333333,100.0,21.4285714286,28.9473684211,52.8404344194
3qeq,22.2222222222,100.0,30.3571428571,32.1428571429,51.1574074074
5euo,22.2222222222,100.0,23.2142857143,38.7387387387,51.0662448162
5men,11.1111111111,100.0,24.5454545455,37.8378378378,47.4342524343
