pdb_id,pep_identity,mhc_identity,tcrA_identity,tcrB_identity,total_identity
4eup,33.3333333333,100.0,91.7431192661,85.7142857143,74.0206786078
5eu6,44.4444444444,100.0,44.2477876106,28.0701754386,60.2011419897
