pdb_id,pep_identity,mhc_identity,tcrA_identity,tcrB_identity,total_identity
4eup,33.3333333333,100.0,32.7433628319,58.5585585586,59.6614313428
3o4l,33.3333333333,100.0,31.8584070796,30.0884955752,54.7689282203
5bs0,33.3333333333,86.5921787709,29.203539823,40.0,51.5090940053
2p5w,11.1111111111,100.0,32.7433628319,50.0,50.827597509
