pdb_id,pep_identity,mhc_identity,tcrA_identity,tcrB_identity,total_identity
2bnq,22.2222222222,100.0,22.8070175439,80.3571428571,57.9347674742
2vlk,22.2222222222,100.0,27.2727272727,51.3513513514,53.8447538448
5bs0,33.3333333333,86.5921787709,24.5614035088,34.2342342342,49.7744436586
