pdb_id,pep_identity,mhc_identity,tcrA_identity,tcrB_identity,total_identity
4eup,33.3333333333,100.0,34.2105263158,84.8214285714,64.2831035923
5eu6,44.4444444444,100.0,34.2105263158,26.3157894737,58.2358674464
2vlk,22.2222222222,100.0,28.0701754386,54.4642857143,54.4964842662
3o4l,33.3333333333,100.0,30.701754386,25.2173913043,53.7643020595
