pdb_id,pep_identity,mhc_identity,tcrA_identity,tcrB_identity,total_identity
5eu6,44.4444444444,100.0,39.8230088496,31.8584070796,60.095050803
3o4l,33.3333333333,100.0,59.4339622642,28.3185840708,59.0698688336
3qeq,22.2222222222,100.0,32.1100917431,73.2142857143,58.2948036503
2vlk,22.2222222222,100.0,40.9090909091,50.9090909091,56.0437710438
2f54,11.1111111111,100.0,34.5132743363,57.6576576577,52.398859036
5bs0,33.3333333333,86.5921787709,38.9380530973,29.7297297297,51.4198011726
