pdb_id,pep_identity,mhc_identity,tcrA_identity,tcrB_identity,total_identity
3qeq,22.2222222222,100.0,27.027027027,87.610619469,59.8470151567
5eu6,44.4444444444,100.0,31.5789473684,36.8421052632,59.5516569201
3o4l,33.3333333333,100.0,31.5315315315,29.3103448276,54.584757171
5euo,22.2222222222,100.0,28.9473684211,53.982300885,54.5623522917
5men,11.1111111111,100.0,28.0701754386,66.3716814159,52.7773465128
2e7l,22.2222222222,68.7150837989,63.963963964,59.2920353982,50.8551019007
5bs0,33.3333333333,86.5921787709,29.8245614035,31.8584070796,50.2556654486
