pdb_id,pep_identity,mhc_identity,tcrA_identity,tcrB_identity,total_identity
5eu6,44.4444444444,100.0,86.7256637168,28.9473684211,67.4269868378
2bnq,22.2222222222,100.0,84.9557522124,52.6785714286,63.6797946809
4eup,33.3333333333,100.0,39.2857142857,55.3571428571,60.2182539683
5bs0,33.3333333333,86.5921787709,81.4159292035,31.8584070796,58.8542267486
5euo,22.2222222222,100.0,37.1681415929,49.1071428571,55.1199548158
3o4l,33.3333333333,100.0,36.6071428571,24.347826087,54.6036059351
