pdb_id,pep_identity,mhc_identity,tcrA_identity,tcrB_identity,total_identity
4eup,33.3333333333,100.0,67.8899082569,48.6725663717,63.8715235492
5eu6,44.4444444444,100.0,46.017699115,38.5964912281,62.2505132053
2bnr,11.1111111111,100.0,43.3628318584,78.7610619469,57.3910193379
3o4l,33.3333333333,100.0,46.7889908257,29.3103448276,57.1276670533
2vlk,22.2222222222,100.0,39.4495412844,52.2123893805,56.0177291849
5men,11.1111111111,100.0,34.2342342342,78.7610619469,55.8695864006
5bs0,33.3333333333,86.5921787709,43.3628318584,34.5132743363,52.9545217339
