pdb_id,pep_identity,mhc_identity,tcrA_identity,tcrB_identity,total_identity
5eu6,44.4444444444,100.0,37.1681415929,41.592920354,61.274991806
5bs0,33.3333333333,86.5921787709,37.1681415929,89.1891891892,61.0347258318
3qdj,22.2222222222,100.0,62.962962963,30.6306306306,56.3396730063
3o4l,33.3333333333,100.0,34.2592592593,25.4385964912,54.3940870695
2vlk,22.2222222222,100.0,32.1100917431,36.036036036,52.0984287039
2f53,11.1111111111,100.0,36.2831858407,39.2857142857,49.6318537248
