pdb_id,pep_identity,mhc_identity,tcrA_identity,tcrB_identity,total_identity
4eup,33.3333333333,100.0,83.0357142857,89.1891891892,73.1485950236
5eu6,44.4444444444,100.0,42.9824561404,28.3185840708,60.03165485
