pdb_id,pep_identity,mhc_identity,tcrA_identity,tcrB_identity,total_identity
5eu6,44.4444444444,100.0,22.8070175439,35.652173913,57.8913467243
2vlk,22.2222222222,100.0,26.8518518519,55.7522123894,54.5080847809
5men,11.1111111111,100.0,21.6216216216,75.4385964912,53.2137400558
5bs0,33.3333333333,86.5921787709,22.8070175439,37.1681415929,49.9710305576
