pdb_id,pep_identity,mhc_identity,tcrA_identity,tcrB_identity,total_identity
2bnq,22.2222222222,100.0,40.7079646018,87.610619469,62.1271714192
5men,11.1111111111,100.0,37.5,90.2654867257,58.3312848246
3qdj,22.2222222222,100.0,40.3669724771,63.7168141593,58.0880385135
3o4l,33.3333333333,100.0,33.3333333333,32.7586206897,55.4597701149
2vlr,22.2222222222,100.0,36.6972477064,51.3274336283,55.4115209632
5bs0,33.3333333333,86.5921787709,41.592920354,32.7433628319,52.3645512324
