pdb_id,pep_identity,mhc_identity,tcrA_identity,tcrB_identity,total_identity
5eu6,44.4444444444,100.0,34.7826086957,43.9655172414,61.2728358043
5bs0,33.3333333333,86.5921787709,33.9130434783,91.2280701754,60.832022977
3o4l,33.3333333333,100.0,33.6283185841,25.4237288136,54.286452344
2vlr,22.2222222222,100.0,32.7433628319,40.350877193,52.9231140782
3qdj,22.2222222222,100.0,32.7433628319,30.4347826087,51.2704316475
