pdb_id,pep_identity,mhc_identity,tcrA_identity,tcrB_identity,total_identity
5eu6,44.4444444444,100.0,40.7079646018,37.1681415929,61.1274991806
3qeq,22.2222222222,100.0,38.7387387387,69.6428571429,58.8043400543
5euo,22.2222222222,100.0,42.4778761062,54.4642857143,56.8977677108
3o4l,33.3333333333,100.0,34.2342342342,28.6956521739,54.9327588458
5men,11.1111111111,100.0,41.0714285714,61.6071428571,54.1501322751
5bs0,33.3333333333,86.5921787709,38.9380530973,33.9285714286,52.1196081224
