pdb_id,pep_identity,mhc_identity,tcrA_identity,tcrB_identity,total_identity
5euo,22.2222222222,100.0,92.6605504587,33.9285714286,61.838927722
5eu6,44.4444444444,100.0,38.0530973451,34.2105263158,60.192085425
3o4l,33.3333333333,100.0,34.5794392523,24.347826087,54.2656553343
3qeq,22.2222222222,100.0,51.8867924528,29.203539823,54.25579612
5bs0,33.3333333333,86.5921787709,38.9380530973,38.0530973451,52.8070291085
