pdb_id,pep_identity,mhc_identity,tcrA_identity,tcrB_identity,total_identity
4eup,33.3333333333,100.0,40.3669724771,91.8918918919,66.4875885059
3o4l,33.3333333333,100.0,86.4077669903,27.4336283186,63.4180103293
5eu6,44.4444444444,100.0,40.7079646018,30.9734513274,60.095050803
5euo,22.2222222222,100.0,35.4545454545,61.4678899083,56.8944799679
2bnq,22.2222222222,100.0,38.9380530973,51.3513513514,55.7889748155
