pdb_id,pep_identity,mhc_identity,tcrA_identity,tcrB_identity,total_identity
5eu6,44.4444444444,100.0,36.5217391304,37.3913043478,60.4669887279
5euo,22.2222222222,100.0,52.6315789474,32.7433628319,54.9698977039
3o4l,33.3333333333,100.0,29.5652173913,24.1379310345,53.3949691821
3qeq,22.2222222222,100.0,43.8596491228,28.9473684211,52.8752436647
5bs0,33.3333333333,86.5921787709,32.1739130435,37.7192982456,51.6240392496
