pdb_id,pep_identity,mhc_identity,tcrA_identity,tcrB_identity,total_identity
5eu6,44.4444444444,100.0,36.2068965517,35.0877192982,60.0305841231
3o4l,33.3333333333,100.0,28.4482758621,56.25,58.5608237548
5bs0,33.3333333333,86.5921787709,37.0689655172,32.1428571429,51.5104744781
5euo,22.2222222222,100.0,28.4482758621,34.2342342342,51.1878257568
3qeq,22.2222222222,100.0,28.4482758621,29.8245614035,50.452880285
2f54,11.1111111111,100.0,38.7931034483,30.9734513274,48.6647961663
