pdb_id,pep_identity,mhc_identity,tcrA_identity,tcrB_identity,total_identity
5eu6,44.4444444444,100.0,88.4955752212,46.017699115,70.5670272042
5bs0,33.3333333333,86.5921787709,80.5309734513,61.8181818182,63.700029913
2bnq,22.2222222222,100.0,85.8407079646,32.4324324324,60.4529308069
4eup,33.3333333333,100.0,42.3423423423,36.9369369369,57.6576576577
