pdb_id,pep_identity,mhc_identity,tcrA_identity,tcrB_identity,total_identity
5eu6,44.4444444444,100.0,35.652173913,31.5789473684,59.3533350284
5euo,22.2222222222,100.0,28.6956521739,55.3571428571,54.7495399126
3qeq,22.2222222222,100.0,26.9565217391,53.0973451327,54.0830518861
3o4l,33.3333333333,100.0,27.8260869565,26.0869565217,53.4299516908
5men,11.1111111111,100.0,31.3043478261,56.6371681416,51.693956365
5bs0,33.3333333333,86.5921787709,33.9130434783,35.3982300885,51.5270496292
