pdb_id,pep_identity,mhc_identity,tcrA_identity,tcrB_identity,total_identity
5eu6,44.4444444444,100.0,37.1681415929,33.9130434783,59.9950123267
3o4l,33.3333333333,100.0,52.2935779817,25.0,57.3267074414
5bs0,33.3333333333,86.5921787709,36.2831858407,39.4736842105,52.60131571
2vlk,22.2222222222,100.0,36.6972477064,33.6283185841,52.4616684558
3qeq,22.2222222222,100.0,40.3669724771,28.0701754386,52.14693206
4mnq,11.1111111111,100.0,33.9285714286,36.8421052632,48.832149819
