pdb_id,pep_identity,mhc_identity,tcrA_identity,tcrB_identity,total_identity
4eup,33.3333333333,100.0,87.1559633028,53.982300885,67.9674884757
2bnq,22.2222222222,100.0,41.592920354,92.0353982301,63.0121271714
5eu6,44.4444444444,100.0,43.3628318584,35.9649122807,61.369438838
5men,11.1111111111,100.0,33.3333333333,92.0353982301,57.9318256309
3o4l,33.3333333333,100.0,40.0,29.3103448276,55.9961685824
5euo,22.2222222222,100.0,35.7142857143,52.2123893805,55.3951865899
