pdb_id,pep_identity,mhc_identity,tcrA_identity,tcrB_identity,total_identity
3o4l,33.3333333333,100.0,86.4077669903,26.0869565217,63.1935650298
5eu6,44.4444444444,100.0,38.9380530973,30.701754386,59.7547827287
3qdj,22.2222222222,100.0,41.2844036697,49.5575221239,55.8810617063
5euo,22.2222222222,100.0,37.2727272727,49.1071428571,55.1373857624
2bnr,11.1111111111,100.0,38.9380530973,58.0357142857,53.1993316009
5bs0,33.3333333333,86.5921787709,38.0530973451,30.9734513274,51.4795954802
5men,11.1111111111,100.0,32.1428571429,51.3274336283,50.9487521656
