pdb_id,pep_identity,mhc_identity,tcrA_identity,tcrB_identity,total_identity
4eup,33.3333333333,100.0,40.3669724771,56.7567567568,60.6317326501
3o4l,33.3333333333,100.0,59.2233009709,26.5486725664,58.7397733673
2vlk,22.2222222222,100.0,33.6448598131,50.9090909091,54.8330658611
2bnr,11.1111111111,100.0,36.2831858407,57.6576576577,52.6938442868
5bs0,33.3333333333,86.5921787709,36.2831858407,35.1351351351,51.8782241974
