pdb_id,pep_identity,mhc_identity,tcrA_identity,tcrB_identity,total_identity
5euo,22.2222222222,100.0,32.7433628319,94.495412844,61.9472033534
4eup,33.3333333333,100.0,36.036036036,59.4594594595,60.3603603604
3o4l,33.3333333333,100.0,34.5454545455,30.9734513274,55.3642620899
5bs0,33.3333333333,86.5921787709,32.7433628319,40.0,52.0990645067
2p5w,11.1111111111,100.0,31.8584070796,49.1071428571,50.5312953598
4mnq,11.1111111111,100.0,29.203539823,50.4504504505,50.3127020826
