pdb_id,pep_identity,mhc_identity,tcrA_identity,tcrB_identity,total_identity
5eu6,44.4444444444,100.0,88.4955752212,28.3185840708,67.6171746968
2bnq,22.2222222222,100.0,86.7256637168,53.1531531532,64.0538768857
4eup,33.3333333333,100.0,44.2477876106,54.954954955,60.978234872
5bs0,33.3333333333,86.5921787709,81.4159292035,32.4324324324,58.9498976408
2vlk,22.2222222222,100.0,37.1681415929,50.0,55.2687643396
3o4l,33.3333333333,100.0,38.9380530973,24.7787610619,55.063913471
