pdb_id,pep_identity,mhc_identity,tcrA_identity,tcrB_identity,total_identity
5eu6,44.4444444444,100.0,35.652173913,68.4210526316,65.4936859056
4eup,33.3333333333,100.0,28.0701754386,32.4561403509,54.5321637427
3o4l,33.3333333333,100.0,28.9473684211,27.5862068966,53.8667069974
5bs0,33.3333333333,86.5921787709,34.7826086957,47.7876106195,53.7368739206
