pdb_id,pep_identity,mhc_identity,tcrA_identity,tcrB_identity,total_identity
5hho,22.2222222222,100.0,31.25,92.7272727273,61.4036195286
4eup,33.3333333333,100.0,33.9285714286,54.954954955,59.2583655084
3o4l,33.3333333333,100.0,31.25,29.203539823,54.5200344149
2p5w,11.1111111111,100.0,32.4561403509,56.25,51.8213937622
5bs0,33.3333333333,86.5921787709,33.3333333333,36.036036036,51.536732263
4mnq,11.1111111111,100.0,28.9473684211,50.4504504505,50.270006849
