pdb_id,pep_identity,mhc_identity,tcrA_identity,tcrB_identity,total_identity
5eu6,44.4444444444,100.0,90.350877193,52.2123893805,71.9086925771
2bnq,22.2222222222,100.0,92.1052631579,34.8214285714,61.8951893623
5bs0,33.3333333333,86.5921787709,86.8421052632,41.4414414414,61.3557618189
