pdb_id,pep_identity,mhc_identity,tcrA_identity,tcrB_identity,total_identity
4eup,33.3333333333,100.0,32.7433628319,82.4561403509,63.6443616416
3o4l,33.3333333333,100.0,34.8214285714,27.3504273504,54.8064204314
5euo,22.2222222222,100.0,31.3043478261,51.7543859649,54.5838630392
2bnq,22.2222222222,100.0,31.3043478261,48.2456140351,53.9990677176
