pdb_id,pep_identity,mhc_identity,tcrA_identity,tcrB_identity,total_identity
5eu6,44.4444444444,100.0,35.9649122807,46.4912280702,61.8908382066
5bs0,33.3333333333,86.5921787709,36.8421052632,59.2920353982,55.9975274783
3o4l,33.3333333333,100.0,30.701754386,27.8260869565,54.1990846682
2vlr,22.2222222222,100.0,33.3333333333,39.2857142857,52.8439153439
3qdj,22.2222222222,100.0,32.4561403509,36.2831858407,52.197295106
