pdb_id,pep_identity,mhc_identity,tcrA_identity,tcrB_identity,total_identity
5eu6,44.4444444444,100.0,33.9130434783,38.5964912281,60.2330705992
3o4l,33.3333333333,100.0,33.0357142857,25.2173913043,54.1532953761
5euo,22.2222222222,100.0,33.0434782609,37.5,52.4979871176
3qdj,22.2222222222,100.0,33.9285714286,34.5132743363,52.1477150349
5bs0,33.3333333333,86.5921787709,32.1739130435,39.8230088496,51.9746576836
5men,11.1111111111,100.0,38.0530973451,32.7433628319,48.8364470665
