pdb_id,pep_identity,mhc_identity,tcrA_identity,tcrB_identity,total_identity
5eu6,44.4444444444,100.0,33.0434782609,35.0427350427,59.4958503654
3qeq,22.2222222222,100.0,40.5405405405,52.5862068966,56.2618653136
3o4l,33.3333333333,100.0,35.1351351351,26.2711864407,54.6788313737
5euo,22.2222222222,100.0,30.4347826087,51.3043478261,54.3639291465
5bs0,33.3333333333,86.5921787709,33.9130434783,33.6206896552,51.2307928903
5men,11.1111111111,100.0,30.4347826087,49.1379310345,50.2991559776
3ffc,11.1111111111,81.0055865922,67.2566371681,34.188034188,47.6130111271
