pdb_id,pep_identity,mhc_identity,tcrA_identity,tcrB_identity,total_identity
5eu6,44.4444444444,100.0,31.5789473684,35.3982300885,59.3110110576
3qeq,22.2222222222,100.0,27.2727272727,61.6071428571,55.5540524291
5men,11.1111111111,100.0,32.4561403509,78.5714285714,55.5416318574
3o4l,33.3333333333,100.0,30.9090909091,33.9130434783,55.248133509
5euo,22.2222222222,100.0,30.701754386,50.8928571429,54.3398426622
5bs0,33.3333333333,86.5921787709,28.9473684211,33.9285714286,50.4544940097
2e7l,22.2222222222,68.7150837989,59.4594594595,57.1428571429,49.7461547741
