pdb_id,pep_identity,mhc_identity,tcrA_identity,tcrB_identity,total_identity
5eu6,44.4444444444,100.0,24.347826087,46.9026548673,60.0232283072
5bs0,33.3333333333,86.5921787709,21.7391304348,60.3603603604,53.6584191673
3o4l,33.3333333333,100.0,21.4285714286,27.4336283186,52.5881444023
3qeq,22.2222222222,100.0,29.4642857143,36.6071428571,51.7526455026
5euo,22.2222222222,100.0,24.1071428571,40.0,51.4252645503
