pdb_id,pep_identity,mhc_identity,tcrA_identity,tcrB_identity,total_identity
5eu6,44.4444444444,100.0,34.2105263158,32.4561403509,59.2592592593
3qeq,22.2222222222,100.0,30.3571428571,56.6371681416,55.2397925739
3o4l,33.3333333333,100.0,32.1428571429,27.5862068966,54.399288451
5men,11.1111111111,100.0,29.8245614035,74.3362831858,54.3971778019
2vlk,22.2222222222,100.0,28.5714285714,49.5575221239,53.7622325233
5bs0,33.3333333333,86.5921787709,31.5789473684,32.7433628319,50.6955557348
2e7l,22.2222222222,68.7150837989,60.7142857143,57.5221238938,50.0185036084
