pdb_id,pep_identity,mhc_identity,tcrA_identity,tcrB_identity,total_identity
5eu6,44.4444444444,100.0,31.5789473684,66.3716814159,64.4732529455
4eup,33.3333333333,100.0,31.25,31.25,54.8611111111
3o4l,33.3333333333,100.0,32.4324324324,27.4336283186,54.4221212363
5bs0,33.3333333333,86.5921787709,32.4561403509,47.3214285714,53.2714321885
5euo,22.2222222222,100.0,31.5789473684,37.8378378378,52.3102049418
