pdb_id,pep_identity,mhc_identity,tcrA_identity,tcrB_identity,total_identity
5eu6,44.4444444444,100.0,32.1739130435,38.2608695652,59.8872785829
3qeq,22.2222222222,100.0,25.2173913043,89.4736842105,59.8559199932
5euo,22.2222222222,100.0,30.4347826087,56.1403508772,55.1699296551
3o4l,33.3333333333,100.0,30.4347826087,28.2051282051,54.2177629134
2p5w,11.1111111111,100.0,32.1739130435,60.5263157895,52.4870751759
5bs0,33.3333333333,86.5921787709,30.4347826087,32.4561403509,50.4569911947
2e7l,22.2222222222,68.7150837989,58.2608695652,59.649122807,49.9641007357
