pdb_id,pep_identity,mhc_identity,tcrA_identity,tcrB_identity,total_identity
5eu6,44.4444444444,100.0,38.0530973451,43.3628318584,61.7174696821
5euo,22.2222222222,100.0,88.0733944954,32.4324324324,60.8250452287
3o4l,33.3333333333,100.0,32.7272727273,27.6785714286,54.5120851371
3qeq,22.2222222222,100.0,49.5412844037,25.6637168142,53.2749076104
5bs0,33.3333333333,86.5921787709,36.2831858407,40.1785714286,52.718796913
5men,11.1111111111,100.0,37.6146788991,37.8378378378,49.6124564932
