pdb_id,pep_identity,mhc_identity,tcrA_identity,tcrB_identity,total_identity
5eu6,44.4444444444,100.0,37.1681415929,45.2173913043,61.8790702977
3o4l,33.3333333333,100.0,51.8181818182,26.724137931,57.5348310693
5bs0,33.3333333333,86.5921787709,38.0530973451,58.7719298246,56.1126752297
3qdj,22.2222222222,100.0,49.0909090909,35.9649122807,54.9167109693
5euo,22.2222222222,100.0,38.3928571429,38.9380530973,53.6292257808
