pdb_id,pep_identity,mhc_identity,tcrA_identity,tcrB_identity,total_identity
5eu6,44.4444444444,100.0,48.6725663717,40.0,62.9269092101
5bs0,33.3333333333,86.5921787709,46.017699115,39.4736842105,54.223734589
3o4l,33.3333333333,100.0,33.9285714286,24.1379310345,54.122194855
5euo,22.2222222222,100.0,41.592920354,37.1681415929,53.8675843986
3qdj,22.2222222222,100.0,43.75,33.3333333333,53.587962963
2bnr,11.1111111111,100.0,46.9026548673,33.6283185841,50.4588659456
