pdb_id,pep_identity,mhc_identity,tcrA_identity,tcrB_identity,total_identity
5eu6,44.4444444444,100.0,38.0530973451,38.7931034483,60.9558482804
3o4l,33.3333333333,100.0,57.6923076923,23.9316239316,58.0484330484
5bs0,33.3333333333,86.5921787709,36.2831858407,60.8695652174,56.1672958778
3qdj,22.2222222222,100.0,41.2844036697,31.3043478261,52.83886599
2vlk,22.2222222222,100.0,35.1851851852,35.0877192982,52.452891488
