pdb_id,pep_identity,mhc_identity,tcrA_identity,tcrB_identity,total_identity
5eu6,44.4444444444,100.0,40.7079646018,64.0350877193,65.605323535
4eup,33.3333333333,100.0,33.9449541284,32.7433628319,55.5591639378
5bs0,33.3333333333,86.5921787709,39.8230088496,47.7876106195,54.5769406129
2vlk,22.2222222222,100.0,42.5925925926,39.2857142857,54.3871252205
3o4l,33.3333333333,100.0,32.1100917431,26.9565217391,54.2888800248
