pdb_id,pep_identity,mhc_identity,tcrA_identity,tcrB_identity,total_identity
5eu6,44.4444444444,100.0,41.592920354,46.017699115,62.7499180597
3o4l,33.3333333333,100.0,46.017699115,27.4336283186,56.68633235
5bs0,33.3333333333,86.5921787709,38.0530973451,60.3603603604,56.3774136523
3qdj,22.2222222222,100.0,46.017699115,36.9369369369,54.5665134161
2vlr,22.2222222222,100.0,35.3982300885,40.0,53.3071124222
