pdb_id,pep_identity,mhc_identity,tcrA_identity,tcrB_identity,total_identity
2vlk,22.2222222222,100.0,88.785046729,91.7431192661,70.8287684066
5eu6,44.4444444444,100.0,36.2831858407,31.8584070796,59.5050803015
4eup,33.3333333333,100.0,35.7798165138,54.0540540541,59.4167562057
