pdb_id,pep_identity,mhc_identity,tcrA_identity,tcrB_identity,total_identity
5eu6,44.4444444444,100.0,30.0884955752,46.9026548673,60.9800065552
5bs0,33.3333333333,86.5921787709,29.203539823,59.8214285714,54.8126654338
3o4l,33.3333333333,100.0,32.1100917431,28.0701754386,54.4744889747
3qdj,22.2222222222,100.0,35.4545454545,36.6071428571,52.751022126
5euo,22.2222222222,100.0,27.4336283186,38.7387387387,51.7694685836
