pdb_id,pep_identity,mhc_identity,tcrA_identity,tcrB_identity,total_identity
5eu6,44.4444444444,100.0,87.610619469,33.3333333333,68.3054736152
4eup,33.3333333333,100.0,40.5405405405,89.2857142857,66.0821535822
2bnq,22.2222222222,100.0,85.8407079646,50.0,63.3808587348
5bs0,33.3333333333,86.5921787709,82.3008849558,36.2831858407,59.7391825008
2vlk,22.2222222222,100.0,37.2727272727,58.0357142857,56.6254810005
3o4l,33.3333333333,100.0,39.0909090909,27.8260869565,55.597277119
