pdb_id,pep_identity,mhc_identity,tcrA_identity,tcrB_identity,total_identity
5eu6,44.4444444444,100.0,30.9734513274,59.2920353982,63.1923959358
3o4l,33.3333333333,100.0,31.7757009346,29.8245614035,54.7111548341
5bs0,33.3333333333,86.5921787709,34.5132743363,45.9459459459,53.3850407485
3qdj,22.2222222222,100.0,35.7798165138,37.5,52.954043493
2vlk,22.2222222222,100.0,25.6880733945,36.9369369369,51.1782424626
