pdb_id,pep_identity,mhc_identity,tcrA_identity,tcrB_identity,total_identity
5eu6,44.4444444444,100.0,45.1327433628,44.2477876106,63.0449033104
3qdj,22.2222222222,100.0,66.3636363636,39.2857142857,58.348965849
5bs0,33.3333333333,86.5921787709,44.2477876106,58.0357142857,57.0224210175
3o4l,33.3333333333,100.0,39.6396396396,28.9473684211,55.8756124546
2vlk,22.2222222222,100.0,37.8378378378,36.036036036,53.0530530531
