pdb_id,pep_identity,mhc_identity,tcrA_identity,tcrB_identity,total_identity
5eu6,44.4444444444,100.0,30.701754386,36.2831858407,59.3123048526
3o4l,33.3333333333,100.0,32.1100917431,24.5614035088,53.8896936531
5bs0,33.3333333333,86.5921787709,29.8245614035,40.5405405405,51.7026876921
5euo,22.2222222222,100.0,25.2252252252,35.4545454545,50.854035854
3qeq,22.2222222222,100.0,27.2727272727,28.5714285714,50.0481000481
5men,11.1111111111,100.0,30.3571428571,32.1428571429,47.4537037037
