pdb_id,pep_identity,mhc_identity,tcrA_identity,tcrB_identity,total_identity
5euo,22.2222222222,100.0,32.4561403509,85.8407079646,60.4568821267
5eu6,44.4444444444,100.0,35.0877192982,30.4347826087,59.0685651326
3qeq,22.2222222222,100.0,28.8288288288,57.0175438596,55.0484695222
3o4l,33.3333333333,100.0,33.3333333333,27.5862068966,54.5977011494
5bs0,33.3333333333,86.5921787709,31.5789473684,33.3333333333,50.7938841517
2p5w,11.1111111111,100.0,34.2105263158,45.6140350877,50.3411306043
2e7l,22.2222222222,68.7150837989,62.1621621622,47.7876106195,48.6373974706
