pdb_id,pep_identity,mhc_identity,tcrA_identity,tcrB_identity,total_identity
5eu6,44.4444444444,100.0,89.3805309735,36.2068965517,69.079386069
2bnq,22.2222222222,100.0,87.610619469,30.701754386,60.4594697166
5bs0,33.3333333333,86.5921787709,82.3008849558,38.5964912281,60.1247333987
4eup,33.3333333333,100.0,43.2432432432,34.2105263158,57.3534060376
