pdb_id,pep_identity,mhc_identity,tcrA_identity,tcrB_identity,total_identity
4eup,33.3333333333,100.0,31.8584070796,58.407079646,59.4886922321
2vlk,22.2222222222,100.0,29.203539823,53.982300885,54.6050475254
3o4l,33.3333333333,100.0,30.0884955752,25.0,53.6258603736
2p5w,11.1111111111,100.0,41.2280701754,55.2631578947,53.1189083821
5bs0,33.3333333333,86.5921787709,32.4561403509,36.8421052632,51.5248783038
2e7l,22.2222222222,68.7150837989,57.5221238938,54.8672566372,49.0439987622
