pdb_id,pep_identity,mhc_identity,tcrA_identity,tcrB_identity,total_identity
4eup,33.3333333333,100.0,87.1559633028,34.2342342342,64.6761440339
5eu6,44.4444444444,100.0,43.3628318584,36.2831858407,61.4224844313
3o4l,33.3333333333,100.0,40.0,30.9734513274,56.273352999
5bs0,33.3333333333,86.5921787709,39.8230088496,40.5405405405,53.3690955998
2bnq,22.2222222222,100.0,42.4778761062,31.5315315315,53.0756420137
2vlk,22.2222222222,100.0,36.3636363636,33.6363636364,52.4074074074
