pdb_id,pep_identity,mhc_identity,tcrA_identity,tcrB_identity,total_identity
5eu6,44.4444444444,100.0,41.592920354,33.6283185841,60.6850213045
5euo,22.2222222222,100.0,42.4778761062,51.3513513514,56.378945317
3qeq,22.2222222222,100.0,37.5,54.4642857143,56.0681216931
3o4l,33.3333333333,100.0,32.1428571429,34.2105263158,55.5033416876
5men,11.1111111111,100.0,42.4778761062,50.0,52.4500163881
5bs0,33.3333333333,86.5921787709,38.9380530973,35.7142857143,52.41722717
