pdb_id,pep_identity,mhc_identity,tcrA_identity,tcrB_identity,total_identity
5eu6,44.4444444444,100.0,35.652173913,54.8672566372,63.2347199065
3o4l,33.3333333333,100.0,29.5652173913,26.5486725664,53.7967594374
5bs0,33.3333333333,86.5921787709,33.0434782609,39.2857142857,52.0300361259
3qeq,22.2222222222,100.0,30.4347826087,35.3982300885,51.7129095236
5euo,22.2222222222,100.0,28.6956521739,36.036036036,51.5293554424
