pdb_id,pep_identity,mhc_identity,tcrA_identity,tcrB_identity,total_identity
4eup,33.3333333333,100.0,30.0884955752,58.5585585586,59.2189534667
3o4l,33.3333333333,100.0,30.0884955752,30.0884955752,54.4739429695
5bs0,33.3333333333,86.5921787709,33.3333333333,40.0,52.1973929236
2p5w,11.1111111111,100.0,33.3333333333,50.0,50.9259259259
2e7l,22.2222222222,68.7150837989,55.7522123894,50.0,47.9378040719
