pdb_id,pep_identity,mhc_identity,tcrA_identity,tcrB_identity,total_identity
5eu6,44.4444444444,100.0,38.7931034483,65.5172413793,65.5332056194
4eup,33.3333333333,100.0,29.3103448276,30.1724137931,54.3582375479
3o4l,33.3333333333,100.0,29.3103448276,27.1186440678,53.849275927
5bs0,33.3333333333,86.5921787709,37.9310344828,43.9655172414,53.6245959888
2bnq,22.2222222222,100.0,37.0689655172,36.2068965517,52.9533844189
