pdb_id,pep_identity,mhc_identity,tcrA_identity,tcrB_identity,total_identity
5eu6,44.4444444444,100.0,38.9380530973,67.5438596491,65.8951336059
2vlk,22.2222222222,100.0,93.3962264151,39.8230088496,62.9439466182
4eup,33.3333333333,100.0,38.5321100917,31.8584070796,56.1761973063
3o4l,33.3333333333,100.0,33.6448598131,26.9565217391,54.5446747031
5bs0,33.3333333333,86.5921787709,37.1681415929,47.3684210526,54.064597809
