pdb_id,pep_identity,mhc_identity,tcrA_identity,tcrB_identity,total_identity
5eu6,44.4444444444,100.0,29.203539823,60.5263157895,63.1031240836
3o4l,33.3333333333,100.0,33.3333333333,27.5862068966,54.5977011494
3qdj,22.2222222222,100.0,38.3177570093,35.0877192982,52.974986792
5bs0,33.3333333333,86.5921787709,31.8584070796,43.8596491228,52.5948467352
2vlk,22.2222222222,100.0,26.1682242991,33.3333333333,50.6576670128
