pdb_id,pep_identity,mhc_identity,tcrA_identity,tcrB_identity,total_identity
5eu6,44.4444444444,100.0,39.1304347826,33.6283185841,60.2746070426
3o4l,33.3333333333,100.0,29.5652173913,23.6842105263,53.3193490974
5bs0,33.3333333333,86.5921787709,35.652173913,38.3928571429,52.3160092107
3qdj,22.2222222222,100.0,30.4347826087,32.1428571429,51.170347366
2vlk,22.2222222222,100.0,27.8260869565,31.5315315315,50.6336771554
2f54,11.1111111111,100.0,38.2608695652,31.5315315315,48.6691038865
