pdb_id,pep_identity,mhc_identity,tcrA_identity,tcrB_identity,total_identity
5eu6,44.4444444444,100.0,34.2105263158,60.1769911504,63.8794010592
4eup,33.3333333333,100.0,35.7142857143,28.5714285714,55.1587301587
3o4l,33.3333333333,100.0,31.25,27.4336283186,54.2250491642
5bs0,33.3333333333,86.5921787709,30.701754386,43.75,52.3837964324
5euo,22.2222222222,100.0,28.9473684211,36.036036036,51.5713081503
