pdb_id,pep_identity,mhc_identity,tcrA_identity,tcrB_identity,total_identity
5eu6,44.4444444444,100.0,43.3628318584,60.1769911504,65.4047853163
4eup,33.3333333333,100.0,84.4036697248,33.0357142857,64.0176751129
3o4l,33.3333333333,100.0,39.8148148148,33.6283185841,56.6849666776
5bs0,33.3333333333,86.5921787709,38.9380530973,41.9642857143,53.4588938367
2vlk,22.2222222222,100.0,35.7798165138,35.1351351351,52.5598993489
