pdb_id,pep_identity,mhc_identity,tcrA_identity,tcrB_identity,total_identity
4eup,33.3333333333,100.0,86.2385321101,35.7142857143,64.7699140818
5eu6,44.4444444444,100.0,43.3628318584,46.4912280702,63.1238248029
5bs0,33.3333333333,86.5921787709,39.8230088496,60.7142857143,56.7313864621
3o4l,33.3333333333,100.0,41.2844036697,26.0869565217,55.6730044764
2vlr,22.2222222222,100.0,36.6972477064,41.4414414414,53.7638555987
2bnq,22.2222222222,100.0,41.592920354,33.0357142857,53.178846514
