pdb_id,pep_identity,mhc_identity,tcrA_identity,tcrB_identity,total_identity
5eu6,44.4444444444,100.0,88.4955752212,44.2477876106,70.2720419535
5bs0,33.3333333333,86.5921787709,84.9557522124,68.4684684685,65.5458741482
2bnq,22.2222222222,100.0,87.610619469,32.1428571429,60.6996535094
4eup,33.3333333333,100.0,39.8230088496,34.8214285714,56.8851840146
