pdb_id,pep_identity,mhc_identity,tcrA_identity,tcrB_identity,total_identity
5eu6,44.4444444444,100.0,38.2608695652,41.592920354,61.4571131347
5bs0,33.3333333333,86.5921787709,40.0,66.6666666667,57.7529484792
3o4l,33.3333333333,100.0,28.6956521739,28.9473684211,54.0516145436
3qdj,22.2222222222,100.0,29.5652173913,40.5405405405,52.4250337294
2vlk,22.2222222222,100.0,27.8260869565,39.6396396396,51.9850285068
