pdb_id,pep_identity,mhc_identity,tcrA_identity,tcrB_identity,total_identity
4eup,33.3333333333,100.0,37.6146788991,58.5585585586,60.4733173541
3o4l,33.3333333333,100.0,34.2592592593,30.0884955752,55.1690702502
5bs0,33.3333333333,86.5921787709,36.2831858407,40.0,52.6890350082
2f53,11.1111111111,100.0,37.1681415929,50.0,51.5650606359
