pdb_id,pep_identity,mhc_identity,tcrA_identity,tcrB_identity,total_identity
5eu6,44.4444444444,100.0,90.2654867257,64.6017699115,73.9593575877
5bs0,33.3333333333,86.5921787709,86.7256637168,49.1071428571,62.6139717971
2bnq,22.2222222222,100.0,86.7256637168,28.5714285714,59.9569227888
