pdb_id,pep_identity,mhc_identity,tcrA_identity,tcrB_identity,total_identity
2vlk,22.2222222222,100.0,46.3636363636,91.8181818182,63.771043771
5eu6,44.4444444444,100.0,37.1681415929,32.7433628319,59.8000655523
4eup,33.3333333333,100.0,31.5315315315,55.8558558559,59.009009009
3o4l,33.3333333333,100.0,33.3333333333,35.3982300885,55.8997050147
5bs0,33.3333333333,86.5921787709,38.0530973451,37.8378378378,52.6236598986
2bnr,11.1111111111,100.0,37.1681415929,48.6486486486,51.3398354106
