pdb_id,pep_identity,mhc_identity,tcrA_identity,tcrB_identity,total_identity
4eup,33.3333333333,100.0,39.6396396396,58.5585585586,60.8108108108
3o4l,33.3333333333,100.0,57.5471698113,30.0884955752,59.0503886755
5bs0,33.3333333333,86.5921787709,38.9380530973,40.0,53.1315128843
2bnr,11.1111111111,100.0,35.3982300885,49.5495495495,51.19500031
