pdb_id,pep_identity,mhc_identity,tcrA_identity,tcrB_identity,total_identity
5eu6,44.4444444444,100.0,32.4561403509,47.8260869565,61.528519366
5bs0,33.3333333333,86.5921787709,30.701754386,67.5438596491,56.3494397073
3o4l,33.3333333333,100.0,30.0884955752,27.3504273504,54.0175982654
2vlk,22.2222222222,100.0,30.9734513274,39.4736842105,52.4819299971
3qdj,22.2222222222,100.0,31.8584070796,33.3333333333,51.6060308096
