pdb_id,pep_identity,mhc_identity,tcrA_identity,tcrB_identity,total_identity
4eup,33.3333333333,100.0,84.4036697248,59.4594594595,68.4216326418
5eu6,44.4444444444,100.0,41.592920354,30.9734513274,60.2425434284
2bnq,22.2222222222,100.0,40.7079646018,54.954954955,56.6845606669
2vlk,22.2222222222,100.0,36.6972477064,55.9633027523,56.1841658172
3o4l,33.3333333333,100.0,38.8888888889,26.5486725664,55.350704687
