pdb_id,pep_identity,mhc_identity,tcrA_identity,tcrB_identity,total_identity
5eu6,44.4444444444,100.0,37.1681415929,56.4102564103,63.7445478153
3o4l,33.3333333333,100.0,51.8181818182,31.9327731092,58.4029369323
4eup,33.3333333333,100.0,46.3636363636,31.6239316239,57.4423724424
5bs0,33.3333333333,86.5921787709,38.0530973451,42.735042735,53.4398607148
5euo,22.2222222222,100.0,38.3928571429,31.6239316239,52.4102055352
