pdb_id,pep_identity,mhc_identity,tcrA_identity,tcrB_identity,total_identity
5eu6,44.4444444444,100.0,32.4561403509,59.2920353982,63.439510773
3o4l,33.3333333333,100.0,37.8378378378,29.8245614035,55.7215109847
5bs0,33.3333333333,86.5921787709,31.5789473684,45.9459459459,52.8959862538
3qdj,22.2222222222,100.0,33.3333333333,37.5,52.5462962963
2vlk,22.2222222222,100.0,31.5315315315,36.9369369369,52.1521521522
