pdb_id,pep_identity,mhc_identity,tcrA_identity,tcrB_identity,total_identity
5eu6,44.4444444444,100.0,38.9380530973,64.6017699115,65.4047853163
3o4l,33.3333333333,100.0,86.2745098039,27.4336283186,63.3958007982
4eup,33.3333333333,100.0,39.4495412844,34.8214285714,56.8229394204
5bs0,33.3333333333,86.5921787709,38.0530973451,49.5495495495,54.5756118505
2vlk,22.2222222222,100.0,37.3831775701,40.9090909091,53.7894521539
