pdb_id,pep_identity,mhc_identity,tcrA_identity,tcrB_identity,total_identity
5eu6,44.4444444444,100.0,36.2831858407,67.5438596491,65.4526557298
3o4l,33.3333333333,100.0,52.2935779817,26.9565217391,57.6527943979
4eup,33.3333333333,100.0,46.3636363636,31.8584070796,57.481451685
5bs0,33.3333333333,86.5921787709,36.2831858407,47.3684210526,53.9171051837
2vlk,22.2222222222,100.0,37.6146788991,39.8230088496,53.6470220322
