pdb_id,pep_identity,mhc_identity,tcrA_identity,tcrB_identity,total_identity
5eu6,44.4444444444,100.0,30.701754386,63.7168141593,63.884576239
4eup,33.3333333333,100.0,30.0884955752,32.7433628319,54.9164208456
3o4l,33.3333333333,100.0,30.0884955752,30.701754386,54.5761527713
5bs0,33.3333333333,86.5921787709,32.4561403509,46.4285714286,53.1226226647
5euo,22.2222222222,100.0,30.701754386,36.6071428571,51.9588902813
