pdb_id,pep_identity,mhc_identity,tcrA_identity,tcrB_identity,total_identity
2bnq,22.2222222222,100.0,30.9734513274,82.1428571429,59.5934588191
3qeq,22.2222222222,100.0,29.3577981651,60.7142857143,55.7527547206
2vlk,22.2222222222,100.0,30.2752293578,51.7857142857,54.4175646813
3o4l,33.3333333333,100.0,29.3577981651,27.8260869565,53.9750919647
5bs0,33.3333333333,86.5921787709,30.9734513274,32.1428571429,50.4945554465
