pdb_id,pep_identity,mhc_identity,tcrA_identity,tcrB_identity,total_identity
4eup,33.3333333333,100.0,65.1376146789,49.5652173913,63.5615831228
2bnq,22.2222222222,100.0,44.2477876106,87.8260869565,62.7530531686
5men,11.1111111111,100.0,35.1351351351,90.4347826087,57.965356661
3o4l,33.3333333333,100.0,39.8148148148,29.6610169492,56.0237497384
2vlk,22.2222222222,100.0,36.6972477064,47.8260869565,54.8279631846
5bs0,33.3333333333,86.5921787709,45.1327433628,31.3043478261,52.7146858996
