pdb_id,pep_identity,mhc_identity,tcrA_identity,tcrB_identity,total_identity
5eu6,44.4444444444,100.0,41.592920354,33.6283185841,60.6850213045
3qdj,22.2222222222,100.0,39.0909090909,61.6071428571,57.5237493987
5euo,22.2222222222,100.0,43.3628318584,50.8928571429,56.450022241
2f53,11.1111111111,100.0,40.7079646018,75.0,56.321697804
3o4l,33.3333333333,100.0,34.5454545455,26.0869565217,54.549846289
5bs0,33.3333333333,86.5921787709,41.592920354,33.9285714286,52.5620859985
