pdb_id,pep_identity,mhc_identity,tcrA_identity,tcrB_identity,total_identity
5eu6,44.4444444444,100.0,38.0530973451,57.8947368421,64.139453846
4eup,33.3333333333,100.0,33.9285714286,31.5789473684,55.3623642439
3o4l,33.3333333333,100.0,27.6785714286,30.1724137931,54.0862753147
2vlk,22.2222222222,100.0,39.6396396396,35.3982300885,53.2470523621
5bs0,33.3333333333,86.5921787709,32.7433628319,42.4778761062,52.5120438578
