pdb_id,pep_identity,mhc_identity,tcrA_identity,tcrB_identity,total_identity
5eu6,44.4444444444,100.0,38.0530973451,56.6371681416,63.9298590626
5euo,22.2222222222,100.0,92.6605504587,31.8584070796,61.4939003305
4eup,33.3333333333,100.0,37.6146788991,30.9734513274,55.8757994822
3o4l,33.3333333333,100.0,34.5794392523,33.9130434783,55.8598582329
5bs0,33.3333333333,86.5921787709,38.9380530973,44.2477876106,53.8394774861
