pdb_id,pep_identity,mhc_identity,tcrA_identity,tcrB_identity,total_identity
4eup,33.3333333333,100.0,32.1428571429,58.0357142857,59.4742063492
2vlr,22.2222222222,100.0,29.7297297297,52.6785714286,54.4754576005
3o4l,33.3333333333,100.0,30.9090909091,24.347826087,53.6539306105
2p5w,11.1111111111,100.0,32.4561403509,54.8672566372,51.590936535
5bs0,33.3333333333,86.5921787709,32.4561403509,34.5132743363,51.136739816
2e7l,22.2222222222,68.7150837989,56.7567567568,55.3571428571,48.998085276
