pdb_id,pep_identity,mhc_identity,tcrA_identity,tcrB_identity,total_identity
5eu6,44.4444444444,100.0,39.1304347826,36.2831858407,60.7170849187
3qdj,22.2222222222,100.0,30.9734513274,67.5675675676,57.1642438899
2f54,11.1111111111,100.0,36.5217391304,81.25,56.6656602254
5euo,22.2222222222,100.0,27.8260869565,53.1531531532,54.237280759
3o4l,33.3333333333,100.0,29.203539823,28.9473684211,54.1362624851
5bs0,33.3333333333,86.5921787709,35.652173913,35.1351351351,51.7730555428
