pdb_id,pep_identity,mhc_identity,tcrA_identity,tcrB_identity,total_identity
5eu6,44.4444444444,100.0,38.9380530973,63.1578947368,65.1641394538
4eup,33.3333333333,100.0,47.7477477477,31.8584070796,57.7121369157
3o4l,33.3333333333,100.0,51.3513513514,27.8260869565,57.6406841624
5bs0,33.3333333333,86.5921787709,39.8230088496,46.4912280702,54.3608768547
5euo,22.2222222222,100.0,38.3928571429,38.9380530973,53.6292257808
