pdb_id,pep_identity,mhc_identity,tcrA_identity,tcrB_identity,total_identity
5eu6,44.4444444444,100.0,88.5964912281,32.1739130435,68.2765488601
2bnq,22.2222222222,100.0,87.7192982456,57.5221238938,64.9476444306
4eup,33.3333333333,100.0,40.350877193,59.2920353982,61.051596543
5bs0,33.3333333333,86.5921787709,81.5789473684,35.0877192982,59.4196151459
2vlk,22.2222222222,100.0,36.8421052632,53.0973451327,55.7306491401
3o4l,33.3333333333,100.0,39.4736842105,25.8620689655,55.3337366405
