pdb_id,pep_identity,mhc_identity,tcrA_identity,tcrB_identity,total_identity
5eu6,44.4444444444,100.0,45.1327433628,57.5221238938,65.2572926909
4eup,33.3333333333,100.0,87.1559633028,30.9734513274,64.1326802161
3o4l,33.3333333333,100.0,40.3669724771,28.6956521739,55.9548818863
2bnq,22.2222222222,100.0,44.2477876106,33.6283185841,53.7200917732
5bs0,33.3333333333,86.5921787709,41.592920354,40.7079646018,53.6919848607
2vlk,22.2222222222,100.0,37.6146788991,31.8584070796,52.3195884039
