pdb_id,pep_identity,mhc_identity,tcrA_identity,tcrB_identity,total_identity
5eu6,44.4444444444,100.0,43.3628318584,57.5221238938,64.9623074402
4eup,33.3333333333,100.0,86.2385321101,30.0884955752,63.832282392
3o4l,33.3333333333,100.0,41.6666666667,28.9473684211,56.2134502924
5bs0,33.3333333333,86.5921787709,41.592920354,41.9642857143,53.9013717128
2bnq,22.2222222222,100.0,41.592920354,33.6283185841,53.2776138971
5euo,22.2222222222,100.0,40.1785714286,33.9285714286,53.0919312169
