pdb_id,pep_identity,mhc_identity,tcrA_identity,tcrB_identity,total_identity
5eu6,44.4444444444,100.0,37.1681415929,60.8695652174,64.4877659499
3o4l,33.3333333333,100.0,51.8181818182,26.724137931,57.5348310693
4eup,33.3333333333,100.0,46.3636363636,30.701754386,57.288676236
5bs0,33.3333333333,86.5921787709,38.0530973451,44.7368421053,53.7734939432
5euo,22.2222222222,100.0,38.3928571429,35.3982300885,53.0392552793
