pdb_id,pep_identity,mhc_identity,tcrA_identity,tcrB_identity,total_identity
3qdj,22.2222222222,100.0,39.8148148148,89.3805309735,62.2732983721
5eu6,44.4444444444,100.0,34.5132743363,39.4736842105,60.4793079059
3o4l,33.3333333333,100.0,30.2752293578,29.3103448276,54.3753734753
2vlk,22.2222222222,100.0,30.2752293578,51.3274336283,54.3411845718
2f54,11.1111111111,100.0,33.6283185841,62.8318584071,53.1137332022
4mnq,11.1111111111,100.0,32.4324324324,61.0619469027,52.6194335929
5bs0,33.3333333333,86.5921787709,31.8584070796,32.7433628319,50.7421323533
