pdb_id,pep_identity,mhc_identity,tcrA_identity,tcrB_identity,total_identity
2vlk,22.2222222222,100.0,41.592920354,90.990990991,62.8380592982
5eu6,44.4444444444,100.0,48.6725663717,33.6283185841,61.8649623074
3o4l,33.3333333333,100.0,37.1681415929,35.0877192982,56.4870879263
3qdj,22.2222222222,100.0,44.2477876106,50.0,56.4487053425
5bs0,33.3333333333,86.5921787709,46.017699115,37.5,53.8947872206
2p5w,11.1111111111,100.0,47.7876106195,49.1071428571,53.1861626165
4mnq,11.1111111111,100.0,36.2831858407,50.0,51.4175680105
