pdb_id,pep_identity,mhc_identity,tcrA_identity,tcrB_identity,total_identity
5eu6,44.4444444444,100.0,49.5575221239,48.6956521739,64.5236771978
5bs0,33.3333333333,86.5921787709,45.1327433628,59.649122807,57.4388150631
4eup,33.3333333333,100.0,34.2342342342,34.5132743363,55.9023625395
3o4l,33.3333333333,100.0,36.9369369369,25.8620689655,54.9109454282
5euo,22.2222222222,100.0,44.6428571429,38.0530973451,54.5233998221
