pdb_id,pep_identity,mhc_identity,tcrA_identity,tcrB_identity,total_identity
3o4l,33.3333333333,100.0,51.8181818182,54.8672566372,62.2253508537
5eu6,44.4444444444,100.0,38.9380530973,35.9649122807,60.6319757112
3qdj,22.2222222222,100.0,48.1818181818,35.0877192982,54.6189969874
5euo,22.2222222222,100.0,37.5,34.8214285714,52.7943121693
5bs0,33.3333333333,86.5921787709,35.3982300885,31.8584070796,51.1846102295
