pdb_id,pep_identity,mhc_identity,tcrA_identity,tcrB_identity,total_identity
3o4l,33.3333333333,100.0,57.6923076923,27.8260869565,58.6975102192
4eup,33.3333333333,100.0,47.7064220183,30.0884955752,57.4102640434
5bs0,33.3333333333,86.5921787709,36.2831858407,43.3628318584,53.2495069846
2vlk,22.2222222222,100.0,35.1851851852,36.2831858407,52.6521359117
2f54,11.1111111111,100.0,34.5132743363,32.7433628319,48.2464765651
