pdb_id,pep_identity,mhc_identity,tcrA_identity,tcrB_identity,total_identity
4eup,33.3333333333,100.0,85.4545454545,51.7857142857,67.3178210678
2bnq,22.2222222222,100.0,43.3628318584,89.2857142857,62.8488317648
5eu6,44.4444444444,100.0,45.1327433628,33.6283185841,61.274991806
5men,11.1111111111,100.0,34.2342342342,91.8918918919,58.0580580581
3o4l,33.3333333333,100.0,38.7387387387,31.5789473684,56.1640587956
2vlk,22.2222222222,100.0,36.036036036,50.9090909091,55.2315952316
