pdb_id,pep_identity,mhc_identity,tcrA_identity,tcrB_identity,total_identity
5eu6,44.4444444444,100.0,37.1681415929,46.9026548673,62.1599475582
3o4l,33.3333333333,100.0,51.8181818182,24.347826087,57.1387790953
3qdj,22.2222222222,100.0,49.0909090909,29.203539823,53.7898155597
5bs0,33.3333333333,86.5921787709,38.0530973451,40.7079646018,53.1020143592
5euo,22.2222222222,100.0,38.3928571429,35.3982300885,53.0392552793
