pdb_id,pep_identity,mhc_identity,tcrA_identity,tcrB_identity,total_identity
2vlk,22.2222222222,100.0,88.679245283,61.2612612613,65.7308251648
4eup,33.3333333333,100.0,34.8623853211,90.1785714286,65.2846039027
5eu6,44.4444444444,100.0,37.1681415929,30.701754386,59.459797478
2bnq,22.2222222222,100.0,37.1681415929,50.0,55.2687643396
3o4l,33.3333333333,100.0,32.7102803738,27.8260869565,54.5338389995
