pdb_id,pep_identity,mhc_identity,tcrA_identity,tcrB_identity,total_identity
5eu6,44.4444444444,100.0,34.7826086957,35.652173913,59.8872785829
3o4l,33.3333333333,100.0,29.5652173913,25.8620689655,53.6823255039
5bs0,33.3333333333,86.5921787709,31.3043478261,37.7192982456,51.4791117134
5euo,22.2222222222,100.0,29.5652173913,31.8584070796,50.9780114859
3qeq,22.2222222222,100.0,27.8260869565,28.9473684211,50.2029833037
2p5e,11.1111111111,100.0,33.0434782609,32.7433628319,48.0015105525
