pdb_id,pep_identity,mhc_identity,tcrA_identity,tcrB_identity,total_identity
5eu6,44.4444444444,100.0,22.8070175439,51.3274336283,60.5038900102
3o4l,33.3333333333,100.0,20.9090909091,28.9473684211,52.7538543328
3qeq,22.2222222222,100.0,29.0909090909,35.3982300885,51.488930604
5euo,22.2222222222,100.0,24.3243243243,35.7142857143,50.7471757472
5bs0,33.3333333333,86.5921787709,24.5614035088,38.0530973451,50.4109208437
