pdb_id,pep_identity,mhc_identity,tcrA_identity,tcrB_identity,total_identity
3qeq,22.2222222222,100.0,31.5315315315,94.6428571429,61.7698055198
5eu6,44.4444444444,100.0,35.3982300885,36.2831858407,60.095050803
2vlk,22.2222222222,100.0,27.9279279279,53.5714285714,54.323966824
3o4l,33.3333333333,100.0,28.8288288288,26.9565217391,53.7420028724
2f53,11.1111111111,100.0,39.8230088496,59.8214285714,53.6444432739
4mnq,11.1111111111,100.0,31.5315315315,58.9285714286,52.1137208637
5bs0,33.3333333333,86.5921787709,33.6283185841,30.3571428571,50.639414275
