pdb_id,pep_identity,mhc_identity,tcrA_identity,tcrB_identity,total_identity
5eu6,44.4444444444,100.0,43.3628318584,33.3333333333,60.9308423468
3o4l,33.3333333333,100.0,34.5454545455,56.25,59.577020202
5men,11.1111111111,100.0,83.6363636364,37.5,57.2264309764
3qdj,22.2222222222,100.0,34.8623853211,39.8230088496,53.1883064359
2vlk,22.2222222222,100.0,36.6972477064,32.1428571429,52.214091549
5bs0,33.3333333333,86.5921787709,38.9380530973,30.9734513274,51.6270881056
