pdb_id,pep_identity,mhc_identity,tcrA_identity,tcrB_identity,total_identity
5eu6,44.4444444444,100.0,45.1327433628,56.8965517241,65.1530306626
4eup,33.3333333333,100.0,86.4864864865,30.1724137931,63.887594491
3o4l,33.3333333333,100.0,40.1785714286,32.2033898305,56.5081046543
5bs0,33.3333333333,86.5921787709,43.3628318584,41.3793103448,54.0988610686
2vlr,22.2222222222,100.0,42.8571428571,34.4827586207,53.6307243204
2bnq,22.2222222222,100.0,41.592920354,28.4482758621,52.4142734434
