pdb_id,pep_identity,mhc_identity,tcrA_identity,tcrB_identity,total_identity
5eu6,44.4444444444,100.0,42.4778761062,42.6086956522,62.3292434412
5bs0,33.3333333333,86.5921787709,39.8230088496,87.7192982456,61.232221884
3o4l,33.3333333333,100.0,34.2592592593,24.7863247863,54.2853751187
2vlk,22.2222222222,100.0,36.6972477064,35.9649122807,52.8511007386
3qdj,22.2222222222,100.0,39.4495412844,30.701754386,52.4326233525
2p5w,11.1111111111,100.0,40.7079646018,39.4736842105,50.4006451724
