pdb_id,pep_identity,mhc_identity,tcrA_identity,tcrB_identity,total_identity
5eu6,44.4444444444,100.0,41.2280701754,51.2820512821,63.5665017244
3o4l,33.3333333333,100.0,30.9734513274,25.4237288136,53.8439744679
2vlk,22.2222222222,100.0,41.9642857143,35.3448275862,53.6255929575
5bs0,33.3333333333,86.5921787709,39.4736842105,37.6068376068,52.8219243377
3qeq,22.2222222222,100.0,36.6071428571,35.0427350427,52.6823870574
