pdb_id,pep_identity,mhc_identity,tcrA_identity,tcrB_identity,total_identity
5eu6,44.4444444444,100.0,26.3157894737,51.7543859649,61.1598440546
3o4l,33.3333333333,100.0,21.6216216216,26.9565217391,52.5408016712
3qeq,22.2222222222,100.0,30.6306306306,35.0877192982,51.6937990622
2vlk,22.2222222222,100.0,23.4234234234,37.5,50.8946446446
5bs0,33.3333333333,86.5921787709,25.4385964912,39.8230088496,50.8521049249
