pdb_id,pep_identity,mhc_identity,tcrA_identity,tcrB_identity,total_identity
4eup,33.3333333333,100.0,36.6972477064,59.4594594595,60.4705623054
3o4l,33.3333333333,100.0,34.2592592593,30.9734513274,55.3165628756
5bs0,33.3333333333,86.5921787709,37.1681415929,40.0,52.8365276336
5men,11.1111111111,100.0,36.9369369369,51.3513513514,51.7517517518
