pdb_id,pep_identity,mhc_identity,tcrA_identity,tcrB_identity,total_identity
5eu6,44.4444444444,100.0,35.652173913,56.0344827586,63.4292575934
3o4l,33.3333333333,100.0,30.3571428571,28.813559322,54.306228141
5bs0,33.3333333333,86.5921787709,35.652173913,40.5172413793,52.6700732502
3qeq,22.2222222222,100.0,35.7142857143,34.4827586207,52.4402481299
