pdb_id,pep_identity,mhc_identity,tcrA_identity,tcrB_identity,total_identity
5eu6,44.4444444444,100.0,45.1327433628,36.2831858407,61.7174696821
3qeq,22.2222222222,100.0,37.8378378378,56.25,56.422047047
5euo,22.2222222222,100.0,39.8230088496,54.0540540541,56.3869178913
3o4l,33.3333333333,100.0,37.8378378378,30.701754386,55.8677098151
5bs0,33.3333333333,86.5921787709,44.2477876106,37.5,53.5998019699
2p5w,11.1111111111,100.0,42.4778761062,52.6785714286,52.8964449595
4mnq,11.1111111111,100.0,34.5132743363,50.8928571429,51.2713922836
