pdb_id,pep_identity,mhc_identity,tcrA_identity,tcrB_identity,total_identity
5eu6,44.4444444444,100.0,31.5789473684,44.8275862069,60.8825704107
3o4l,33.3333333333,100.0,31.8181818182,25.4237288136,53.9847628831
5bs0,33.3333333333,86.5921787709,30.701754386,52.1739130435,53.7877819397
3qdj,22.2222222222,100.0,32.4324324324,32.1739130435,51.5084649867
2vlk,22.2222222222,100.0,31.5315315315,32.1739130435,51.3583148366
