pdb_id,pep_identity,mhc_identity,tcrA_identity,tcrB_identity,total_identity
5eu6,44.4444444444,100.0,41.592920354,57.8947368421,64.7294243475
3o4l,33.3333333333,100.0,36.3636363636,33.6206896552,56.1084987809
4eup,33.3333333333,100.0,34.2342342342,30.701754386,55.2671092145
2vlk,22.2222222222,100.0,44.5454545455,35.0877192982,54.0129363814
5bs0,33.3333333333,86.5921787709,38.0530973451,41.2280701754,53.1886986215
2bnq,22.2222222222,100.0,39.8230088496,29.8245614035,52.3486691163
