pdb_id,pep_identity,mhc_identity,tcrA_identity,tcrB_identity,total_identity
5eu6,44.4444444444,100.0,41.592920354,61.0619469027,65.2572926909
4eup,33.3333333333,100.0,38.1818181818,32.7433628319,56.2653079467
3o4l,33.3333333333,100.0,34.2592592593,29.5652173913,55.0818572195
5bs0,33.3333333333,86.5921787709,39.8230088496,43.75,53.9040055097
2vlk,22.2222222222,100.0,39.4495412844,38.3928571429,53.714473812
2bnq,22.2222222222,100.0,40.7079646018,30.0884955752,52.5401507702
