pdb_id,pep_identity,mhc_identity,tcrA_identity,tcrB_identity,total_identity
5eu6,44.4444444444,100.0,47.7876106195,33.3333333333,61.6683054736
3o4l,33.3333333333,100.0,36.3636363636,54.4642857143,59.5824314574
3qdj,22.2222222222,100.0,45.4545454545,34.5132743363,54.0687107059
2vlk,22.2222222222,100.0,41.8181818182,31.25,52.9187710438
5bs0,33.3333333333,86.5921787709,46.017699115,28.3185840708,52.3645512324
2bnr,11.1111111111,100.0,46.017699115,37.1681415929,50.9013438217
