pdb_id,pep_identity,mhc_identity,tcrA_identity,tcrB_identity,total_identity
5eu6,44.4444444444,100.0,50.4424778761,60.5263157895,66.6429470924
5bs0,33.3333333333,86.5921787709,50.4424778761,45.6140350877,55.9845895287
4eup,33.3333333333,100.0,35.7142857143,30.9734513274,55.5590672847
3o4l,33.3333333333,100.0,36.6071428571,27.8260869565,55.1833160801
2vlk,22.2222222222,100.0,44.1441441441,38.0530973451,54.440280989
2bnq,22.2222222222,100.0,50.4424778761,29.203539823,54.0150770239
