pdb_id,pep_identity,mhc_identity,tcrA_identity,tcrB_identity,total_identity
5eu6,44.4444444444,100.0,41.592920354,36.2831858407,61.1274991806
5men,11.1111111111,100.0,43.3628318584,82.1428571429,57.9546518706
3qdj,22.2222222222,100.0,35.3982300885,65.1785714286,57.5035409936
2vlr,22.2222222222,100.0,42.4778761062,56.7567567568,57.2798462179
3o4l,33.3333333333,100.0,33.6283185841,27.8260869565,54.6868453679
5bs0,33.3333333333,86.5921787709,40.7079646018,36.036036036,52.7658374744
