pdb_id,pep_identity,mhc_identity,tcrA_identity,tcrB_identity,total_identity
4eup,33.3333333333,100.0,85.3211009174,60.3603603604,68.7246879907
5eu6,44.4444444444,100.0,42.4778761062,32.7433628319,60.6850213045
2bnq,22.2222222222,100.0,40.7079646018,55.8558558559,56.834710817
2vlk,22.2222222222,100.0,35.7798165138,56.3636363636,56.097982887
3o4l,33.3333333333,100.0,38.8888888889,26.3157894737,55.3118908382
