pdb_id,pep_identity,mhc_identity,tcrA_identity,tcrB_identity,total_identity
5eu6,44.4444444444,100.0,43.3628318584,57.8947368421,65.0244095982
4eup,33.3333333333,100.0,87.1559633028,30.701754386,64.0873973926
3o4l,33.3333333333,100.0,40.3669724771,33.6206896552,56.7757214665
5bs0,33.3333333333,86.5921787709,38.9380530973,41.2280701754,53.3361912469
2bnq,22.2222222222,100.0,41.592920354,29.8245614035,52.643654367
2vlk,22.2222222222,100.0,35.7798165138,35.0877192982,52.5519967094
