pdb_id,pep_identity,mhc_identity,tcrA_identity,tcrB_identity,total_identity
5eu6,44.4444444444,100.0,33.3333333333,41.2280701754,60.5750487329
5bs0,33.3333333333,86.5921787709,32.4561403509,88.4955752212,60.1337899634
3o4l,33.3333333333,100.0,34.2342342342,26.724137931,54.6041731387
5euo,22.2222222222,100.0,29.8245614035,36.2831858407,51.7586986148
3qdj,22.2222222222,100.0,32.4324324324,30.0884955752,51.1608954087
