pdb_id,pep_identity,mhc_identity,tcrA_identity,tcrB_identity,total_identity
5eu6,44.4444444444,100.0,38.9380530973,61.4035087719,64.871741793
4eup,33.3333333333,100.0,59.0909090909,31.5789473684,59.5560871877
3o4l,33.3333333333,100.0,32.4324324324,29.3103448276,54.7349073211
5bs0,33.3333333333,86.5921787709,37.1681415929,42.9824561404,53.333603657
2bnq,22.2222222222,100.0,36.2831858407,33.3333333333,52.3434939364
