pdb_id,pep_identity,mhc_identity,tcrA_identity,tcrB_identity,total_identity
5eu6,44.4444444444,100.0,23.4782608696,32.1739130435,57.423510467
5euo,22.2222222222,100.0,24.1071428571,53.5714285714,53.6871693122
5bs0,33.3333333333,86.5921787709,22.6086956522,34.5132743363,49.4954990328
