pdb_id,pep_identity,mhc_identity,tcrA_identity,tcrB_identity,total_identity
4eup,33.3333333333,100.0,46.8468468468,88.5964912281,67.0183341236
5eu6,44.4444444444,100.0,40.7079646018,28.4482758621,59.6741882255
3o4l,33.3333333333,100.0,46.8468468468,27.3504273504,56.8106568107
5euo,22.2222222222,100.0,34.5132743363,60.1769911504,56.5224516552
2bnq,22.2222222222,100.0,39.8230088496,48.2456140351,55.4188445548
