pdb_id,pep_identity,mhc_identity,tcrA_identity,tcrB_identity,total_identity
5eu6,44.4444444444,100.0,36.2831858407,55.7522123894,63.4873811865
3o4l,33.3333333333,100.0,58.8235294118,32.1739130435,59.6106848537
3qdj,22.2222222222,100.0,41.6666666667,37.1681415929,53.8798754507
5bs0,33.3333333333,86.5921787709,34.5132743363,41.592920354,52.6595364831
2vlk,22.2222222222,100.0,34.5794392523,31.8584070796,51.8137151294
