pdb_id,pep_identity,mhc_identity,tcrA_identity,tcrB_identity,total_identity
5eu6,44.4444444444,100.0,32.7433628319,36.8421052632,59.745726164
3o4l,33.3333333333,100.0,29.3577981651,27.8260869565,53.9750919647
2vlk,22.2222222222,100.0,30.2752293578,36.6071428571,51.8878027766
5bs0,33.3333333333,86.5921787709,30.9734513274,37.1681415929,51.3321028548
3qeq,22.2222222222,100.0,29.3577981651,30.0884955752,50.6484563641
2p5w,11.1111111111,100.0,31.8584070796,33.6283185841,47.9514913143
