pdb_id,pep_identity,mhc_identity,tcrA_identity,tcrB_identity,total_identity
5eu6,44.4444444444,100.0,36.8421052632,48.275862069,62.3344760368
5bs0,33.3333333333,86.5921787709,33.3333333333,59.1304347826,55.3857987208
3o4l,33.3333333333,100.0,29.203539823,25.641025641,53.5852053551
2vlk,22.2222222222,100.0,28.3185840708,37.7192982456,51.7470544601
3qdj,22.2222222222,100.0,31.8584070796,33.9130434783,51.7026491671
