pdb_id,pep_identity,mhc_identity,tcrA_identity,tcrB_identity,total_identity
2vlk,22.2222222222,100.0,35.3982300885,91.0714285714,61.8190171841
5eu6,44.4444444444,100.0,41.2280701754,35.9649122807,61.0136452242
3qdj,22.2222222222,100.0,38.0530973451,49.5575221239,55.3425106522
3o4l,33.3333333333,100.0,31.8584070796,30.4347826087,54.8266427258
5bs0,33.3333333333,86.5921787709,38.5964912281,37.1681415929,52.6026095049
2p5w,11.1111111111,100.0,40.350877193,52.2123893805,52.4642481326
5men,11.1111111111,100.0,39.6396396396,49.5575221239,51.9032306643
