pdb_id,pep_identity,mhc_identity,tcrA_identity,tcrB_identity,total_identity
4eup,33.3333333333,100.0,33.0357142857,58.2608695652,59.6605417529
5euo,22.2222222222,100.0,28.3185840708,51.3043478261,54.0112293902
3o4l,33.3333333333,100.0,31.25,24.5762711864,53.7488229755
5men,11.1111111111,100.0,36.9369369369,52.5862068966,51.9575610093
5bs0,33.3333333333,86.5921787709,30.0884955752,34.4827586207,50.7370464007
