pdb_id,pep_identity,mhc_identity,tcrA_identity,tcrB_identity,total_identity
4eup,33.3333333333,100.0,35.7142857143,57.1428571429,59.9206349206
2vlk,22.2222222222,100.0,28.8288288288,50.8928571429,54.0276884027
3o4l,33.3333333333,100.0,32.4324324324,24.347826087,53.9078208643
2p5w,11.1111111111,100.0,34.2105263158,62.8318584071,53.2107678242
5bs0,33.3333333333,86.5921787709,32.4561403509,33.6283185841,50.9892471906
2e7l,22.2222222222,68.7150837989,63.0630630631,54.4642857143,49.9003268033
