pdb_id,pep_identity,mhc_identity,tcrA_identity,tcrB_identity,total_identity
5eu6,44.4444444444,100.0,35.9649122807,36.2068965517,60.1767829536
2vlk,22.2222222222,100.0,58.0357142857,37.1681415929,56.6080500538
3o4l,33.3333333333,100.0,30.0884955752,23.9316239316,53.4477976956
5bs0,33.3333333333,86.5921787709,36.8421052632,42.1052631579,53.1330654383
3qeq,22.2222222222,100.0,44.6428571429,28.6956521739,52.9638256269
5men,11.1111111111,100.0,36.6071428571,31.3043478261,48.3556188176
