pdb_id,pep_identity,mhc_identity,tcrA_identity,tcrB_identity,total_identity
4eup,33.3333333333,100.0,85.3211009174,33.3333333333,64.2201834862
5eu6,44.4444444444,100.0,42.4778761062,36.2068965517,61.2622769245
3o4l,33.3333333333,100.0,40.7407407407,25.641025641,55.5080721747
5bs0,33.3333333333,86.5921787709,39.8230088496,37.3913043478,52.844222901
2vlk,22.2222222222,100.0,36.6972477064,33.3333333333,52.4125042474
