pdb_id,pep_identity,mhc_identity,tcrA_identity,tcrB_identity,total_identity
5eu6,44.4444444444,100.0,88.4955752212,42.4778761062,69.9770567027
5bs0,33.3333333333,86.5921787709,84.0707964602,65.7657657658,64.9479310724
2bnq,22.2222222222,100.0,86.7256637168,36.6071428571,61.2962085031
4eup,33.3333333333,100.0,40.1785714286,32.1428571429,56.498015873
