pdb_id,pep_identity,mhc_identity,tcrA_identity,tcrB_identity,total_identity
5eu6,44.4444444444,100.0,33.3333333333,67.2566371681,64.9131432317
4eup,33.3333333333,100.0,33.0357142857,30.0884955752,54.9651460879
3o4l,33.3333333333,100.0,29.4642857143,28.0701754386,54.0335213033
2bnq,22.2222222222,100.0,37.7192982456,36.2831858407,53.0744880885
5bs0,33.3333333333,86.5921787709,30.701754386,46.4285714286,52.8302250039
