pdb_id,pep_identity,mhc_identity,tcrA_identity,tcrB_identity,total_identity
5eu6,44.4444444444,100.0,31.8584070796,31.5789473684,58.7210405562
5men,11.1111111111,100.0,28.8288288288,73.4513274336,54.0837297474
3o4l,33.3333333333,100.0,29.3577981651,27.5862068966,53.9351119547
2vlk,22.2222222222,100.0,31.1926605505,47.7876106195,53.9041192691
5bs0,33.3333333333,86.5921787709,30.0884955752,31.8584070796,50.2996544772
