pdb_id,pep_identity,mhc_identity,tcrA_identity,tcrB_identity,total_identity
5eu6,44.4444444444,100.0,38.9380530973,41.592920354,61.5699770567
3o4l,33.3333333333,100.0,53.2110091743,28.9473684211,58.137507377
5bs0,33.3333333333,86.5921787709,37.1681415929,66.6666666667,57.280972078
3qdj,22.2222222222,100.0,48.623853211,40.5405405405,55.6014730327
2vlk,22.2222222222,100.0,38.5321100917,39.6396396396,53.769365696
