pdb_id,pep_identity,mhc_identity,tcrA_identity,tcrB_identity,total_identity
5eu6,44.4444444444,100.0,35.0877192982,51.3043478261,62.5468260022
3o4l,33.3333333333,100.0,28.8288288288,26.724137931,53.7032722378
3qdj,22.2222222222,100.0,34.2342342342,33.9130434783,52.0986203595
2vlk,22.2222222222,100.0,29.7297297297,35.9649122807,51.6898477425
5bs0,33.3333333333,86.5921787709,31.5789473684,38.2608695652,51.6151401904
