pdb_id,pep_identity,mhc_identity,tcrA_identity,tcrB_identity,total_identity
5eu6,44.4444444444,100.0,41.592920354,35.3982300885,60.9800065552
3qeq,22.2222222222,100.0,41.1214953271,52.6785714286,56.3740852
3o4l,33.3333333333,100.0,33.3333333333,30.0884955752,55.0147492625
5bs0,33.3333333333,86.5921787709,38.9380530973,40.9090909091,53.2830280358
5men,11.1111111111,100.0,43.119266055,50.4504504505,52.631989788
