pdb_id,pep_identity,mhc_identity,tcrA_identity,tcrB_identity,total_identity
5eu6,44.4444444444,100.0,49.5575221239,57.264957265,65.951894713
3o4l,33.3333333333,100.0,37.5,28.5714285714,55.4563492063
4eup,33.3333333333,100.0,33.9285714286,30.7692307692,55.2274114774
5bs0,33.3333333333,86.5921787709,45.1327433628,41.0256410256,54.3349014328
5euo,22.2222222222,100.0,44.6428571429,33.3333333333,53.7367724868
2bnq,22.2222222222,100.0,46.9026548673,29.9145299145,53.543604871
