pdb_id,pep_identity,mhc_identity,tcrA_identity,tcrB_identity,total_identity
5eu6,44.4444444444,100.0,40.7079646018,34.2105263158,60.6345633011
5men,11.1111111111,100.0,88.0733944954,31.8584070796,57.0256706329
3o4l,33.3333333333,100.0,31.5315315315,27.8260869565,54.3373808591
5bs0,33.3333333333,86.5921787709,40.7079646018,34.5132743363,52.5120438578
2vlk,22.2222222222,100.0,35.4545454545,34.8214285714,52.4534030784
3qdj,22.2222222222,100.0,36.3636363636,30.9734513274,51.9635886893
