pdb_id,pep_identity,mhc_identity,tcrA_identity,tcrB_identity,total_identity
5eu6,44.4444444444,100.0,37.1681415929,37.0689655172,60.5209993332
3qdj,22.2222222222,100.0,63.3027522936,31.3043478261,56.5085907607
3o4l,33.3333333333,100.0,31.8181818182,27.3504273504,54.3058793059
5bs0,33.3333333333,86.5921787709,39.8230088496,36.5217391304,52.6992953648
5euo,22.2222222222,100.0,33.0357142857,35.9649122807,52.2408451685
2f53,11.1111111111,100.0,38.9380530973,33.9130434783,49.1788864663
