pdb_id,pep_identity,mhc_identity,tcrA_identity,tcrB_identity,total_identity
5eu6,44.4444444444,100.0,87.610619469,33.3333333333,68.3054736152
2bnq,22.2222222222,100.0,86.7256637168,50.0,63.5283513602
2vlk,22.2222222222,100.0,36.9369369369,87.5,61.4802302302
4eup,33.3333333333,100.0,39.6396396396,54.4642857143,60.1284320034
5bs0,33.3333333333,86.5921787709,83.185840708,34.5132743363,59.5916898755
3o4l,33.3333333333,100.0,38.7387387387,28.6956521739,55.6835095966
