pdb_id,pep_identity,mhc_identity,tcrA_identity,tcrB_identity,total_identity
4eup,33.3333333333,100.0,32.1428571429,54.7826086957,58.9320220842
3o4l,33.3333333333,100.0,33.3333333333,23.7288135593,53.9548022599
5euo,22.2222222222,100.0,28.0701754386,49.5652173913,53.6799728791
2p5e,11.1111111111,100.0,32.4561403509,60.8695652174,52.5913212984
5bs0,33.3333333333,86.5921787709,32.4561403509,31.8965517241,50.7006193806
2e7l,22.2222222222,68.7150837989,63.0630630631,53.0434782609,49.663525561
