pdb_id,pep_identity,mhc_identity,tcrA_identity,tcrB_identity,total_identity
5eu6,44.4444444444,100.0,40.7079646018,61.4035087719,65.1667270438
3o4l,33.3333333333,100.0,85.4368932039,29.5652173913,63.611462877
4eup,33.3333333333,100.0,41.2844036697,31.8584070796,56.6349129027
5bs0,33.3333333333,86.5921787709,38.9380530973,44.7368421053,53.9209865685
2bnq,22.2222222222,100.0,46.017699115,30.0884955752,53.4251065225
5euo,22.2222222222,100.0,34.5454545455,36.2831858407,52.5455141384
