pdb_id,pep_identity,mhc_identity,tcrA_identity,tcrB_identity,total_identity
4eup,33.3333333333,100.0,21.1009174312,58.5585585586,57.7210237761
5euo,22.2222222222,100.0,27.027027027,52.7272727273,54.0331240331
4mnq,11.1111111111,100.0,26.6055045872,62.1621621622,51.8316481619
5bs0,33.3333333333,86.5921787709,22.8070175439,35.1351351351,49.6321961479
