pdb_id,pep_identity,mhc_identity,tcrA_identity,tcrB_identity,total_identity
5eu6,44.4444444444,100.0,31.8584070796,43.3628318584,60.6850213045
5bs0,33.3333333333,86.5921787709,32.7433628319,59.0909090909,55.2808826886
3o4l,33.3333333333,100.0,30.2752293578,26.5486725664,53.9150947651
3qdj,22.2222222222,100.0,38.8888888889,35.1351351351,53.0780780781
2vlk,22.2222222222,100.0,28.4403669725,36.6972477064,51.5970098539
