pdb_id,pep_identity,mhc_identity,tcrA_identity,tcrB_identity,total_identity
5eu6,44.4444444444,100.0,42.4778761062,59.2920353982,65.1098000656
3o4l,33.3333333333,100.0,45.3703703704,29.8245614035,56.9769330734
4eup,33.3333333333,100.0,40.9090909091,33.6283185841,56.8673460266
5bs0,33.3333333333,86.5921787709,40.7079646018,44.6428571429,54.2003076589
2vlk,22.2222222222,100.0,43.5185185185,34.8214285714,53.7973985891
2bnq,22.2222222222,100.0,41.592920354,35.3982300885,53.5725991478
