pdb_id,pep_identity,mhc_identity,tcrA_identity,tcrB_identity,total_identity
5eu6,44.4444444444,100.0,35.652173913,34.2105263158,59.7919315196
3o4l,33.3333333333,100.0,29.203539823,26.0869565217,53.6595271686
5bs0,33.3333333333,86.5921787709,34.7826086957,39.8230088496,52.4094402923
2vlk,22.2222222222,100.0,28.3185840708,33.9285714286,51.1152666573
3qeq,22.2222222222,100.0,27.4336283186,28.3185840708,50.032776139
2p5e,11.1111111111,100.0,36.5217391304,32.1428571429,48.4811364159
