pdb_id,pep_identity,mhc_identity,tcrA_identity,tcrB_identity,total_identity
5eu6,44.4444444444,100.0,45.1327433628,50.8771929825,64.1498042057
4eup,33.3333333333,100.0,87.1559633028,29.203539823,63.8376949654
3o4l,33.3333333333,100.0,40.0,33.0434782609,56.6183574879
5bs0,33.3333333333,86.5921787709,41.592920354,37.7192982456,53.1938738014
5euo,22.2222222222,100.0,37.5,30.9734513274,52.1529826286
