pdb_id,pep_identity,mhc_identity,tcrA_identity,tcrB_identity,total_identity
5eu6,44.4444444444,100.0,22.8070175439,42.4778761062,59.0289637565
5bs0,33.3333333333,86.5921787709,23.6842105263,67.2727272727,55.1346603346
3o4l,33.3333333333,100.0,20.9090909091,27.4336283186,52.5015643157
5euo,22.2222222222,100.0,24.3243243243,40.3669724771,51.522623541
3qeq,22.2222222222,100.0,29.0909090909,31.25,50.7975589226
