pdb_id,pep_identity,mhc_identity,tcrA_identity,tcrB_identity,total_identity
5eu6,44.4444444444,100.0,87.610619469,35.3982300885,68.6496230744
2bnq,22.2222222222,100.0,86.7256637168,51.3513513514,63.7535765854
2vlk,22.2222222222,100.0,38.0530973451,92.7272727273,62.5374690861
4eup,33.3333333333,100.0,40.7079646018,56.7567567568,60.6885646709
5bs0,33.3333333333,86.5921787709,84.0707964602,38.7387387387,60.4434265679
3o4l,33.3333333333,100.0,37.1681415929,30.9734513274,55.8013765978
