pdb_id,pep_identity,mhc_identity,tcrA_identity,tcrB_identity,total_identity
2vlr,22.2222222222,100.0,29.0909090909,92.1052631579,60.9401027822
5eu6,44.4444444444,100.0,27.4336283186,35.3448275862,58.6112241323
3qeq,22.2222222222,100.0,27.5229357798,52.1739130435,54.023548878
3o4l,33.3333333333,100.0,25.9259259259,29.9145299145,53.7511870845
5bs0,33.3333333333,86.5921787709,29.203539823,37.3913043478,51.0743113966
2p5w,11.1111111111,100.0,28.3185840708,50.4347826087,50.1625981503
