pdb_id,pep_identity,mhc_identity,tcrA_identity,tcrB_identity,total_identity
5eu6,44.4444444444,100.0,28.9473684211,48.6725663717,61.0848039469
3o4l,33.3333333333,100.0,32.1100917431,25.6637168142,54.0734125373
3qdj,22.2222222222,100.0,36.9369369369,32.1428571429,52.254039754
5bs0,33.3333333333,86.5921787709,31.5789473684,35.7142857143,51.1907095485
5euo,22.2222222222,100.0,25.2252252252,31.5315315315,50.2002002002
