pdb_id,pep_identity,mhc_identity,tcrA_identity,tcrB_identity,total_identity
5eu6,44.4444444444,100.0,35.0877192982,29.8245614035,58.9668615984
2vlk,22.2222222222,100.0,50.4504504505,50.8928571429,57.6312920063
3qeq,22.2222222222,100.0,43.2432432432,50.4424778761,56.355027594
3o4l,33.3333333333,100.0,28.5714285714,29.5652173913,54.1338854382
5men,11.1111111111,100.0,37.2727272727,55.7522123894,52.5411936474
5bs0,33.3333333333,86.5921787709,30.701754386,34.5132743363,50.8443421551
