pdb_id,pep_identity,mhc_identity,tcrA_identity,tcrB_identity,total_identity
5eu6,44.4444444444,100.0,47.7876106195,92.0353982301,71.4519829564
3o4l,33.3333333333,100.0,51.7857142857,28.0701754386,57.7537593985
