pdb_id,pep_identity,mhc_identity,tcrA_identity,tcrB_identity,total_identity
5hho,22.2222222222,100.0,28.0701754386,91.8181818182,60.7221336169
5eu6,44.4444444444,100.0,34.2105263158,32.7433628319,59.3071296728
3qeq,22.2222222222,100.0,26.3157894737,58.9285714286,54.9481342245
3o4l,33.3333333333,100.0,33.3333333333,28.3185840708,54.7197640118
5bs0,33.3333333333,86.5921787709,33.3333333333,36.036036036,51.536732263
2p5w,11.1111111111,100.0,35.0877192982,48.2142857143,50.9207045391
2e7l,22.2222222222,68.7150837989,70.1754385965,50.0,50.3416751065
