pdb_id,pep_identity,mhc_identity,tcrA_identity,tcrB_identity,total_identity
2vlk,22.2222222222,100.0,87.2727272727,37.2727272727,61.4983164983
5eu6,44.4444444444,100.0,36.8421052632,37.1681415929,60.4831892908
3qeq,22.2222222222,100.0,53.6363636364,28.5714285714,54.442039442
3o4l,33.3333333333,100.0,32.4324324324,24.5614035088,53.9434171013
5bs0,33.3333333333,86.5921787709,38.5964912281,39.6396396396,53.014525846
