pdb_id,pep_identity,mhc_identity,tcrA_identity,tcrB_identity,total_identity
5euo,22.2222222222,100.0,91.7431192661,50.8928571429,64.5134034756
5eu6,44.4444444444,100.0,37.1681415929,34.5132743363,60.095050803
4eup,33.3333333333,100.0,35.1351351351,51.7857142857,58.9312526813
2f53,11.1111111111,100.0,35.3982300885,75.8928571429,55.5855515756
5men,11.1111111111,100.0,35.1351351351,74.1071428571,55.2440833691
3o4l,33.3333333333,100.0,33.6363636364,30.4347826087,55.1229688186
5bs0,33.3333333333,86.5921787709,37.1681415929,34.8214285714,51.9734323955
