pdb_id,pep_identity,mhc_identity,tcrA_identity,tcrB_identity,total_identity
2bnq,22.2222222222,100.0,89.3805309735,88.3928571429,70.3696387601
5eu6,44.4444444444,100.0,89.3805309735,35.3982300885,68.9446083251
4eup,33.3333333333,100.0,43.2432432432,52.6785714286,60.4314135564
5bs0,33.3333333333,86.5921787709,84.0707964602,34.5454545455,59.744545869
5men,11.1111111111,100.0,39.8230088496,91.8181818182,58.9772354817
