pdb_id,pep_identity,mhc_identity,tcrA_identity,tcrB_identity,total_identity
5eu6,44.4444444444,100.0,87.610619469,39.1304347826,69.2716571901
5bs0,33.3333333333,86.5921787709,83.185840708,39.4736842105,60.4184248545
2bnq,22.2222222222,100.0,85.8407079646,30.0884955752,60.062274664
4eup,33.3333333333,100.0,40.5405405405,36.2831858407,57.2483988413
