pdb_id,pep_identity,mhc_identity,tcrA_identity,tcrB_identity,total_identity
2vlk,22.2222222222,100.0,40.9090909091,90.0900900901,62.5739375739
4eup,33.3333333333,100.0,46.3636363636,54.0540540541,61.1807261807
3o4l,33.3333333333,100.0,53.6363636364,30.701754386,58.5007974482
5bs0,33.3333333333,86.5921787709,36.2831858407,36.6071428571,52.1235588177
2p5w,11.1111111111,100.0,37.1681415929,51.7857142857,51.8626796835
5men,11.1111111111,100.0,35.7142857143,48.2142857143,51.0251322751
