pdb_id,pep_identity,mhc_identity,tcrA_identity,tcrB_identity,total_identity
4eup,33.3333333333,100.0,90.8256880734,59.2920353982,69.464065023
5eu6,44.4444444444,100.0,43.3628318584,32.1739130435,60.7376056318
2bnq,22.2222222222,100.0,42.4778761062,54.8672566372,56.9649295313
2vlk,22.2222222222,100.0,36.6972477064,55.3571428571,56.083139168
