pdb_id,pep_identity,mhc_identity,tcrA_identity,tcrB_identity,total_identity
5eu6,44.4444444444,100.0,37.3913043478,34.5132743363,60.1322445955
3o4l,33.3333333333,100.0,35.3982300885,22.8070175439,54.1453190498
5bs0,33.3333333333,86.5921787709,35.652173913,35.7142857143,51.8695806393
3qeq,22.2222222222,100.0,31.8584070796,34.8214285714,51.8540466826
5euo,22.2222222222,100.0,33.0434782609,30.6306306306,51.3530922227
