pdb_id,pep_identity,mhc_identity,tcrA_identity,tcrB_identity,total_identity
5eu6,44.4444444444,100.0,39.8230088496,58.407079646,64.5198295641
3o4l,33.3333333333,100.0,85.2941176471,31.5789473684,63.9232886137
4eup,33.3333333333,100.0,38.5321100917,30.9734513274,56.028704681
5bs0,33.3333333333,86.5921787709,38.0530973451,42.8571428571,53.4602107351
2vlk,22.2222222222,100.0,36.4485981308,33.9285714286,52.4702690006
