pdb_id,pep_identity,mhc_identity,tcrA_identity,tcrB_identity,total_identity
3qeq,22.2222222222,100.0,28.5714285714,90.1785714286,60.5324074074
5eu6,44.4444444444,100.0,27.8260869565,38.9380530973,59.2755048238
5euo,22.2222222222,100.0,27.6785714286,60.0,55.3538359788
3o4l,33.3333333333,100.0,19.6428571429,28.0701754386,52.3966165414
5men,11.1111111111,100.0,22.3214285714,63.6363636364,51.3633357383
5bs0,33.3333333333,86.5921787709,22.6086956522,34.5454545455,49.500862401
