pdb_id,pep_identity,mhc_identity,tcrA_identity,tcrB_identity,total_identity
5eu6,44.4444444444,100.0,35.0877192982,37.7192982456,60.2826510721
3o4l,33.3333333333,100.0,31.25,27.8260869565,54.2904589372
2vlr,22.2222222222,100.0,30.3571428571,37.5,52.0502645503
5bs0,33.3333333333,86.5921787709,34.2105263158,37.1681415929,51.8716153529
3qdj,22.2222222222,100.0,32.1428571429,31.8584070796,51.4076181112
