pdb_id,pep_identity,mhc_identity,tcrA_identity,tcrB_identity,total_identity
5eu6,44.4444444444,100.0,37.1681415929,58.2608695652,64.0529833412
3o4l,33.3333333333,100.0,51.8518518519,29.0598290598,57.9297245964
4eup,33.3333333333,100.0,46.3636363636,32.1739130435,57.5340360123
5bs0,33.3333333333,86.5921787709,35.3982300885,42.6086956522,52.9763249915
2vlk,22.2222222222,100.0,37.6146788991,34.7826086957,52.8069553399
