pdb_id,pep_identity,mhc_identity,tcrA_identity,tcrB_identity,total_identity
5eu6,44.4444444444,100.0,38.9380530973,59.2920353982,64.5198295641
3o4l,33.3333333333,100.0,85.2941176471,27.8260869565,63.2978118784
4eup,33.3333333333,100.0,40.3669724771,31.8584070796,56.4820077039
5bs0,33.3333333333,86.5921787709,37.1681415929,42.4778761062,53.2495069846
2vlk,22.2222222222,100.0,35.5140186916,31.8584070796,51.9694783693
