pdb_id,pep_identity,mhc_identity,tcrA_identity,tcrB_identity,total_identity
5euo,22.2222222222,100.0,91.7431192661,49.5575221239,64.2908476391
5eu6,44.4444444444,100.0,37.1681415929,33.3333333333,59.8983939692
3qeq,22.2222222222,100.0,50.4587155963,62.8318584071,59.6225030746
2f53,11.1111111111,100.0,36.2831858407,74.3362831858,55.4736152081
5men,11.1111111111,100.0,35.1351351351,73.4513274336,55.1347807985
3o4l,33.3333333333,100.0,33.6363636364,26.724137931,54.504528039
5bs0,33.3333333333,86.5921787709,37.1681415929,33.6283185841,51.7745807309
