pdb_id,pep_identity,mhc_identity,tcrA_identity,tcrB_identity,total_identity
5eu6,44.4444444444,100.0,40.0,31.5789473684,60.0779727096
3qeq,22.2222222222,100.0,28.9473684211,61.0619469027,55.7422932947
2vlk,22.2222222222,100.0,29.8245614035,48.2142857143,53.7472152604
3o4l,33.3333333333,100.0,29.8245614035,24.347826087,53.4731756929
2f54,11.1111111111,100.0,38.2608695652,50.0,51.7471819646
5bs0,33.3333333333,86.5921787709,38.2608695652,30.9734513274,51.5142241835
