pdb_id,pep_identity,mhc_identity,tcrA_identity,tcrB_identity,total_identity
5hho,22.2222222222,100.0,41.4414414414,93.75,63.2726476476
5eu6,44.4444444444,100.0,46.9026548673,35.0877192982,61.8132105091
3o4l,33.3333333333,100.0,35.7142857143,30.4347826087,55.4692891649
3qeq,22.2222222222,100.0,35.1351351351,53.0973451327,55.4461541187
5bs0,33.3333333333,86.5921787709,46.017699115,38.0530973451,53.9869701115
2p5w,11.1111111111,100.0,47.7876106195,51.3274336283,53.5562110783
5men,11.1111111111,100.0,41.4414414414,50.4424778761,52.35102359
