pdb_id,pep_identity,mhc_identity,tcrA_identity,tcrB_identity,total_identity
5eu6,44.4444444444,100.0,44.2477876106,57.0175438596,65.0257033932
4eup,33.3333333333,100.0,87.1559633028,29.8245614035,63.9411985622
3o4l,33.3333333333,100.0,46.7889908257,27.5862068966,56.8403107315
2bnq,22.2222222222,100.0,41.592920354,41.2280701754,54.5442391623
5bs0,33.3333333333,86.5921787709,39.8230088496,39.4736842105,53.1912862114
2vlk,22.2222222222,100.0,36.6972477064,31.5789473684,52.1201065865
