pdb_id,pep_identity,mhc_identity,tcrA_identity,tcrB_identity,total_identity
4eup,33.3333333333,100.0,40.9090909091,89.1891891892,66.1274911275
3o4l,33.3333333333,100.0,87.5,30.0884955752,64.0425270403
5eu6,44.4444444444,100.0,39.8230088496,27.4336283186,59.3575876762
2vlk,22.2222222222,100.0,35.7798165138,56.3636363636,56.097982887
2bnq,22.2222222222,100.0,38.9380530973,50.4504504505,55.6388246654
