pdb_id,pep_identity,mhc_identity,tcrA_identity,tcrB_identity,total_identity
4eup,33.3333333333,100.0,84.8214285714,89.1891891892,73.4462140712
5eu6,44.4444444444,100.0,45.6140350877,28.3185840708,60.4702513412
