pdb_id,pep_identity,mhc_identity,tcrA_identity,tcrB_identity,total_identity
5eu6,44.4444444444,100.0,40.7079646018,66.3793103448,65.9960273059
5euo,22.2222222222,100.0,94.495412844,33.6206896552,62.0934244906
4eup,33.3333333333,100.0,37.8378378378,28.4482758621,55.4921300611
3o4l,33.3333333333,100.0,33.6363636364,27.9661016949,54.7115219997
5bs0,33.3333333333,86.5921787709,40.7079646018,44.8275862069,54.2310958362
