pdb_id,pep_identity,mhc_identity,tcrA_identity,tcrB_identity,total_identity
5eu6,44.4444444444,100.0,44.2477876106,59.2920353982,65.4047853163
4eup,33.3333333333,100.0,84.5454545455,31.8584070796,63.8450880486
3o4l,33.3333333333,100.0,39.6396396396,27.8260869565,55.6887322105
2bnq,22.2222222222,100.0,42.4778761062,41.592920354,54.7525401508
5bs0,33.3333333333,86.5921787709,38.9380530973,42.4778761062,53.5444922354
