pdb_id,pep_identity,mhc_identity,tcrA_identity,tcrB_identity,total_identity
5eu6,44.4444444444,100.0,33.3333333333,36.8421052632,59.8440545809
3o4l,33.3333333333,100.0,30.6306306306,53.5714285714,58.4781209781
2vlk,22.2222222222,100.0,31.5315315315,33.0357142857,51.5019483769
3qeq,22.2222222222,100.0,25.2252252252,31.5789473684,50.2081028397
5bs0,33.3333333333,86.5921787709,28.9473684211,31.8584070796,50.1094666182
