pdb_id,pep_identity,mhc_identity,tcrA_identity,tcrB_identity,total_identity
5eu6,44.4444444444,100.0,45.1327433628,47.3684210526,63.5650088841
3qdj,22.2222222222,100.0,68.8073394495,35.3982300885,58.1083356637
5bs0,33.3333333333,86.5921787709,44.2477876106,60.7142857143,57.4688495889
3o4l,33.3333333333,100.0,40.0,26.9565217391,55.6038647343
5euo,22.2222222222,100.0,39.2857142857,40.5405405405,54.0451165451
