pdb_id,pep_identity,mhc_identity,tcrA_identity,tcrB_identity,total_identity
5bs0,33.3333333333,86.5921787709,39.8230088496,91.8181818182,61.9153691461
5eu6,44.4444444444,100.0,39.8230088496,42.4778761062,61.8649623074
3qdj,22.2222222222,100.0,62.037037037,30.6306306306,56.1853520187
3o4l,33.3333333333,100.0,33.3333333333,26.3157894737,54.3859649123
2vlk,22.2222222222,100.0,38.5321100917,37.2727272727,53.3748803015
