pdb_id,pep_identity,mhc_identity,tcrA_identity,tcrB_identity,total_identity
5eu6,44.4444444444,100.0,49.5575221239,63.4782608696,66.9874453137
4eup,33.3333333333,100.0,36.036036036,32.4561403509,55.8598071756
3o4l,33.3333333333,100.0,38.7387387387,27.5862068966,55.4986020503
5bs0,33.3333333333,86.5921787709,46.017699115,46.0869565217,55.3259466409
2vlk,22.2222222222,100.0,43.6363636364,38.5964912281,54.4462165515
2bnq,22.2222222222,100.0,49.5575221239,30.701754386,54.1172868257
