pdb_id,pep_identity,mhc_identity,tcrA_identity,tcrB_identity,total_identity
3o4l,33.3333333333,100.0,87.1287128713,25.8620689655,63.2762414172
5eu6,44.4444444444,100.0,41.592920354,44.7368421053,62.5364418914
5bs0,33.3333333333,86.5921787709,40.7079646018,53.0973451327,55.6093889905
3qdj,22.2222222222,100.0,42.5925925926,32.7433628319,53.2967333115
2vlk,22.2222222222,100.0,39.2523364486,33.6283185841,52.8875165795
