pdb_id,pep_identity,mhc_identity,tcrA_identity,tcrB_identity,total_identity
2vlk,22.2222222222,100.0,40.9090909091,94.5454545455,63.3164983165
4eup,33.3333333333,100.0,42.3423423423,58.5585585586,61.2612612613
3o4l,33.3333333333,100.0,59.4339622642,32.7433628319,59.8073319604
2bnq,22.2222222222,100.0,36.2831858407,51.3513513514,55.3464969394
5bs0,33.3333333333,86.5921787709,38.9380530973,38.7387387387,52.9213026741
4mnq,11.1111111111,100.0,29.4642857143,52.2522522523,50.6564600315
