pdb_id,pep_identity,mhc_identity,tcrA_identity,tcrB_identity,total_identity
2bnq,22.2222222222,100.0,40.7079646018,86.8421052632,61.9990857182
3qdj,22.2222222222,100.0,40.3669724771,63.1578947368,57.9948852764
4mnq,11.1111111111,100.0,37.5,85.0877192982,57.4683235867
3o4l,33.3333333333,100.0,33.3333333333,32.4786324786,55.4131054131
2vlk,22.2222222222,100.0,36.6972477064,49.1228070175,55.0440831947
5bs0,33.3333333333,86.5921787709,41.592920354,32.4561403509,52.3166808189
