pdb_id,pep_identity,mhc_identity,tcrA_identity,tcrB_identity,total_identity
5eu6,44.4444444444,100.0,33.3333333333,63.1578947368,64.2300194932
4eup,33.3333333333,100.0,33.6283185841,31.8584070796,55.3588987217
3o4l,33.3333333333,100.0,31.8584070796,28.6956521739,54.5367876534
5bs0,33.3333333333,86.5921787709,32.4561403509,46.4912280702,53.1330654383
5euo,22.2222222222,100.0,27.1929824561,38.0530973451,51.6150873743
