pdb_id,pep_identity,mhc_identity,tcrA_identity,tcrB_identity,total_identity
5eu6,44.4444444444,100.0,88.5964912281,56.6371681416,72.3537580431
2bnq,22.2222222222,100.0,91.2280701754,33.6283185841,61.5501388673
5bs0,33.3333333333,86.5921787709,84.2105263158,42.8571428571,61.1531155636
