pdb_id,pep_identity,mhc_identity,tcrA_identity,tcrB_identity,total_identity
5eu6,44.4444444444,100.0,50.4424778761,39.8230088496,63.1923959358
3o4l,33.3333333333,100.0,36.6071428571,24.5614035088,54.6392021721
5bs0,33.3333333333,86.5921787709,46.9026548673,39.2857142857,54.3398988936
5euo,22.2222222222,100.0,44.6428571429,35.1351351351,54.0370727871
3qeq,22.2222222222,100.0,39.6396396396,29.4642857143,52.2580616331
