pdb_id,pep_identity,mhc_identity,tcrA_identity,tcrB_identity,total_identity
4eup,33.3333333333,100.0,38.7387387387,84.8214285714,65.0378056628
5eu6,44.4444444444,100.0,46.017699115,25.4385964912,60.0575307492
2vlk,22.2222222222,100.0,41.4414414414,52.6785714286,56.4274095524
2bnq,22.2222222222,100.0,44.2477876106,49.1071428571,56.2998958187
3o4l,33.3333333333,100.0,37.8378378378,26.9565217391,55.2435043739
5bs0,33.3333333333,86.5921787709,44.2477876106,30.9734513274,52.5120438578
