pdb_id,pep_identity,mhc_identity,tcrA_identity,tcrB_identity,total_identity
5eu6,44.4444444444,100.0,38.0530973451,56.6371681416,63.9298590626
2vlk,22.2222222222,100.0,89.7196261682,32.7433628319,61.1512389074
4eup,33.3333333333,100.0,39.4495412844,30.9734513274,56.1816098798
3o4l,33.3333333333,100.0,34.2592592593,30.4347826087,55.2267847558
5bs0,33.3333333333,86.5921787709,37.1681415929,40.7079646018,52.9545217339
