pdb_id,pep_identity,mhc_identity,tcrA_identity,tcrB_identity,total_identity
5eu6,44.4444444444,100.0,34.5132743363,66.3716814159,64.9623074402
4eup,33.3333333333,100.0,37.2727272727,32.7433628319,56.1137927952
3o4l,33.3333333333,100.0,29.7297297297,29.5652173913,54.3269356313
5bs0,33.3333333333,86.5921787709,34.5132743363,46.9026548673,53.5444922354
