pdb_id,pep_identity,mhc_identity,tcrA_identity,tcrB_identity,total_identity
5euo,22.2222222222,100.0,92.6605504587,91.8181818182,71.4871961202
5eu6,44.4444444444,100.0,38.0530973451,33.6283185841,60.095050803
4eup,33.3333333333,100.0,37.6146788991,54.954954955,59.8727167535
