pdb_id,pep_identity,mhc_identity,tcrA_identity,tcrB_identity,total_identity
4eup,33.3333333333,100.0,86.2385321101,59.8214285714,68.7877712247
5eu6,44.4444444444,100.0,42.4778761062,33.3333333333,60.7833497214
2bnq,22.2222222222,100.0,40.7079646018,56.25,56.9004015077
2vlk,22.2222222222,100.0,36.6972477064,55.8558558559,56.1662580011
3o4l,33.3333333333,100.0,38.8888888889,26.0869565217,55.2737520129
