pdb_id,pep_identity,mhc_identity,tcrA_identity,tcrB_identity,total_identity
5eu6,44.4444444444,100.0,46.017699115,43.1034482759,63.0016727133
5bs0,33.3333333333,86.5921787709,41.592920354,56.5217391304,56.3276139488
3o4l,33.3333333333,100.0,35.7142857143,27.3504273504,54.9552299552
5euo,22.2222222222,100.0,44.1441441441,34.2105263158,53.7998524841
3qdj,22.2222222222,100.0,40.1785714286,33.0434782609,52.944415689
