pdb_id,pep_identity,mhc_identity,tcrA_identity,tcrB_identity,total_identity
5eu6,44.4444444444,100.0,42.1052631579,51.7543859649,63.7914230019
4eup,33.3333333333,100.0,37.7192982456,37.1681415929,56.9256844175
3o4l,33.3333333333,100.0,32.4561403509,26.9565217391,54.3465547928
2vlk,22.2222222222,100.0,41.2280701754,38.3928571429,54.0108952938
5bs0,33.3333333333,86.5921787709,39.4736842105,39.8230088496,53.1912862114
