pdb_id,pep_identity,mhc_identity,tcrA_identity,tcrB_identity,total_identity
2vlk,22.2222222222,100.0,24.3243243243,91.8181818182,60.0978250978
5eu6,44.4444444444,100.0,24.5614035088,36.2831858407,58.2889130397
3qeq,22.2222222222,100.0,31.5315315315,52.6785714286,54.7757579008
3o4l,33.3333333333,100.0,21.6216216216,30.0884955752,53.0627973106
5bs0,33.3333333333,86.5921787709,23.6842105263,38.7387387387,50.3789955789
2p5w,11.1111111111,100.0,25.4385964912,48.2142857143,49.3125174046
