pdb_id,pep_identity,mhc_identity,tcrA_identity,tcrB_identity,total_identity
5eu6,44.4444444444,100.0,33.3333333333,59.2920353982,63.5857096034
3o4l,33.3333333333,100.0,31.8584070796,28.9473684211,54.5787403612
5bs0,33.3333333333,86.5921787709,32.4561403509,44.6428571429,52.8250036171
3qdj,22.2222222222,100.0,33.6283185841,37.5,52.5954605048
2vlk,22.2222222222,100.0,27.4336283186,34.8214285714,51.1165835557
