pdb_id,pep_identity,mhc_identity,tcrA_identity,tcrB_identity,total_identity
5eu6,44.4444444444,100.0,34.2105263158,44.4444444444,61.2573099415
5bs0,33.3333333333,86.5921787709,34.2105263158,63.7931034483,56.3091089954
3o4l,33.3333333333,100.0,30.0884955752,25.4237288136,53.6964818426
3qdj,22.2222222222,100.0,34.5132743363,32.7586206897,51.9527232451
5euo,22.2222222222,100.0,29.8245614035,37.3913043478,51.9433850326
