pdb_id,pep_identity,mhc_identity,tcrA_identity,tcrB_identity,total_identity
2bnq,22.2222222222,100.0,37.1681415929,88.4955752212,61.6846935431
3qdj,22.2222222222,100.0,34.8214285714,67.2566371681,57.7537516973
4mnq,11.1111111111,100.0,30.3571428571,89.3805309735,56.9933160088
5euo,22.2222222222,100.0,46.4285714286,48.6725663717,56.5909303741
3o4l,33.3333333333,100.0,32.1428571429,29.3103448276,54.6866447729
5bs0,33.3333333333,86.5921787709,37.1681415929,31.8584070796,51.4795954802
