pdb_id,pep_identity,mhc_identity,tcrA_identity,tcrB_identity,total_identity
4eup,33.3333333333,100.0,85.3211009174,57.6576576577,68.2742375403
5eu6,44.4444444444,100.0,44.2477876106,34.5132743363,61.274991806
3o4l,33.3333333333,100.0,40.9090909091,30.0884955752,56.2773755252
2bnq,22.2222222222,100.0,42.4778761062,48.6486486486,55.9284948665
