pdb_id,pep_identity,mhc_identity,tcrA_identity,tcrB_identity,total_identity
4eup,33.3333333333,100.0,28.7037037037,88.4955752212,63.9776575986
5eu6,44.4444444444,100.0,30.0884955752,28.6956521739,57.9455061063
2vlk,22.2222222222,100.0,31.4814814815,54.8672566372,55.1321970938
3o4l,33.3333333333,100.0,26.4150943396,31.8965517241,54.1630521217
