pdb_id,pep_identity,mhc_identity,tcrA_identity,tcrB_identity,total_identity
5bs0,33.3333333333,86.5921787709,35.3982300885,91.0714285714,61.0534471447
5eu6,44.4444444444,100.0,35.3982300885,41.592920354,60.9800065552
3o4l,33.3333333333,100.0,30.3571428571,28.6956521739,54.2865769496
3qdj,22.2222222222,100.0,40.5405405405,35.7142857143,53.4498784499
2vlk,22.2222222222,100.0,34.8214285714,36.6071428571,52.6455026455
