pdb_id,pep_identity,mhc_identity,tcrA_identity,tcrB_identity,total_identity
5eu6,44.4444444444,100.0,46.9026548673,35.8974358974,61.9481632756
3qeq,22.2222222222,100.0,36.036036036,85.3448275862,60.9708846778
3o4l,33.3333333333,100.0,45.9459459459,31.0924369748,57.2841749312
5euo,22.2222222222,100.0,35.3982300885,53.4482758621,55.5484917325
2f54,11.1111111111,100.0,42.4778761062,58.6206896552,53.8867979973
4mnq,11.1111111111,100.0,31.8584070796,59.4827586207,52.2605646538
5bs0,33.3333333333,86.5921787709,38.9380530973,31.8965517241,51.7809381717
