pdb_id,pep_identity,mhc_identity,tcrA_identity,tcrB_identity,total_identity
5eu6,44.4444444444,100.0,31.3043478261,41.592920354,60.2976928448
5bs0,33.3333333333,86.5921787709,30.4347826087,66.6666666667,56.1587455807
3o4l,33.3333333333,100.0,28.6956521739,28.9473684211,54.0516145436
3qdj,22.2222222222,100.0,34.7826086957,40.5405405405,53.2945989468
2vlk,22.2222222222,100.0,30.4347826087,39.6396396396,52.4198111155
4mnq,11.1111111111,100.0,30.0884955752,37.8378378378,48.3580926059
