pdb_id,pep_identity,mhc_identity,tcrA_identity,tcrB_identity,total_identity
5eu6,44.4444444444,100.0,38.9380530973,44.347826087,62.0291280122
3o4l,33.3333333333,100.0,57.5471698113,25.8620689655,58.3459842406
5bs0,33.3333333333,86.5921787709,37.1681415929,56.1403508772,55.5265861131
3qdj,22.2222222222,100.0,41.4414414414,35.0877192982,53.495600864
5euo,22.2222222222,100.0,34.5454545455,36.2831858407,52.5455141384
2bnr,11.1111111111,100.0,38.0530973451,38.9380530973,49.8688954441
