pdb_id,pep_identity,mhc_identity,tcrA_identity,tcrB_identity,total_identity
5eu6,44.4444444444,100.0,25.4385964912,34.5132743363,58.1401266194
3o4l,33.3333333333,100.0,20.9090909091,29.8245614035,52.9000531632
5euo,22.2222222222,100.0,26.1261261261,32.4324324324,50.5005005005
5bs0,33.3333333333,86.5921787709,23.6842105263,37.5,50.1725391225
