pdb_id,pep_identity,mhc_identity,tcrA_identity,tcrB_identity,total_identity
4eup,33.3333333333,100.0,84.6846846847,54.4642857143,67.6359395109
5eu6,44.4444444444,100.0,44.2477876106,34.5132743363,61.274991806
2bnq,22.2222222222,100.0,43.3628318584,75.8928571429,60.6166889076
5men,11.1111111111,100.0,37.6146788991,82.8828828829,57.1199640007
3o4l,33.3333333333,100.0,39.2857142857,31.5789473684,56.2552213868
5euo,22.2222222222,100.0,35.7142857143,53.1531531532,55.551980552
