pdb_id,pep_identity,mhc_identity,tcrA_identity,tcrB_identity,total_identity
4eup,33.3333333333,100.0,82.7272727273,33.0357142857,63.7382756133
5eu6,44.4444444444,100.0,41.592920354,43.3628318584,62.3074401835
5bs0,33.3333333333,86.5921787709,40.7079646018,54.0540540541,55.7688404774
3o4l,33.3333333333,100.0,38.7387387387,28.0701754386,55.579263474
2vlr,22.2222222222,100.0,35.1351351351,34.2342342342,52.3023023023
