pdb_id,pep_identity,mhc_identity,tcrA_identity,tcrB_identity,total_identity
5eu6,44.4444444444,100.0,37.1681415929,44.2477876106,61.7174696821
3o4l,33.3333333333,100.0,58.2524271845,25.6637168142,58.4304684442
5bs0,33.3333333333,86.5921787709,34.5132743363,57.6576576577,55.3369927004
3qdj,22.2222222222,100.0,42.5925925926,36.036036036,53.8455121788
2vlk,22.2222222222,100.0,35.5140186916,36.3636363636,52.7203499166
2bnr,11.1111111111,100.0,34.5132743363,39.6396396396,49.395856033
