pdb_id,pep_identity,mhc_identity,tcrA_identity,tcrB_identity,total_identity
5eu6,44.4444444444,100.0,31.5789473684,58.407079646,63.1458193172
3o4l,33.3333333333,100.0,32.1428571429,30.9734513274,54.9638291895
5bs0,33.3333333333,86.5921787709,29.8245614035,40.1785714286,51.6423595068
5euo,22.2222222222,100.0,30.701754386,34.2342342342,51.5634055108
3qdj,22.2222222222,100.0,33.9285714286,28.5714285714,51.1574074074
