pdb_id,pep_identity,mhc_identity,tcrA_identity,tcrB_identity,total_identity
4eup,33.3333333333,100.0,84.4036697248,33.3333333333,64.0672782875
5eu6,44.4444444444,100.0,41.592920354,36.2831858407,61.1274991806
3o4l,33.3333333333,100.0,39.4495412844,24.5614035088,55.1129352433
5bs0,33.3333333333,86.5921787709,40.7079646018,38.3928571429,53.1586409922
5euo,22.2222222222,100.0,36.6071428571,33.3333333333,52.3974867725
