pdb_id,pep_identity,mhc_identity,tcrA_identity,tcrB_identity,total_identity
2vlk,22.2222222222,100.0,35.1851851852,91.8181818182,61.9079685746
4eup,33.3333333333,100.0,41.2844036697,55.8558558559,60.6344876987
3o4l,33.3333333333,100.0,59.6153846154,30.0884955752,59.3950911429
2p5w,11.1111111111,100.0,35.3982300885,54.4642857143,52.0141230042
5bs0,33.3333333333,86.5921787709,34.5132743363,36.036036036,51.7333890968
5men,11.1111111111,100.0,33.0357142857,51.3513513514,51.1015479765
