pdb_id,pep_identity,mhc_identity,tcrA_identity,tcrB_identity,total_identity
4eup,33.3333333333,100.0,68.8073394495,53.5714285714,64.8409057813
2vlk,22.2222222222,100.0,40.3669724771,88.3928571429,62.2007123441
5eu6,44.4444444444,100.0,46.9026548673,33.3333333333,61.5208128482
2bnq,22.2222222222,100.0,46.017699115,47.3214285714,56.2972620218
3o4l,33.3333333333,100.0,40.3669724771,27.8260869565,55.80995435
5bs0,33.3333333333,86.5921787709,47.7876106195,35.3982300885,53.8394774861
