pdb_id,pep_identity,mhc_identity,tcrA_identity,tcrB_identity,total_identity
4eup,33.3333333333,100.0,85.3211009174,55.8558558559,67.97393724
5eu6,44.4444444444,100.0,42.4778761062,29.203539823,60.095050803
2bnq,22.2222222222,100.0,40.7079646018,54.0540540541,56.5344105167
5euo,22.2222222222,100.0,36.6071428571,50.9090909091,55.3267797018
3o4l,33.3333333333,100.0,40.7407407407,23.8938053097,55.2168687862
