pdb_id,pep_identity,mhc_identity,tcrA_identity,tcrB_identity,total_identity
5eu6,44.4444444444,100.0,89.3805309735,33.3333333333,68.6004588659
2bnq,22.2222222222,100.0,86.7256637168,50.0,63.5283513602
5hho,22.2222222222,100.0,36.9369369369,91.0714285714,62.0754683255
4eup,33.3333333333,100.0,39.6396396396,56.25,60.4260510511
5bs0,33.3333333333,86.5921787709,82.3008849558,37.1681415929,59.8866751262
3o4l,33.3333333333,100.0,38.7387387387,31.3043478261,56.1182922052
