pdb_id,pep_identity,mhc_identity,tcrA_identity,tcrB_identity,total_identity
5eu6,44.4444444444,100.0,32.7433628319,33.0434782609,59.1126216636
3qeq,22.2222222222,100.0,29.3577981651,56.1403508772,54.9904322478
5men,11.1111111111,100.0,29.7297297297,75.4385964912,54.5650914072
2vlk,22.2222222222,100.0,30.2752293578,50.0,54.1199456337
3o4l,33.3333333333,100.0,29.3577981651,26.4957264957,53.7533652213
5bs0,33.3333333333,86.5921787709,30.9734513274,33.3333333333,50.6929681449
