pdb_id,pep_identity,mhc_identity,tcrA_identity,tcrB_identity,total_identity
4eup,33.3333333333,100.0,83.4862385321,58.5585585586,68.1185772929
5eu6,44.4444444444,100.0,42.4778761062,35.3982300885,61.1274991806
3o4l,33.3333333333,100.0,38.1818181818,30.0884955752,55.8228300706
2bnq,22.2222222222,100.0,40.7079646018,49.5495495495,55.783659766
