pdb_id,pep_identity,mhc_identity,tcrA_identity,tcrB_identity,total_identity
4eup,33.3333333333,100.0,40.3669724771,59.4594594595,61.0821831005
3o4l,33.3333333333,100.0,59.2233009709,27.4336283186,58.8872659927
2vlk,22.2222222222,100.0,36.4485981308,53.6363636364,55.7549010353
4mnq,11.1111111111,100.0,30.0,62.7272727273,52.4915824916
2p5w,11.1111111111,100.0,34.5132743363,57.1428571429,52.3130589502
5bs0,33.3333333333,86.5921787709,35.3982300885,34.2342342342,51.5805814219
