pdb_id,pep_identity,mhc_identity,tcrA_identity,tcrB_identity,total_identity
5eu6,44.4444444444,100.0,88.4955752212,63.4782608696,73.4771208299
5bs0,33.3333333333,86.5921787709,84.9557522124,46.0869565217,61.8156221571
2bnq,22.2222222222,100.0,84.9557522124,30.701754386,60.0169918405
