pdb_id,pep_identity,mhc_identity,tcrA_identity,tcrB_identity,total_identity
5eu6,44.4444444444,100.0,31.5789473684,35.652173913,59.3533350284
5euo,22.2222222222,100.0,32.4561403509,55.7522123894,55.4421328641
3qeq,22.2222222222,100.0,25.4385964912,57.0175438596,54.4834307992
5men,11.1111111111,100.0,28.9473684211,75.4385964912,54.4346978558
3o4l,33.3333333333,100.0,28.9473684211,27.3504273504,53.8274104064
5bs0,33.3333333333,86.5921787709,33.3333333333,37.1681415929,51.7254165225
2e7l,22.2222222222,68.7150837989,55.2631578947,56.1403508772,48.8796868024
