pdb_id,pep_identity,mhc_identity,tcrA_identity,tcrB_identity,total_identity
5eu6,44.4444444444,100.0,40.7079646018,69.298245614,66.4825165174
4eup,33.3333333333,100.0,35.1351351351,34.2105263158,56.0020546863
3o4l,33.3333333333,100.0,34.2342342342,29.3103448276,55.0352076214
5bs0,33.3333333333,86.5921787709,39.8230088496,48.6725663717,54.7244332383
2vlk,22.2222222222,100.0,42.3423423423,39.8230088496,54.4349659394
