pdb_id,pep_identity,mhc_identity,tcrA_identity,tcrB_identity,total_identity
5eu6,44.4444444444,100.0,48.6725663717,31.8584070796,61.5699770567
2vlk,22.2222222222,100.0,51.8181818182,54.5454545455,58.468013468
3qdj,22.2222222222,100.0,46.3636363636,54.0540540541,57.477022477
3o4l,33.3333333333,100.0,37.2727272727,26.5486725664,55.0813444176
2p5w,11.1111111111,100.0,46.017699115,58.0357142857,54.3792726038
5bs0,33.3333333333,86.5921787709,47.7876106195,36.036036036,53.9457784773
4mnq,11.1111111111,100.0,35.3982300885,58.5585585586,52.6965018115
