pdb_id,pep_identity,mhc_identity,tcrA_identity,tcrB_identity,total_identity
5eu6,44.4444444444,100.0,35.652173913,61.9469026549,64.4146609095
4eup,33.3333333333,100.0,32.4561403509,29.4642857143,54.7645154553
3o4l,33.3333333333,100.0,34.2105263158,26.5486725664,54.5709775915
5bs0,33.3333333333,86.5921787709,33.0434782609,44.6428571429,52.9228932687
2vlk,22.2222222222,100.0,32.4561403509,36.9369369369,52.306253622
