pdb_id,pep_identity,mhc_identity,tcrA_identity,tcrB_identity,total_identity
3qeq,22.2222222222,100.0,27.7777777778,87.9310344828,60.0255427842
5eu6,44.4444444444,100.0,24.5614035088,40.1709401709,58.9368720948
2vlk,22.2222222222,100.0,36.1111111111,54.3103448276,55.8109833972
3o4l,33.3333333333,100.0,23.1481481481,26.8907563025,52.7842618529
5men,11.1111111111,100.0,22.5225225225,59.4827586207,50.7045838942
5bs0,33.3333333333,86.5921787709,24.5614035088,33.6206896552,49.6721862288
