pdb_id,pep_identity,mhc_identity,tcrA_identity,tcrB_identity,total_identity
4eup,33.3333333333,100.0,84.4036697248,53.0973451327,67.361280254
5eu6,44.4444444444,100.0,44.2477876106,36.8421052632,61.6631302938
2bnq,22.2222222222,100.0,40.7079646018,60.1769911504,57.5549000328
3o4l,33.3333333333,100.0,39.8148148148,31.8965517241,56.3963388676
2vlk,22.2222222222,100.0,34.8623853211,53.982300885,55.5481884418
