pdb_id,pep_identity,mhc_identity,tcrA_identity,tcrB_identity,total_identity
5eu6,44.4444444444,100.0,33.6283185841,43.4782608696,60.9992447238
5bs0,33.3333333333,86.5921787709,30.0884955752,56.1403508772,54.3466451102
3o4l,33.3333333333,100.0,25.2252252252,25.8620689655,52.9589934762
2vlk,22.2222222222,100.0,36.3636363636,36.2831858407,52.8485444415
3qeq,22.2222222222,100.0,37.2727272727,32.4561403509,52.362218678
2f54,11.1111111111,100.0,31.8584070796,38.9380530973,48.8364470665
