pdb_id,pep_identity,mhc_identity,tcrA_identity,tcrB_identity,total_identity
5eu6,44.4444444444,100.0,49.1228070175,56.1403508772,65.6920077973
4eup,33.3333333333,100.0,36.8421052632,30.701754386,55.701754386
3o4l,33.3333333333,100.0,37.7192982456,29.3103448276,55.6160516233
5bs0,33.3333333333,86.5921787709,44.7368421053,41.2280701754,54.3026560815
2bnq,22.2222222222,100.0,46.4912280702,33.3333333333,54.044834308
5euo,22.2222222222,100.0,42.4778761062,31.5789473684,53.0835446532
