pdb_id,pep_identity,mhc_identity,tcrA_identity,tcrB_identity,total_identity
3o4l,33.3333333333,100.0,89.1089108911,53.982300885,68.2929797405
5eu6,44.4444444444,100.0,39.8230088496,32.4561403509,60.1946730149
4eup,33.3333333333,100.0,40.3669724771,28.5714285714,55.9341779525
