pdb_id,pep_identity,mhc_identity,tcrA_identity,tcrB_identity,total_identity
4eup,33.3333333333,100.0,35.1351351351,86.9565217391,64.7930539235
5eu6,44.4444444444,100.0,43.3628318584,32.4786324786,60.7883922043
2vlk,22.2222222222,100.0,43.6363636364,57.3913043478,57.5786854048
2bnq,22.2222222222,100.0,41.592920354,49.5652173913,55.9337636983
3o4l,33.3333333333,100.0,35.7798165138,26.2711864407,54.7862782702
5bs0,33.3333333333,86.5921787709,40.7079646018,35.3448275862,52.6506360661
