pdb_id,pep_identity,mhc_identity,tcrA_identity,tcrB_identity,total_identity
4eup,33.3333333333,100.0,86.4864864865,56.7567567568,68.3183183183
2vlr,22.2222222222,100.0,41.9642857143,93.6363636364,63.3408489658
5eu6,44.4444444444,100.0,46.017699115,33.6283185841,61.4224844313
3o4l,33.3333333333,100.0,40.1785714286,34.5132743363,56.8930854053
2bnq,22.2222222222,100.0,42.4778761062,48.6486486486,55.9284948665
