pdb_id,pep_identity,mhc_identity,tcrA_identity,tcrB_identity,total_identity
4eup,33.3333333333,100.0,47.3214285714,50.0,60.6646825397
3o4l,33.3333333333,100.0,53.5714285714,30.701754386,58.4899749373
2vlk,22.2222222222,100.0,37.5,50.4504504505,55.3991491491
5men,11.1111111111,100.0,33.9285714286,69.3693693694,54.2533605034
5bs0,33.3333333333,86.5921787709,35.3982300885,31.5315315315,51.1301309714
