pdb_id,pep_identity,mhc_identity,tcrA_identity,tcrB_identity,total_identity
5eu6,44.4444444444,100.0,88.4955752212,36.2831858407,68.9446083251
2bnq,22.2222222222,100.0,87.610619469,49.5495495495,63.6007689105
4eup,33.3333333333,100.0,39.8230088496,58.5585585586,60.8413723458
5bs0,33.3333333333,86.5921787709,84.9557522124,40.0,60.8011294035
3o4l,33.3333333333,100.0,38.0530973451,30.0884955752,55.8013765978
