pdb_id,pep_identity,mhc_identity,tcrA_identity,tcrB_identity,total_identity
5eu6,44.4444444444,100.0,34.2105263158,33.6283185841,59.4546222981
5men,11.1111111111,100.0,28.9473684211,81.981981982,55.5252621042
3qeq,22.2222222222,100.0,27.1929824561,56.25,54.6479044834
5euo,22.2222222222,100.0,29.8245614035,52.2522522523,54.4202096834
3o4l,33.3333333333,100.0,29.8245614035,28.9473684211,54.2397660819
5bs0,33.3333333333,86.5921787709,32.4561403509,36.036036036,51.3905334326
2e7l,22.2222222222,68.7150837989,56.1403508772,57.6576576577,49.2787700962
