pdb_id,pep_identity,mhc_identity,tcrA_identity,tcrB_identity,total_identity
5eu6,44.4444444444,100.0,49.5575221239,57.8947368421,66.0568579758
4eup,33.3333333333,100.0,43.75,30.701754386,56.8530701754
3o4l,33.3333333333,100.0,34.8214285714,33.6206896552,55.8514641489
5bs0,33.3333333333,86.5921787709,46.9026548673,41.2280701754,54.6636248752
2bnq,22.2222222222,100.0,48.6725663717,29.8245614035,53.8235953699
5euo,22.2222222222,100.0,40.7079646018,35.0877192982,53.3733547241
