pdb_id,pep_identity,mhc_identity,tcrA_identity,tcrB_identity,total_identity
5eu6,44.4444444444,100.0,37.1681415929,57.0175438596,63.8457623902
3o4l,33.3333333333,100.0,51.8181818182,28.4482758621,57.8221873912
4eup,33.3333333333,100.0,46.3636363636,30.701754386,57.288676236
5bs0,33.3333333333,86.5921787709,38.0530973451,42.4778761062,53.39699961
5euo,22.2222222222,100.0,38.3928571429,32.7433628319,52.5967774032
