pdb_id,pep_identity,mhc_identity,tcrA_identity,tcrB_identity,total_identity
2vlr,22.2222222222,100.0,40.9090909091,92.7272727273,63.0134680135
4eup,33.3333333333,100.0,42.3423423423,54.954954955,60.6606606607
3o4l,33.3333333333,100.0,59.4339622642,29.203539823,59.217361459
2bnq,22.2222222222,100.0,36.2831858407,55.8558558559,56.0972476902
5bs0,33.3333333333,86.5921787709,38.9380530973,36.036036036,52.4708522237
