pdb_id,pep_identity,mhc_identity,tcrA_identity,tcrB_identity,total_identity
4eup,33.3333333333,100.0,37.6146788991,59.4594594595,60.6234675042
3o4l,33.3333333333,100.0,34.5794392523,31.8584070796,55.5174188331
5bs0,33.3333333333,86.5921787709,38.9380530973,40.9090909091,53.2830280358
5men,11.1111111111,100.0,34.2342342342,52.2522522523,51.4514514515
