pdb_id,pep_identity,mhc_identity,tcrA_identity,tcrB_identity,total_identity
5eu6,44.4444444444,100.0,47.7876106195,43.3628318584,63.3398885611
5bs0,33.3333333333,86.5921787709,47.7876106195,68.4684684685,59.3511838828
3o4l,33.3333333333,100.0,35.7142857143,32.4561403509,55.806182122
3qdj,22.2222222222,100.0,44.6428571429,36.036036036,54.1872229372
2vlk,22.2222222222,100.0,42.8571428571,36.9369369369,54.0397540398
