pdb_id,pep_identity,mhc_identity,tcrA_identity,tcrB_identity,total_identity
5hho,22.2222222222,100.0,28.1818181818,92.7272727273,60.8922558923
5eu6,44.4444444444,100.0,23.6842105263,32.7433628319,57.5527437078
3qeq,22.2222222222,100.0,27.2727272727,51.7857142857,53.9171476671
3o4l,33.3333333333,100.0,19.0909090909,35.3982300885,53.525967641
5bs0,33.3333333333,86.5921787709,24.5614035088,37.8378378378,50.3750442592
4mnq,11.1111111111,100.0,22.0183486239,50.9090909091,49.1916102925
2p5e,11.1111111111,100.0,22.8070175439,48.6486486486,48.9463147358
