pdb_id,pep_identity,mhc_identity,tcrA_identity,tcrB_identity,total_identity
5eu6,44.4444444444,100.0,40.7079646018,69.0265486726,66.4372336939
4eup,33.3333333333,100.0,48.6486486486,33.6283185841,58.1572723166
3o4l,33.3333333333,100.0,52.2522522523,29.8245614035,58.1239133871
5bs0,33.3333333333,86.5921787709,40.7079646018,48.2142857143,54.7955457541
5euo,22.2222222222,100.0,41.0714285714,39.2857142857,54.1335978836
