pdb_id,pep_identity,mhc_identity,tcrA_identity,tcrB_identity,total_identity
3o4l,33.3333333333,100.0,83.8095238095,24.5614035088,62.5062656642
5eu6,44.4444444444,100.0,40.7079646018,38.9380530973,61.4224844313
5bs0,33.3333333333,86.5921787709,38.0530973451,40.5405405405,53.074110349
2vlk,22.2222222222,100.0,33.6363636364,38.1818181818,52.7104377104
3qdj,22.2222222222,100.0,38.7387387387,32.1428571429,52.5543400543
2bnr,11.1111111111,100.0,48.6725663717,32.4324324324,50.5545368377
