pdb_id,pep_identity,mhc_identity,tcrA_identity,tcrB_identity,total_identity
3qeq,22.2222222222,100.0,44.0366972477,90.350877193,63.1386698142
5eu6,44.4444444444,100.0,34.2105263158,41.7391304348,60.8064242732
2vlk,22.2222222222,100.0,50.0,55.2631578947,58.2846003899
3o4l,33.3333333333,100.0,29.0909090909,27.3504273504,53.8513338513
5men,11.1111111111,100.0,37.2727272727,60.5263157895,53.3368775474
2f54,11.1111111111,100.0,33.3333333333,60.5263157895,52.6803118908
5bs0,33.3333333333,86.5921787709,30.701754386,33.3333333333,50.6476853213
