pdb_id,pep_identity,mhc_identity,tcrA_identity,tcrB_identity,total_identity
5eu6,44.4444444444,100.0,34.7826086957,34.5132743363,59.6974619868
3o4l,33.3333333333,100.0,34.8214285714,22.8070175439,54.0491854637
3qeq,22.2222222222,100.0,32.1428571429,34.8214285714,51.9014550265
5bs0,33.3333333333,86.5921787709,33.0434782609,38.3928571429,51.881226602
5euo,22.2222222222,100.0,31.3043478261,32.4324324324,51.3635374505
