pdb_id,pep_identity,mhc_identity,tcrA_identity,tcrB_identity,total_identity
5eu6,44.4444444444,100.0,49.5575221239,32.4561403509,61.8170918939
3o4l,33.3333333333,100.0,36.6071428571,53.5714285714,59.4742063492
5euo,22.2222222222,100.0,45.5357142857,30.3571428571,53.3895502646
3qdj,22.2222222222,100.0,36.6071428571,34.5132743363,52.5941436063
5bs0,33.3333333333,86.5921787709,45.1327433628,28.3185840708,52.217058607
2p5w,11.1111111111,100.0,48.6725663717,35.9649122807,51.1432834791
