pdb_id,pep_identity,mhc_identity,tcrA_identity,tcrB_identity,total_identity
5eu6,44.4444444444,100.0,37.7192982456,41.3793103448,61.3312495799
3qdj,22.2222222222,100.0,66.9642857143,32.1739130435,57.263773867
5bs0,33.3333333333,86.5921787709,37.7192982456,64.347826087,56.9863580902
3o4l,33.3333333333,100.0,32.7433628319,27.1186440678,54.4214455944
5euo,22.2222222222,100.0,35.3982300885,35.652173913,52.582474741
