pdb_id,pep_identity,mhc_identity,tcrA_identity,tcrB_identity,total_identity
5eu6,44.4444444444,100.0,32.7433628319,67.8260869565,64.9097231129
4eup,33.3333333333,100.0,36.6972477064,33.0434782609,56.0678987723
3o4l,33.3333333333,100.0,29.3577981651,28.2051282051,54.0382655062
5bs0,33.3333333333,86.5921787709,34.5132743363,46.9565217391,53.5534700473
2vlr,22.2222222222,100.0,29.3577981651,39.1304347826,52.155446232
