pdb_id,pep_identity,mhc_identity,tcrA_identity,tcrB_identity,total_identity
4eup,33.3333333333,100.0,47.7477477477,55.8558558559,61.7117117117
3o4l,33.3333333333,100.0,52.2522522523,24.5614035088,57.2467204046
2vlk,22.2222222222,100.0,36.036036036,50.4504504505,55.1551551552
2bnr,11.1111111111,100.0,37.1681415929,56.7567567568,52.691186762
4mnq,11.1111111111,100.0,35.4545454545,55.3571428571,52.1723184223
5bs0,33.3333333333,86.5921787709,35.3982300885,32.1428571429,51.2320185733
