pdb_id,pep_identity,mhc_identity,tcrA_identity,tcrB_identity,total_identity
5eu6,44.4444444444,100.0,33.6283185841,59.2920353982,63.6348738119
3o4l,33.3333333333,100.0,29.4642857143,27.8260869565,53.9928398896
3qdj,22.2222222222,100.0,36.9369369369,38.0530973451,53.2390797878
5bs0,33.3333333333,86.5921787709,34.5132743363,42.4778761062,52.8070291085
