pdb_id,pep_identity,mhc_identity,tcrA_identity,tcrB_identity,total_identity
2bnq,22.2222222222,100.0,46.9026548673,78.5714285714,61.6530879805
3qdj,22.2222222222,100.0,44.1441441441,63.0630630631,58.6086086086
2vlk,22.2222222222,100.0,42.3423423423,48.6486486486,55.9059059059
4mnq,11.1111111111,100.0,36.2831858407,75.4545454545,55.6599922529
3o4l,33.3333333333,100.0,36.036036036,28.9473684211,55.275011854
5bs0,33.3333333333,86.5921787709,47.7876106195,31.5315315315,53.1950277266
