pdb_id,pep_identity,mhc_identity,tcrA_identity,tcrB_identity,total_identity
5euo,22.2222222222,100.0,89.9082568807,90.1785714286,70.7552121256
5eu6,44.4444444444,100.0,36.2831858407,32.4561403509,59.6047025134
4eup,33.3333333333,100.0,33.3333333333,57.1428571429,59.5238095238
