pdb_id,pep_identity,mhc_identity,tcrA_identity,tcrB_identity,total_identity
5eu6,44.4444444444,100.0,33.3333333333,34.2105263158,59.4054580897
3o4l,33.3333333333,100.0,30.3571428571,25.2173913043,53.7068668047
3qeq,22.2222222222,100.0,28.5714285714,34.5132743363,51.254857892
5euo,22.2222222222,100.0,29.8245614035,33.0357142857,51.2174533556
5bs0,33.3333333333,86.5921787709,31.5789473684,34.5132743363,50.9905409855
