pdb_id,pep_identity,mhc_identity,tcrA_identity,tcrB_identity,total_identity
5eu6,44.4444444444,100.0,37.1681415929,92.9203539823,69.8295640774
2vlk,22.2222222222,100.0,94.3396226415,35.3982300885,62.3637161957
