pdb_id,pep_identity,mhc_identity,tcrA_identity,tcrB_identity,total_identity
5eu6,44.4444444444,100.0,33.0434782609,38.9380530973,60.1450700412
3qdj,22.2222222222,100.0,38.2608695652,50.8928571429,55.5996951921
2vlk,22.2222222222,100.0,34.7826086957,54.0540540541,55.546851199
3o4l,33.3333333333,100.0,31.3043478261,29.8245614035,54.6325959827
5bs0,33.3333333333,86.5921787709,32.1739130435,37.5,51.587489542
2p5w,11.1111111111,100.0,32.1739130435,51.7857142857,51.0303082586
2e7l,22.2222222222,68.7150837989,56.5217391304,54.954954955,48.8918843546
