pdb_id,pep_identity,mhc_identity,tcrA_identity,tcrB_identity,total_identity
4eup,33.3333333333,100.0,83.4862385321,36.9369369369,64.5149736893
5eu6,44.4444444444,100.0,41.592920354,38.0530973451,61.4224844313
3o4l,33.3333333333,100.0,40.3669724771,23.8938053097,55.1545740756
2vlk,22.2222222222,100.0,34.8623853211,41.2844036697,53.4318722392
5bs0,33.3333333333,86.5921787709,38.9380530973,40.9090909091,53.2830280358
