pdb_id,pep_identity,mhc_identity,tcrA_identity,tcrB_identity,total_identity
5eu6,44.4444444444,100.0,22.8070175439,64.347826087,62.67395542
3o4l,33.3333333333,100.0,23.3644859813,28.2051282051,53.0393801422
3qeq,22.2222222222,100.0,30.8411214953,35.652173913,51.8229566421
5bs0,33.3333333333,86.5921787709,21.9298245614,43.4782608696,50.8765182733
2vlk,22.2222222222,100.0,26.8518518519,33.0434782609,50.7232957595
