pdb_id,pep_identity,mhc_identity,tcrA_identity,tcrB_identity,total_identity
5eu6,44.4444444444,100.0,38.9380530973,33.3333333333,60.1933792199
3o4l,33.3333333333,100.0,32.7272727273,53.0973451327,58.7485474211
3qdj,22.2222222222,100.0,63.3027522936,34.2105263158,56.9929538423
2vlk,22.2222222222,100.0,32.7272727273,30.0884955752,51.2100354578
5bs0,33.3333333333,86.5921787709,38.0530973451,28.0701754386,50.9957161654
2p5e,11.1111111111,100.0,38.0530973451,38.0530973451,49.7214028187
