pdb_id,pep_identity,mhc_identity,tcrA_identity,tcrB_identity,total_identity
4eup,33.3333333333,100.0,87.2727272727,35.1351351351,64.8457548458
5eu6,44.4444444444,100.0,45.1327433628,38.0530973451,62.0124549328
3o4l,33.3333333333,100.0,40.5405405405,25.4385964912,55.4409672831
5bs0,33.3333333333,86.5921787709,44.2477876106,41.9642857143,54.3438495889
2vlk,22.2222222222,100.0,42.3423423423,36.9369369369,53.953953954
2bnq,22.2222222222,100.0,41.592920354,33.3333333333,53.2284496886
