pdb_id,pep_identity,mhc_identity,tcrA_identity,tcrB_identity,total_identity
5eu6,44.4444444444,100.0,22.8070175439,65.7894736842,62.9142300195
3o4l,33.3333333333,100.0,20.7207207207,27.5862068966,52.4955990473
3qeq,22.2222222222,100.0,28.8288288288,35.0877192982,51.3934987619
5bs0,33.3333333333,86.5921787709,23.6842105263,44.7368421053,51.3786794734
5euo,22.2222222222,100.0,24.3243243243,35.0877192982,50.6427480112
