pdb_id,pep_identity,mhc_identity,tcrA_identity,tcrB_identity,total_identity
5eu6,44.4444444444,100.0,90.2654867257,43.8596491228,70.5023374562
5bs0,33.3333333333,86.5921787709,82.3008849558,68.1415929204,65.0489170141
2bnq,22.2222222222,100.0,87.610619469,31.8584070796,60.6522451655
4eup,33.3333333333,100.0,42.3423423423,34.5132743363,57.2537138909
