pdb_id,pep_identity,mhc_identity,tcrA_identity,tcrB_identity,total_identity
5eu6,44.4444444444,100.0,41.592920354,56.6371681416,64.5198295641
4eup,33.3333333333,100.0,85.3211009174,30.9734513274,63.8268698186
3o4l,33.3333333333,100.0,39.8148148148,31.3043478261,56.2976382179
5bs0,33.3333333333,86.5921787709,40.7079646018,43.75,54.0514981351
2vlr,22.2222222222,100.0,38.5321100917,36.6071428571,53.2639495656
