pdb_id,pep_identity,mhc_identity,tcrA_identity,tcrB_identity,total_identity
5eu6,44.4444444444,100.0,37.1681415929,35.3982300885,60.2425434284
3qeq,22.2222222222,100.0,50.4587155963,52.6785714286,57.9302885782
3o4l,33.3333333333,100.0,33.6363636364,30.0884955752,55.065254313
5bs0,33.3333333333,86.5921787709,37.1681415929,40.0,52.8365276336
5men,11.1111111111,100.0,36.9369369369,50.4504504505,51.6016016016
