pdb_id,pep_identity,mhc_identity,tcrA_identity,tcrB_identity,total_identity
5eu6,44.4444444444,100.0,35.9649122807,43.3628318584,61.369438838
5bs0,33.3333333333,86.5921787709,32.4561403509,67.5675675676,56.6457886878
3o4l,33.3333333333,100.0,31.5789473684,28.0701754386,54.3859649123
3qdj,22.2222222222,100.0,30.701754386,40.5405405405,52.6144565618
2vlk,22.2222222222,100.0,28.0701754386,37.8378378378,51.7254096201
