pdb_id,pep_identity,mhc_identity,tcrA_identity,tcrB_identity,total_identity
5eu6,44.4444444444,100.0,35.652173913,49.1379310345,62.2798323061
5bs0,33.3333333333,86.5921787709,33.9130434783,59.1304347826,55.4824170782
3o4l,33.3333333333,100.0,31.3043478261,25.641025641,53.9353400223
3ffc,11.1111111111,81.0055865922,83.4782608696,46.1538461538,52.3109170717
2vlk,22.2222222222,100.0,29.5652173913,37.7192982456,51.9548266802
3qdj,22.2222222222,100.0,31.3043478261,33.9130434783,51.6103059581
