pdb_id,pep_identity,mhc_identity,tcrA_identity,tcrB_identity,total_identity
3qeq,22.2222222222,100.0,94.4444444444,54.4642857143,65.5588624339
5eu6,44.4444444444,100.0,31.8584070796,35.3982300885,59.3575876762
3o4l,33.3333333333,100.0,30.2752293578,30.9734513274,54.652557892
2bnq,22.2222222222,100.0,31.8584070796,51.3513513514,54.6090338126
