pdb_id,pep_identity,mhc_identity,tcrA_identity,tcrB_identity,total_identity
5eu6,44.4444444444,100.0,38.9380530973,69.9115044248,66.2897410685
3o4l,33.3333333333,100.0,54.0540540541,27.8260869565,58.0911346129
4eup,33.3333333333,100.0,47.7477477477,32.7433628319,57.859629541
5bs0,33.3333333333,86.5921787709,35.3982300885,47.7876106195,53.8394774861
5euo,22.2222222222,100.0,39.2857142857,38.9380530973,53.7780353046
