pdb_id,pep_identity,mhc_identity,tcrA_identity,tcrB_identity,total_identity
4eup,33.3333333333,100.0,40.0,90.0900900901,66.1261261261
3o4l,33.3333333333,100.0,84.6153846154,28.0701754386,63.2253711201
5eu6,44.4444444444,100.0,41.592920354,28.3185840708,59.8000655523
2vlk,22.2222222222,100.0,35.7798165138,57.6576576577,56.3136531026
2bnq,22.2222222222,100.0,39.8230088496,51.3513513514,55.9364674409
