pdb_id,pep_identity,mhc_identity,tcrA_identity,tcrB_identity,total_identity
5eu6,44.4444444444,100.0,34.2105263158,34.2105263158,59.5516569201
3o4l,33.3333333333,100.0,31.5789473684,53.0973451327,58.5571598613
5euo,22.2222222222,100.0,28.0701754386,30.0884955752,50.4338525764
3qeq,22.2222222222,100.0,27.1929824561,29.8245614035,50.2436647173
5bs0,33.3333333333,86.5921787709,31.5789473684,28.0701754386,49.9166911693
