pdb_id,pep_identity,mhc_identity,tcrA_identity,tcrB_identity,total_identity
4eup,33.3333333333,100.0,88.0733944954,58.5585585586,68.8831032868
5eu6,44.4444444444,100.0,40.7079646018,33.6283185841,60.5375286791
2bnq,22.2222222222,100.0,40.7079646018,58.5585585586,57.2851612675
5euo,22.2222222222,100.0,34.8214285714,54.0540540541,55.5533211783
3o4l,33.3333333333,100.0,39.0909090909,25.4385964912,55.1993620415
