pdb_id,pep_identity,mhc_identity,tcrA_identity,tcrB_identity,total_identity
5eu6,44.4444444444,100.0,41.2280701754,58.407079646,64.7540064517
3o4l,33.3333333333,100.0,85.8490566038,33.0434782609,64.2598669219
4eup,33.3333333333,100.0,39.2857142857,31.8584070796,56.3017980053
5bs0,33.3333333333,86.5921787709,40.350877193,42.4778761062,53.779962918
2bnq,22.2222222222,100.0,39.4736842105,35.3982300885,53.2193931239
2vlk,22.2222222222,100.0,41.4414414414,32.7433628319,53.1048747863
