pdb_id,pep_identity,mhc_identity,tcrA_identity,tcrB_identity,total_identity
5eu6,44.4444444444,100.0,47.7876106195,61.0619469027,66.2897410685
3o4l,33.3333333333,100.0,37.6146788991,28.6956521739,55.4961662899
4eup,33.3333333333,100.0,33.3333333333,31.8584070796,55.3097345133
5bs0,33.3333333333,86.5921787709,46.017699115,43.3628318584,54.8719258637
2bnq,22.2222222222,100.0,47.7876106195,33.6283185841,54.3100622747
2vlk,22.2222222222,100.0,43.119266055,33.6283185841,53.5320048473
