pdb_id,pep_identity,mhc_identity,tcrA_identity,tcrB_identity,total_identity
2vlr,22.2222222222,100.0,35.7798165138,92.8571428571,62.1802339692
4eup,33.3333333333,100.0,46.3636363636,57.1428571429,61.6955266955
3o4l,33.3333333333,100.0,52.7777777778,30.4347826087,58.3132045089
5bs0,33.3333333333,86.5921787709,33.6283185841,37.1681415929,51.7745807309
2bnr,11.1111111111,100.0,35.3982300885,50.8928571429,51.4188849089
5men,11.1111111111,100.0,34.5454545455,49.5575221239,51.0541998153
