pdb_id,pep_identity,mhc_identity,tcrA_identity,tcrB_identity,total_identity
5eu6,44.4444444444,100.0,37.1681415929,48.6725663717,62.4549328089
3qdj,22.2222222222,100.0,62.037037037,35.1351351351,56.9361027694
5bs0,33.3333333333,86.5921787709,37.1681415929,62.1621621622,56.5302213273
3o4l,33.3333333333,100.0,31.4814814815,28.3185840708,54.4111220365
5euo,22.2222222222,100.0,32.1428571429,39.0909090909,52.613035113
