pdb_id,pep_identity,mhc_identity,tcrA_identity,tcrB_identity,total_identity
5eu6,44.4444444444,100.0,32.4561403509,33.6283185841,59.1622246373
3qeq,22.2222222222,100.0,25.0,63.3928571429,55.4728835979
2vlk,22.2222222222,100.0,32.1428571429,50.8928571429,54.580026455
5men,11.1111111111,100.0,27.6785714286,74.1071428571,54.0013227513
3o4l,33.3333333333,100.0,30.3571428571,26.9565217391,53.9967218772
5bs0,33.3333333333,86.5921787709,33.3333333333,33.9285714286,51.1854881617
2e7l,22.2222222222,68.7150837989,57.1428571429,57.1428571429,49.360054388
