pdb_id,pep_identity,mhc_identity,tcrA_identity,tcrB_identity,total_identity
5eu6,44.4444444444,100.0,37.3913043478,61.9469026549,64.7045159819
3o4l,33.3333333333,100.0,35.3982300885,28.0701754386,55.0225120323
4eup,33.3333333333,100.0,33.6283185841,29.4642857143,54.9598784942
5bs0,33.3333333333,86.5921787709,36.5217391304,45.5357142857,53.6514129375
5euo,22.2222222222,100.0,34.7826086957,36.036036036,52.543848196
