pdb_id,pep_identity,mhc_identity,tcrA_identity,tcrB_identity,total_identity
5eu6,44.4444444444,100.0,40.7079646018,61.9469026549,65.2572926909
4eup,33.3333333333,100.0,36.036036036,31.8584070796,55.7601849637
3o4l,33.3333333333,100.0,33.3333333333,28.6956521739,54.7826086957
5bs0,33.3333333333,86.5921787709,40.7079646018,44.2477876106,54.1344627368
5euo,22.2222222222,100.0,43.3628318584,33.6283185841,53.5725991478
2bnq,22.2222222222,100.0,38.9380530973,33.6283185841,52.835136021
