pdb_id,pep_identity,mhc_identity,tcrA_identity,tcrB_identity,total_identity
4eup,33.3333333333,100.0,88.0733944954,36.6071428571,65.2245340032
5eu6,44.4444444444,100.0,45.1327433628,47.7876106195,63.6348738119
5bs0,33.3333333333,86.5921787709,41.592920354,57.6576576577,56.5169337034
3o4l,33.3333333333,100.0,40.3669724771,28.6956521739,55.9548818863
2vlk,22.2222222222,100.0,36.6972477064,36.9369369369,53.013104848
2bnq,22.2222222222,100.0,42.4778761062,28.5714285714,52.5822915203
