pdb_id,pep_identity,mhc_identity,tcrA_identity,tcrB_identity,total_identity
5eu6,44.4444444444,100.0,38.0530973451,39.1304347826,61.0120701694
3o4l,33.3333333333,100.0,51.8181818182,25.0,57.2474747475
5bs0,33.3333333333,86.5921787709,38.0530973451,61.4035087719,56.5512717209
3qdj,22.2222222222,100.0,49.0909090909,34.2105263158,54.6243133085
5euo,22.2222222222,100.0,38.3928571429,35.3982300885,53.0392552793
2bnr,11.1111111111,100.0,38.9380530973,37.1681415929,49.7214028187
