pdb_id,pep_identity,mhc_identity,tcrA_identity,tcrB_identity,total_identity
5eu6,44.4444444444,100.0,45.1327433628,60.1769911504,65.699770567
4eup,33.3333333333,100.0,35.1351351351,31.8584070796,55.6100348136
2bnq,22.2222222222,100.0,42.4778761062,40.7079646018,54.6050475254
3o4l,33.3333333333,100.0,32.1428571429,27.8260869565,54.439268461
5bs0,33.3333333333,86.5921787709,42.4778761062,42.4778761062,54.1344627368
2vlk,22.2222222222,100.0,45.045045045,31.8584070796,53.5579827615
