pdb_id,pep_identity,mhc_identity,tcrA_identity,tcrB_identity,total_identity
5eu6,44.4444444444,100.0,87.610619469,33.6206896552,68.3533663355
2bnq,22.2222222222,100.0,86.7256637168,35.9649122807,61.1891700737
5bs0,33.3333333333,86.5921787709,83.185840708,37.3913043478,60.0713615441
4eup,33.3333333333,100.0,40.1785714286,31.5789473684,56.4040309106
