pdb_id,pep_identity,mhc_identity,tcrA_identity,tcrB_identity,total_identity
5hho,22.2222222222,100.0,30.2752293578,91.8181818182,61.0896426034
4eup,33.3333333333,100.0,35.7798165138,54.0540540541,59.4167562057
3o4l,33.3333333333,100.0,29.3577981651,28.3185840708,54.0571748171
5bs0,33.3333333333,86.5921787709,30.9734513274,36.036036036,51.1434185953
2p5w,11.1111111111,100.0,31.8584070796,48.2142857143,50.382485836
4mnq,11.1111111111,100.0,29.7297297297,47.7477477477,49.9499499499
