pdb_id,pep_identity,mhc_identity,tcrA_identity,tcrB_identity,total_identity
3qeq,22.2222222222,100.0,82.1428571429,61.9469026549,64.755700707
5eu6,44.4444444444,100.0,35.3982300885,40.350877193,60.7729993617
2vlk,22.2222222222,100.0,58.9285714286,53.0973451327,59.4117268343
2bnq,22.2222222222,100.0,31.8584070796,75.2212389381,58.5873484104
5men,11.1111111111,100.0,33.9285714286,76.1061946903,55.3761647235
3o4l,33.3333333333,100.0,30.9734513274,28.4482758621,54.3480656427
