pdb_id,pep_identity,mhc_identity,tcrA_identity,tcrB_identity,total_identity
5eu6,44.4444444444,100.0,27.1929824561,34.5132743363,58.4325242802
5men,11.1111111111,100.0,23.4234234234,92.7927927928,56.4064064064
5euo,22.2222222222,100.0,28.8288288288,49.5495495495,53.8038038038
3o4l,33.3333333333,100.0,22.5225225225,28.0701754386,52.8765607713
5bs0,33.3333333333,86.5921787709,23.6842105263,31.5315315315,49.1777943777
