pdb_id,pep_identity,mhc_identity,tcrA_identity,tcrB_identity,total_identity
5eu6,44.4444444444,100.0,34.2105263158,72.1739130435,65.8788880414
4eup,33.3333333333,100.0,32.4561403509,32.1739130435,55.2161200102
3o4l,33.3333333333,100.0,30.701754386,28.2051282051,54.2622582096
5bs0,33.3333333333,86.5921787709,34.2105263158,46.9565217391,53.5030120439
