pdb_id,pep_identity,mhc_identity,tcrA_identity,tcrB_identity,total_identity
5hho,22.2222222222,100.0,35.7798165138,92.8571428571,62.1802339692
4eup,33.3333333333,100.0,46.3636363636,57.1428571429,61.6955266955
3o4l,33.3333333333,100.0,51.376146789,30.4347826087,58.0795993441
5bs0,33.3333333333,86.5921787709,33.6283185841,38.0530973451,51.9220733563
2bnr,11.1111111111,100.0,35.3982300885,51.7857142857,51.5676944327
5men,11.1111111111,100.0,35.4545454545,50.4424778761,51.3532075921
