pdb_id,pep_identity,mhc_identity,tcrA_identity,tcrB_identity,total_identity
5eu6,44.4444444444,100.0,40.7079646018,64.6017699115,65.699770567
4eup,33.3333333333,100.0,33.9285714286,33.0357142857,55.6051587302
5euo,22.2222222222,100.0,46.4285714286,38.7387387387,54.9352924353
3o4l,33.3333333333,100.0,33.9285714286,28.3185840708,54.818970361
5bs0,33.3333333333,86.5921787709,37.1681415929,47.3214285714,54.0567657288
