pdb_id,pep_identity,mhc_identity,tcrA_identity,tcrB_identity,total_identity
2vlk,22.2222222222,100.0,49.5495495495,91.0714285714,64.1775704276
5eu6,44.4444444444,100.0,35.0877192982,34.2105263158,59.6978557505
4eup,33.3333333333,100.0,32.4324324324,57.1428571429,59.3736593737
3o4l,33.3333333333,100.0,29.4642857143,30.4347826087,54.4276224983
5men,11.1111111111,100.0,39.0909090909,53.982300885,52.5492386997
5bs0,33.3333333333,86.5921787709,33.3333333333,37.1681415929,51.7254165225
