pdb_id,pep_identity,mhc_identity,tcrA_identity,tcrB_identity,total_identity
5eu6,44.4444444444,100.0,34.7826086957,53.982300885,62.9422997449
3o4l,33.3333333333,100.0,32.1739130435,35.0877192982,55.6547165014
3ffc,11.1111111111,81.0055865922,86.9565217391,51.2820512821,53.7453280713
3qeq,22.2222222222,100.0,35.652173913,37.1681415929,52.8774599917
5bs0,33.3333333333,86.5921787709,36.5217391304,40.7079646018,52.8467879901
5euo,22.2222222222,100.0,32.1739130435,33.9285714286,51.7578214861
