pdb_id,pep_identity,mhc_identity,tcrA_identity,tcrB_identity,total_identity
5eu6,44.4444444444,100.0,32.7433628319,46.4912280702,61.3539132985
5bs0,33.3333333333,86.5921787709,30.0884955752,59.2920353982,54.8719258637
3o4l,33.3333333333,100.0,28.1818181818,26.9565217391,53.6341677646
3qdj,22.2222222222,100.0,36.6972477064,33.6283185841,52.4616684558
5euo,22.2222222222,100.0,26.7857142857,37.5,51.455026455
