pdb_id,pep_identity,mhc_identity,tcrA_identity,tcrB_identity,total_identity
5eu6,44.4444444444,100.0,25.4385964912,34.4827586207,58.1350406668
3o4l,33.3333333333,100.0,21.1009174312,23.0769230769,51.8074178625
2vlk,22.2222222222,100.0,27.5229357798,32.4561403509,50.7372534292
5bs0,33.3333333333,86.5921787709,22.8070175439,37.3913043478,50.00822435
