pdb_id,pep_identity,mhc_identity,tcrA_identity,tcrB_identity,total_identity
5eu6,44.4444444444,100.0,40.7079646018,35.9649122807,60.9269609619
3qdj,22.2222222222,100.0,45.4545454545,63.7168141593,58.935967343
3o4l,33.3333333333,100.0,45.4545454545,27.5862068966,56.6179031696
2p5w,11.1111111111,100.0,38.9380530973,75.2212389381,56.0635857096
2vlk,22.2222222222,100.0,35.4545454545,54.4642857143,55.7272126022
5bs0,33.3333333333,86.5921787709,36.2831858407,38.3928571429,52.4211778654
