pdb_id,pep_identity,mhc_identity,tcrA_identity,tcrB_identity,total_identity
4eup,33.3333333333,100.0,85.5855855856,54.954954955,67.8678678679
5eu6,44.4444444444,100.0,46.017699115,36.2831858407,61.8649623074
2vlk,22.2222222222,100.0,41.9642857143,52.2522522523,56.4434970685
3o4l,33.3333333333,100.0,41.0714285714,28.9473684211,56.1142439432
2bnq,22.2222222222,100.0,42.4778761062,48.6486486486,55.9284948665
