pdb_id,pep_identity,mhc_identity,tcrA_identity,tcrB_identity,total_identity
4eup,33.3333333333,100.0,29.5652173913,86.6071428571,63.8065044859
5eu6,44.4444444444,100.0,33.9130434783,28.0701754386,58.4786846343
5euo,22.2222222222,100.0,32.1739130435,55.3571428571,55.3292500575
3o4l,33.3333333333,100.0,33.0434782609,25.2173913043,54.154589372
