pdb_id,pep_identity,mhc_identity,tcrA_identity,tcrB_identity,total_identity
5eu6,44.4444444444,100.0,41.592920354,67.5438596491,66.337611482
2vlk,22.2222222222,100.0,50.0,39.8230088496,55.7112422157
4eup,33.3333333333,100.0,35.4545454545,31.8584070796,55.6632698668
5bs0,33.3333333333,86.5921787709,42.4778761062,47.3684210526,54.9495535612
3o4l,33.3333333333,100.0,33.3333333333,26.9565217391,54.4927536232
