pdb_id,pep_identity,mhc_identity,tcrA_identity,tcrB_identity,total_identity
5euo,22.2222222222,100.0,93.5779816514,90.0,71.337071016
5eu6,44.4444444444,100.0,39.8230088496,32.7433628319,60.2425434284
4eup,33.3333333333,100.0,37.8378378378,54.0540540541,59.7597597598
