pdb_id,pep_identity,mhc_identity,tcrA_identity,tcrB_identity,total_identity
5eu6,44.4444444444,100.0,49.5575221239,46.017699115,64.077351688
4eup,33.3333333333,100.0,36.036036036,30.6306306306,55.5555555556
3o4l,33.3333333333,100.0,37.8378378378,25.8928571429,55.0662269412
5bs0,33.3333333333,86.5921787709,47.7876106195,42.3423423423,54.9968295284
2vlk,22.2222222222,100.0,42.7272727273,34.5454545455,53.6195286195
