pdb_id,pep_identity,mhc_identity,tcrA_identity,tcrB_identity,total_identity
5eu6,44.4444444444,100.0,33.9130434783,37.1681415929,59.9950123267
3o4l,33.3333333333,100.0,40.350877193,27.4336283186,55.7418620297
5euo,22.2222222222,100.0,33.0434782609,38.5321100917,52.6700054662
5bs0,33.3333333333,86.5921787709,32.1739130435,39.0909090909,51.8526410572
3qeq,22.2222222222,100.0,30.701754386,28.5714285714,50.619604567
2f54,11.1111111111,100.0,33.9130434783,33.3333333333,48.2447665056
