pdb_id,pep_identity,mhc_identity,tcrA_identity,tcrB_identity,total_identity
3qdj,22.2222222222,100.0,30.4347826087,88.4955752212,60.5624670457
5eu6,44.4444444444,100.0,33.0434782609,31.5789473684,58.9185524197
3o4l,33.3333333333,100.0,30.4347826087,33.6206896552,55.1203564884
5euo,22.2222222222,100.0,28.6956521739,47.7876106195,53.4879512063
5men,11.1111111111,100.0,36.2831858407,61.9469026549,53.408718453
5bs0,33.3333333333,86.5921787709,31.3043478261,29.203539823,50.0598186429
2e7l,22.2222222222,68.7150837989,65.2173913043,52.2123893805,49.8840654545
