pdb_id,pep_identity,mhc_identity,tcrA_identity,tcrB_identity,total_identity
4eup,33.3333333333,100.0,32.4561403509,60.3603603604,59.9138612297
2vlk,22.2222222222,100.0,30.701754386,56.880733945,55.3378221292
3o4l,33.3333333333,100.0,31.5789473684,26.5486725664,54.1323811002
2p5w,11.1111111111,100.0,33.3333333333,56.25,51.9675925926
5bs0,33.3333333333,86.5921787709,31.5789473684,37.2727272727,51.4504498083
2e7l,22.2222222222,68.7150837989,57.8947368421,54.5454545455,49.0524672383
