pdb_id,pep_identity,mhc_identity,tcrA_identity,tcrB_identity,total_identity
3qeq,22.2222222222,100.0,28.8288288288,90.2654867257,60.5897933332
5eu6,44.4444444444,100.0,34.2105263158,39.4736842105,60.4288499025
5euo,22.2222222222,100.0,28.0701754386,55.7522123894,54.7111387121
3o4l,33.3333333333,100.0,29.7297297297,28.4482758621,54.1407787097
2f53,11.1111111111,100.0,30.701754386,62.8318584071,52.6259725025
2e7l,22.2222222222,68.7150837989,62.1621621622,60.1769911504,50.7022942258
5bs0,33.3333333333,86.5921787709,30.701754386,32.7433628319,50.5493569044
