pdb_id,pep_identity,mhc_identity,tcrA_identity,tcrB_identity,total_identity
5eu6,44.4444444444,100.0,41.592920354,33.3333333333,60.635857096
3o4l,33.3333333333,100.0,32.4074074074,25.6637168142,54.122965148
3qdj,22.2222222222,100.0,39.4495412844,38.9380530973,53.8053398044
2vlk,22.2222222222,100.0,35.7798165138,32.1428571429,52.0611863502
5bs0,33.3333333333,86.5921787709,38.0530973451,30.0884955752,51.3321028548
5men,11.1111111111,100.0,38.1818181818,38.0530973451,49.7428562915
