pdb_id,pep_identity,mhc_identity,tcrA_identity,tcrB_identity,total_identity
5eu6,44.4444444444,100.0,35.0877192982,38.7931034483,60.4616186059
5bs0,33.3333333333,86.5921787709,34.2105263158,60.8695652174,55.8218526236
3o4l,33.3333333333,100.0,31.8584070796,23.9316239316,53.7427829463
2vlk,22.2222222222,100.0,29.203539823,35.0877192982,51.4559505943
3qeq,22.2222222222,100.0,26.5486725664,36.5217391304,51.2524760235
