pdb_id,pep_identity,mhc_identity,tcrA_identity,tcrB_identity,total_identity
4eup,33.3333333333,100.0,29.4642857143,87.3873873874,63.9197232947
5eu6,44.4444444444,100.0,33.3333333333,26.5486725664,58.1284824648
3o4l,33.3333333333,100.0,33.0357142857,31.8584070796,55.2601313387
5euo,22.2222222222,100.0,28.9473684211,56.3636363636,54.9592415382
2e7l,22.2222222222,68.7150837989,68.75,57.2727272727,51.3162232192
