pdb_id,pep_identity,mhc_identity,tcrA_identity,tcrB_identity,total_identity
5eu6,44.4444444444,100.0,47.7876106195,30.0884955752,61.1274991806
3qeq,22.2222222222,100.0,36.1111111111,58.9285714286,56.5806878307
2vlk,22.2222222222,100.0,42.2018348624,50.9090909091,56.2592283693
3o4l,33.3333333333,100.0,35.7798165138,24.7787610619,54.5375407071
2p5w,11.1111111111,100.0,46.9026548673,54.4642857143,53.931527134
5bs0,33.3333333333,86.5921787709,45.1327433628,34.2342342342,53.2030003009
4mnq,11.1111111111,100.0,36.6071428571,56.3636363636,52.5321669072
