pdb_id,pep_identity,mhc_identity,tcrA_identity,tcrB_identity,total_identity
5eu6,44.4444444444,100.0,38.2608695652,36.5217391304,60.6119162641
3o4l,33.3333333333,100.0,29.5652173913,25.8620689655,53.6823255039
5bs0,33.3333333333,86.5921787709,36.5217391304,40.350877193,52.787273422
3qdj,22.2222222222,100.0,29.5652173913,35.9649122807,51.6624290194
2vlr,22.2222222222,100.0,27.8260869565,36.2831858407,51.4256195403
2f54,11.1111111111,100.0,38.2608695652,33.6283185841,49.0185683953
