pdb_id,pep_identity,mhc_identity,tcrA_identity,tcrB_identity,total_identity
5eu6,44.4444444444,100.0,37.1681415929,57.5221238938,63.9298590626
3o4l,33.3333333333,100.0,53.7037037037,28.9473684211,58.2196231319
4eup,33.3333333333,100.0,47.2727272727,30.0884955752,57.3379815858
5bs0,33.3333333333,86.5921787709,36.2831858407,41.0714285714,52.8676064368
5euo,22.2222222222,100.0,38.3928571429,33.0357142857,52.6455026455
