pdb_id,pep_identity,mhc_identity,tcrA_identity,tcrB_identity,total_identity
5eu6,44.4444444444,100.0,32.7433628319,38.2608695652,59.982186881
3qeq,22.2222222222,100.0,29.3577981651,62.2807017544,56.0138240607
5men,11.1111111111,100.0,29.7297297297,76.3157894737,54.7112902376
2vlk,22.2222222222,100.0,30.2752293578,51.7543859649,54.4123432945
3o4l,33.3333333333,100.0,29.3577981651,28.2051282051,54.0382655062
5bs0,33.3333333333,86.5921787709,30.9734513274,34.2105263158,50.8391669753
