pdb_id,pep_identity,mhc_identity,tcrA_identity,tcrB_identity,total_identity
2vlk,22.2222222222,100.0,42.3423423423,93.6363636364,63.4038584039
5eu6,44.4444444444,100.0,43.3628318584,36.2831858407,61.4224844313
3qeq,22.2222222222,100.0,38.7387387387,53.5714285714,56.1257686258
3o4l,33.3333333333,100.0,33.9285714286,30.9734513274,55.2614482371
5bs0,33.3333333333,86.5921787709,38.9380530973,39.6396396396,53.0714528243
4mnq,11.1111111111,100.0,41.2844036697,51.3513513514,52.4763295405
2f53,11.1111111111,100.0,39.8230088496,51.7857142857,52.3051575596
