pdb_id,pep_identity,mhc_identity,tcrA_identity,tcrB_identity,total_identity
2bnq,22.2222222222,100.0,32.4561403509,88.5964912281,60.9161793372
3qeq,22.2222222222,100.0,50.0,60.5263157895,59.1617933723
2vlk,22.2222222222,100.0,52.7272727273,51.7543859649,58.1543505228
3o4l,33.3333333333,100.0,29.7297297297,28.2051282051,54.1002541003
5bs0,33.3333333333,86.5921787709,34.2105263158,34.2105263158,51.3786794734
