pdb_id,pep_identity,mhc_identity,tcrA_identity,tcrB_identity,total_identity
4eup,33.3333333333,100.0,87.2727272727,52.6785714286,67.7696608947
5eu6,44.4444444444,100.0,46.017699115,32.7433628319,61.274991806
2bnq,22.2222222222,100.0,44.2477876106,74.1071428571,60.4665624854
3o4l,33.3333333333,100.0,39.6396396396,32.4561403509,56.4604077762
5men,11.1111111111,100.0,33.3333333333,81.0810810811,56.1061061061
2vlk,22.2222222222,100.0,36.036036036,50.4504504505,55.1551551552
