pdb_id,pep_identity,mhc_identity,tcrA_identity,tcrB_identity,total_identity
2bnq,22.2222222222,100.0,46.9026548673,89.3805309735,63.4546050475
4eup,33.3333333333,100.0,33.3333333333,52.2123893805,58.7020648968
5men,11.1111111111,100.0,38.3928571429,90.2654867257,58.4800943485
2vlk,22.2222222222,100.0,42.2018348624,51.3274336283,56.3289521559
3o4l,33.3333333333,100.0,38.5321100917,28.4482758621,55.6078421034
5bs0,33.3333333333,86.5921787709,46.017699115,34.5132743363,53.39699961
