pdb_id,pep_identity,mhc_identity,tcrA_identity,tcrB_identity,total_identity
5eu6,44.4444444444,100.0,41.592920354,79.6460176991,68.3546378237
4eup,33.3333333333,100.0,83.4862385321,33.6283185841,63.9635372971
3o4l,33.3333333333,100.0,38.5321100917,32.1739130435,56.2287816336
