pdb_id,pep_identity,mhc_identity,tcrA_identity,tcrB_identity,total_identity
5euo,22.2222222222,100.0,28.9473684211,87.5,60.1486354776
5eu6,44.4444444444,100.0,30.701754386,33.3333333333,58.820662768
3qeq,22.2222222222,100.0,27.027027027,58.407079646,54.9797585196
3o4l,33.3333333333,100.0,31.5315315315,28.6956521739,54.4823083954
5bs0,33.3333333333,86.5921787709,30.701754386,35.3982300885,50.9918347805
5men,11.1111111111,100.0,30.9734513274,46.9026548673,50.0163880695
2e7l,22.2222222222,68.7150837989,62.1621621622,49.1071428571,48.8573195103
