pdb_id,pep_identity,mhc_identity,tcrA_identity,tcrB_identity,total_identity
5euo,22.2222222222,100.0,88.0733944954,31.25,60.6279731566
5eu6,44.4444444444,100.0,35.3982300885,33.3333333333,59.6034087185
3o4l,33.3333333333,100.0,30.0,28.6956521739,54.2270531401
3qeq,22.2222222222,100.0,48.623853211,27.4336283186,53.4169876623
5bs0,33.3333333333,86.5921787709,37.1681415929,37.1681415929,52.3645512324
