pdb_id,pep_identity,mhc_identity,tcrA_identity,tcrB_identity,total_identity
5eu6,44.4444444444,100.0,42.4778761062,60.5263157895,65.3155134641
4eup,33.3333333333,100.0,38.1818181818,28.3185840708,55.5278448199
3o4l,33.3333333333,100.0,38.8888888889,26.0869565217,55.2737520129
2vlk,22.2222222222,100.0,45.3703703704,34.5132743363,54.0546815252
5bs0,33.3333333333,86.5921787709,39.8230088496,43.8596491228,53.9222803635
