pdb_id,pep_identity,mhc_identity,tcrA_identity,tcrB_identity,total_identity
5eu6,44.4444444444,100.0,42.4778761062,76.5217391304,67.9814173543
4eup,33.3333333333,100.0,39.0909090909,29.5652173913,55.8871321915
3o4l,33.3333333333,100.0,36.1111111111,30.7692307692,55.5911680912
