pdb_id,pep_identity,mhc_identity,tcrA_identity,tcrB_identity,total_identity
2vlk,22.2222222222,100.0,31.25,90.1785714286,60.9788359788
5eu6,44.4444444444,100.0,34.7826086957,31.5789473684,59.2084074922
3qdj,22.2222222222,100.0,34.8214285714,53.0973451327,55.3938696914
3o4l,33.3333333333,100.0,34.8214285714,30.4347826087,55.3204796411
5bs0,33.3333333333,86.5921787709,33.0434782609,36.2831858407,51.5296147184
5men,11.1111111111,100.0,30.4347826087,53.0973451327,50.9590583273
