pdb_id,pep_identity,mhc_identity,tcrA_identity,tcrB_identity,total_identity
5hho,22.2222222222,100.0,52.6785714286,90.2654867257,64.5647504331
5eu6,44.4444444444,100.0,34.2105263158,32.1739130435,59.2122213747
4eup,33.3333333333,100.0,29.4642857143,55.7522123894,58.6471941284
3o4l,33.3333333333,100.0,29.203539823,31.0344827586,54.4841148747
5men,11.1111111111,100.0,37.2727272727,53.5087719298,52.1672869041
5bs0,33.3333333333,86.5921787709,33.3333333333,36.8421052632,51.6710771342
