pdb_id,pep_identity,mhc_identity,tcrA_identity,tcrB_identity,total_identity
4eup,33.3333333333,100.0,32.4561403509,89.2857142857,64.7347535505
5eu6,44.4444444444,100.0,34.7826086957,28.0701754386,58.6236121705
5euo,22.2222222222,100.0,33.9130434783,55.3571428571,55.61910513
3o4l,33.3333333333,100.0,35.0877192982,30.4347826087,55.3648614289
2bnq,22.2222222222,100.0,33.0434782609,50.0,54.5813204509
