pdb_id,pep_identity,mhc_identity,tcrA_identity,tcrB_identity,total_identity
5euo,22.2222222222,100.0,93.5779816514,39.2857142857,62.8846900636
5eu6,44.4444444444,100.0,38.9380530973,40.0,61.304490331
3qeq,22.2222222222,100.0,50.9259259259,34.2105263158,54.9301494477
3o4l,33.3333333333,100.0,33.9449541284,23.275862069,53.981247144
5bs0,33.3333333333,86.5921787709,40.7079646018,40.7079646018,53.5444922354
