pdb_id,pep_identity,mhc_identity,tcrA_identity,tcrB_identity,total_identity
5eu6,44.4444444444,100.0,31.8584070796,42.4778761062,60.5375286791
3qeq,22.2222222222,100.0,84.4036697248,31.25,60.0163523615
2vlk,22.2222222222,100.0,51.376146789,39.6396396396,55.9100384788
5bs0,33.3333333333,86.5921787709,30.0884955752,65.1785714286,55.8530152021
3o4l,33.3333333333,100.0,30.9090909091,26.3157894737,53.9819245082
