pdb_id,pep_identity,mhc_identity,tcrA_identity,tcrB_identity,total_identity
5eu6,44.4444444444,100.0,88.4955752212,77.8761061947,75.8767617175
5bs0,33.3333333333,86.5921787709,84.9557522124,39.8230088496,60.7716308784
