pdb_id,pep_identity,mhc_identity,tcrA_identity,tcrB_identity,total_identity
5eu6,44.4444444444,100.0,33.0434782609,37.7192982456,59.9419442326
3o4l,33.3333333333,100.0,30.4347826087,24.347826087,53.5748792271
5bs0,33.3333333333,86.5921787709,31.3043478261,39.2857142857,51.7401810534
5euo,22.2222222222,100.0,28.6956521739,36.036036036,51.5293554424
3qeq,22.2222222222,100.0,26.9565217391,28.3185840708,49.9532583757
5men,11.1111111111,100.0,37.1681415929,31.8584070796,48.5414618158
