pdb_id,pep_identity,mhc_identity,tcrA_identity,tcrB_identity,total_identity
4eup,33.3333333333,100.0,86.2385321101,57.5221238938,68.4045537784
5eu6,44.4444444444,100.0,46.017699115,35.652173913,61.7597936528
2vlk,22.2222222222,100.0,34.5454545455,91.1504424779,61.6900569113
2bnq,22.2222222222,100.0,41.592920354,51.3274336283,56.2274664045
3o4l,33.3333333333,100.0,39.0909090909,30.1724137931,55.9883315918
