pdb_id,pep_identity,mhc_identity,tcrA_identity,tcrB_identity,total_identity
5eu6,44.4444444444,100.0,31.8584070796,57.5221238938,63.0449033104
3o4l,33.3333333333,100.0,32.7272727273,28.6956521739,54.6815985946
3qdj,22.2222222222,100.0,34.5454545455,37.1681415929,52.6930067638
5bs0,33.3333333333,86.5921787709,28.3185840708,41.9642857143,51.6889823323
2vlk,22.2222222222,100.0,26.3636363636,33.9285714286,50.7894420394
4qrp,0.0,81.0055865922,90.0,52.6315789474,50.773792022
