pdb_id,pep_identity,mhc_identity,tcrA_identity,tcrB_identity,total_identity
4eup,33.3333333333,100.0,65.1376146789,87.8260869565,69.938394717
5eu6,44.4444444444,100.0,46.017699115,29.9145299145,60.8035196531
2vlk,22.2222222222,100.0,37.6146788991,57.3913043478,56.5750712819
2bnq,22.2222222222,100.0,42.4778761062,51.3043478261,56.3711113961
