pdb_id,pep_identity,mhc_identity,tcrA_identity,tcrB_identity,total_identity
5eu6,44.4444444444,100.0,41.592920354,59.2920353982,64.9623074402
5men,11.1111111111,100.0,86.3636363636,35.3982300885,57.3306814457
4eup,33.3333333333,100.0,32.7272727273,31.8584070796,55.2087244123
3o4l,33.3333333333,100.0,33.3333333333,27.8260869565,54.6376811594
2bnq,22.2222222222,100.0,39.8230088496,41.592920354,54.3100622747
5bs0,33.3333333333,86.5921787709,39.8230088496,42.4778761062,53.6919848607
5euo,22.2222222222,100.0,40.1785714286,31.8584070796,52.7469038254
