pdb_id,pep_identity,mhc_identity,tcrA_identity,tcrB_identity,total_identity
5eu6,44.4444444444,100.0,41.592920354,38.9380530973,61.5699770567
5bs0,33.3333333333,86.5921787709,39.8230088496,63.963963964,57.2729995037
5men,11.1111111111,100.0,86.3636363636,30.3571428571,56.4905002405
3o4l,33.3333333333,100.0,32.7433628319,27.1929824561,54.4338353258
5euo,22.2222222222,100.0,35.7142857143,36.3636363636,52.7537277537
3qdj,22.2222222222,100.0,35.7142857143,34.8214285714,52.4966931217
