pdb_id,pep_identity,mhc_identity,tcrA_identity,tcrB_identity,total_identity
5eu6,44.4444444444,100.0,88.4955752212,56.6371681416,72.3369387086
5bs0,33.3333333333,86.5921787709,83.185840708,43.75,61.1311441528
2bnq,22.2222222222,100.0,87.610619469,32.7433628319,60.7997377909
