pdb_id,pep_identity,mhc_identity,tcrA_identity,tcrB_identity,total_identity
5eu6,44.4444444444,100.0,48.6725663717,43.4782608696,63.506619355
5bs0,33.3333333333,86.5921787709,44.2477876106,90.350877193,62.408281502
3o4l,33.3333333333,100.0,38.1818181818,26.4957264957,55.224035224
2vlk,22.2222222222,100.0,44.0366972477,39.4736842105,54.6591376504
3qdj,22.2222222222,100.0,36.3636363636,32.4561403509,52.2107035265
