pdb_id,pep_identity,mhc_identity,tcrA_identity,tcrB_identity,total_identity
5eu6,44.4444444444,100.0,25.4385964912,37.7192982456,58.6744639376
3o4l,33.3333333333,100.0,20.7207207207,23.4782608696,51.8109413762
5bs0,33.3333333333,86.5921787709,24.5614035088,40.7079646018,50.8533987199
5euo,22.2222222222,100.0,23.4234234234,34.8214285714,50.4482160732
