pdb_id,pep_identity,mhc_identity,tcrA_identity,tcrB_identity,total_identity
4eup,33.3333333333,100.0,28.9473684211,87.7192982456,63.8888888889
5eu6,44.4444444444,100.0,33.9130434783,30.1724137931,58.8290576934
2vlk,22.2222222222,100.0,28.0701754386,56.1403508772,54.77582846
3o4l,33.3333333333,100.0,31.5789473684,25.641025641,53.9811066127
5bs0,33.3333333333,86.5921787709,34.7826086957,34.7826086957,51.5693736
3ffc,11.1111111111,81.0055865922,91.2280701754,32.4786324786,51.3233496768
2p5w,11.1111111111,100.0,34.7826086957,50.4347826087,51.2399355878
