pdb_id,pep_identity,mhc_identity,tcrA_identity,tcrB_identity,total_identity
5eu6,44.4444444444,100.0,38.9380530973,69.0265486726,66.1422484431
4eup,33.3333333333,100.0,47.3214285714,34.5132743363,58.0835615957
3o4l,33.3333333333,100.0,51.7857142857,28.6956521739,57.858005521
5bs0,33.3333333333,86.5921787709,35.3982300885,49.1071428571,54.0593995257
5euo,22.2222222222,100.0,36.6071428571,39.2857142857,53.3895502646
