pdb_id,pep_identity,mhc_identity,tcrA_identity,tcrB_identity,total_identity
5eu6,44.4444444444,100.0,34.7826086957,44.2477876106,61.3198808659
5bs0,33.3333333333,86.5921787709,34.7826086957,70.9090909091,57.5904539689
3o4l,33.3333333333,100.0,28.6956521739,28.0701754386,53.9054157132
5euo,22.2222222222,100.0,27.8260869565,41.8181818182,52.3481188699
3qdj,22.2222222222,100.0,31.3043478261,37.8378378378,52.2644383514
