pdb_id,pep_identity,mhc_identity,tcrA_identity,tcrB_identity,total_identity
4eup,33.3333333333,100.0,30.4347826087,60.3603603604,59.5769682726
5euo,22.2222222222,100.0,31.3043478261,55.9633027523,55.2853491705
3o4l,33.3333333333,100.0,29.5652173913,26.5486725664,53.7967594374
2p5w,11.1111111111,100.0,32.1739130435,56.25,51.7743558776
5bs0,33.3333333333,86.5921787709,31.3043478261,37.2727272727,51.4046832179
2e7l,22.2222222222,68.7150837989,55.652173913,54.5454545455,48.6787067501
