pdb_id,pep_identity,mhc_identity,tcrA_identity,tcrB_identity,total_identity
5eu6,44.4444444444,100.0,49.5575221239,34.5132743363,62.1599475582
3o4l,33.3333333333,100.0,36.9369369369,30.0884955752,55.6153498631
3qeq,22.2222222222,100.0,36.3636363636,52.6785714286,55.5811087061
5bs0,33.3333333333,86.5921787709,46.017699115,39.0909090909,54.1599387358
2p5w,11.1111111111,100.0,49.5575221239,49.1071428571,53.4811478672
5men,11.1111111111,100.0,36.6071428571,50.0,51.4715608466
