pdb_id,pep_identity,mhc_identity,tcrA_identity,tcrB_identity,total_identity
4eup,33.3333333333,100.0,66.6666666667,56.7567567568,65.015015015
2vlr,22.2222222222,100.0,44.6428571429,94.5454545455,63.9387926888
5eu6,44.4444444444,100.0,47.7876106195,37.1681415929,62.3074401835
2bnq,22.2222222222,100.0,44.2477876106,49.5495495495,56.3736302674
3o4l,33.3333333333,100.0,40.1785714286,29.203539823,56.008129653
5bs0,33.3333333333,86.5921787709,46.9026548673,38.7387387387,54.2487363024
