pdb_id,pep_identity,mhc_identity,tcrA_identity,tcrB_identity,total_identity
4eup,33.3333333333,100.0,30.3571428571,86.4864864865,63.9183826684
5eu6,44.4444444444,100.0,33.3333333333,27.4336283186,58.2759750901
2vlr,22.2222222222,100.0,28.8288288288,55.8558558559,54.8548548549
3o4l,33.3333333333,100.0,31.8181818182,25.4385964912,53.9872408293
2e7l,22.2222222222,68.7150837989,68.4684684685,56.7567567568,51.1833062112
