pdb_id,pep_identity,mhc_identity,tcrA_identity,tcrB_identity,total_identity
5eu6,44.4444444444,100.0,35.652173913,56.6371681416,63.5297051573
3o4l,33.3333333333,100.0,30.701754386,29.8245614035,54.5321637427
3ffc,11.1111111111,81.0055865922,84.2105263158,50.4273504274,53.145212025
5bs0,33.3333333333,86.5921787709,33.0434782609,42.8571428571,52.6252742211
3qdj,22.2222222222,100.0,30.701754386,40.1785714286,52.5541283765
5euo,22.2222222222,100.0,28.6956521739,32.1428571429,50.8804922935
