pdb_id,pep_identity,mhc_identity,tcrA_identity,tcrB_identity,total_identity
5eu6,44.4444444444,100.0,37.3913043478,38.5964912281,60.8127807441
3o4l,33.3333333333,100.0,35.0877192982,26.9565217391,54.785151284
5euo,22.2222222222,100.0,33.9130434783,39.6396396396,52.9995212604
5bs0,33.3333333333,86.5921787709,38.2608695652,38.3928571429,52.7507918194
3qdj,22.2222222222,100.0,34.2105263158,30.9734513274,51.6047370146
