pdb_id,pep_identity,mhc_identity,tcrA_identity,tcrB_identity,total_identity
5eu6,44.4444444444,100.0,31.8584070796,39.8230088496,60.095050803
3o4l,33.3333333333,100.0,33.9285714286,26.5486725664,54.5239851103
5bs0,33.3333333333,86.5921787709,30.9734513274,42.3423423423,52.1944696464
5euo,22.2222222222,100.0,31.8584070796,36.3636363636,52.1110813146
3qeq,22.2222222222,100.0,29.4642857143,31.25,50.8597883598
