pdb_id,pep_identity,mhc_identity,tcrA_identity,tcrB_identity,total_identity
5eu6,44.4444444444,100.0,38.9380530973,78.7610619469,67.7646673222
3o4l,33.3333333333,100.0,32.1428571429,32.4561403509,55.2109440267
4eup,33.3333333333,100.0,30.3571428571,32.7433628319,54.9611953926
5euo,22.2222222222,100.0,44.6428571429,40.1785714286,54.8776455026
