pdb_id,pep_identity,mhc_identity,tcrA_identity,tcrB_identity,total_identity
4eup,33.3333333333,100.0,84.4036697248,32.7433628319,63.9689498705
5eu6,44.4444444444,100.0,42.4778761062,35.652173913,61.1698231514
3o4l,33.3333333333,100.0,40.0,54.3859649123,60.1754385965
5euo,22.2222222222,100.0,35.7142857143,32.4561403509,52.1024784183
5bs0,33.3333333333,86.5921787709,39.8230088496,30.4347826087,51.6848026111
