pdb_id,pep_identity,mhc_identity,tcrA_identity,tcrB_identity,total_identity
5eu6,44.4444444444,100.0,36.5217391304,33.3333333333,59.7906602254
3o4l,33.3333333333,100.0,30.6306306306,25.0,53.7162162162
5euo,22.2222222222,100.0,29.5652173913,34.2342342342,51.3739826783
3qeq,22.2222222222,100.0,29.7297297297,33.6283185841,51.3004154597
5bs0,33.3333333333,86.5921787709,33.9130434783,32.1428571429,50.9844874716
5men,11.1111111111,100.0,31.3043478261,40.1785714286,48.9508569128
