pdb_id,pep_identity,mhc_identity,tcrA_identity,tcrB_identity,total_identity
4eup,33.3333333333,100.0,86.2385321101,30.6306306306,63.9226382346
5eu6,44.4444444444,100.0,43.3628318584,35.3982300885,61.274991806
3o4l,33.3333333333,100.0,40.7407407407,26.3157894737,55.6205328135
2vlk,22.2222222222,100.0,37.6146788991,34.2342342342,52.7155595963
5bs0,33.3333333333,86.5921787709,39.8230088496,34.8214285714,52.4159102716
