pdb_id,pep_identity,mhc_identity,tcrA_identity,tcrB_identity,total_identity
3qeq,22.2222222222,100.0,94.4444444444,89.5652173913,71.4090177134
5eu6,44.4444444444,100.0,31.8584070796,39.6551724138,60.0670780637
2vlk,22.2222222222,100.0,50.4587155963,54.7826086957,58.2809614561
