pdb_id,pep_identity,mhc_identity,tcrA_identity,tcrB_identity,total_identity
5eu6,44.4444444444,100.0,33.9130434783,28.3185840708,58.520086073
3o4l,33.3333333333,100.0,35.7142857143,26.3157894737,54.7827903091
5men,11.1111111111,100.0,30.4347826087,74.5454545455,54.5337432294
2vlk,22.2222222222,100.0,33.0357142857,46.8468468468,54.0545009295
5bs0,33.3333333333,86.5921787709,32.1739130435,29.7297297297,50.292444497
