pdb_id,pep_identity,mhc_identity,tcrA_identity,tcrB_identity,total_identity
5eu6,44.4444444444,100.0,44.2477876106,61.0619469027,65.699770567
4eup,33.3333333333,100.0,86.2385321101,33.6283185841,64.4222528935
3o4l,33.3333333333,100.0,40.3669724771,28.6956521739,55.9548818863
5bs0,33.3333333333,86.5921787709,43.3628318584,44.6428571429,54.642785535
2bnq,22.2222222222,100.0,40.7079646018,34.5132743363,53.2776138971
2vlk,22.2222222222,100.0,36.6972477064,37.5,53.1069486918
