pdb_id,pep_identity,mhc_identity,tcrA_identity,tcrB_identity,total_identity
5eu6,44.4444444444,100.0,41.592920354,35.0427350427,60.9207573809
3o4l,33.3333333333,100.0,44.6428571429,26.2711864407,56.2634517084
3qdj,22.2222222222,100.0,45.5357142857,28.4482758621,53.0714057654
5bs0,33.3333333333,86.5921787709,38.0530973451,35.3448275862,52.20815819
5euo,22.2222222222,100.0,32.7433628319,34.7826086957,51.9950693287
2f54,11.1111111111,100.0,39.8230088496,30.4347826087,48.7466689467
