pdb_id,pep_identity,mhc_identity,tcrA_identity,tcrB_identity,total_identity
4eup,33.3333333333,100.0,67.5675675676,55.8558558559,65.015015015
5hho,22.2222222222,100.0,44.6428571429,91.8181818182,63.4842472342
5eu6,44.4444444444,100.0,47.7876106195,32.7433628319,61.5699770567
3o4l,33.3333333333,100.0,40.1785714286,35.3982300885,57.0405780306
2bnq,22.2222222222,100.0,44.2477876106,48.6486486486,56.2234801173
5bs0,33.3333333333,86.5921787709,46.9026548673,37.8378378378,54.0985861523
