pdb_id,pep_identity,mhc_identity,tcrA_identity,tcrB_identity,total_identity
2vlr,22.2222222222,100.0,89.9082568807,94.5454545455,71.4830259784
5eu6,44.4444444444,100.0,41.592920354,38.9380530973,61.5699770567
4eup,33.3333333333,100.0,38.7387387387,57.6576576577,60.5105105105
