pdb_id,pep_identity,mhc_identity,tcrA_identity,tcrB_identity,total_identity
3o4l,33.3333333333,100.0,85.7142857143,27.1929824561,63.2623224728
5eu6,44.4444444444,100.0,39.8230088496,41.592920354,61.7174696821
5bs0,33.3333333333,86.5921787709,37.1681415929,66.6666666667,57.280972078
3qdj,22.2222222222,100.0,41.4414414414,35.7142857143,53.6000286
2vlk,22.2222222222,100.0,35.4545454545,40.9090909091,53.468013468
