pdb_id,pep_identity,mhc_identity,tcrA_identity,tcrB_identity,total_identity
2vlk,22.2222222222,100.0,89.6226415094,37.5,61.927847659
5eu6,44.4444444444,100.0,36.2831858407,37.3913043478,60.4272298462
3qeq,22.2222222222,100.0,50.0,31.5789473684,54.3372319688
3o4l,33.3333333333,100.0,32.7102803738,25.8620689655,54.2065026677
5bs0,33.3333333333,86.5921787709,36.2831858407,41.592920354,52.9545217339
