pdb_id,pep_identity,mhc_identity,tcrA_identity,tcrB_identity,total_identity
5eu6,44.4444444444,100.0,49.5575221239,35.3448275862,62.2985397665
3o4l,33.3333333333,100.0,37.1681415929,23.9316239316,54.6277386985
5bs0,33.3333333333,86.5921787709,45.1327433628,37.3913043478,53.7291786532
5euo,22.2222222222,100.0,41.0714285714,33.3333333333,53.1415343915
3qdj,22.2222222222,100.0,35.3982300885,32.1739130435,52.0027645961
2f54,11.1111111111,100.0,49.5575221239,33.3333333333,50.8521796132
