pdb_id,pep_identity,mhc_identity,tcrA_identity,tcrB_identity,total_identity
5eu6,44.4444444444,100.0,37.1681415929,59.2920353982,64.2248443133
2vlk,22.2222222222,100.0,88.0733944954,37.8378378378,61.7259461296
4eup,33.3333333333,100.0,36.036036036,34.5132743363,56.2026628398
3o4l,33.3333333333,100.0,35.4545454545,30.701754386,55.4704944179
5bs0,33.3333333333,86.5921787709,36.2831858407,45.045045045,53.5298758491
