pdb_id,pep_identity,mhc_identity,tcrA_identity,tcrB_identity,total_identity
4eup,33.3333333333,100.0,83.0357142857,59.4594594595,68.1936400686
5eu6,44.4444444444,100.0,42.9824561404,35.3982300885,61.211595853
2bnq,22.2222222222,100.0,50.0,49.5495495495,57.3323323323
3o4l,33.3333333333,100.0,38.0530973451,30.9734513274,55.9488692232
