pdb_id,pep_identity,mhc_identity,tcrA_identity,tcrB_identity,total_identity
5eu6,44.4444444444,100.0,36.2068965517,29.203539823,59.0498875439
3qeq,22.2222222222,100.0,28.4482758621,50.0,53.8154533844
5euo,22.2222222222,100.0,26.724137931,50.9090909091,53.6796122141
3o4l,33.3333333333,100.0,28.4482758621,25.6637168142,53.4631098905
5men,11.1111111111,100.0,31.0344827586,56.3636363636,51.6033902241
5bs0,33.3333333333,86.5921787709,34.4827586207,32.4324324324,51.1277025436
