pdb_id,pep_identity,mhc_identity,tcrA_identity,tcrB_identity,total_identity
5eu6,44.4444444444,100.0,32.7433628319,56.4102564103,63.0070846885
3o4l,33.3333333333,100.0,32.1428571429,30.2521008403,54.8436041083
5bs0,33.3333333333,86.5921787709,35.3982300885,41.3793103448,52.7714274403
3qdj,22.2222222222,100.0,34.8214285714,31.6239316239,51.81496744
2vlk,22.2222222222,100.0,28.5714285714,33.6206896552,51.1060937785
