pdb_id,pep_identity,mhc_identity,tcrA_identity,tcrB_identity,total_identity
4eup,33.3333333333,100.0,31.25,90.0900900901,64.6677927928
5eu6,44.4444444444,100.0,29.8245614035,29.203539823,57.9861650192
2vlk,22.2222222222,100.0,32.4324324324,57.2727272727,55.6916006916
3o4l,33.3333333333,100.0,30.9090909091,28.3185840708,54.3157236078
2bnq,22.2222222222,100.0,29.8245614035,51.3513513514,54.2700595332
