pdb_id,pep_identity,mhc_identity,tcrA_identity,tcrB_identity,total_identity
5eu6,44.4444444444,100.0,32.4561403509,56.6371681416,62.9970328969
3o4l,33.3333333333,100.0,39.6396396396,30.701754386,56.1680101154
3qdj,22.2222222222,100.0,33.3333333333,40.1785714286,52.9927248677
5bs0,33.3333333333,86.5921787709,31.5789473684,41.9642857143,52.2323762152
5hho,22.2222222222,100.0,31.5315315315,34.8214285714,51.7995674246
