pdb_id,pep_identity,mhc_identity,tcrA_identity,tcrB_identity,total_identity
4eup,33.3333333333,100.0,83.6363636364,35.7142857143,64.3362193362
5eu6,44.4444444444,100.0,41.592920354,43.3628318584,62.3074401835
5bs0,33.3333333333,86.5921787709,41.592920354,91.0714285714,62.0858955223
3o4l,33.3333333333,100.0,38.7387387387,27.8260869565,55.5385820603
2vlk,22.2222222222,100.0,36.036036036,39.2857142857,53.2943657944
