pdb_id,pep_identity,mhc_identity,tcrA_identity,tcrB_identity,total_identity
5eu6,44.4444444444,100.0,40.7079646018,59.649122807,64.8743293829
3o4l,33.3333333333,100.0,59.4339622642,29.3103448276,59.2351622931
4eup,33.3333333333,100.0,40.5405405405,33.3333333333,56.7567567568
5bs0,33.3333333333,86.5921787709,35.3982300885,43.8596491228,53.1848172366
2bnq,22.2222222222,100.0,37.1681415929,35.9649122807,52.929583053
2vlk,22.2222222222,100.0,35.4545454545,35.9649122807,52.6439836966
