pdb_id,pep_identity,mhc_identity,tcrA_identity,tcrB_identity,total_identity
5men,11.1111111111,100.0,89.0909090909,72.1739130435,63.9145073928
5eu6,44.4444444444,100.0,44.2477876106,33.6206896552,61.1262276924
4eup,33.3333333333,100.0,33.3333333333,49.5652173913,58.2608695652
2p5w,11.1111111111,100.0,41.592920354,72.1739130435,55.9981759366
5euo,22.2222222222,100.0,37.5,48.6956521739,55.1066827697
3o4l,33.3333333333,100.0,32.1428571429,26.2711864407,54.180118375
5bs0,33.3333333333,86.5921787709,40.7079646018,33.0434782609,52.2670778452
