pdb_id,pep_identity,mhc_identity,tcrA_identity,tcrB_identity,total_identity
2vlr,22.2222222222,100.0,29.3577981651,90.990990991,60.7988722668
5eu6,44.4444444444,100.0,27.4336283186,33.6283185841,58.3251392986
3qdj,22.2222222222,100.0,30.2752293578,50.0,54.1199456337
3o4l,33.3333333333,100.0,26.1682242991,29.8245614035,53.7765753949
2p5w,11.1111111111,100.0,28.3185840708,56.25,51.1318010488
5bs0,33.3333333333,86.5921787709,29.203539823,35.7142857143,50.794808291
