pdb_id,pep_identity,mhc_identity,tcrA_identity,tcrB_identity,total_identity
5eu6,44.4444444444,100.0,35.3982300885,36.2831858407,60.095050803
3qeq,22.2222222222,100.0,31.25,60.7142857143,56.0681216931
2f54,11.1111111111,100.0,34.5132743363,75.0,55.2892494264
2vlk,22.2222222222,100.0,31.25,55.4545454545,55.1914983165
3o4l,33.3333333333,100.0,29.4642857143,30.701754386,54.4721177945
5bs0,33.3333333333,86.5921787709,37.1681415929,35.4545454545,52.078951876
