pdb_id,pep_identity,mhc_identity,tcrA_identity,tcrB_identity,total_identity
4eup,33.3333333333,100.0,65.1376146789,90.1785714286,70.3304754624
5eu6,44.4444444444,100.0,45.1327433628,29.8245614035,60.6410322759
2vlk,22.2222222222,100.0,37.6146788991,59.4594594595,56.9197638005
2bnq,22.2222222222,100.0,43.3628318584,50.0,56.3012127171
