pdb_id,pep_identity,mhc_identity,tcrA_identity,tcrB_identity,total_identity
5eu6,44.4444444444,100.0,89.3805309735,33.6283185841,68.6496230744
2bnq,22.2222222222,100.0,86.7256637168,55.8558558559,64.5043273362
5euo,22.2222222222,100.0,41.592920354,91.8181818182,62.9759244361
4eup,33.3333333333,100.0,41.4414414414,54.954954955,60.5105105105
5bs0,33.3333333333,86.5921787709,83.185840708,36.036036036,59.8454834921
3o4l,33.3333333333,100.0,39.6396396396,29.203539823,55.9183076882
