pdb_id,pep_identity,mhc_identity,tcrA_identity,tcrB_identity,total_identity
4eup,33.3333333333,100.0,84.4036697248,60.3603603604,68.571782792
5eu6,44.4444444444,100.0,42.4778761062,31.8584070796,60.5375286791
2bnq,22.2222222222,100.0,40.7079646018,57.6576576577,57.1350111173
5euo,22.2222222222,100.0,36.6071428571,54.5454545455,55.9328403078
3o4l,33.3333333333,100.0,39.4495412844,28.3185840708,55.7391320036
