pdb_id,pep_identity,mhc_identity,tcrA_identity,tcrB_identity,total_identity
5eu6,44.4444444444,100.0,26.0869565217,37.3913043478,58.7278582931
2vlk,22.2222222222,100.0,33.0357142857,52.6315789474,55.0186229463
5men,11.1111111111,100.0,23.2142857143,76.3157894737,53.6253829017
3o4l,33.3333333333,100.0,23.2142857143,29.0598290598,53.1567969068
5bs0,33.3333333333,86.5921787709,26.0869565217,34.2105263158,50.0247511743
