pdb_id,pep_identity,mhc_identity,tcrA_identity,tcrB_identity,total_identity
4eup,33.3333333333,100.0,85.3211009174,53.982300885,67.6616780782
5eu6,44.4444444444,100.0,42.4778761062,39.4736842105,61.8067415343
2bnq,22.2222222222,100.0,40.7079646018,61.0619469027,57.7023926581
2vlk,22.2222222222,100.0,35.7798165138,54.8672566372,55.8485862659
3o4l,33.3333333333,100.0,38.8888888889,28.4482758621,55.6673052363
