pdb_id,pep_identity,mhc_identity,tcrA_identity,tcrB_identity,total_identity
5eu6,44.4444444444,100.0,92.0353982301,45.2173913043,71.0236130706
5bs0,33.3333333333,86.5921787709,84.9557522124,58.7719298246,63.9297843743
2bnq,22.2222222222,100.0,89.3805309735,33.6283185841,61.242215667
4eup,33.3333333333,100.0,39.8230088496,35.3982300885,56.9813176008
