pdb_id,pep_identity,mhc_identity,tcrA_identity,tcrB_identity,total_identity
5eu6,44.4444444444,100.0,33.6283185841,35.0877192982,59.6008211285
3o4l,33.3333333333,100.0,28.5714285714,55.3571428571,58.4325396825
5bs0,33.3333333333,86.5921787709,36.2831858407,30.9734513274,51.1846102295
5euo,22.2222222222,100.0,29.4642857143,33.0357142857,51.1574074074
3qeq,22.2222222222,100.0,29.4642857143,30.701754386,50.7684140908
5men,11.1111111111,100.0,33.6363636364,33.0357142857,48.1490500241
