pdb_id,pep_identity,mhc_identity,tcrA_identity,tcrB_identity,total_identity
5hho,22.2222222222,100.0,38.2608695652,90.990990991,62.2827175001
5eu6,44.4444444444,100.0,40.0,33.6283185841,60.4195345788
3qeq,22.2222222222,100.0,35.652173913,59.8214285714,56.6530078215
3o4l,33.3333333333,100.0,38.2608695652,28.0701754386,55.4996186117
5bs0,33.3333333333,86.5921787709,38.2608695652,35.7142857143,52.304363248
2p5w,11.1111111111,100.0,40.0,49.1071428571,51.8882275132
4mnq,11.1111111111,100.0,30.4347826087,47.3214285714,49.9964055671
