pdb_id,pep_identity,mhc_identity,tcrA_identity,tcrB_identity,total_identity
5eu6,44.4444444444,100.0,36.5217391304,36.2068965517,60.2695874285
3o4l,33.3333333333,100.0,32.1428571429,23.9316239316,53.7901912902
5bs0,33.3333333333,86.5921787709,34.7826086957,42.1052631579,52.7898160104
3qdj,22.2222222222,100.0,37.5,33.0434782609,52.4979871176
5euo,22.2222222222,100.0,31.3043478261,37.1681415929,52.1528223106
2f54,11.1111111111,100.0,36.5217391304,30.701754386,48.2409526231
