pdb_id,pep_identity,mhc_identity,tcrA_identity,tcrB_identity,total_identity
3qeq,22.2222222222,100.0,82.1428571429,52.6785714286,63.210978836
5eu6,44.4444444444,100.0,34.5132743363,35.3982300885,59.8000655523
3o4l,33.3333333333,100.0,29.203539823,30.0884955752,54.3264503441
5bs0,33.3333333333,86.5921787709,33.6283185841,40.0,52.2465571321
2p5w,11.1111111111,100.0,33.6283185841,50.0,50.9750901344
4mnq,11.1111111111,100.0,33.0357142857,50.4504504505,50.9513978264
