pdb_id,pep_identity,mhc_identity,tcrA_identity,tcrB_identity,total_identity
5eu6,44.4444444444,100.0,37.0689655172,80.701754386,67.7766014653
4eup,33.3333333333,100.0,29.3103448276,34.2105263158,55.0312563017
3o4l,33.3333333333,100.0,28.4482758621,31.8965517241,54.5019157088
