pdb_id,pep_identity,mhc_identity,tcrA_identity,tcrB_identity,total_identity
5eu6,44.4444444444,100.0,38.0530973451,61.0619469027,64.6673221894
4eup,33.3333333333,100.0,61.4678899083,31.25,59.8974260958
3o4l,33.3333333333,100.0,34.8623853211,29.203539823,55.1220986351
5bs0,33.3333333333,86.5921787709,37.1681415929,45.5357142857,53.7591466812
2vlk,22.2222222222,100.0,33.0275229358,38.7387387387,52.7017843532
2bnq,22.2222222222,100.0,37.1681415929,29.4642857143,51.8461452919
