pdb_id,pep_identity,mhc_identity,tcrA_identity,tcrB_identity,total_identity
3o4l,33.3333333333,100.0,83.8095238095,30.0884955752,63.4274476752
5euo,22.2222222222,100.0,37.2727272727,92.7272727273,62.4074074074
5eu6,44.4444444444,100.0,42.4778761062,38.9380530973,61.7174696821
3qdj,22.2222222222,100.0,40.5405405405,49.5495495495,55.7557557558
5bs0,33.3333333333,86.5921787709,38.0530973451,39.6396396396,52.9239601989
2bnr,11.1111111111,100.0,38.9380530973,50.4504504505,51.9351209617
