pdb_id,pep_identity,mhc_identity,tcrA_identity,tcrB_identity,total_identity
4eup,33.3333333333,100.0,82.7272727273,53.1531531532,67.0911820912
5eu6,44.4444444444,100.0,42.4778761062,31.8584070796,60.5375286791
2bnq,22.2222222222,100.0,41.592920354,53.1531531532,56.5317529919
3o4l,33.3333333333,100.0,37.8378378378,28.0701754386,55.4291133239
2vlk,22.2222222222,100.0,36.036036036,50.4504504505,55.1551551552
