pdb_id,pep_identity,mhc_identity,tcrA_identity,tcrB_identity,total_identity
5eu6,44.4444444444,100.0,48.6725663717,78.7610619469,69.3870862012
3o4l,33.3333333333,100.0,36.3636363636,32.4561403509,55.9144072302
4eup,33.3333333333,100.0,35.1351351351,32.7433628319,55.7575274389
