pdb_id,pep_identity,mhc_identity,tcrA_identity,tcrB_identity,total_identity
5eu6,44.4444444444,100.0,46.017699115,55.7522123894,65.1098000656
4eup,33.3333333333,100.0,66.3636363636,30.0884955752,60.5197997676
3o4l,33.3333333333,100.0,40.5405405405,34.2105263158,56.9029555872
5bs0,33.3333333333,86.5921787709,43.3628318584,42.8571428571,54.3451664874
2bnq,22.2222222222,100.0,45.1327433628,32.7433628319,53.7200917732
5euo,22.2222222222,100.0,39.2857142857,33.0357142857,52.7943121693
