pdb_id,pep_identity,mhc_identity,tcrA_identity,tcrB_identity,total_identity
5eu6,44.4444444444,100.0,37.3913043478,74.7826086957,66.8438003221
3o4l,33.3333333333,100.0,29.5652173913,31.6239316239,54.642635947
4eup,33.3333333333,100.0,28.6956521739,32.1739130435,54.5893719807
