pdb_id,pep_identity,mhc_identity,tcrA_identity,tcrB_identity,total_identity
5eu6,44.4444444444,100.0,39.8230088496,39.1304347826,61.3070554202
3qdj,22.2222222222,100.0,62.1621621622,34.2105263158,56.8028554871
3o4l,33.3333333333,100.0,31.25,25.0,53.8194444444
5bs0,33.3333333333,86.5921787709,38.9380530973,41.2280701754,53.3361912469
5euo,22.2222222222,100.0,32.1428571429,37.1681415929,52.2925738634
