pdb_id,pep_identity,mhc_identity,tcrA_identity,tcrB_identity,total_identity
4eup,33.3333333333,100.0,65.1376146789,50.4347826087,63.706510659
2bnq,22.2222222222,100.0,42.4778761062,80.0,61.1537200918
3o4l,33.3333333333,100.0,39.8148148148,27.1186440678,55.6000209249
5men,11.1111111111,100.0,36.036036036,74.7826086957,55.506811159
2vlk,22.2222222222,100.0,37.6146788991,49.5652173913,55.2707234558
5bs0,33.3333333333,86.5921787709,43.3628318584,31.3043478261,52.4197006488
