pdb_id,pep_identity,mhc_identity,tcrA_identity,tcrB_identity,total_identity
5eu6,44.4444444444,100.0,41.592920354,38.0530973451,61.4224844313
3o4l,33.3333333333,100.0,41.4414414414,26.3157894737,55.7373162636
2vlk,22.2222222222,100.0,44.1441441441,36.036036036,54.1041041041
5bs0,33.3333333333,86.5921787709,38.9380530973,41.0714285714,53.3100843129
3qdj,22.2222222222,100.0,36.9369369369,36.6071428571,52.9980873731
4mnq,11.1111111111,100.0,39.8230088496,34.8214285714,49.4777766072
2p5w,11.1111111111,100.0,40.7079646018,33.9285714286,49.4764597088
