pdb_id,pep_identity,mhc_identity,tcrA_identity,tcrB_identity,total_identity
5eu6,44.4444444444,100.0,34.2105263158,35.9649122807,59.8440545809
3qeq,22.2222222222,100.0,28.8288288288,69.0265486726,57.0499703243
3o4l,33.3333333333,100.0,29.7297297297,28.4482758621,54.1407787097
5euo,22.2222222222,100.0,28.0701754386,50.4424778761,53.8261829599
2p5e,11.1111111111,100.0,33.3333333333,59.2920353982,52.4745984923
2e7l,22.2222222222,68.7150837989,62.1621621622,61.0619469027,50.8497868512
5bs0,33.3333333333,86.5921787709,31.5789473684,32.7433628319,50.6955557348
