pdb_id,pep_identity,mhc_identity,tcrA_identity,tcrB_identity,total_identity
5eu6,44.4444444444,100.0,51.3274336283,32.4561403509,62.1120771447
3o4l,33.3333333333,100.0,35.7142857143,56.25,59.7718253968
3qdj,22.2222222222,100.0,35.7142857143,38.9380530973,53.1827972093
5euo,22.2222222222,100.0,42.8571428571,31.25,53.0919312169
5bs0,33.3333333333,86.5921787709,46.9026548673,30.0884955752,52.8070291085
2f54,11.1111111111,100.0,47.7876106195,31.8584070796,50.3113733202
