pdb_id,pep_identity,mhc_identity,tcrA_identity,tcrB_identity,total_identity
5eu6,44.4444444444,100.0,33.9130434783,41.592920354,60.7324754535
5bs0,33.3333333333,86.5921787709,32.1739130435,66.6666666667,56.4486006531
3o4l,33.3333333333,100.0,35.0877192982,28.9473684211,55.1169590643
3qdj,22.2222222222,100.0,34.2105263158,40.5405405405,53.1992518835
2vlk,22.2222222222,100.0,32.4561403509,39.6396396396,52.7567040725
