pdb_id,pep_identity,mhc_identity,tcrA_identity,tcrB_identity,total_identity
5eu6,44.4444444444,100.0,37.1681415929,36.2831858407,60.3900360538
3o4l,33.3333333333,100.0,51.8181818182,23.6842105263,57.0281765019
3qdj,22.2222222222,100.0,49.0909090909,33.0357142857,54.4285113035
5euo,22.2222222222,100.0,38.3928571429,33.3333333333,52.6951058201
5bs0,33.3333333333,86.5921787709,38.0530973451,36.6071428571,52.4185440685
2f54,11.1111111111,100.0,38.0530973451,32.4324324324,48.7846253333
