pdb_id,pep_identity,mhc_identity,tcrA_identity,tcrB_identity,total_identity
5eu6,44.4444444444,100.0,33.3333333333,50.8771929825,62.1832358674
3o4l,33.3333333333,100.0,29.203539823,33.0434782609,54.8189474584
3qdj,22.2222222222,100.0,32.7433628319,32.4561403509,51.6073246045
5bs0,33.3333333333,86.5921787709,31.5789473684,37.7192982456,51.5248783038
5euo,22.2222222222,100.0,28.9473684211,30.9734513274,50.7275440322
