pdb_id,pep_identity,mhc_identity,tcrA_identity,tcrB_identity,total_identity
5eu6,44.4444444444,100.0,38.9380530973,61.0619469027,64.8148148148
3o4l,33.3333333333,100.0,59.0476190476,28.6956521739,59.0683229814
4eup,33.3333333333,100.0,40.9090909091,31.8584070796,56.5723607759
5bs0,33.3333333333,86.5921787709,35.3982300885,43.3628318584,53.1020143592
2bnq,22.2222222222,100.0,37.1681415929,33.6283185841,52.5401507702
5euo,22.2222222222,100.0,36.3636363636,33.6283185841,52.4060665654
