pdb_id,pep_identity,mhc_identity,tcrA_identity,tcrB_identity,total_identity
4eup,33.3333333333,100.0,66.0550458716,57.6576576577,65.063228366
2vlr,22.2222222222,100.0,41.8181818182,94.5454545455,63.468013468
5eu6,44.4444444444,100.0,46.017699115,38.0530973451,62.1599475582
3o4l,33.3333333333,100.0,40.9090909091,30.0884955752,56.2773755252
2bnq,22.2222222222,100.0,43.3628318584,49.5495495495,56.2261376421
5bs0,33.3333333333,86.5921787709,43.3628318584,40.5405405405,53.9590661013
