pdb_id,pep_identity,mhc_identity,tcrA_identity,tcrB_identity,total_identity
3qeq,22.2222222222,100.0,94.4444444444,31.5789473684,61.7446393762
5eu6,44.4444444444,100.0,31.8584070796,47.8260869565,61.4288971542
5bs0,33.3333333333,86.5921787709,32.7433628319,92.1052631579,60.7832750331
2vlk,22.2222222222,100.0,50.4587155963,38.5964912281,55.5832752115
3o4l,33.3333333333,100.0,30.2752293578,26.4957264957,53.90627042
