pdb_id,pep_identity,mhc_identity,tcrA_identity,tcrB_identity,total_identity
5eu6,44.4444444444,100.0,89.3805309735,28.9473684211,67.8694647139
2bnq,22.2222222222,100.0,89.3805309735,54.4642857143,64.7148768554
4eup,33.3333333333,100.0,41.592920354,58.0357142857,61.0492168844
5bs0,33.3333333333,86.5921787709,84.0707964602,35.3982300885,59.8866751262
5euo,22.2222222222,100.0,39.8230088496,51.7857142857,56.0088612633
3o4l,33.3333333333,100.0,38.9380530973,30.4347826087,56.0065837288
