pdb_id,pep_identity,mhc_identity,tcrA_identity,tcrB_identity,total_identity
5eu6,44.4444444444,100.0,38.0530973451,50.4424778761,62.897410685
3qdj,22.2222222222,100.0,62.962962963,33.9285714286,56.889329806
3o4l,33.3333333333,100.0,34.2592592593,25.6637168142,54.4316071233
5bs0,33.3333333333,86.5921787709,37.1681415929,36.6071428571,52.2710514431
2vlk,22.2222222222,100.0,32.1100917431,33.3333333333,51.6479782535
