pdb_id,pep_identity,mhc_identity,tcrA_identity,tcrB_identity,total_identity
3o4l,33.3333333333,100.0,36.036036036,58.9285714286,60.2718790219
5eu6,44.4444444444,100.0,34.7826086957,32.4561403509,59.3546063226
3qdj,22.2222222222,100.0,36.6071428571,34.5132743363,52.5941436063
2vlk,22.2222222222,100.0,38.3928571429,31.25,52.3478835979
5bs0,33.3333333333,86.5921787709,34.7826086957,30.0884955752,50.7870214132
