pdb_id,pep_identity,mhc_identity,tcrA_identity,tcrB_identity,total_identity
5eu6,44.4444444444,100.0,38.0530973451,41.592920354,61.4224844313
3o4l,33.3333333333,100.0,59.6153846154,28.9473684211,59.2049032839
5bs0,33.3333333333,86.5921787709,34.5132743363,66.6666666667,56.8384942019
3qdj,22.2222222222,100.0,44.0366972477,40.5405405405,54.8369470388
5euo,22.2222222222,100.0,36.3636363636,39.6396396396,53.407953408
