pdb_id,pep_identity,mhc_identity,tcrA_identity,tcrB_identity,total_identity
5eu6,44.4444444444,100.0,40.7079646018,43.3628318584,62.1599475582
5men,11.1111111111,100.0,86.3636363636,32.4324324324,56.8363818364
5bs0,33.3333333333,86.5921787709,39.8230088496,59.0909090909,56.4608236915
3o4l,33.3333333333,100.0,31.8181818182,26.5486725664,54.1722535085
2vlk,22.2222222222,100.0,35.7798165138,36.6972477064,52.8202514441
3qdj,22.2222222222,100.0,34.8623853211,35.1351351351,52.4069941501
