pdb_id,pep_identity,mhc_identity,tcrA_identity,tcrB_identity,total_identity
5eu6,44.4444444444,100.0,87.610619469,46.4912280702,70.4984560713
5bs0,33.3333333333,86.5921787709,84.9557522124,59.2920353982,64.0164686365
2bnq,22.2222222222,100.0,86.7256637168,31.25,60.4033513602
4eup,33.3333333333,100.0,38.9380530973,33.9285714286,56.5888818654
