pdb_id,pep_identity,mhc_identity,tcrA_identity,tcrB_identity,total_identity
5eu6,44.4444444444,100.0,40.7079646018,42.6086956522,62.0342581905
3qeq,22.2222222222,100.0,31.4814814815,70.1754385965,57.6835607537
2vlk,22.2222222222,100.0,38.5321100917,53.5087719298,56.0808877443
3o4l,33.3333333333,100.0,34.2592592593,27.3504273504,54.7127255461
2p5e,11.1111111111,100.0,40.7079646018,59.649122807,53.7632182718
5men,11.1111111111,100.0,37.5,59.649122807,53.2285575049
5bs0,33.3333333333,86.5921787709,38.9380530973,35.0877192982,52.312799434
