pdb_id,pep_identity,mhc_identity,tcrA_identity,tcrB_identity,total_identity
5eu6,44.4444444444,100.0,36.5217391304,44.2477876106,61.6097359383
5bs0,33.3333333333,86.5921787709,37.3913043478,58.9285714286,56.0284833308
3o4l,33.3333333333,100.0,29.4642857143,27.1929824561,53.8873224728
3qdj,22.2222222222,100.0,31.25,40.1785714286,52.6455026455
5euo,22.2222222222,100.0,28.6956521739,36.9369369369,51.6795055925
