pdb_id,pep_identity,mhc_identity,tcrA_identity,tcrB_identity,total_identity
4eup,33.3333333333,100.0,87.1559633028,57.6576576577,68.5800479378
2vlk,22.2222222222,100.0,33.6363636364,93.6363636364,61.9528619529
5eu6,44.4444444444,100.0,40.7079646018,35.3982300885,60.8325139299
3o4l,33.3333333333,100.0,39.0909090909,32.7433628319,56.4168230982
2bnq,22.2222222222,100.0,40.7079646018,51.3513513514,56.0839600663
