pdb_id,pep_identity,mhc_identity,tcrA_identity,tcrB_identity,total_identity
4eup,33.3333333333,100.0,85.3211009174,36.036036036,64.6706339367
5eu6,44.4444444444,100.0,42.4778761062,37.1681415929,61.4224844313
3o4l,33.3333333333,100.0,38.8888888889,27.1929824561,55.4580896686
2bnq,22.2222222222,100.0,42.4778761062,33.3333333333,53.375942314
5bs0,33.3333333333,86.5921787709,38.9380530973,41.0714285714,53.3100843129
2vlk,22.2222222222,100.0,35.7798165138,36.9369369369,52.8601996492
