pdb_id,pep_identity,mhc_identity,tcrA_identity,tcrB_identity,total_identity
2vlk,22.2222222222,100.0,91.5094339623,90.9090909091,71.1438282193
4eup,33.3333333333,100.0,34.8623853211,55.8558558559,59.5641513073
5eu6,44.4444444444,100.0,35.3982300885,31.8584070796,59.3575876762
