pdb_id,pep_identity,mhc_identity,tcrA_identity,tcrB_identity,total_identity
5eu6,44.4444444444,100.0,25.4385964912,34.2105263158,58.089668616
3o4l,33.3333333333,100.0,21.1009174312,53.5714285714,56.8898354449
5euo,22.2222222222,100.0,25.2252252252,30.3571428571,50.0044687545
5bs0,33.3333333333,86.5921787709,28.0701754386,28.3185840708,49.3732972863
