pdb_id,pep_identity,mhc_identity,tcrA_identity,tcrB_identity,total_identity
3o4l,33.3333333333,100.0,85.7142857143,30.9734513274,63.8924006181
4eup,33.3333333333,100.0,42.3423423423,59.4594594595,61.4114114114
5eu6,44.4444444444,100.0,42.4778761062,35.3982300885,61.1274991806
5bs0,33.3333333333,86.5921787709,41.592920354,40.0,53.5739907604
2bnr,11.1111111111,100.0,38.9380530973,49.5495495495,51.7849708115
