pdb_id,pep_identity,mhc_identity,tcrA_identity,tcrB_identity,total_identity
3o4l,33.3333333333,100.0,89.2156862745,26.4957264957,63.7296799062
5eu6,44.4444444444,100.0,39.8230088496,47.8260869565,62.7563307825
5bs0,33.3333333333,86.5921787709,37.1681415929,92.1052631579,61.5207381599
4eup,33.3333333333,100.0,40.3669724771,36.8421052632,57.3126240678
2vlk,22.2222222222,100.0,39.2523364486,38.5964912281,53.7155453535
