pdb_id,pep_identity,mhc_identity,tcrA_identity,tcrB_identity,total_identity
2bnq,22.2222222222,100.0,38.0530973451,91.0714285714,62.2614950602
5men,11.1111111111,100.0,31.8584070796,90.2654867257,57.3910193379
3qdj,11.1111111111,100.0,46.3636363636,62.8318584071,55.2362861655
5euo,11.1111111111,100.0,33.6283185841,54.0540540541,51.6507658101
