pdb_id,pep_identity,mhc_identity,tcrA_identity,tcrB_identity,total_identity
4eup,22.2222222222,100.0,89.9082568807,52.2123893805,64.4275151176
2bnq,22.2222222222,100.0,41.592920354,87.610619469,62.2746640446
5men,11.1111111111,100.0,32.4324324324,87.7192982456,57.0623254834
5euo,11.1111111111,100.0,35.7142857143,51.7857142857,51.6203703704
