pdb_id,pep_identity,mhc_identity,tcrA_identity,tcrB_identity,total_identity
5men,11.1111111111,100.0,41.592920354,89.2857142857,58.8501428103
5eu6,11.1111111111,100.0,86.7256637168,34.5132743363,57.2435267126
5bs0,11.1111111111,86.5921787709,84.9557522124,32.1428571429,52.0841981866
2vlk,11.1111111111,100.0,35.3982300885,50.0,51.2700753851
3o4l,11.1111111111,100.0,36.2831858407,27.8260869565,47.7219158366
