pdb_id,pep_identity,mhc_identity,tcrA_identity,tcrB_identity,total_identity
5men,11.1111111111,100.0,41.592920354,89.2857142857,58.8501428103
5eu6,11.1111111111,100.0,87.610619469,34.5132743363,57.3910193379
5bs0,11.1111111111,86.5921787709,84.0707964602,30.3571428571,51.6390865136
5euo,11.1111111111,100.0,36.2831858407,49.1071428571,51.2687584867
3o4l,11.1111111111,100.0,37.1681415929,27.8260869565,47.8694084619
