pdb_id,pep_identity,mhc_identity,tcrA_identity,tcrB_identity,total_identity
4eup,22.2222222222,100.0,89.9082568807,51.7543859649,64.351181215
2bnq,22.2222222222,100.0,41.592920354,86.8421052632,62.1465783436
5men,22.2222222222,100.0,32.4324324324,88.5964912281,60.9122280175
5euo,11.1111111111,100.0,35.7142857143,51.3274336283,51.5439902608
