pdb_id,pep_identity,mhc_identity,tcrA_identity,tcrB_identity,total_identity
5euo,33.3333333333,100.0,35.7142857143,51.3274336283,58.9513976682
3qdj,0.0,100.0,88.0733944954,62.2807017544,58.392349375
5men,11.1111111111,100.0,32.4324324324,88.5964912281,57.2085243138
3o4l,11.1111111111,100.0,40.9090909091,29.9145299145,48.840973841
