pdb_id,pep_identity,mhc_identity,tcrA_identity,tcrB_identity,total_identity
5eu6,44.4444444444,99.4413407821,22.8070175439,64.347826087,62.4877356807
3o4l,33.3333333333,99.4413407821,23.3644859813,28.2051282051,52.8531604029
3qeq,22.2222222222,99.4413407821,30.8411214953,35.652173913,51.6367369028
5bs0,33.3333333333,86.0335195531,21.9298245614,43.4782608696,50.690298534
2vlk,22.2222222222,99.4413407821,26.8518518519,33.0434782609,50.5370760202
