pdb_id,pep_identity,mhc_identity,tcrA_identity,tcrB_identity,total_identity
5d2n,44.4444444444,99.4413407821,22.8070175439,64.347826087,62.4877356807
2bnq,22.2222222222,100.0,89.3805309735,34.5132743363,61.3897082924
3qdj,33.3333333333,100.0,42.4778761062,33.6283185841,57.1288102262
5brz,11.1111111111,86.5921787709,84.0707964602,45.1327433628,54.1016865979
