pdb_id,pep_identity,mhc_identity,tcrA_identity,tcrB_identity,total_identity
5men,22.2222222222,100.0,36.9369369369,50.4504504505,55.3053053053
3o4l,33.3333333333,100.0,33.6363636364,30.0884955752,55.065254313
3qeq,11.1111111111,100.0,50.4587155963,52.6785714286,54.2265848745
2e7l,33.3333333333,68.7150837989,27.1929824561,50.0,46.8816361201
5bs0,11.1111111111,86.5921787709,39.8230088496,40.0,45.8715981023
3ffc,22.2222222222,81.0055865922,27.6785714286,35.0427350427,44.8628206834
