pdb_id,pep_identity,mhc_identity,tcrA_identity,tcrB_identity,total_identity
3gsn,22.2222222222,100.0,88.9908256881,49.5575221239,63.8321320427
3o4l,33.3333333333,100.0,36.6972477064,30.0884955752,55.5754016581
5men,22.2222222222,100.0,38.3928571429,50.4504504505,55.547958673
4eup,11.1111111111,100.0,38.1818181818,57.6576576577,53.0102830103
2p5w,11.1111111111,100.0,41.592920354,50.0,52.3025237627
