pdb_id,pep_identity,mhc_identity,tcrA_identity,tcrB_identity,total_identity
4eup,22.2222222222,100.0,84.4036697248,35.7142857143,60.7603999806
2f53,33.3333333333,100.0,42.4778761062,31.25,56.7324237955
3o4l,33.3333333333,100.0,40.0,28.0701754386,55.7894736842
5d2n,22.2222222222,99.4413407821,22.7272727273,41.7391304348,51.2989215285
5bs0,11.1111111111,86.5921787709,39.8230088496,69.0909090909,50.7200829508
2vlk,11.1111111111,100.0,34.5454545455,43.6363636364,50.0673400673
