pdb_id,pep_identity,mhc_identity,tcrA_identity,tcrB_identity,total_identity
5hhm,44.4444444444,100.0,27.1929824561,35.652173913,58.6223408763
5d2n,33.3333333333,99.4413407821,28.9473684211,41.8803418803,56.0628430887
5bs0,22.2222222222,86.5921787709,33.9130434783,56.8965517241,51.4063995315
5men,22.2222222222,100.0,28.6956521739,31.8965517241,50.8394413904
3ffc,22.2222222222,81.0055865922,52.6315789474,40.1709401709,49.8763561245
4eup,11.1111111111,100.0,31.5789473684,32.1739130435,47.6625137724
