pdb_id,pep_identity,mhc_identity,tcrA_identity,tcrB_identity,total_identity
5hhm,44.4444444444,100.0,44.0366972477,39.2857142857,62.0352167371
5d2n,33.3333333333,99.4413407821,24.5454545455,53.0434782609,57.1897135062
3ffc,22.2222222222,81.0055865922,31.8584070796,88.8888888889,54.5338189329
5men,22.2222222222,100.0,37.5,31.8584070796,52.300475254
5bs0,22.2222222222,86.5921787709,46.017699115,43.75,51.2327501836
2p5w,11.1111111111,100.0,48.6725663717,30.9734513274,50.3113733202
4qrp,11.1111111111,81.0055865922,26.3636363636,88.5964912281,49.8655871664
