pdb_id,pep_identity,mhc_identity,tcrA_identity,tcrB_identity,total_identity
5hhm,44.4444444444,100.0,44.0366972477,31.8584070796,60.7973322027
5d2n,33.3333333333,99.4413407821,25.6880733945,57.3913043478,58.1047876622
5men,22.2222222222,100.0,45.871559633,35.3982300885,54.2857056943
5bs0,22.2222222222,86.5921787709,38.9380530973,42.4778761062,49.8407885316
