pdb_id,pep_identity,mhc_identity,tcrA_identity,tcrB_identity,total_identity
5hhm,44.4444444444,100.0,23.8532110092,33.6283185841,57.7284030804
5d2n,33.3333333333,99.4413407821,23.8532110092,50.4347826087,56.6395569748
5men,22.2222222222,100.0,33.9449541284,35.0877192982,52.2461863119
4eup,11.1111111111,100.0,36.6972477064,32.7433628319,48.6104721268
3ffc,22.2222222222,81.0055865922,34.2342342342,44.4444444444,47.5223827179
5bs0,22.2222222222,86.5921787709,30.9734513274,35.9649122807,47.4278609324
