pdb_id,pep_identity,mhc_identity,tcrA_identity,tcrB_identity,total_identity
5hhm,44.4444444444,100.0,37.1681415929,51.8181818182,62.97920205
2bnq,11.1111111111,100.0,88.4955752212,55.8558558559,61.0956088832
5men,22.2222222222,100.0,39.8230088496,60.3603603604,57.4379689424
5bs0,22.2222222222,86.5921787709,84.0707964602,35.1351351351,56.1391222636
4eup,11.1111111111,100.0,43.3628318584,58.5585585586,54.0239354399
5d2n,33.3333333333,99.4413407821,22.8070175439,28.6956521739,52.8420029914
