pdb_id,pep_identity,mhc_identity,tcrA_identity,tcrB_identity,total_identity
5hhm,44.4444444444,100.0,44.5454545455,93.6363636364,71.1784511785
2bnq,11.1111111111,100.0,86.7256637168,51.3513513514,60.0498728817
3gsn,33.3333333333,100.0,41.2844036697,48.6725663717,59.4372727847
5eu6,11.1111111111,100.0,88.4955752212,35.3982300885,57.6860045887
