pdb_id,pep_identity,mhc_identity,tcrA_identity,tcrB_identity,total_identity
5hhm,44.4444444444,100.0,38.1818181818,60.7142857143,64.6308321308
3gsn,33.3333333333,100.0,42.7272727273,49.1228070175,59.7527910686
4eup,11.1111111111,100.0,47.2727272727,88.4955752212,59.6650874527
5men,22.2222222222,100.0,34.8214285714,49.1228070175,54.7314466722
2f53,11.1111111111,100.0,38.0530973451,50.0,51.7125532612
