pdb_id,pep_identity,mhc_identity,tcrA_identity,tcrB_identity,total_identity
5hhm,44.4444444444,100.0,41.592920354,35.9649122807,61.0744535873
5d2n,33.3333333333,99.4413407821,26.3157894737,68.6956521739,60.0934649798
5bs0,22.2222222222,86.5921787709,48.6725663717,46.0869565217,52.0647208133
5men,22.2222222222,100.0,38.0530973451,28.6956521739,51.8655323272
4eup,11.1111111111,100.0,44.2477876106,30.701754386,49.5286273698
3ffc,22.2222222222,81.0055865922,33.0434782609,55.5555555556,49.1757752409
