pdb_id,pep_identity,mhc_identity,tcrA_identity,tcrB_identity,total_identity
5d2n,33.3333333333,99.4413407821,23.2142857143,68.6956521739,59.5765476865
5hhm,44.4444444444,100.0,27.9279279279,35.0877192982,58.6507560192
5men,22.2222222222,100.0,25.8928571429,28.6956521739,49.8388256269
5bs0,22.2222222222,86.5921787709,28.0701754386,43.4782608696,48.1962063824
3ffc,22.2222222222,81.0055865922,27.1929824561,53.8461538462,47.9157923218
4qrp,11.1111111111,81.0055865922,49.5495495495,52.6315789474,47.7357539839
