pdb_id,pep_identity,mhc_identity,tcrA_identity,tcrB_identity,total_identity
5hhm,44.4444444444,100.0,28.4403669725,31.5789473684,58.151367205
3gsn,33.3333333333,100.0,34.8623853211,32.1739130435,55.6171608385
5bs0,22.2222222222,86.5921787709,30.9734513274,38.2608695652,47.8105204798
