pdb_id,pep_identity,mhc_identity,tcrA_identity,tcrB_identity,total_identity
5hhm,44.4444444444,100.0,33.9449541284,60.9090909091,63.9571556544
4eup,11.1111111111,100.0,45.4545454545,90.0900900901,59.6278096278
3gsn,33.3333333333,100.0,32.7272727273,50.4424778761,58.306069545
4mnq,22.2222222222,100.0,29.4642857143,50.0,53.9847883598
2p5w,11.1111111111,100.0,36.2831858407,50.8928571429,51.5663775343
