pdb_id,pep_identity,mhc_identity,tcrA_identity,tcrB_identity,total_identity
5hhm,44.4444444444,100.0,26.3157894737,40.5405405405,59.2908698172
3gsn,33.3333333333,100.0,27.1929824561,35.3982300885,54.8763132019
3ffc,22.2222222222,81.0055865922,53.5087719298,35.0427350427,49.1678541002
5bs0,22.2222222222,86.5921787709,35.652173913,38.3928571429,48.612305507
