pdb_id,pep_identity,mhc_identity,tcrA_identity,tcrB_identity,total_identity
5hhm,44.4444444444,100.0,34.5454545455,51.3274336283,62.4602961771
3gsn,33.3333333333,100.0,36.3636363636,56.1403508772,59.8617756512
5men,22.2222222222,100.0,35.3982300885,59.649122807,56.5819662233
4eup,11.1111111111,100.0,45.045045045,57.5221238938,54.1315651935
2p5w,11.1111111111,100.0,39.8230088496,56.1403508772,53.0309303248
