pdb_id,pep_identity,mhc_identity,tcrA_identity,tcrB_identity,total_identity
5hhm,44.4444444444,100.0,28.0701754386,32.4561403509,58.2358674464
5d2n,33.3333333333,99.4413407821,23.4782608696,49.5652173913,56.4321377486
4qrp,11.1111111111,81.0055865922,86.8421052632,44.347826087,52.5705544594
5men,22.2222222222,100.0,29.8245614035,28.0701754386,50.3898635478
5bs0,22.2222222222,86.5921787709,30.701754386,51.7543859649,50.0141570562
4eup,11.1111111111,100.0,35.9649122807,29.8245614035,48.0019493177
