pdb_id,pep_identity,mhc_identity,tcrA_identity,tcrB_identity,total_identity
5hhm,44.4444444444,100.0,37.3831775701,40.9090909091,61.1968595613
5d2n,33.3333333333,99.4413407821,18.5185185185,66.9565217391,58.5040647481
4mnq,22.2222222222,100.0,33.6363636364,29.4642857143,51.2575156325
5bs0,22.2222222222,86.5921787709,38.0530973451,49.5495495495,50.8719081468
4eup,11.1111111111,100.0,39.4495412844,34.8214285714,49.415532013
3ffc,22.2222222222,81.0055865922,31.8181818182,56.4102564103,49.1140093095
