pdb_id,pep_identity,mhc_identity,tcrA_identity,tcrB_identity,total_identity
5hhm,44.4444444444,100.0,42.7272727273,36.6071428571,61.3705507456
3gsn,33.3333333333,100.0,39.6396396396,36.8421052632,57.1914019282
5men,22.2222222222,100.0,42.5925925926,38.3928571429,54.2383156966
5bs0,22.2222222222,86.5921787709,39.8230088496,41.9642857143,49.9026827584
