pdb_id,pep_identity,mhc_identity,tcrA_identity,tcrB_identity,total_identity
5hhm,44.4444444444,100.0,28.6956521739,37.1681415929,59.1254471093
5d2n,33.3333333333,99.4413407821,26.0869565217,32.7586206897,54.0658209071
4mnq,22.2222222222,100.0,30.0884955752,32.1739130435,51.1178088439
5bs0,22.2222222222,86.5921787709,34.7826086957,42.1052631579,49.0861123066
3ffc,22.2222222222,81.0055865922,52.1739130435,35.0427350427,48.9453776192
4eup,11.1111111111,100.0,28.6956521739,35.0877192982,47.6675989491
