pdb_id,pep_identity,mhc_identity,tcrA_identity,tcrB_identity,total_identity
5hhm,44.4444444444,100.0,27.1929824561,93.6363636364,68.2863724969
3gsn,33.3333333333,100.0,21.9298245614,48.6725663717,56.2115096
