pdb_id,pep_identity,mhc_identity,tcrA_identity,tcrB_identity,total_identity
5hhm,44.4444444444,100.0,34.2342342342,32.7586206897,59.3136239688
5d2n,33.3333333333,99.4413407821,20.7207207207,56.0344827586,57.0507586184
4eup,11.1111111111,100.0,86.3636363636,28.4482758621,56.1723557413
3ffc,22.2222222222,81.0055865922,33.6283185841,88.0341880342,54.6863540412
5men,22.2222222222,100.0,36.6972477064,31.0344827586,52.0293624849
4qrp,11.1111111111,81.0055865922,33.9285714286,86.2068965517,50.7281438978
5bs0,22.2222222222,86.5921787709,40.7079646018,38.7931034483,49.5216450061
