pdb_id,pep_identity,mhc_identity,tcrA_identity,tcrB_identity,total_identity
5hhm,44.4444444444,100.0,35.7798165138,36.036036036,60.1174569064
5men,22.2222222222,100.0,83.6363636364,30.6306306306,59.7852397852
5bs0,22.2222222222,86.5921787709,41.592920354,90.0900900901,58.2186354051
5d2n,33.3333333333,99.4413407821,23.1481481481,45.2173913043,55.6524812806
