pdb_id,pep_identity,mhc_identity,tcrA_identity,tcrB_identity,total_identity
5hhm,44.4444444444,100.0,22.7272727273,55.0458715596,61.1103388626
3gsn,33.3333333333,100.0,22.5225225225,55.7522123894,57.4902335964
4mnq,22.2222222222,100.0,26.6055045872,57.6576576577,54.7846011149
2p5e,11.1111111111,100.0,25.4385964912,54.954954955,50.4359622781
