pdb_id,pep_identity,mhc_identity,tcrA_identity,tcrB_identity,total_identity
5hhm,44.4444444444,100.0,27.4336283186,34.2342342342,58.4261252403
3gsn,33.3333333333,100.0,20.3539823009,37.1681415929,54.0314650934
5bs0,22.2222222222,86.5921787709,29.8245614035,36.6071428571,47.3434177078
