pdb_id,pep_identity,mhc_identity,tcrA_identity,tcrB_identity,total_identity
5hhm,44.4444444444,100.0,36.9369369369,41.9642857143,61.2983519234
5d2n,33.3333333333,99.4413407821,22.3214285714,65.2173913043,58.8480280178
5men,22.2222222222,100.0,34.8214285714,33.6283185841,52.1490319333
4eup,11.1111111111,100.0,45.9459459459,34.5132743363,50.4469070841
5bs0,22.2222222222,86.5921787709,37.1681415929,44.6428571429,49.9066334537
3ffc,22.2222222222,81.0055865922,31.8584070796,58.9743589744,49.5480639471
