pdb_id,pep_identity,mhc_identity,tcrA_identity,tcrB_identity,total_identity
5hhm,44.4444444444,100.0,34.5794392523,56.3636363636,63.3053274175
3gsn,33.3333333333,100.0,33.3333333333,74.3362831858,62.389380531
5men,22.2222222222,100.0,31.5315315315,77.2727272727,58.8747838748
2f53,11.1111111111,100.0,33.6283185841,75.8928571429,55.2905663249
4eup,11.1111111111,100.0,39.4495412844,54.4642857143,52.6893415368
