pdb_id,pep_identity,mhc_identity,tcrA_identity,tcrB_identity,total_identity
5hhm,44.4444444444,100.0,87.1559633028,34.8214285714,68.4777134605
3gsn,33.3333333333,100.0,37.8378378378,30.0884955752,55.7655000133
