pdb_id,pep_identity,mhc_identity,tcrA_identity,tcrB_identity,total_identity
5hhm,44.4444444444,100.0,32.1100917431,50.9090909091,61.9846785902
3gsn,33.3333333333,100.0,36.6972477064,46.9026548673,58.3777615401
4mnq,22.2222222222,100.0,30.0,49.5495495495,53.998998999
2f53,11.1111111111,100.0,36.2831858407,56.25,52.4592346772
3qdj,0.0,100.0,62.962962963,51.3513513514,52.3857190524
