pdb_id,pep_identity,mhc_identity,tcrA_identity,tcrB_identity,total_identity
5hhm,44.4444444444,100.0,30.2752293578,53.982300885,62.1910698553
3gsn,33.3333333333,100.0,34.8623853211,61.9469026549,60.5793257738
5men,22.2222222222,100.0,33.3333333333,66.3716814159,57.358243199
3qeq,0.0,100.0,30.2752293578,87.610619469,52.9809748045
2f53,11.1111111111,100.0,32.7433628319,61.9469026549,52.8187479515
