pdb_id,pep_identity,mhc_identity,tcrA_identity,tcrB_identity,total_identity
5hhm,44.4444444444,100.0,36.9369369369,34.5132743363,60.0565166937
3gsn,33.3333333333,100.0,45.9459459459,35.0877192982,57.9500553185
5bs0,22.2222222222,86.5921787709,44.2477876106,32.4561403509,49.0554549913
