pdb_id,pep_identity,mhc_identity,tcrA_identity,tcrB_identity,total_identity
5hhm,44.4444444444,100.0,26.9565217391,38.9380530973,59.1305772876
5d2n,33.3333333333,99.4413407821,27.8260869565,35.3448275862,54.7867104623
5men,22.2222222222,100.0,30.4347826087,31.3043478261,51.0305958132
3ffc,22.2222222222,81.0055865922,51.3043478261,36.7521367521,49.0853503678
5bs0,22.2222222222,86.5921787709,34.7826086957,40.350877193,48.7937146458
4eup,11.1111111111,100.0,28.6956521739,36.8421052632,47.9599966099
