pdb_id,pep_identity,mhc_identity,tcrA_identity,tcrB_identity,total_identity
3gsn,33.3333333333,100.0,35.1351351351,86.7256637168,64.7545775864
5hhm,44.4444444444,100.0,40.9090909091,50.0,63.2996632997
5men,22.2222222222,100.0,35.7142857143,88.3928571429,61.4252645503
2f54,11.1111111111,100.0,46.017699115,87.5,59.2899868895
