pdb_id,pep_identity,mhc_identity,tcrA_identity,tcrB_identity,total_identity
3gsn,33.3333333333,100.0,90.7407407407,75.2212389381,72.1047743909
5hhm,44.4444444444,100.0,37.6146788991,56.25,63.792261298
5men,22.2222222222,100.0,37.5,76.1061946903,59.6751065225
