pdb_id,pep_identity,mhc_identity,tcrA_identity,tcrB_identity,total_identity
5d2n,33.3333333333,99.4413407821,52.7777777778,66.9565217391,64.2139412913
5hhm,44.4444444444,100.0,24.5454545455,40.8695652174,59.050651442
