pdb_id,pep_identity,mhc_identity,tcrA_identity,tcrB_identity,total_identity
3gsn,33.3333333333,100.0,32.1100917431,87.8260869565,64.4338075611
5hhm,44.4444444444,100.0,35.1851851852,50.4347826087,62.4181427805
5men,22.2222222222,100.0,27.6785714286,90.4347826087,60.426299747
2bnr,11.1111111111,100.0,36.2831858407,89.5652173913,58.011770909
4eup,11.1111111111,100.0,47.7064220183,51.3043478261,53.5388320111
