pdb_id,pep_identity,mhc_identity,tcrA_identity,tcrB_identity,total_identity
5hhm,44.4444444444,100.0,31.8181818182,31.25,58.6595117845
3gsn,33.3333333333,100.0,34.5454545455,33.3333333333,55.7575757576
5bs0,22.2222222222,86.5921787709,36.2831858407,29.203539823,47.185921275
