pdb_id,pep_identity,mhc_identity,tcrA_identity,tcrB_identity,total_identity
5hhm,44.4444444444,100.0,47.7876106195,35.9649122807,62.1069019648
5d2n,33.3333333333,99.4413407821,24.347826087,69.5652173913,59.9103986182
5men,22.2222222222,100.0,38.0530973451,33.0434782609,52.5901700084
5bs0,22.2222222222,86.5921787709,47.3684210526,45.2173913043,51.7024357239
2bnq,11.1111111111,100.0,47.3684210526,28.9473684211,49.7563352827
