pdb_id,pep_identity,mhc_identity,tcrA_identity,tcrB_identity,total_identity
3gsn,33.3333333333,100.0,37.8378378378,92.0353982301,66.0899837891
5men,22.2222222222,100.0,41.2844036697,92.7272727273,63.0760201402
5hhm,44.4444444444,100.0,34.2342342342,49.5495495495,62.1121121121
4eup,11.1111111111,100.0,82.7272727273,50.8928571429,59.3070586821
2bnq,11.1111111111,100.0,43.3628318584,87.5,58.8475090134
