pdb_id,pep_identity,mhc_identity,tcrA_identity,tcrB_identity,total_identity
5hhm,44.4444444444,100.0,29.203539823,33.6363636364,58.6214653914
5d2n,33.3333333333,99.4413407821,27.1929824561,33.0434782609,54.2976348247
5men,22.2222222222,100.0,29.8245614035,37.8378378378,52.017807281
4eup,11.1111111111,100.0,31.8584070796,34.2342342342,48.052477256
5bs0,22.2222222222,86.5921787709,32.4561403509,37.8378378378,47.9871300292
