pdb_id,pep_identity,mhc_identity,tcrA_identity,tcrB_identity,total_identity
5hhm,44.4444444444,100.0,41.4414414414,34.2105263158,60.756809441
3gsn,33.3333333333,100.0,34.8214285714,30.4347826087,55.3204796411
4mnq,22.2222222222,100.0,42.7272727273,30.4347826087,52.9344166301
5bs0,22.2222222222,86.5921787709,45.1327433628,38.2608695652,50.1704024857
