pdb_id,pep_identity,mhc_identity,tcrA_identity,tcrB_identity,total_identity
4eup,11.1111111111,100.0,86.3636363636,89.2857142857,66.3119288119
5hhm,44.4444444444,100.0,34.2342342342,59.4594594595,63.7637637638
3gsn,33.3333333333,100.0,38.7387387387,51.3274336283,59.4554731723
5men,22.2222222222,100.0,36.6972477064,49.5575221239,55.1165357125
