pdb_id,pep_identity,mhc_identity,tcrA_identity,tcrB_identity,total_identity
3gsn,33.3333333333,100.0,38.1818181818,49.5575221239,59.0676678287
5bs0,22.2222222222,86.5921787709,40.7079646018,40.0,49.7227944314
