pdb_id,pep_identity,mhc_identity,tcrA_identity,tcrB_identity,total_identity
5hhm,44.4444444444,100.0,29.4642857143,35.3982300885,58.9585674486
5d2n,33.3333333333,99.4413407821,26.7857142857,33.9130434783,54.3746843325
4mnq,22.2222222222,100.0,27.8260869565,34.2105263158,51.0801762861
3ffc,22.2222222222,81.0055865922,51.3274336283,35.0427350427,48.8042977166
5bs0,22.2222222222,86.5921787709,34.7826086957,40.350877193,48.7937146458
4eup,11.1111111111,100.0,30.0884955752,35.3982300885,47.9514913143
