pdb_id,pep_identity,mhc_identity,tcrA_identity,tcrB_identity,total_identity
5hhm,44.4444444444,100.0,32.1100917431,40.9090909091,60.3180119235
3gsn,33.3333333333,100.0,37.962962963,33.6283185841,56.3763247023
5bs0,22.2222222222,86.5921787709,37.1681415929,42.3423423423,49.5232143203
