pdb_id,pep_identity,mhc_identity,tcrA_identity,tcrB_identity,total_identity
5hhm,44.4444444444,100.0,42.8571428571,56.3636363636,64.6849446849
3gsn,33.3333333333,100.0,37.5,76.1061946903,63.3788102262
4eup,11.1111111111,100.0,86.4864864865,55.3571428571,60.6776419276
5men,22.2222222222,100.0,33.3333333333,77.4774774775,59.2092092092
2pye,11.1111111111,100.0,42.4778761062,75.8928571429,56.7654925785
