pdb_id,pep_identity,mhc_identity,tcrA_identity,tcrB_identity,total_identity
5hhm,44.4444444444,100.0,38.5321100917,32.4561403509,59.9795232219
3gsn,33.3333333333,100.0,36.1111111111,32.1739130435,55.8252818035
5bs0,22.2222222222,86.5921787709,39.8230088496,32.1739130435,48.2709539799
