pdb_id,pep_identity,mhc_identity,tcrA_identity,tcrB_identity,total_identity
5hhm,44.4444444444,100.0,43.2432432432,35.0877192982,61.2033085717
5d2n,33.3333333333,99.4413407821,23.0088495575,53.9130434783,57.0785402111
3ffc,22.2222222222,81.0055865922,32.4561403509,87.1794871795,54.3485408599
5men,22.2222222222,100.0,37.5,31.5789473684,52.2538986355
5bs0,22.2222222222,86.5921787709,46.9026548673,41.2280701754,50.9599211715
4qrp,11.1111111111,81.0055865922,25.8928571429,87.7192982456,49.6409251325
