pdb_id,pep_identity,mhc_identity,tcrA_identity,tcrB_identity,total_identity
5hhm,44.4444444444,100.0,42.2018348624,40.9090909091,61.9999691101
3gsn,33.3333333333,100.0,39.8148148148,32.7433628319,56.5374740522
5men,22.2222222222,100.0,36.036036036,32.1428571429,52.1038896039
3qdj,0.0,100.0,74.0740740741,33.0357142857,51.1849647266
5bs0,22.2222222222,86.5921787709,44.2477876106,41.4414414414,50.5530051731
