pdb_id,pep_identity,mhc_identity,tcrA_identity,tcrB_identity,total_identity
5hhm,44.4444444444,100.0,90.5660377358,31.25,68.4508211041
5d2n,33.3333333333,99.4413407821,28.0373831776,51.3043478261,57.4818465391
