pdb_id,pep_identity,mhc_identity,tcrA_identity,tcrB_identity,total_identity
5hhm,44.4444444444,100.0,27.8260869565,31.5315315315,58.0410845628
5d2n,33.3333333333,99.4413407821,26.9565217391,39.1304347826,55.2727174588
4mnq,22.2222222222,100.0,28.6956521739,31.25,50.7316827697
5bs0,22.2222222222,86.5921787709,35.652173913,38.3928571429,48.612305507
3ffc,22.2222222222,81.0055865922,53.0434782609,31.6239316239,48.5205045856
4eup,11.1111111111,100.0,31.3043478261,30.6306306306,47.3595334465
