pdb_id,pep_identity,mhc_identity,tcrA_identity,tcrB_identity,total_identity
5d2n,33.3333333333,99.4413407821,61.4678899083,64.347826087,65.2275107044
5hhm,44.4444444444,100.0,27.027027027,33.9285714286,58.3074145574
