pdb_id,pep_identity,mhc_identity,tcrA_identity,tcrB_identity,total_identity
5hhm,44.4444444444,100.0,36.6972477064,49.5575221239,62.5239431199
5men,22.2222222222,100.0,37.5,90.2654867257,62.0349885284
2bnq,11.1111111111,100.0,40.7079646018,88.4955752212,58.5709603409
5d2n,33.3333333333,99.4413407821,23.8532110092,30.4347826087,53.3062236415
3qdj,0.0,100.0,40.3669724771,63.7168141593,50.6806311061
