pdb_id,pep_identity,mhc_identity,tcrA_identity,tcrB_identity,total_identity
5hhm,44.4444444444,100.0,40.9090909091,40.5405405405,61.7230867231
3gsn,33.3333333333,100.0,40.9090909091,32.7433628319,56.7198534013
5bs0,22.2222222222,86.5921787709,47.7876106195,69.3693693694,55.7976303292
4mnq,22.2222222222,100.0,36.036036036,33.0357142857,52.2526991277
3qdj,0.0,100.0,67.8899082569,34.8214285714,50.4518894714
2f53,11.1111111111,100.0,45.1327433628,30.3571428571,49.6186847404
