pdb_id,pep_identity,mhc_identity,tcrA_identity,tcrB_identity,total_identity
5d2n,33.3333333333,99.4413407821,87.7358490566,34.7826086957,64.6779676639
5hhm,44.4444444444,100.0,28.7037037037,36.036036036,58.9381047714
