pdb_id,pep_identity,mhc_identity,tcrA_identity,tcrB_identity,total_identity
5hhm,44.4444444444,100.0,28.8288288288,35.7142857143,58.9053339053
5d2n,33.3333333333,99.4413407821,27.6785714286,55.652173913,58.1466822621
5men,22.2222222222,100.0,29.8245614035,36.6071428571,51.8126914508
5bs0,22.2222222222,86.5921787709,30.701754386,42.8571428571,48.5312832049
2e7l,22.2222222222,68.7150837989,72.0720720721,35.7142857143,48.2768283048
4eup,11.1111111111,100.0,32.1428571429,32.7433628319,47.8514070328
3ffc,22.2222222222,81.0055865922,27.1929824561,52.1367521368,47.6308920369
