pdb_id,pep_identity,mhc_identity,tcrA_identity,tcrB_identity,total_identity
5hhm,44.4444444444,100.0,28.9473684211,40.5405405405,59.7294663084
5d2n,33.3333333333,99.4413407821,27.1929824561,46.0869565217,56.4715478681
5men,22.2222222222,100.0,27.8260869565,34.8214285714,51.1819933287
3ffc,22.2222222222,81.0055865922,50.8771929825,42.735042735,50.0113088911
5bs0,22.2222222222,86.5921787709,33.9130434783,45.045045045,49.4311484183
