pdb_id,pep_identity,mhc_identity,tcrA_identity,tcrB_identity,total_identity
5hhm,44.4444444444,100.0,29.0909090909,91.2280701754,68.2013113592
3gsn,33.3333333333,100.0,27.027027027,48.6956521739,57.0648909779
