pdb_id,pep_identity,mhc_identity,tcrA_identity,tcrB_identity,total_identity
5hhm,44.4444444444,100.0,36.4485981308,35.3982300885,60.122619518
3gsn,33.3333333333,100.0,35.5140186916,31.5789473684,55.6266054544
5bs0,22.2222222222,86.5921787709,38.0530973451,40.350877193,49.3387960874
