pdb_id,pep_identity,mhc_identity,tcrA_identity,tcrB_identity,total_identity
5hhm,44.4444444444,100.0,35.7798165138,35.7142857143,60.0638318528
5d2n,33.3333333333,99.4413407821,23.1481481481,56.5217391304,57.5365392516
4eup,11.1111111111,100.0,85.3211009174,31.8584070796,56.5669550365
3ffc,22.2222222222,81.0055865922,39.2857142857,77.7777777778,53.9198516154
4mnq,22.2222222222,100.0,33.3333333333,30.3571428571,51.3558201058
5bs0,22.2222222222,86.5921787709,40.7079646018,46.4285714286,50.7942230028
4qrp,11.1111111111,81.0055865922,36.3636363636,76.3157894737,49.4854702073
