pdb_id,pep_identity,mhc_identity,tcrA_identity,tcrB_identity,total_identity
5hhm,44.4444444444,100.0,35.4545454545,59.0909090909,63.9057239057
4eup,11.1111111111,100.0,47.2727272727,90.0900900901,59.9308399308
3gsn,33.3333333333,100.0,40.0,49.5575221239,59.3706981318
5men,22.2222222222,100.0,35.4545454545,50.9090909091,55.1346801347
2p5w,11.1111111111,100.0,34.5132743363,52.6785714286,51.5690113312
