pdb_id,pep_identity,mhc_identity,tcrA_identity,tcrB_identity,total_identity
5euo,33.3333333333,100.0,32.7433628319,94.495412844,65.6509070571
3gsn,33.3333333333,100.0,24.5454545455,47.7876106195,56.4999553053
4mnq,22.2222222222,100.0,29.203539823,50.4504504505,54.0164057863
4eup,11.1111111111,100.0,36.036036036,59.4594594595,52.952952953
