pdb_id,pep_identity,mhc_identity,tcrA_identity,tcrB_identity,total_identity
5men,22.2222222222,100.0,83.6363636364,34.7826086957,60.4772361294
5hhm,44.4444444444,100.0,37.2727272727,32.4561403509,59.7696260854
5d2n,33.3333333333,99.4413407821,23.6363636364,57.3913043478,57.7628360359
5bs0,22.2222222222,86.5921787709,38.9380530973,42.1052631579,49.7786863736
