pdb_id,pep_identity,mhc_identity,tcrA_identity,tcrB_identity,total_identity
5hhm,44.4444444444,100.0,39.6396396396,91.8181818182,70.0577850578
2bnq,11.1111111111,100.0,86.7256637168,55.8558558559,60.8006236325
3gsn,33.3333333333,100.0,41.4414414414,47.7876106195,59.3159531213
5eu6,11.1111111111,100.0,89.3805309735,33.6283185841,57.5385119633
5men,22.2222222222,100.0,42.4778761062,50.4504504505,56.2287951668
5bs0,22.2222222222,86.5921787709,83.185840708,36.036036036,56.1417797884
