pdb_id,pep_identity,mhc_identity,tcrA_identity,tcrB_identity,total_identity
5hhm,44.4444444444,100.0,33.9285714286,59.2920353982,63.6849159526
3gsn,33.3333333333,100.0,38.3928571429,51.3043478261,59.3939786059
4eup,11.1111111111,100.0,44.6428571429,87.7192982456,59.0973962684
5men,22.2222222222,100.0,31.8584070796,49.5652173913,54.3113448192
2f54,11.1111111111,100.0,40.7079646018,49.1228070175,52.0088323069
