pdb_id,pep_identity,mhc_identity,tcrA_identity,tcrB_identity,total_identity
5d2n,33.3333333333,99.4413407821,50.0,39.1304347826,59.1132971689
5hhm,44.4444444444,100.0,30.3571428571,32.7433628319,58.6648990963
5bs0,22.2222222222,86.5921787709,25.2173913043,54.3859649123,49.5386930338
4mnq,22.2222222222,100.0,22.3214285714,28.9473684211,49.2855402395
