pdb_id,pep_identity,mhc_identity,tcrA_identity,tcrB_identity,total_identity
5euo,33.3333333333,100.0,94.495412844,33.6206896552,65.7971281943
5d2n,33.3333333333,99.4413407821,26.1261261261,75.8620689655,61.2562572204
5eu6,11.1111111111,100.0,40.7079646018,66.3793103448,54.8849161948
