pdb_id,pep_identity,mhc_identity,tcrA_identity,tcrB_identity,total_identity
5d2n,33.3333333333,99.4413407821,88.0733944954,37.0689655172,65.1152847073
5hhm,44.4444444444,100.0,27.9279279279,29.203539823,57.67005944
