pdb_id,pep_identity,mhc_identity,tcrA_identity,tcrB_identity,total_identity
5hhm,44.4444444444,100.0,36.6972477064,32.7433628319,59.7215832379
3gsn,33.3333333333,100.0,40.7407407407,34.2105263158,56.9363222872
5bs0,22.2222222222,86.5921787709,39.8230088496,29.8245614035,47.8793953732
