pdb_id,pep_identity,mhc_identity,tcrA_identity,tcrB_identity,total_identity
5hhm,44.4444444444,100.0,38.1818181818,31.25,59.7201178451
5d2n,33.3333333333,99.4413407821,22.5225225225,56.5217391304,57.432268314
5men,22.2222222222,100.0,34.8214285714,33.6283185841,52.1490319333
4eup,11.1111111111,100.0,47.2727272727,30.0884955752,49.9305741784
5bs0,22.2222222222,86.5921787709,38.0530973451,41.9642857143,49.6076975076
3ffc,22.2222222222,81.0055865922,34.8214285714,49.5726495726,48.4749492955
