pdb_id,pep_identity,mhc_identity,tcrA_identity,tcrB_identity,total_identity
5d2n,33.3333333333,99.4413407821,87.8504672897,76.5217391304,71.6535924418
5hhm,44.4444444444,100.0,27.5229357798,34.2105263158,58.4370584974
