pdb_id,pep_identity,mhc_identity,tcrA_identity,tcrB_identity,total_identity
5hhm,44.4444444444,100.0,35.1851851852,32.4561403509,59.4217024042
5d2n,33.3333333333,99.4413407821,22.0183486239,40.0,54.5946161425
5bs0,22.2222222222,86.5921787709,36.2831858407,53.5087719298,51.2367932928
4eup,11.1111111111,100.0,47.7064220183,34.2105263158,50.6898617594
4mnq,22.2222222222,100.0,28.5714285714,28.9473684211,50.3272069062
3ffc,22.2222222222,81.0055865922,33.6363636364,45.2991452991,47.5651877607
