pdb_id,pep_identity,mhc_identity,tcrA_identity,tcrB_identity,total_identity
5hhm,44.4444444444,100.0,39.2523364486,40.9090909091,61.5083860411
3gsn,33.3333333333,100.0,33.3333333333,32.7433628319,55.4572271386
5bs0,22.2222222222,86.5921787709,38.9380530973,61.2612612613,52.9713527242
4mnq,22.2222222222,100.0,32.1428571429,33.9285714286,51.7526455026
