pdb_id,pep_identity,mhc_identity,tcrA_identity,tcrB_identity,total_identity
5hhm,44.4444444444,100.0,34.2342342342,53.1531531532,62.7127127127
3gsn,33.3333333333,100.0,41.4414414414,59.2920353982,61.2333572511
4eup,11.1111111111,100.0,85.4545454545,51.7857142857,59.9104136604
5men,22.2222222222,100.0,35.1351351351,61.2612612613,56.8068068068
2f53,11.1111111111,100.0,41.592920354,59.8214285714,53.9394285246
