pdb_id,pep_identity,mhc_identity,tcrA_identity,tcrB_identity,total_identity
5hhm,44.4444444444,100.0,31.3043478261,57.2727272727,62.910993998
3gsn,33.3333333333,100.0,26.0869565217,55.7522123894,58.0843059296
4mnq,22.2222222222,100.0,30.4347826087,57.1428571429,55.3370140327
4eup,11.1111111111,100.0,33.0434782609,60.3603603604,52.6043434739
2p5w,11.1111111111,100.0,35.652173913,56.25,52.3540660225
