pdb_id,pep_identity,mhc_identity,tcrA_identity,tcrB_identity,total_identity
5d2n,33.3333333333,99.4413407821,25.2252252252,66.0869565217,59.476921663
5hhm,44.4444444444,100.0,29.7297297297,35.7142857143,59.0554840555
5men,22.2222222222,100.0,27.1929824561,36.6071428571,51.3740949596
5bs0,22.2222222222,86.5921787709,30.701754386,43.75,48.6800927287
3ffc,22.2222222222,81.0055865922,25.4385964912,57.264957265,48.1931952308
4qrp,11.1111111111,81.0055865922,46.8468468468,57.0175438596,48.0162976855
2e7l,22.2222222222,68.7150837989,69.3693693694,36.6071428571,47.9751873781
4eup,11.1111111111,100.0,33.0357142857,30.9734513274,47.7052313059
