pdb_id,pep_identity,mhc_identity,tcrA_identity,tcrB_identity,total_identity
5hhm,44.4444444444,100.0,34.8623853211,93.6363636364,69.5646063077
3gsn,33.3333333333,100.0,31.8181818182,48.6725663717,57.8595691428
