pdb_id,pep_identity,mhc_identity,tcrA_identity,tcrB_identity,total_identity
5hhm,44.4444444444,100.0,37.6146788991,31.8584070796,59.7269958113
3gsn,33.3333333333,100.0,40.7407407407,34.2105263158,56.9363222872
5bs0,22.2222222222,86.5921787709,40.7079646018,40.7079646018,49.8407885316
3ffc,22.2222222222,81.0055865922,33.9285714286,48.7179487179,48.1836896292
