pdb_id,pep_identity,mhc_identity,tcrA_identity,tcrB_identity,total_identity
5hhm,44.4444444444,100.0,35.7798165138,57.6576576577,63.7210605101
3gsn,33.3333333333,100.0,33.6363636364,52.2123893805,58.7525699473
4eup,11.1111111111,100.0,40.0,90.0900900901,58.7187187187
5men,22.2222222222,100.0,33.0357142857,54.4642857143,55.3240740741
2p5w,11.1111111111,100.0,38.9380530973,52.6785714286,52.306474458
