pdb_id,pep_identity,mhc_identity,tcrA_identity,tcrB_identity,total_identity
5d2n,33.3333333333,99.4413407821,25.2252252252,55.652173913,57.7377912282
5hhm,44.4444444444,100.0,24.3243243243,31.5315315315,57.4574574575
5men,22.2222222222,100.0,32.4324324324,35.1351351351,52.002002002
4eup,11.1111111111,100.0,32.4324324324,31.25,47.6507757758
5bs0,22.2222222222,86.5921787709,31.5789473684,35.7142857143,47.4870058448
3ffc,22.2222222222,81.0055865922,32.7433628319,43.5897435897,47.1314540084
