pdb_id,pep_identity,mhc_identity,tcrA_identity,tcrB_identity,total_identity
5hhm,44.4444444444,100.0,34.8623853211,33.9285714286,59.6133076064
3gsn,33.3333333333,100.0,32.7272727273,30.4347826087,54.9714536671
