pdb_id,pep_identity,mhc_identity,tcrA_identity,tcrB_identity,total_identity
5hhm,44.4444444444,100.0,29.203539823,34.8214285714,58.8189762139
5d2n,33.3333333333,99.4413407821,25.4385964912,50.4347826087,56.9037878885
5bs0,22.2222222222,86.5921787709,33.3333333333,88.3928571429,56.5591654104
5men,22.2222222222,100.0,28.9473684211,31.25,50.7736354776
4eup,11.1111111111,100.0,35.3982300885,33.0357142857,48.4426944327
