pdb_id,pep_identity,mhc_identity,tcrA_identity,tcrB_identity,total_identity
5men,22.2222222222,100.0,87.037037037,34.2105263158,60.9486679662
5hhm,44.4444444444,100.0,33.9449541284,36.8421052632,59.9459913801
5d2n,33.3333333333,99.4413407821,22.9357798165,66.9565217391,59.2402749644
5bs0,22.2222222222,86.5921787709,38.9380530973,39.4736842105,49.3400898824
3ffc,22.2222222222,81.0055865922,31.8584070796,55.5555555556,48.9782633773
