pdb_id,pep_identity,mhc_identity,tcrA_identity,tcrB_identity,total_identity
5hhm,44.4444444444,100.0,36.036036036,50.4504504505,62.5625625626
3gsn,33.3333333333,100.0,40.5405405405,53.982300885,60.1982513487
5men,22.2222222222,100.0,36.3636363636,54.4642857143,55.8787277537
4eup,11.1111111111,100.0,47.7477477477,55.8558558559,54.3043043043
2bnr,11.1111111111,100.0,37.1681415929,56.7567567568,52.691186762
