pdb_id,pep_identity,mhc_identity,tcrA_identity,tcrB_identity,total_identity
5d2n,33.3333333333,99.4413407821,28.6956521739,77.3913043478,61.9393841254
5hhm,44.4444444444,100.0,33.0434782609,38.0530973451,59.9975774158
3ffc,22.2222222222,81.0055865922,60.8695652174,59.8290598291,54.5257071125
4mnq,22.2222222222,100.0,30.4347826087,34.5132743363,51.5654168982
5bs0,22.2222222222,86.5921787709,38.2608695652,47.7876106195,50.6128803618
