pdb_id,pep_identity,mhc_identity,tcrA_identity,tcrB_identity,total_identity
5hhm,44.4444444444,100.0,53.2110091743,35.0877192982,62.8646028936
5d2n,33.3333333333,99.4413407821,29.0909090909,53.9130434783,58.0922168
3ffc,22.2222222222,81.0055865922,32.7433628319,87.1794871795,54.3964112734
3qeq,0.0,100.0,87.037037037,33.3333333333,53.3950617284
5men,22.2222222222,100.0,33.9285714286,31.5789473684,51.6586605402
4qrp,11.1111111111,81.0055865922,30.9090909091,87.7192982456,50.4769640935
