pdb_id,pep_identity,mhc_identity,tcrA_identity,tcrB_identity,total_identity
3gsn,33.3333333333,100.0,37.962962963,94.6902654867,66.5533158527
5hhm,44.4444444444,100.0,36.6972477064,51.3274336283,62.8189283706
5men,22.2222222222,100.0,34.2342342342,90.2654867257,61.4906942341
4eup,11.1111111111,100.0,87.1559633028,50.4424778761,59.9701105668
2bnq,11.1111111111,100.0,40.7079646018,87.610619469,58.4234677155
