pdb_id,pep_identity,mhc_identity,tcrA_identity,tcrB_identity,total_identity
5d2n,33.3333333333,99.4413407821,65.4205607477,31.0344827586,60.3340652895
5hhm,44.4444444444,100.0,27.5229357798,33.9285714286,58.3900660162
4mnq,22.2222222222,100.0,23.4234234234,32.7433628319,50.1018717833
