pdb_id,pep_identity,mhc_identity,tcrA_identity,tcrB_identity,total_identity
5hhm,44.4444444444,100.0,38.1818181818,32.1739130435,59.8741033524
5d2n,33.3333333333,99.4413407821,23.4234234234,58.2608695652,57.8722735366
4mnq,22.2222222222,100.0,36.6071428571,33.0434782609,52.3491775937
4eup,11.1111111111,100.0,49.0909090909,28.6956521739,50.0014639145
5bs0,22.2222222222,86.5921787709,37.1681415929,40.0,49.1328239299
3ffc,22.2222222222,81.0055865922,33.9285714286,50.4273504274,48.4685899141
