pdb_id,pep_identity,mhc_identity,tcrA_identity,tcrB_identity,total_identity
3gsn,33.3333333333,100.0,41.4414414414,76.5217391304,64.1049745398
5hhm,44.4444444444,100.0,41.8181818182,48.6956521739,63.2337871468
5men,22.2222222222,100.0,44.9541284404,79.1304347826,61.4215012779
2bnr,11.1111111111,100.0,40.7079646018,78.2608695652,56.8651760649
