pdb_id,pep_identity,mhc_identity,tcrA_identity,tcrB_identity,total_identity
5hhm,44.4444444444,100.0,28.9473684211,31.8584070796,58.2824440649
5d2n,33.3333333333,99.4413407821,25.2173913043,57.3913043478,58.0263406472
5men,22.2222222222,100.0,28.9473684211,35.3982300885,51.465007159
5bs0,22.2222222222,86.5921787709,34.2105263158,42.4778761062,49.0528674014
3tfk,22.2222222222,66.4804469274,71.0526315789,38.9380530973,47.8993371626
4eup,11.1111111111,100.0,31.5789473684,31.8584070796,47.609929445
3ffc,22.2222222222,81.0055865922,25.8620689655,52.1367521368,47.4090731218
