pdb_id,pep_identity,mhc_identity,tcrA_identity,tcrB_identity,total_identity
5hhm,44.4444444444,100.0,33.0275229358,36.3636363636,59.7133413647
3gsn,33.3333333333,100.0,37.037037037,36.2831858407,56.6644815907
5bs0,22.2222222222,86.5921787709,37.1681415929,40.5405405405,49.22291402
