pdb_id,pep_identity,mhc_identity,tcrA_identity,tcrB_identity,total_identity
5d2n,33.3333333333,99.4413407821,50.4672897196,35.0427350427,58.5098954989
5hhm,44.4444444444,100.0,24.7706422018,32.1739130435,57.6389073557
4mnq,22.2222222222,100.0,20.7207207207,31.8965517241,49.5102861482
