pdb_id,pep_identity,mhc_identity,tcrA_identity,tcrB_identity,total_identity
5hhm,44.4444444444,100.0,52.6785714286,89.3805309735,71.8246652152
3gsn,33.3333333333,100.0,29.203539823,50.0,57.6450344149
