pdb_id,pep_identity,mhc_identity,tcrA_identity,tcrB_identity,total_identity
5hhm,44.4444444444,100.0,42.2018348624,41.4414414414,62.0886941988
3gsn,33.3333333333,100.0,47.2727272727,33.6283185841,57.9279520872
4mnq,22.2222222222,100.0,42.2018348624,33.6283185841,53.3790996485
5bs0,22.2222222222,86.5921787709,40.7079646018,60.7142857143,53.1751753837
