pdb_id,pep_identity,mhc_identity,tcrA_identity,tcrB_identity,total_identity
5hhm,44.4444444444,100.0,32.7272727273,33.9285714286,59.2574555075
3gsn,33.3333333333,100.0,37.2727272727,30.4347826087,55.7290294247
5bs0,22.2222222222,86.5921787709,39.8230088496,31.8584070796,48.2183696526
