pdb_id,pep_identity,mhc_identity,tcrA_identity,tcrB_identity,total_identity
5hhm,44.4444444444,100.0,32.7272727273,35.1351351351,59.4585494585
3gsn,33.3333333333,100.0,37.2727272727,31.3043478261,55.8739569609
5bs0,22.2222222222,86.5921787709,37.1681415929,33.0357142857,47.9721096442
