pdb_id,pep_identity,mhc_identity,tcrA_identity,tcrB_identity,total_identity
5hhm,44.4444444444,100.0,34.8623853211,41.8181818182,60.9282426714
4eup,11.1111111111,100.0,85.3211009174,36.036036036,57.2632265293
5d2n,33.3333333333,99.4413407821,21.2962962963,40.0,54.4742740879
5bs0,22.2222222222,86.5921787709,38.9380530973,61.2612612613,52.9713527242
5men,22.2222222222,100.0,35.7798165138,33.0357142857,52.209995874
