pdb_id,pep_identity,mhc_identity,tcrA_identity,tcrB_identity,total_identity
5hhm,44.4444444444,100.0,29.203539823,33.0357142857,58.5213571663
5d2n,33.3333333333,99.4413407821,27.4336283186,51.3043478261,57.3812207293
3ffc,22.2222222222,81.0055865922,52.2123893805,52.1367521368,51.800793191
5men,22.2222222222,100.0,27.8260869565,34.8214285714,51.1819933287
5bs0,22.2222222222,86.5921787709,35.652173913,41.9642857143,49.2075436023
4eup,11.1111111111,100.0,31.8584070796,30.0884955752,47.3615208128
