pdb_id,pep_identity,mhc_identity,tcrA_identity,tcrB_identity,total_identity
2vlr,33.3333333333,100.0,42.3423423423,94.5454545455,67.2590772591
3gsn,33.3333333333,100.0,85.5855855856,48.6725663717,66.820803104
5men,22.2222222222,100.0,39.2857142857,51.3513513514,55.8469183469
