pdb_id,pep_identity,mhc_identity,tcrA_identity,tcrB_identity,total_identity
5hhm,44.4444444444,100.0,38.1818181818,32.1428571429,59.8689273689
3gsn,33.3333333333,100.0,42.7272727273,39.4736842105,58.1446039341
5bs0,22.2222222222,86.5921787709,38.0530973451,42.8571428571,49.7565070314
3ffc,22.2222222222,81.0055865922,34.8214285714,50.4273504274,48.6173994379
