pdb_id,pep_identity,mhc_identity,tcrA_identity,tcrB_identity,total_identity
3gsn,33.3333333333,100.0,35.1851851852,73.4513274336,62.5505298809
5hhm,44.4444444444,100.0,35.5140186916,50.4424778761,62.4742309094
5men,22.2222222222,100.0,32.1428571429,76.9911504425,58.929742005
2pye,11.1111111111,100.0,38.0530973451,82.3008849558,57.0960340872
4eup,11.1111111111,100.0,39.4495412844,52.2123893805,52.3140254812
