pdb_id,pep_identity,mhc_identity,tcrA_identity,tcrB_identity,total_identity
5hhm,44.4444444444,100.0,38.5321100917,32.7433628319,60.0273936354
3gsn,33.3333333333,100.0,43.5185185185,29.8245614035,56.6682910981
5bs0,22.2222222222,86.5921787709,37.1681415929,37.7192982456,48.7527069708
