pdb_id,pep_identity,mhc_identity,tcrA_identity,tcrB_identity,total_identity
5d2n,33.3333333333,99.4413407821,86.2385321101,43.5897435897,65.8962706551
5hhm,44.4444444444,100.0,27.9279279279,40.0,59.4694694695
