pdb_id,pep_identity,mhc_identity,tcrA_identity,tcrB_identity,total_identity
5hhm,44.4444444444,100.0,42.7272727273,35.1351351351,61.1252161252
3gsn,33.3333333333,100.0,40.5405405405,38.0530973451,57.5433840921
4mnq,22.2222222222,100.0,37.8378378378,33.0357142857,52.552999428
5bs0,22.2222222222,86.5921787709,39.8230088496,40.1785714286,49.6050637107
2p5e,11.1111111111,100.0,40.7079646018,30.6306306306,48.9268029091
