pdb_id,pep_identity,mhc_identity,tcrA_identity,tcrB_identity,total_identity
5hhm,44.4444444444,100.0,34.5454545455,36.2831858407,59.9529215458
3gsn,33.3333333333,100.0,36.3636363636,30.701754386,55.6220095694
5bs0,22.2222222222,86.5921787709,38.0530973451,56.1403508772,51.9703750348
