pdb_id,pep_identity,mhc_identity,tcrA_identity,tcrB_identity,total_identity
5hhm,44.4444444444,100.0,37.8378378378,36.9369369369,60.6106106106
3gsn,33.3333333333,100.0,39.6396396396,35.9649122807,57.0452030978
4mnq,22.2222222222,100.0,34.2342342342,37.1681415929,52.6411367119
5bs0,22.2222222222,86.5921787709,47.7876106195,40.1785714286,50.9324973391
