pdb_id,pep_identity,mhc_identity,tcrA_identity,tcrB_identity,total_identity
5hhm,44.4444444444,100.0,38.0530973451,50.8928571429,62.9724738961
3gsn,33.3333333333,100.0,41.592920354,58.407079646,61.1111111111
5men,22.2222222222,100.0,32.7433628319,61.9469026549,56.5224516552
4eup,11.1111111111,100.0,46.9026548673,52.6785714286,53.6339080863
2bnr,11.1111111111,100.0,38.5964912281,58.0357142857,53.1424046227
