pdb_id,pep_identity,mhc_identity,tcrA_identity,tcrB_identity,total_identity
5hhm,44.4444444444,100.0,36.6972477064,53.5714285714,63.1929275278
4eup,11.1111111111,100.0,84.4036697248,59.8214285714,61.0745534197
3gsn,33.3333333333,100.0,39.8148148148,55.7522123894,60.3722823118
4mnq,22.2222222222,100.0,33.3333333333,55.7522123894,55.5883316945
2bnr,11.1111111111,100.0,42.4778761062,56.25,53.4916830547
