pdb_id,pep_identity,mhc_identity,tcrA_identity,tcrB_identity,total_identity
5hhm,44.4444444444,100.0,35.4545454545,39.6396396396,60.6638456638
4eup,11.1111111111,100.0,88.9908256881,34.8214285714,57.672412747
5d2n,33.3333333333,99.4413407821,20.9090909091,44.347826087,55.1343775378
5bs0,22.2222222222,86.5921787709,38.9380530973,66.6666666667,53.8722536251
5men,22.2222222222,100.0,32.4324324324,36.9369369369,52.3023023023
