pdb_id,pep_identity,mhc_identity,tcrA_identity,tcrB_identity,total_identity
5hhm,44.4444444444,100.0,34.5794392523,55.4545454545,63.153812266
3gsn,33.3333333333,100.0,36.1111111111,54.8672566372,59.6075057358
4mnq,22.2222222222,100.0,30.3571428571,58.5585585586,55.56002431
4eup,11.1111111111,100.0,41.2844036697,59.4594594595,53.8276808919
2bnr,11.1111111111,100.0,35.3982300885,57.6576576577,52.5463516614
