pdb_id,pep_identity,mhc_identity,tcrA_identity,tcrB_identity,total_identity
5hhm,44.4444444444,100.0,35.1351351351,33.6283185841,59.608723768
4eup,11.1111111111,100.0,89.0909090909,31.8584070796,57.1952563988
5d2n,33.3333333333,99.4413407821,19.8198198198,51.3043478261,56.1122526461
4mnq,22.2222222222,100.0,32.4324324324,34.2105263158,51.8479005321
5bs0,22.2222222222,86.5921787709,41.592920354,40.350877193,49.9287665889
3ffc,22.2222222222,81.0055865922,30.9734513274,51.2820512821,48.1185200397
