pdb_id,pep_identity,mhc_identity,tcrA_identity,tcrB_identity,total_identity
5hhm,44.4444444444,100.0,38.5321100917,39.0909090909,61.0853180119
3gsn,33.3333333333,100.0,32.7272727273,30.9734513274,55.0612317869
5bs0,22.2222222222,86.5921787709,38.0530973451,66.6666666667,53.7247609997
4mnq,22.2222222222,100.0,32.1428571429,33.3333333333,51.6534391534
