pdb_id,pep_identity,mhc_identity,tcrA_identity,tcrB_identity,total_identity
5hhm,44.4444444444,100.0,38.1818181818,32.4561403509,59.9211412369
5d2n,33.3333333333,99.4413407821,22.5225225225,57.3913043478,57.5771958502
5men,22.2222222222,100.0,34.8214285714,39.4736842105,53.1232595377
4eup,11.1111111111,100.0,47.2727272727,33.3333333333,50.4713804714
5bs0,22.2222222222,86.5921787709,38.0530973451,43.8596491228,49.923591409
3ffc,22.2222222222,81.0055865922,34.8214285714,52.9914529915,49.0447498653
