pdb_id,pep_identity,mhc_identity,tcrA_identity,tcrB_identity,total_identity
5hhm,44.4444444444,100.0,30.4347826087,39.6396396396,59.8272185229
5d2n,33.3333333333,99.4413407821,21.5517241379,44.347826087,55.241483076
5bs0,22.2222222222,86.5921787709,30.4347826087,66.6666666667,52.455041877
4mnq,22.2222222222,100.0,30.0884955752,37.8378378378,52.0617963096
4eup,11.1111111111,100.0,31.3043478261,34.8214285714,48.05799977
