pdb_id,pep_identity,mhc_identity,tcrA_identity,tcrB_identity,total_identity
5hhm,44.4444444444,100.0,39.2857142857,91.8181818182,69.9987974988
3gsn,33.3333333333,100.0,34.5132743363,53.982300885,59.1937069813
