pdb_id,pep_identity,mhc_identity,tcrA_identity,tcrB_identity,total_identity
5hhm,44.4444444444,100.0,34.2592592593,39.8230088496,60.495192833
3gsn,33.3333333333,100.0,33.0275229358,30.0884955752,54.9637808629
5bs0,22.2222222222,86.5921787709,38.0530973451,69.9115044248,54.2655672927
4mnq,22.2222222222,100.0,29.4642857143,31.8584070796,50.9611895397
