pdb_id,pep_identity,mhc_identity,tcrA_identity,tcrB_identity,total_identity
5hhm,44.4444444444,100.0,46.7889908257,94.5454545455,71.7038890433
3gsn,33.3333333333,100.0,41.2844036697,47.7876106195,59.2897801593
