pdb_id,pep_identity,mhc_identity,tcrA_identity,tcrB_identity,total_identity
5d2n,33.3333333333,99.4413407821,62.962962963,64.1025641026,65.4358125494
5hhm,44.4444444444,100.0,26.3636363636,34.188034188,58.2400932401
