pdb_id,pep_identity,mhc_identity,tcrA_identity,tcrB_identity,total_identity
5hhm,44.4444444444,100.0,43.2432432432,39.6396396396,61.961961962
5d2n,33.3333333333,99.4413407821,24.7787610619,54.7826086957,57.5184529981
5men,22.2222222222,100.0,41.9642857143,36.6071428571,53.835978836
5bs0,22.2222222222,86.5921787709,46.9026548673,45.045045045,51.5960836498
2p5w,11.1111111111,100.0,48.6725663717,34.5132743363,50.9013438217
