pdb_id,pep_identity,mhc_identity,tcrA_identity,tcrB_identity,total_identity
5hhm,44.4444444444,100.0,42.0560747664,35.1351351351,61.0133497984
5d2n,33.3333333333,99.4413407821,20.5607476636,50.4347826087,56.0908130839
5men,22.2222222222,100.0,32.1428571429,36.6071428571,52.1990740741
5bs0,22.2222222222,86.5921787709,39.8230088496,43.2432432432,50.1158423465
4eup,11.1111111111,100.0,41.2844036697,31.8584070796,49.2275054953
