pdb_id,pep_identity,mhc_identity,tcrA_identity,tcrB_identity,total_identity
5hhm,44.4444444444,100.0,36.1111111111,92.7272727273,69.6212121212
3gsn,33.3333333333,100.0,32.1100917431,47.7876106195,57.7607281715
