pdb_id,pep_identity,mhc_identity,tcrA_identity,tcrB_identity,total_identity
3gsn,33.3333333333,100.0,40.0,79.6460176991,64.3854473943
5hhm,44.4444444444,100.0,35.4545454545,49.5575221239,62.3168260779
5men,22.2222222222,100.0,33.3333333333,84.0707964602,60.3080957063
4eup,11.1111111111,100.0,88.0733944954,48.6725663717,59.8280305149
2bnr,11.1111111111,100.0,42.4778761062,79.6460176991,57.3910193379
