pdb_id,pep_identity,mhc_identity,tcrA_identity,tcrB_identity,total_identity
5hhm,44.4444444444,100.0,35.4545454545,55.3571428571,63.2834295334
3gsn,33.3333333333,100.0,33.3333333333,75.2212389381,62.5368731563
5men,22.2222222222,100.0,32.1428571429,75.8928571429,58.7466931217
2f53,11.1111111111,100.0,36.2831858407,77.6785714286,56.0306632486
4eup,11.1111111111,100.0,41.4414414414,54.4642857143,53.0213248963
