pdb_id,pep_identity,mhc_identity,tcrA_identity,tcrB_identity,total_identity
3gsn,33.3333333333,100.0,36.9369369369,72.5663716814,62.6949958808
5hhm,44.4444444444,100.0,35.1351351351,50.4504504505,62.4124124124
4eup,11.1111111111,100.0,88.1818181818,51.7857142857,60.364959115
5men,22.2222222222,100.0,32.4324324324,76.5765765766,58.9089089089
2pye,11.1111111111,100.0,41.592920354,75.0,56.4691904294
