pdb_id,pep_identity,mhc_identity,tcrA_identity,tcrB_identity,total_identity
5hhm,44.4444444444,100.0,35.652173913,30.0884955752,59.1049263962
5d2n,33.3333333333,99.4413407821,26.724137931,31.0344827586,53.8846614868
4mnq,22.2222222222,100.0,29.5652173913,28.9473684211,50.4928383761
4eup,11.1111111111,100.0,34.7826086957,27.6785714286,47.4472337244
