pdb_id,pep_identity,mhc_identity,tcrA_identity,tcrB_identity,total_identity
5hhm,44.4444444444,100.0,36.3636363636,35.1351351351,60.0646100646
3gsn,33.3333333333,100.0,33.3333333333,29.203539823,54.8672566372
