pdb_id,pep_identity,mhc_identity,tcrA_identity,tcrB_identity,total_identity
5hhm,44.4444444444,100.0,26.9565217391,36.6071428571,58.7420922475
5d2n,33.3333333333,99.4413407821,25.0,33.0434782609,53.9321377486
5men,22.2222222222,100.0,36.2831858407,31.5789473684,52.0510962756
5bs0,22.2222222222,86.5921787709,31.3043478261,38.9380530973,47.9785338183
4eup,11.1111111111,100.0,27.8260869565,34.5132743363,47.4269305858
