pdb_id,pep_identity,mhc_identity,tcrA_identity,tcrB_identity,total_identity
5hhm,44.4444444444,100.0,33.0357142857,36.9369369369,59.8102566853
5d2n,33.3333333333,99.4413407821,38.3928571429,33.0434782609,56.1642806058
4mnq,22.2222222222,100.0,30.4347826087,32.1428571429,51.170347366
3ffc,22.2222222222,81.0055865922,61.9469026549,33.3333333333,50.2893089362
5bs0,22.2222222222,86.5921787709,32.1739130435,39.2857142857,48.1814048859
4eup,11.1111111111,100.0,30.0884955752,35.1351351351,47.9076421554
