pdb_id,pep_identity,mhc_identity,tcrA_identity,tcrB_identity,total_identity
5hhm,44.4444444444,100.0,36.6972477064,54.954954955,63.4235152584
3qdj,0.0,100.0,88.8888888889,91.0714285714,63.3267195767
3gsn,33.3333333333,100.0,39.8148148148,63.7168141593,61.6997159401
5men,22.2222222222,100.0,33.3333333333,64.2857142857,57.0105820106
2pye,11.1111111111,100.0,41.592920354,62.5,54.385857096
