pdb_id,pep_identity,mhc_identity,tcrA_identity,tcrB_identity,total_identity
5d2n,33.3333333333,99.4413407821,28.6956521739,54.7826086957,58.1712681834
5hhm,44.4444444444,100.0,25.4385964912,34.2105263158,58.089668616
3ffc,22.2222222222,81.0055865922,36.2068965517,88.0341880342,55.1161170358
5men,22.2222222222,100.0,28.9473684211,35.0877192982,51.4132553606
5bs0,22.2222222222,86.5921787709,32.4561403509,40.350877193,48.4059699217
4eup,11.1111111111,100.0,32.4561403509,31.5789473684,47.7095516569
