pdb_id,pep_identity,mhc_identity,tcrA_identity,tcrB_identity,total_identity
3gsn,33.3333333333,100.0,50.0,91.2280701754,67.9824561404
5hhm,44.4444444444,100.0,36.6972477064,48.2456140351,62.3052917717
5men,22.2222222222,100.0,35.1351351351,90.350877193,61.6550761288
2bnq,11.1111111111,100.0,44.2477876106,87.7192982456,59.0315513464
4eup,11.1111111111,100.0,65.1376146789,50.0,56.2266394835
