pdb_id,pep_identity,mhc_identity,tcrA_identity,tcrB_identity,total_identity
5hhm,44.4444444444,100.0,36.6972477064,39.0909090909,60.7795076144
4eup,11.1111111111,100.0,87.1559633028,36.9369369369,57.719187077
5d2n,33.3333333333,99.4413407821,22.2222222222,32.1739130435,53.3242472494
4mnq,22.2222222222,100.0,33.3333333333,33.9285714286,51.9510582011
5bs0,22.2222222222,86.5921787709,39.8230088496,42.3423423423,49.9656921964
