pdb_id,pep_identity,mhc_identity,tcrA_identity,tcrB_identity,total_identity
5hhm,44.4444444444,100.0,38.5321100917,38.0530973451,60.9123493876
3gsn,33.3333333333,100.0,41.6666666667,30.701754386,56.5058479532
4mnq,22.2222222222,100.0,36.036036036,33.3333333333,52.3023023023
5bs0,22.2222222222,86.5921787709,45.1327433628,40.350877193,50.5187370904
2p5e,11.1111111111,100.0,44.2477876106,32.7433628319,49.8688954441
