pdb_id,pep_identity,mhc_identity,tcrA_identity,tcrB_identity,total_identity
5d2n,33.3333333333,99.4413407821,29.4642857143,87.8260869565,63.8066201503
5hhm,44.4444444444,100.0,28.5714285714,38.5964912281,59.3428014481
3ffc,22.2222222222,81.0055865922,52.2123893805,58.9743589744,52.9403943306
