pdb_id,pep_identity,mhc_identity,tcrA_identity,tcrB_identity,total_identity
5hhm,44.4444444444,100.0,41.592920354,41.0714285714,61.9255396357
5bs0,22.2222222222,86.5921787709,49.5575221239,92.8571428571,60.0072444946
3gsn,33.3333333333,100.0,43.3628318584,32.7433628319,57.1288102262
5men,22.2222222222,100.0,38.3928571429,32.7433628319,52.5967774032
2p5w,11.1111111111,100.0,46.9026548673,31.8584070796,50.1638806949
