pdb_id,pep_identity,mhc_identity,tcrA_identity,tcrB_identity,total_identity
5hhm,44.4444444444,100.0,32.1739130435,37.5,59.7604669887
5d2n,33.3333333333,99.4413407821,22.4137931034,56.5217391304,57.4141467441
5men,22.2222222222,100.0,27.8260869565,35.3982300885,51.2781269149
5bs0,22.2222222222,86.5921787709,36.5217391304,45.5357142857,49.9477092337
4eup,11.1111111111,100.0,33.9130434783,34.5132743363,48.4414233395
3ffc,22.2222222222,81.0055865922,29.9145299145,53.8461538462,48.3693835649
