pdb_id,pep_identity,mhc_identity,tcrA_identity,tcrB_identity,total_identity
3gsn,33.3333333333,100.0,38.9380530973,88.4955752212,65.6833824975
5hhm,44.4444444444,100.0,33.6283185841,50.4504504505,62.1612763206
4mnq,22.2222222222,100.0,33.0357142857,90.9090909091,61.3982082732
2bnq,11.1111111111,100.0,50.0,89.2857142857,60.2513227513
4eup,11.1111111111,100.0,83.0357142857,51.7857142857,59.5072751323
