pdb_id,pep_identity,mhc_identity,tcrA_identity,tcrB_identity,total_identity
5euo,33.3333333333,100.0,92.6605504587,43.2432432432,67.0950767281
5d2n,33.3333333333,99.4413407821,26.8518518519,65.2173913043,59.6030985645
5eu6,11.1111111111,100.0,38.0530973451,78.7610619469,56.5060635857
