pdb_id,pep_identity,mhc_identity,tcrA_identity,tcrB_identity,total_identity
5hhm,44.4444444444,100.0,32.4561403509,37.1681415929,59.7521951388
5d2n,33.3333333333,99.4413407821,23.4782608696,44.347826087,55.5625725312
5bs0,22.2222222222,86.5921787709,30.701754386,66.3716814159,52.4503729647
5men,22.2222222222,100.0,28.9473684211,31.8584070796,50.8750366575
