pdb_id,pep_identity,mhc_identity,tcrA_identity,tcrB_identity,total_identity
3gsn,33.3333333333,100.0,32.7433628319,49.5575221239,58.1612586037
5bs0,22.2222222222,86.5921787709,37.7192982456,40.0,49.224683372
