pdb_id,pep_identity,mhc_identity,tcrA_identity,tcrB_identity,total_identity
3gsn,33.3333333333,100.0,36.2831858407,75.2212389381,63.0285152409
5hhm,44.4444444444,100.0,34.5132743363,53.982300885,62.897410685
4eup,11.1111111111,100.0,86.6071428571,54.8672566372,60.6161036194
5men,22.2222222222,100.0,32.1428571429,75.2212389381,58.6347567542
2pye,11.1111111111,100.0,43.8596491228,76.9911504425,57.1788369646
