pdb_id,pep_identity,mhc_identity,tcrA_identity,tcrB_identity,total_identity
5hhm,44.4444444444,100.0,51.376146789,31.0344827586,61.8832530728
5d2n,33.3333333333,99.4413407821,37.2727272727,49.5726495726,58.7324541794
3qeq,0.0,100.0,87.037037037,34.188034188,53.5375118708
4mnq,22.2222222222,100.0,33.9285714286,35.8974358974,52.3784086284
