pdb_id,pep_identity,mhc_identity,tcrA_identity,tcrB_identity,total_identity
5hhm,44.4444444444,100.0,36.6972477064,93.6363636364,69.8704167053
4eup,11.1111111111,100.0,85.3211009174,58.5585585586,61.016980283
3gsn,33.3333333333,100.0,41.2844036697,47.7876106195,59.2897801593
