pdb_id,pep_identity,mhc_identity,tcrA_identity,tcrB_identity,total_identity
5hhm,44.4444444444,100.0,30.6306306306,33.0357142857,58.7592056342
5d2n,33.3333333333,99.4413407821,23.2142857143,52.1739130435,56.8229244981
4qrp,11.1111111111,81.0055865922,51.3513513514,85.0877192982,53.4454110094
5men,22.2222222222,100.0,26.3157894737,34.2342342342,50.8324113587
5bs0,22.2222222222,86.5921787709,30.701754386,39.2857142857,47.9360451097
4eup,11.1111111111,100.0,35.7142857143,29.203539823,47.8566746266
