pdb_id,pep_identity,mhc_identity,tcrA_identity,tcrB_identity,total_identity
5d2n,33.3333333333,99.4413407821,21.4953271028,87.8260869565,62.4784603817
5hhm,44.4444444444,100.0,35.5140186916,38.5964912281,60.4998998014
5men,22.2222222222,100.0,34.8214285714,31.5789473684,51.807470064
5bs0,22.2222222222,86.5921787709,38.0530973451,48.2456140351,50.6545855611
