pdb_id,pep_identity,mhc_identity,tcrA_identity,tcrB_identity,total_identity
5hhm,44.4444444444,100.0,35.1851851852,35.3982300885,59.9120506938
5d2n,33.3333333333,99.4413407821,22.0183486239,41.7391304348,54.8844712149
5bs0,22.2222222222,86.5921787709,36.2831858407,55.7522123894,51.6107000361
4eup,11.1111111111,100.0,47.7064220183,34.5132743363,50.7403197628
4mnq,22.2222222222,100.0,28.5714285714,28.3185840708,50.2224095144
3ffc,22.2222222222,81.0055865922,33.6363636364,47.8632478632,47.9925381881
