pdb_id,pep_identity,mhc_identity,tcrA_identity,tcrB_identity,total_identity
5d2n,33.3333333333,99.4413407821,88.785046729,31.0344827586,64.2281462864
5hhm,44.4444444444,100.0,27.5229357798,30.0884955752,57.750053374
