pdb_id,pep_identity,mhc_identity,tcrA_identity,tcrB_identity,total_identity
5hhm,44.4444444444,100.0,31.8181818182,94.5454545455,69.2087542088
3gsn,33.3333333333,100.0,36.3636363636,49.5575221239,58.7646375257
4eup,11.1111111111,100.0,61.4678899083,58.5585585586,57.0414451148
