pdb_id,pep_identity,mhc_identity,tcrA_identity,tcrB_identity,total_identity
5hhm,44.4444444444,100.0,36.6071428571,32.4561403509,59.6586953495
2bnq,11.1111111111,100.0,86.7256637168,35.9649122807,57.48546637
5bs0,22.2222222222,86.5921787709,83.185840708,37.3913043478,56.3676578404
5d2n,33.3333333333,99.4413407821,22.1238938053,33.6206896552,53.5489886152
