pdb_id,pep_identity,mhc_identity,tcrA_identity,tcrB_identity,total_identity
5d2n,33.3333333333,99.4413407821,28.6956521739,66.9565217391,60.2002536907
5hhm,44.4444444444,100.0,29.5652173913,40.7079646018,59.860345147
3ffc,22.2222222222,81.0055865922,82.6086956522,58.9743589744,58.0064453759
5men,22.2222222222,100.0,33.9130434783,33.3333333333,51.9484702093
5bs0,22.2222222222,86.5921787709,34.7826086957,43.3628318584,49.2957070901
