pdb_id,pep_identity,mhc_identity,tcrA_identity,tcrB_identity,total_identity
5hhm,44.4444444444,100.0,36.6071428571,32.7586206897,59.7091087393
5d2n,33.3333333333,99.4413407821,25.0,56.8965517241,57.9076499925
5men,22.2222222222,100.0,44.9541284404,33.6206896552,53.8365437567
4eup,11.1111111111,100.0,63.963963964,31.8965517241,53.0137896517
5bs0,22.2222222222,86.5921787709,43.3628318584,43.1034482759,50.6825136868
3ffc,22.2222222222,81.0055865922,35.0877192982,56.4102564103,49.6589322229
