pdb_id,pep_identity,mhc_identity,tcrA_identity,tcrB_identity,total_identity
5hhm,44.4444444444,100.0,33.0357142857,54.0540540541,62.6631095381
5d2n,33.3333333333,99.4413407821,60.9090909091,30.4347826087,59.4822036248
4mnq,22.2222222222,100.0,23.2142857143,56.25,53.9847883598
4eup,11.1111111111,100.0,25.0,61.2612612613,51.4139139139
2p5w,11.1111111111,100.0,25.2173913043,56.25,50.6149355878
