pdb_id,pep_identity,mhc_identity,tcrA_identity,tcrB_identity,total_identity
5hhm,44.4444444444,100.0,32.4324324324,49.1071428571,61.7380773631
3gsn,33.3333333333,100.0,27.2727272727,54.8672566372,58.1344417628
4mnq,22.2222222222,100.0,28.0701754386,54.8672566372,54.5636460867
2p5w,11.1111111111,100.0,33.3333333333,56.6371681416,52.0321206162
