pdb_id,pep_identity,mhc_identity,tcrA_identity,tcrB_identity,total_identity
5hhm,44.4444444444,100.0,36.9369369369,38.9380530973,60.7939798205
3gsn,33.3333333333,100.0,40.5405405405,31.5789473684,56.4643590959
4mnq,22.2222222222,100.0,33.9285714286,35.0877192982,52.2434558619
5bs0,22.2222222222,86.5921787709,36.2831858407,58.7719298246,52.1139862753
