pdb_id,pep_identity,mhc_identity,tcrA_identity,tcrB_identity,total_identity
5hhm,44.4444444444,100.0,27.4336283186,39.8230088496,59.3575876762
5d2n,33.3333333333,99.4413407821,25.4385964912,46.9565217391,56.3240777435
5men,22.2222222222,100.0,32.1428571429,34.2105263158,51.7996379838
5bs0,22.2222222222,86.5921787709,32.4561403509,44.2477876106,49.0554549913
4eup,11.1111111111,100.0,31.8584070796,35.0877192982,48.1947247667
