pdb_id,pep_identity,mhc_identity,tcrA_identity,tcrB_identity,total_identity
5hhm,44.4444444444,100.0,36.3636363636,34.2342342342,59.9144599145
4eup,11.1111111111,100.0,91.7431192661,34.2342342342,58.0332626204
5d2n,33.3333333333,99.4413407821,20.0,35.652173913,53.533587024
4mnq,22.2222222222,100.0,32.4324324324,38.3928571429,52.54495567
5bs0,22.2222222222,86.5921787709,41.592920354,40.1785714286,49.9000489615
