pdb_id,pep_identity,mhc_identity,tcrA_identity,tcrB_identity,total_identity
5hhm,44.4444444444,100.0,38.1818181818,31.25,59.7201178451
5d2n,33.3333333333,99.4413407821,22.5225225225,59.1304347826,57.8670509227
5men,22.2222222222,100.0,34.8214285714,33.0357142857,52.0502645503
4eup,11.1111111111,100.0,47.2727272727,29.203539823,49.783081553
5bs0,22.2222222222,86.5921787709,38.0530973451,41.9642857143,49.6076975076
3ffc,22.2222222222,81.0055865922,34.8214285714,50.4273504274,48.6173994379
