pdb_id,pep_identity,mhc_identity,tcrA_identity,tcrB_identity,total_identity
3gsn,33.3333333333,100.0,50.9259259259,91.3043478261,68.1494900698
5hhm,44.4444444444,100.0,36.6972477064,48.6956521739,62.3802981282
5men,22.2222222222,100.0,35.1351351351,89.5652173913,61.5241328285
2bnq,11.1111111111,100.0,44.2477876106,88.6956521739,59.1942770011
4eup,11.1111111111,100.0,65.1376146789,49.5652173913,56.1541757154
