pdb_id,pep_identity,mhc_identity,tcrA_identity,tcrB_identity,total_identity
5hhm,44.4444444444,100.0,30.701754386,38.9380530973,59.7547827287
5d2n,33.3333333333,99.4413407821,23.4782608696,41.7391304348,55.1277899225
5bs0,22.2222222222,86.5921787709,32.4561403509,59.649122807,51.6223441907
5men,22.2222222222,100.0,31.5789473684,31.5789473684,51.2670565302
4eup,11.1111111111,100.0,32.4561403509,35.3982300885,48.3460987769
