pdb_id,pep_identity,mhc_identity,tcrA_identity,tcrB_identity,total_identity
5hhm,44.4444444444,100.0,28.3185840708,34.5132743363,58.6201245493
5d2n,33.3333333333,99.4413407821,28.0701754386,50.4347826087,57.3423843797
5men,22.2222222222,100.0,31.8584070796,39.4736842105,52.6294226224
5bs0,22.2222222222,86.5921787709,32.4561403509,37.7192982456,47.9673734305
4eup,11.1111111111,100.0,30.9734513274,34.5132743363,47.9514913143
