pdb_id,pep_identity,mhc_identity,tcrA_identity,tcrB_identity,total_identity
5hhm,44.4444444444,100.0,44.0366972477,32.4561403509,60.8969544146
3gsn,33.3333333333,100.0,35.4545454545,30.4347826087,55.4259991217
4mnq,22.2222222222,100.0,36.6071428571,29.5652173913,51.7694674488
2p5e,11.1111111111,100.0,47.7876106195,29.8245614035,49.9723990409
5bs0,22.2222222222,86.5921787709,46.017699115,30.4347826087,49.013547285
