pdb_id,pep_identity,mhc_identity,tcrA_identity,tcrB_identity,total_identity
5hhm,44.4444444444,100.0,29.8245614035,55.7522123894,62.4109437803
3gsn,33.3333333333,100.0,24.5614035088,74.5614035088,60.9649122807
5men,22.2222222222,100.0,28.9473684211,75.4385964912,58.1384015595
2p5w,11.1111111111,100.0,32.4561403509,74.5614035088,54.873294347
4eup,11.1111111111,100.0,31.5789473684,54.3859649123,51.3645224172
