pdb_id,pep_identity,mhc_identity,tcrA_identity,tcrB_identity,total_identity
5hhm,44.4444444444,100.0,28.1818181818,36.6071428571,58.9463083213
3gsn,33.3333333333,100.0,34.5454545455,37.1681415929,56.3967104675
5bs0,22.2222222222,86.5921787709,30.9734513274,58.407079646,51.16822216
