pdb_id,pep_identity,mhc_identity,tcrA_identity,tcrB_identity,total_identity
5hhm,44.4444444444,100.0,27.1929824561,37.8378378378,58.9866181971
5d2n,33.3333333333,99.4413407821,29.5652173913,41.7391304348,56.1422826762
5bs0,22.2222222222,86.5921787709,32.4561403509,65.1785714286,52.543918961
4mnq,22.2222222222,100.0,29.8245614035,37.5,51.9615009747
4eup,11.1111111111,100.0,34.2105263158,37.8378378378,49.0450977293
