pdb_id,pep_identity,mhc_identity,tcrA_identity,tcrB_identity,total_identity
5hhm,44.4444444444,100.0,39.2523364486,54.954954955,63.8493633821
3gsn,33.3333333333,100.0,34.2592592593,55.7522123894,59.4463563859
4mnq,22.2222222222,100.0,32.1428571429,58.0357142857,55.7705026455
4eup,11.1111111111,100.0,40.3669724771,60.3603603604,53.8249258433
2bnr,11.1111111111,100.0,38.0530973451,58.5585585586,53.1389796877
