pdb_id,pep_identity,mhc_identity,tcrA_identity,tcrB_identity,total_identity
5hhm,44.4444444444,100.0,50.0,38.9380530973,62.9711569977
5d2n,33.3333333333,99.4413407821,26.1261261261,76.5217391304,61.3662022479
5men,22.2222222222,100.0,37.2727272727,32.4561403509,52.362218678
