pdb_id,pep_identity,mhc_identity,tcrA_identity,tcrB_identity,total_identity
5hhm,44.4444444444,100.0,34.2342342342,36.8421052632,59.994204731
5d2n,33.3333333333,99.4413407821,25.2252252252,66.9565217391,59.6218491992
5men,22.2222222222,100.0,27.1929824561,30.701754386,50.3898635478
4qrp,11.1111111111,81.0055865922,51.3513513514,63.1578947368,49.7904402491
3ffc,22.2222222222,81.0055865922,28.0701754386,57.264957265,48.6317917221
