pdb_id,pep_identity,mhc_identity,tcrA_identity,tcrB_identity,total_identity
5hhm,44.4444444444,100.0,29.4642857143,41.9642857143,60.0529100529
5d2n,33.3333333333,99.4413407821,26.5486725664,44.347826087,56.074307814
5bs0,22.2222222222,86.5921787709,33.3333333333,68.75,53.2853558866
4mnq,22.2222222222,100.0,28.9473684211,32.7433628319,51.0225292829
4eup,11.1111111111,100.0,36.6071428571,35.3982300885,49.037932528
