pdb_id,pep_identity,mhc_identity,tcrA_identity,tcrB_identity,total_identity
5d2n,33.3333333333,99.4413407821,62.037037037,56.5217391304,64.0180207331
5hhm,44.4444444444,100.0,30.9090909091,35.652173913,59.2416922852
3ffc,22.2222222222,81.0055865922,30.6306306306,89.7435897436,54.4716396672
