pdb_id,pep_identity,mhc_identity,tcrA_identity,tcrB_identity,total_identity
5hhm,44.4444444444,100.0,30.6306306306,56.6371681416,62.6927812769
3gsn,33.3333333333,100.0,27.9279279279,49.1228070175,57.286233602
4eup,11.1111111111,100.0,33.0357142857,87.610619469,57.1447593295
4mnq,22.2222222222,100.0,29.8245614035,49.1228070175,53.8986354776
2p5w,11.1111111111,100.0,29.8245614035,50.0,50.3411306043
