pdb_id,pep_identity,mhc_identity,tcrA_identity,tcrB_identity,total_identity
5hhm,44.4444444444,100.0,37.6146788991,30.701754386,59.5342203623
4eup,11.1111111111,100.0,89.9082568807,30.701754386,57.1387055815
5d2n,33.3333333333,99.4413407821,21.1009174312,33.6206896552,53.3784925529
5men,22.2222222222,100.0,32.4324324324,31.3043478261,51.3635374505
5bs0,22.2222222222,86.5921787709,38.9380530973,34.7826086957,48.5582439632
