pdb_id,pep_identity,mhc_identity,tcrA_identity,tcrB_identity,total_identity
5hhm,44.4444444444,100.0,37.8378378378,30.701754386,59.5714135188
5d2n,33.3333333333,99.4413407821,24.3243243243,49.5652173913,56.5731483244
4eup,11.1111111111,100.0,66.3636363636,28.0701754386,52.7760056707
5men,22.2222222222,100.0,34.2342342342,34.2105263158,52.1482008324
5bs0,22.2222222222,86.5921787709,45.1327433628,38.5964912281,50.2263394295
3ffc,22.2222222222,81.0055865922,33.6283185841,48.7179487179,48.1336474885
