pdb_id,pep_identity,mhc_identity,tcrA_identity,tcrB_identity,total_identity
5d2n,33.3333333333,99.4413407821,88.679245283,34.7826086957,64.8352003683
5hhm,44.4444444444,100.0,26.8518518519,32.1428571429,57.9805996473
