pdb_id,pep_identity,mhc_identity,tcrA_identity,tcrB_identity,total_identity
5hhm,44.4444444444,100.0,39.6396396396,38.5964912281,61.1875032928
5bs0,22.2222222222,86.5921787709,36.2831858407,91.2280701754,57.5233430004
3gsn,33.3333333333,100.0,39.6396396396,32.4561403509,56.4604077762
4mnq,22.2222222222,100.0,34.5454545455,31.5789473684,51.7614743931
