pdb_id,pep_identity,mhc_identity,tcrA_identity,tcrB_identity,total_identity
5hhm,44.4444444444,100.0,27.4336283186,36.6071428571,58.8216100108
5d2n,33.3333333333,99.4413407821,25.4385964912,33.9130434783,54.1501647001
5men,22.2222222222,100.0,30.3571428571,30.9734513274,50.9625064382
4eup,11.1111111111,100.0,35.3982300885,32.1428571429,48.2938849089
5bs0,22.2222222222,86.5921787709,31.5789473684,38.0530973451,47.8768077833
