pdb_id,pep_identity,mhc_identity,tcrA_identity,tcrB_identity,total_identity
5hhm,44.4444444444,100.0,44.1441441441,37.7192982456,61.7920552131
3gsn,33.3333333333,100.0,38.3928571429,29.5652173913,55.7707902001
5bs0,22.2222222222,86.5921787709,39.8230088496,64.347826087,53.6332728205
4mnq,22.2222222222,100.0,40.3669724771,30.4347826087,52.541033255
