pdb_id,pep_identity,mhc_identity,tcrA_identity,tcrB_identity,total_identity
5hhm,44.4444444444,100.0,30.0884955752,36.036036036,59.1689034167
5d2n,33.3333333333,99.4413407821,23.6842105263,42.6086956522,55.3070424016
5bs0,22.2222222222,86.5921787709,33.3333333333,58.0357142857,51.4996416009
4mnq,22.2222222222,100.0,26.3157894737,32.7433628319,50.5839327917
4eup,11.1111111111,100.0,36.2831858407,32.1428571429,48.4413775343
