pdb_id,pep_identity,mhc_identity,tcrA_identity,tcrB_identity,total_identity
5d2n,33.3333333333,99.4413407821,87.8504672897,61.7391304348,69.1898243259
5hhm,44.4444444444,100.0,27.5229357798,28.9473684211,57.559865515
