pdb_id,pep_identity,mhc_identity,tcrA_identity,tcrB_identity,total_identity
5hhm,44.4444444444,100.0,43.2432432432,50.4424778761,63.7624350014
3gsn,33.3333333333,100.0,40.1785714286,55.2631578947,60.3513993317
5men,22.2222222222,100.0,41.4414414414,50.8771929825,56.1271798114
2f54,11.1111111111,100.0,44.2477876106,50.4424778761,52.8187479515
4eup,11.1111111111,100.0,39.2857142857,51.3274336283,52.139228356
