pdb_id,pep_identity,mhc_identity,tcrA_identity,tcrB_identity,total_identity
3gsn,33.3333333333,100.0,40.7407407407,80.5309734513,64.6563968098
5hhm,44.4444444444,100.0,36.6972477064,54.4642857143,63.3417370516
5men,22.2222222222,100.0,36.036036036,80.5309734513,60.1685756553
4eup,11.1111111111,100.0,87.1559633028,51.3274336283,60.1176031922
2bnr,11.1111111111,100.0,41.592920354,79.6460176991,57.2435267126
