pdb_id,pep_identity,mhc_identity,tcrA_identity,tcrB_identity,total_identity
5hhm,44.4444444444,100.0,45.045045045,30.3571428571,60.7151794652
3gsn,33.3333333333,100.0,35.7142857143,29.5652173913,55.3243616287
4mnq,22.2222222222,100.0,38.3928571429,32.1428571429,52.4966931217
