pdb_id,pep_identity,mhc_identity,tcrA_identity,tcrB_identity,total_identity
5hhm,44.4444444444,100.0,29.203539823,36.8421052632,59.1557556625
5d2n,33.3333333333,99.4413407821,22.8070175439,48.6956521739,56.1753363248
5men,22.2222222222,100.0,34.8214285714,32.4561403509,51.9536688945
5bs0,22.2222222222,86.5921787709,31.5789473684,42.9824561404,48.6983675825
4eup,11.1111111111,100.0,30.0884955752,32.4561403509,47.4611430247
