pdb_id,pep_identity,mhc_identity,tcrA_identity,tcrB_identity,total_identity
5hhm,44.4444444444,100.0,31.0344827586,31.25,58.5288952746
5d2n,33.3333333333,99.4413407821,30.1724137931,33.9130434783,54.9391342504
5men,22.2222222222,100.0,33.6206896552,29.203539823,51.2114456538
3ffc,22.2222222222,81.0055865922,61.2068965517,29.9145299145,49.5961740158
5bs0,22.2222222222,86.5921787709,32.7586206897,35.3982300885,47.6309421274
4eup,11.1111111111,100.0,30.1724137931,30.3571428571,47.1252964787
