pdb_id,pep_identity,mhc_identity,tcrA_identity,tcrB_identity,total_identity
5hhm,44.4444444444,100.0,42.0560747664,33.6283185841,60.7622137066
5d2n,33.3333333333,99.4413407821,21.4953271028,54.7826086957,56.9712140049
3ffc,22.2222222222,81.0055865922,31.8181818182,87.1794871795,54.2422144377
5men,22.2222222222,100.0,33.9285714286,31.8584070796,51.7052371588
4qrp,11.1111111111,81.0055865922,33.6363636364,88.5964912281,51.0777083785
5bs0,22.2222222222,86.5921787709,39.8230088496,42.4778761062,49.988281157
4eup,11.1111111111,100.0,40.3669724771,30.0884955752,48.7796150458
