pdb_id,pep_identity,mhc_identity,tcrA_identity,tcrB_identity,total_identity
5hhm,44.4444444444,100.0,29.7297297297,32.1428571429,58.4602459602
5d2n,33.3333333333,99.4413407821,28.5714285714,40.8695652174,55.83172367
5bs0,22.2222222222,86.5921787709,32.4561403509,54.4642857143,50.7582046753
5men,22.2222222222,100.0,28.9473684211,29.4642857143,50.47601643
2e7l,22.2222222222,68.7150837989,70.2702702703,33.0357142857,47.530099433
4eup,11.1111111111,100.0,29.4642857143,32.1428571429,47.3048941799
