pdb_id,pep_identity,mhc_identity,tcrA_identity,tcrB_identity,total_identity
3gsn,33.3333333333,100.0,36.036036036,73.6842105263,62.7311522048
5hhm,44.4444444444,100.0,31.5315315315,53.5087719298,62.3215320584
5men,22.2222222222,100.0,38.8888888889,76.3157894737,59.9415204678
2f53,11.1111111111,100.0,38.0530973451,77.1929824561,56.2447170039
4eup,11.1111111111,100.0,59.0909090909,53.5087719298,55.8036505405
