pdb_id,pep_identity,mhc_identity,tcrA_identity,tcrB_identity,total_identity
5hhm,44.4444444444,100.0,35.1851851852,39.2857142857,60.5599647266
5d2n,33.3333333333,99.4413407821,21.1009174312,66.9565217391,58.9344645669
5men,22.2222222222,100.0,34.2342342342,28.0701754386,51.1248090195
5bs0,22.2222222222,86.5921787709,38.0530973451,46.9026548673,50.4307590331
4eup,11.1111111111,100.0,38.5321100917,32.7433628319,48.9162825243
3ffc,22.2222222222,81.0055865922,31.8181818182,54.7008547009,48.8291090246
