pdb_id,pep_identity,mhc_identity,tcrA_identity,tcrB_identity,total_identity
5hhm,44.4444444444,100.0,35.4545454545,36.2831858407,60.1044366974
5d2n,33.3333333333,99.4413407821,23.4234234234,41.7391304348,55.1186503482
5bs0,22.2222222222,86.5921787709,36.2831858407,56.1403508772,51.675389784
5men,22.2222222222,100.0,30.3571428571,32.4561403509,51.2096212754
4eup,11.1111111111,100.0,42.3423423423,31.8584070796,49.4038286074
