pdb_id,pep_identity,mhc_identity,tcrA_identity,tcrB_identity,total_identity
5hhm,44.4444444444,100.0,38.7387387387,53.6363636364,63.543998544
3gsn,33.3333333333,100.0,35.1351351351,47.7876106195,58.2649020702
4eup,11.1111111111,100.0,61.8181818182,56.7567567568,56.7995267995
4mnq,22.2222222222,100.0,31.8181818182,49.5495495495,54.302029302
2p5e,11.1111111111,100.0,36.2831858407,49.5495495495,51.3424929354
