pdb_id,pep_identity,mhc_identity,tcrA_identity,tcrB_identity,total_identity
5hhm,44.4444444444,100.0,88.679245283,52.2123893805,71.6300872587
3gsn,33.3333333333,100.0,37.037037037,88.4955752212,65.3665464875
5men,22.2222222222,100.0,35.7798165138,89.3805309735,61.6007986553
2bnq,11.1111111111,100.0,34.5132743363,90.2654867257,57.833497214
