pdb_id,pep_identity,mhc_identity,tcrA_identity,tcrB_identity,total_identity
5d2n,33.3333333333,99.4413407821,51.4018691589,53.0434782609,61.6657826084
5hhm,44.4444444444,100.0,32.1100917431,34.2105263158,59.2015844913
4mnq,22.2222222222,100.0,21.6216216216,34.7826086957,50.1414457936
