pdb_id,pep_identity,mhc_identity,tcrA_identity,tcrB_identity,total_identity
5hhm,44.4444444444,100.0,41.4414414414,38.9380530973,61.5447305713
3gsn,33.3333333333,100.0,46.8468468468,32.4561403509,57.6616089774
4mnq,22.2222222222,100.0,41.592920354,34.2105263158,53.374648519
5bs0,22.2222222222,86.5921787709,39.8230088496,58.7719298246,52.7039567767
2p5w,11.1111111111,100.0,41.592920354,33.3333333333,49.5247459849
