pdb_id,pep_identity,mhc_identity,tcrA_identity,tcrB_identity,total_identity
5hhm,44.4444444444,100.0,33.3333333333,35.1351351351,59.5595595596
3gsn,33.3333333333,100.0,36.9369369369,31.3043478261,55.8179919049
5bs0,22.2222222222,86.5921787709,38.9380530973,32.1428571429,48.1182853711
