pdb_id,pep_identity,mhc_identity,tcrA_identity,tcrB_identity,total_identity
5hhm,44.4444444444,100.0,32.7272727273,33.3333333333,59.1582491582
3gsn,33.3333333333,100.0,36.3636363636,35.652173913,56.4470794906
5bs0,22.2222222222,86.5921787709,38.9380530973,37.3913043478,48.9930265719
