pdb_id,pep_identity,mhc_identity,tcrA_identity,tcrB_identity,total_identity
5hhm,44.4444444444,100.0,90.8256880734,51.7857142857,71.916715208
3gsn,33.3333333333,100.0,36.036036036,73.4513274336,62.6923383561
5men,22.2222222222,100.0,35.1351351351,74.1071428571,58.9477870728
