pdb_id,pep_identity,mhc_identity,tcrA_identity,tcrB_identity,total_identity
3gsn,33.3333333333,100.0,87.1559633028,56.6371681416,68.4099663518
5hhm,44.4444444444,100.0,38.5321100917,55.4545454545,63.8125907392
4mnq,22.2222222222,100.0,36.6071428571,57.1428571429,56.3657407407
