pdb_id,pep_identity,mhc_identity,tcrA_identity,tcrB_identity,total_identity
5hhm,44.4444444444,100.0,36.6972477064,52.1739130435,62.9600082731
4eup,11.1111111111,100.0,85.3211009174,55.652173913,60.5325828421
3gsn,33.3333333333,100.0,39.4495412844,47.4137931034,58.9216668424
4mnq,22.2222222222,100.0,33.6363636364,50.0,54.6801346801
2bnr,11.1111111111,100.0,39.8230088496,50.4347826087,52.0800022801
