pdb_id,pep_identity,mhc_identity,tcrA_identity,tcrB_identity,total_identity
5hhm,44.4444444444,100.0,36.3636363636,58.5585585586,63.9685139685
3gsn,33.3333333333,100.0,33.3333333333,50.4424778761,58.407079646
4eup,11.1111111111,100.0,30.6306306306,91.8918918919,57.4574574575
5men,22.2222222222,100.0,30.0,50.0,54.0740740741
2p5w,11.1111111111,100.0,31.8584070796,53.5714285714,51.2753429789
