pdb_id,pep_identity,mhc_identity,tcrA_identity,tcrB_identity,total_identity
5hhm,44.4444444444,100.0,37.5,53.0973451327,63.2477056703
3gsn,33.3333333333,100.0,39.2857142857,55.2631578947,60.2025898079
4mnq,22.2222222222,100.0,33.0357142857,56.1403508772,55.6034182679
4eup,11.1111111111,100.0,50.0,61.0619469027,55.5473615208
2bnr,11.1111111111,100.0,38.9380530973,54.8672566372,52.6712553261
