pdb_id,pep_identity,mhc_identity,tcrA_identity,tcrB_identity,total_identity
5hhm,44.4444444444,100.0,88.785046729,50.9090909091,71.4305044212
3gsn,33.3333333333,100.0,37.6146788991,50.4424778761,59.1206372403
