pdb_id,pep_identity,mhc_identity,tcrA_identity,tcrB_identity,total_identity
3gsn,33.3333333333,100.0,36.3636363636,73.6842105263,62.7857522594
5hhm,44.4444444444,100.0,32.7272727273,52.6315789474,62.3746234273
5men,22.2222222222,100.0,29.0909090909,76.3157894737,58.3085238348
4eup,11.1111111111,100.0,63.3027522936,54.3859649123,56.651823238
2f53,11.1111111111,100.0,37.1681415929,78.0701754386,56.243423209
