pdb_id,pep_identity,mhc_identity,tcrA_identity,tcrB_identity,total_identity
5hhm,44.4444444444,100.0,26.8518518519,32.7586206897,58.0832269051
3gsn,33.3333333333,100.0,23.8532110092,31.6239316239,53.6906348833
3ffc,22.2222222222,81.0055865922,33.6363636364,47.0085470085,47.8500880456
