pdb_id,pep_identity,mhc_identity,tcrA_identity,tcrB_identity,total_identity
5hhm,44.4444444444,100.0,37.8378378378,36.6071428571,60.5556449306
5eu6,11.1111111111,100.0,89.3805309735,45.1327433628,59.4559160931
5bs0,22.2222222222,86.5921787709,82.3008849558,41.9642857143,56.9823287761
2pye,11.1111111111,100.0,86.7256637168,30.0884955752,56.5060635857
