pdb_id,pep_identity,mhc_identity,tcrA_identity,tcrB_identity,total_identity
5hhm,44.4444444444,100.0,38.0530973451,49.5575221239,62.7499180597
3gsn,33.3333333333,100.0,36.2831858407,72.5663716814,62.5860373648
5men,22.2222222222,100.0,29.7297297297,73.4513274336,57.9375836013
2f53,11.1111111111,100.0,36.8421052632,75.2212389381,55.7142610706
4eup,11.1111111111,100.0,60.7142857143,51.3274336283,55.7106569275
