pdb_id,pep_identity,mhc_identity,tcrA_identity,tcrB_identity,total_identity
5hhm,44.4444444444,100.0,33.0275229358,39.6396396396,60.2593419107
3gsn,33.3333333333,100.0,36.6972477064,33.6283185841,56.1653721595
5bs0,22.2222222222,86.5921787709,37.1681415929,41.9642857143,49.4602048823
