pdb_id,pep_identity,mhc_identity,tcrA_identity,tcrB_identity,total_identity
5hhm,44.4444444444,100.0,36.3636363636,36.9369369369,60.3649103649
3gsn,33.3333333333,100.0,33.3333333333,32.7433628319,55.4572271386
