pdb_id,pep_identity,mhc_identity,tcrA_identity,tcrB_identity,total_identity
5hhm,44.4444444444,100.0,40.0,41.592920354,61.7469682071
5men,22.2222222222,100.0,86.3636363636,33.3333333333,60.6902356902
5d2n,33.3333333333,99.4413407821,22.7272727273,65.2173913043,58.9156687104
5bs0,22.2222222222,86.5921787709,39.8230088496,43.3628318584,50.1357737824
3ffc,22.2222222222,81.0055865922,31.8584070796,58.1196581197,49.4056138047
