pdb_id,pep_identity,mhc_identity,tcrA_identity,tcrB_identity,total_identity
5d2n,33.3333333333,99.4413407821,26.9565217391,74.358974359,61.1441407215
5hhm,44.4444444444,100.0,26.0869565217,37.9310344828,58.8178133156
3ffc,22.2222222222,81.0055865922,53.0434782609,60.6837606838,53.3638094289
5men,22.2222222222,100.0,30.4347826087,31.6239316239,51.0838597795
5bs0,22.2222222222,86.5921787709,34.7826086957,47.4137931034,49.9708672976
