pdb_id,pep_identity,mhc_identity,tcrA_identity,tcrB_identity,total_identity
3gsn,33.3333333333,100.0,21.9298245614,49.5575221239,56.3590022253
2e7l,22.2222222222,68.7150837989,68.4210526316,51.8181818182,50.3523077487
5bs0,22.2222222222,86.5921787709,35.0877192982,40.0,48.7860868808
