pdb_id,pep_identity,mhc_identity,tcrA_identity,tcrB_identity,total_identity
5hhm,44.4444444444,100.0,26.724137931,36.6071428571,58.7033616128
5d2n,33.3333333333,99.4413407821,27.5862068966,44.347826087,56.2472302024
5bs0,22.2222222222,86.5921787709,33.6206896552,65.1785714286,52.7380105117
4mnq,22.2222222222,100.0,27.5862068966,31.25,50.5467752235
3ffc,22.2222222222,81.0055865922,53.4482758621,41.0256410256,50.1549224194
4eup,11.1111111111,100.0,30.1724137931,32.1428571429,47.4229155264
