pdb_id,pep_identity,mhc_identity,tcrA_identity,tcrB_identity,total_identity
5hhm,44.4444444444,100.0,35.7798165138,33.0357142857,59.6174032814
3gsn,33.3333333333,100.0,40.7407407407,30.4347826087,56.3070316694
