pdb_id,pep_identity,mhc_identity,tcrA_identity,tcrB_identity,total_identity
5hhm,44.4444444444,100.0,29.5652173913,50.8771929825,61.5552165438
3gsn,33.3333333333,100.0,26.0869565217,74.5614035088,61.2191711162
5men,22.2222222222,100.0,30.4347826087,79.8245614035,59.1172980761
2p5e,11.1111111111,100.0,35.652173913,74.5614035088,55.4059666073
3ffc,22.2222222222,81.0055865922,83.4782608696,29.9145299145,53.3080680688
3qdj,0.0,100.0,31.3043478261,67.5438596491,49.8080345792
