pdb_id,pep_identity,mhc_identity,tcrA_identity,tcrB_identity,total_identity
5hhm,44.4444444444,100.0,42.2018348624,38.3928571429,61.5805968157
3gsn,33.3333333333,100.0,35.4545454545,32.7433628319,55.8107624922
5bs0,22.2222222222,86.5921787709,44.2477876106,60.1769911504,53.6755967912
5men,22.2222222222,100.0,40.0,31.8584070796,52.7171419207
2p5e,11.1111111111,100.0,46.9026548673,33.0357142857,50.3600985625
