pdb_id,pep_identity,mhc_identity,tcrA_identity,tcrB_identity,total_identity
2bnq,11.1111111111,100.0,89.3805309735,88.3928571429,66.6659350564
3gsn,33.3333333333,100.0,40.5405405405,88.4955752212,65.9504637381
5hhm,44.4444444444,100.0,37.8378378378,53.6363636364,63.3938483938
5men,22.2222222222,100.0,39.8230088496,91.8181818182,62.6809391854
5eu6,11.1111111111,100.0,89.3805309735,35.3982300885,57.833497214
5bs0,22.2222222222,86.5921787709,84.0707964602,34.5454545455,56.0408421653
