pdb_id,pep_identity,mhc_identity,tcrA_identity,tcrB_identity,total_identity
5hhm,44.4444444444,100.0,28.4403669725,94.5945945946,68.653975076
3gsn,33.3333333333,100.0,34.2592592593,50.4424778761,58.5614006337
