pdb_id,pep_identity,mhc_identity,tcrA_identity,tcrB_identity,total_identity
5hhm,44.4444444444,100.0,31.25,50.8928571429,61.8386243386
3gsn,33.3333333333,100.0,37.8378378378,49.5575221239,59.0103377714
5men,22.2222222222,100.0,30.4347826087,49.5575221239,54.0727915295
2p5w,11.1111111111,100.0,33.9130434783,49.5575221239,50.9487979707
3ffc,22.2222222222,81.0055865922,67.2566371681,30.7692307692,50.746914261
