pdb_id,pep_identity,mhc_identity,tcrA_identity,tcrB_identity,total_identity
5hhm,44.4444444444,100.0,44.1441441441,57.1428571429,65.0293150293
3gsn,33.3333333333,100.0,45.045045045,76.1061946903,64.6363177337
5men,22.2222222222,100.0,38.0530973451,76.1061946903,59.7672894133
2p5w,11.1111111111,100.0,46.9026548673,75.2212389381,57.3910193379
4eup,11.1111111111,100.0,42.3423423423,54.8672566372,53.238636867
