pdb_id,pep_identity,mhc_identity,tcrA_identity,tcrB_identity,total_identity
5hhm,44.4444444444,100.0,52.6785714286,56.6371681416,66.3674380765
3gsn,33.3333333333,100.0,32.7433628319,49.1228070175,58.088806086
4eup,11.1111111111,100.0,32.1428571429,88.4955752212,57.1434424311
5men,22.2222222222,100.0,37.5,48.2456140351,55.0316764133
