pdb_id,pep_identity,mhc_identity,tcrA_identity,tcrB_identity,total_identity
5hhm,44.4444444444,100.0,32.1739130435,33.9285714286,59.1652288935
5d2n,33.3333333333,99.4413407821,27.8260869565,33.9130434783,54.5480797776
4mnq,22.2222222222,100.0,28.6956521739,32.4561403509,50.9327061615
3ffc,22.2222222222,81.0055865922,58.2608695652,30.7692307692,49.2476196605
5bs0,22.2222222222,86.5921787709,33.0434782609,34.5132743363,47.5309257639
