pdb_id,pep_identity,mhc_identity,tcrA_identity,tcrB_identity,total_identity
5hhm,44.4444444444,100.0,44.6428571429,93.6363636364,71.1946849447
3gsn,33.3333333333,100.0,38.3928571429,47.7876106195,58.8078557382
4eup,11.1111111111,100.0,66.6666666667,56.7567567568,57.6076076076
