pdb_id,pep_identity,mhc_identity,tcrA_identity,tcrB_identity,total_identity
5hhm,44.4444444444,100.0,36.1111111111,52.6785714286,62.9464285714
3gsn,33.3333333333,100.0,34.8623853211,75.2212389381,62.7917151543
5men,22.2222222222,100.0,29.4642857143,82.1428571429,59.3419312169
2f53,11.1111111111,100.0,34.5132743363,78.5714285714,55.8844875217
4eup,11.1111111111,100.0,40.3669724771,55.3571428571,52.9910562594
