pdb_id,pep_identity,mhc_identity,tcrA_identity,tcrB_identity,total_identity
5hhm,44.4444444444,100.0,44.5454545455,35.0877192982,61.4203437888
5d2n,33.3333333333,99.4413407821,27.9279279279,53.9130434783,57.8983866062
3ffc,22.2222222222,81.0055865922,31.8584070796,87.1794871795,54.248918648
5men,22.2222222222,100.0,39.8230088496,31.5789473684,52.6410667771
4qrp,11.1111111111,81.0055865922,33.6363636364,87.7192982456,50.9315095481
5bs0,22.2222222222,86.5921787709,38.0530973451,41.2280701754,49.4849949178
