pdb_id,pep_identity,mhc_identity,tcrA_identity,tcrB_identity,total_identity
5hhm,44.4444444444,100.0,26.9565217391,35.9649122807,58.6350538181
5d2n,33.3333333333,99.4413407821,25.0,33.3333333333,53.9804469274
5men,22.2222222222,100.0,36.2831858407,31.0344827586,51.960352174
5bs0,22.2222222222,86.5921787709,31.3043478261,38.2608695652,47.8656698963
4eup,11.1111111111,100.0,27.8260869565,33.9130434783,47.3268921095
