pdb_id,pep_identity,mhc_identity,tcrA_identity,tcrB_identity,total_identity
5hhm,44.4444444444,100.0,34.2342342342,41.592920354,60.7860072462
5d2n,33.3333333333,99.4413407821,21.6216216216,68.6956521739,59.3111036711
4eup,11.1111111111,100.0,84.5454545455,32.4561403509,56.5373028531
5men,22.2222222222,100.0,35.1351351351,28.6956521739,51.3792052922
5bs0,22.2222222222,86.5921787709,40.7079646018,47.3684210526,50.9508646068
3ffc,22.2222222222,81.0055865922,34.5132743363,56.4102564103,49.5631913959
