pdb_id,pep_identity,mhc_identity,tcrA_identity,tcrB_identity,total_identity
5hhm,44.4444444444,100.0,32.7272727273,36.9369369369,59.7588497588
5d2n,33.3333333333,99.4413407821,22.0183486239,56.5217391304,57.3482393309
4eup,11.1111111111,100.0,63.3027522936,33.6283185841,53.1922155166
4mnq,22.2222222222,100.0,29.0909090909,35.7142857143,51.5416065416
5bs0,22.2222222222,86.5921787709,38.9380530973,45.9459459459,50.4188001716
3ffc,22.2222222222,81.0055865922,29.4642857143,52.9914529915,48.1518927224
