pdb_id,pep_identity,mhc_identity,tcrA_identity,tcrB_identity,total_identity
5d2n,33.3333333333,99.4413407821,28.9719626168,74.7826086957,61.5506532572
5hhm,44.4444444444,100.0,32.1100917431,39.6396396396,60.1064367119
4eup,11.1111111111,100.0,60.5504587156,33.6283185841,52.7334999203
4mnq,22.2222222222,100.0,30.0,33.0357142857,51.2466931217
5bs0,22.2222222222,86.5921787709,37.1681415929,49.5495495495,50.7244155215
3ffc,22.2222222222,81.0055865922,30.3571428571,59.8290598291,49.4403033858
