pdb_id,pep_identity,mhc_identity,tcrA_identity,tcrB_identity,total_identity
5hhm,44.4444444444,100.0,36.4485981308,32.1428571429,59.5800573604
5d2n,33.3333333333,99.4413407821,20.5607476636,52.1739130435,56.3806681563
5men,22.2222222222,100.0,34.8214285714,34.8214285714,52.3478835979
5bs0,22.2222222222,86.5921787709,37.1681415929,41.0714285714,49.3113953584
4eup,11.1111111111,100.0,41.2844036697,29.203539823,48.7850276192
3ffc,22.2222222222,81.0055865922,32.7272727273,50.4273504274,48.2683734639
