pdb_id,pep_identity,mhc_identity,tcrA_identity,tcrB_identity,total_identity
5hhm,44.4444444444,100.0,50.9090909091,33.6283185841,62.237716397
3gsn,33.3333333333,100.0,32.4324324324,30.4347826087,54.922313618
3qeq,0.0,100.0,83.6363636364,30.701754386,52.3896863371
5men,22.2222222222,100.0,34.8214285714,32.4561403509,51.9536688945
