pdb_id,pep_identity,mhc_identity,tcrA_identity,tcrB_identity,total_identity
5d2n,33.3333333333,99.4413407821,52.380952381,60.8695652174,63.1333109715
5hhm,44.4444444444,100.0,24.0740740741,31.8584070796,57.4702283404
3ffc,22.2222222222,81.0055865922,27.2727272727,85.4700854701,53.1997383953
