pdb_id,pep_identity,mhc_identity,tcrA_identity,tcrB_identity,total_identity
5hhm,44.4444444444,100.0,38.1818181818,30.3571428571,59.5713083213
5d2n,33.3333333333,99.4413407821,22.5225225225,63.4782608696,58.5916886038
5men,22.2222222222,100.0,34.8214285714,35.7142857143,52.4966931217
4eup,11.1111111111,100.0,46.3636363636,29.203539823,49.6315664015
5bs0,22.2222222222,86.5921787709,38.9380530973,41.0714285714,49.6063806092
3ffc,22.2222222222,81.0055865922,35.7142857143,49.5726495726,48.6237588193
