pdb_id,pep_identity,mhc_identity,tcrA_identity,tcrB_identity,total_identity
5hhm,44.4444444444,100.0,38.5321100917,35.0877192982,60.4181197131
5d2n,33.3333333333,99.4413407821,27.7777777778,53.9130434783,57.8733615812
3ffc,22.2222222222,81.0055865922,33.0357142857,87.1794871795,54.4451365157
4eup,11.1111111111,100.0,65.1376146789,30.701754386,53.0102652145
5men,22.2222222222,100.0,37.2727272727,31.5789473684,52.2160198476
4qrp,11.1111111111,81.0055865922,34.5454545455,87.7192982456,51.0830246996
5bs0,22.2222222222,86.5921787709,44.2477876106,41.2280701754,50.5174432954
