pdb_id,pep_identity,mhc_identity,tcrA_identity,tcrB_identity,total_identity
5eu6,11.1111111111,100.0,87.610619469,63.7168141593,62.2582759751
5hhm,44.4444444444,100.0,36.9369369369,36.2831858407,60.3515019444
5bs0,22.2222222222,86.5921787709,84.0707964602,43.3628318584,57.5104050508
2bnr,11.1111111111,100.0,87.610619469,30.9734513274,56.8010488364
3ffc,22.2222222222,81.0055865922,33.6283185841,91.452991453,55.256154611
5men,22.2222222222,100.0,41.9642857143,30.9734513274,52.8970302477
4qrp,11.1111111111,81.0055865922,32.4324324324,90.350877193,51.1694508387
