pdb_id,pep_identity,mhc_identity,tcrA_identity,tcrB_identity,total_identity
5hhm,44.4444444444,100.0,29.3577981651,36.9369369369,59.1972706652
3gsn,33.3333333333,100.0,30.9090909091,31.8584070796,54.9056941092
5bs0,22.2222222222,86.5921787709,29.203539823,41.9642857143,48.1327712539
