pdb_id,pep_identity,mhc_identity,tcrA_identity,tcrB_identity,total_identity
5hhm,44.4444444444,100.0,29.0909090909,39.6396396396,59.6032396032
3gsn,33.3333333333,100.0,25.6880733945,34.5132743363,54.4780023996
4qrp,11.1111111111,81.0055865922,89.0909090909,31.8584070796,50.8637852629
5bs0,22.2222222222,86.5921787709,30.0884955752,38.3928571429,47.6850257841
