pdb_id,pep_identity,mhc_identity,tcrA_identity,tcrB_identity,total_identity
5d2n,33.3333333333,99.4413407821,51.8518518519,40.8695652174,59.7117942167
5hhm,44.4444444444,100.0,23.6363636364,40.3669724771,58.8153708337
5bs0,22.2222222222,86.5921787709,23.6842105263,67.2727272727,51.4309566309
5men,22.2222222222,100.0,24.5454545455,32.4324324324,50.2370552371
