pdb_id,pep_identity,mhc_identity,tcrA_identity,tcrB_identity,total_identity
5hhm,44.4444444444,100.0,34.8623853211,36.2831858407,60.0057433418
5d2n,33.3333333333,99.4413407821,22.0183486239,57.3913043478,57.4931668671
4eup,11.1111111111,100.0,86.2385321101,34.5132743363,57.1623381114
5men,22.2222222222,100.0,34.2342342342,37.1681415929,52.6411367119
5bs0,22.2222222222,86.5921787709,40.7079646018,43.3628318584,50.2832664078
3ffc,22.2222222222,81.0055865922,33.9285714286,52.9914529915,48.8959403415
