pdb_id,pep_identity,mhc_identity,tcrA_identity,tcrB_identity,total_identity
5hhm,44.4444444444,100.0,43.2432432432,40.1785714286,62.0517839268
5d2n,33.3333333333,99.4413407821,20.3539823009,66.9565217391,58.8099753785
5men,22.2222222222,100.0,42.7272727273,35.1351351351,53.7178087178
