pdb_id,pep_identity,mhc_identity,tcrA_identity,tcrB_identity,total_identity
5hhm,44.4444444444,100.0,36.6972477064,37.1681415929,60.4590463647
5d2n,33.3333333333,99.4413407821,19.0909090909,68.6956521739,58.8893182493
5men,22.2222222222,100.0,33.3333333333,34.5132743363,52.0485086857
5bs0,22.2222222222,86.5921787709,41.592920354,39.8230088496,49.8407885316
3ffc,22.2222222222,81.0055865922,31.5315315315,55.5555555556,48.9237841193
4eup,11.1111111111,100.0,39.0909090909,30.9734513274,48.7144304401
