pdb_id,pep_identity,mhc_identity,tcrA_identity,tcrB_identity,total_identity
5hhm,44.4444444444,100.0,34.2592592593,31.5789473684,59.1211825861
5d2n,33.3333333333,99.4413407821,19.2660550459,57.3913043478,57.0344512708
4mnq,22.2222222222,100.0,32.1428571429,35.0877192982,51.9458368143
5bs0,22.2222222222,86.5921787709,38.9380530973,41.2280701754,49.6324875432
4eup,11.1111111111,100.0,41.2844036697,29.8245614035,48.8885312159
3ffc,22.2222222222,81.0055865922,33.6363636364,51.2820512821,48.5623387579
