pdb_id,pep_identity,mhc_identity,tcrA_identity,tcrB_identity,total_identity
5hhm,44.4444444444,100.0,31.5789473684,51.3274336283,61.9658783143
3gsn,33.3333333333,100.0,26.3157894737,63.7168141593,59.4498783833
5men,22.2222222222,100.0,25.4385964912,62.8318584071,55.4524832238
3qdj,0.0,100.0,30.701754386,89.3805309735,53.3470475599
2pye,11.1111111111,100.0,31.5789473684,63.7168141593,52.9196639583
