pdb_id,pep_identity,mhc_identity,tcrA_identity,tcrB_identity,total_identity
5hhm,44.4444444444,100.0,32.1100917431,32.4324324324,58.9052355107
5d2n,33.3333333333,99.4413407821,29.9065420561,49.5652173913,57.5035179464
4eup,11.1111111111,100.0,60.5504587156,32.1428571429,52.4859230134
4mnq,22.2222222222,100.0,30.0,34.8214285714,51.5443121693
5bs0,22.2222222222,86.5921787709,38.0530973451,35.7142857143,48.566030841
3ffc,22.2222222222,81.0055865922,31.25,45.2991452991,47.167460488
