pdb_id,pep_identity,mhc_identity,tcrA_identity,tcrB_identity,total_identity
5hhm,44.4444444444,100.0,28.8288288288,38.3928571429,59.3517624768
5d2n,33.3333333333,99.4413407821,27.6785714286,54.7826086957,58.0017547259
4mnq,22.2222222222,100.0,28.9473684211,36.2831858407,51.6124997844
5bs0,22.2222222222,86.5921787709,32.4561403509,44.6428571429,49.1212999133
3ffc,22.2222222222,81.0055865922,34.2105263158,53.8461538462,49.0853829651
4eup,11.1111111111,100.0,30.3571428571,33.6283185841,47.7012806106
2e7l,22.2222222222,68.7150837989,69.3693693694,34.5132743363,47.6262092913
4qrp,11.1111111111,81.0055865922,49.5495495495,51.7543859649,47.5895551535
