pdb_id,pep_identity,mhc_identity,tcrA_identity,tcrB_identity,total_identity
3gsn,33.3333333333,100.0,37.8378378378,74.3362831858,63.1401312817
5hhm,44.4444444444,100.0,35.1351351351,50.4424778761,62.41108365
4eup,11.1111111111,100.0,90.0,52.2123893805,60.7391019338
5men,22.2222222222,100.0,34.2342342342,76.1061946903,59.1308122282
2pye,11.1111111111,100.0,43.3628318584,81.4159292035,57.833497214
