pdb_id,pep_identity,mhc_identity,tcrA_identity,tcrB_identity,total_identity
5hhm,44.4444444444,100.0,29.3577981651,36.6071428571,59.1423049852
3gsn,33.3333333333,100.0,36.1111111111,38.9380530973,56.9526384792
5bs0,22.2222222222,86.5921787709,34.5132743363,58.407079646,51.7581926614
