pdb_id,pep_identity,mhc_identity,tcrA_identity,tcrB_identity,total_identity
5hhm,44.4444444444,100.0,42.8571428571,35.7142857143,61.2433862434
5d2n,33.3333333333,99.4413407821,25.6637168142,63.4782608696,59.1152209858
5men,22.2222222222,100.0,36.9369369369,37.8378378378,53.2032032032
5bs0,22.2222222222,86.5921787709,46.9026548673,39.2857142857,50.6361951899
4eup,11.1111111111,100.0,41.9642857143,30.0884955752,49.0458339186
