pdb_id,pep_identity,mhc_identity,tcrA_identity,tcrB_identity,total_identity
3gsn,33.3333333333,100.0,24.347826087,90.2654867257,63.5466632465
5hhm,44.4444444444,100.0,27.8260869565,50.4424778761,61.1929089536
4mnq,22.2222222222,100.0,26.9565217391,91.1504424779,60.4252347769
2bnr,11.1111111111,100.0,35.652173913,90.2654867257,58.0233138102
4eup,11.1111111111,100.0,36.5217391304,51.3274336283,51.6785658302
