pdb_id,pep_identity,mhc_identity,tcrA_identity,tcrB_identity,total_identity
5d2n,33.3333333333,99.4413407821,27.9279279279,64.347826087,59.637517041
5hhm,44.4444444444,100.0,28.8288288288,28.9473684211,57.7775143565
4mnq,22.2222222222,100.0,27.1929824561,32.4561403509,50.6822612086
5bs0,22.2222222222,86.5921787709,30.701754386,39.4736842105,47.9673734305
