pdb_id,pep_identity,mhc_identity,tcrA_identity,tcrB_identity,total_identity
5d2n,33.3333333333,99.4413407821,49.0909090909,66.0869565217,63.4545356406
5hhm,44.4444444444,100.0,23.2142857143,34.2105263158,57.7189501532
