pdb_id,pep_identity,mhc_identity,tcrA_identity,tcrB_identity,total_identity
3gsn,33.3333333333,100.0,85.4545454545,47.7876106195,66.6514704568
5hhm,44.4444444444,100.0,37.2727272727,53.5714285714,63.2888407888
5men,22.2222222222,100.0,36.6071428571,49.5575221239,55.1015182376
