pdb_id,pep_identity,mhc_identity,tcrA_identity,tcrB_identity,total_identity
5hhm,44.4444444444,100.0,26.9565217391,93.6936936937,68.256517387
3gsn,33.3333333333,100.0,25.2173913043,50.4424778761,57.0544226412
