pdb_id,pep_identity,mhc_identity,tcrA_identity,tcrB_identity,total_identity
5hhm,44.4444444444,100.0,36.4485981308,32.7433628319,59.6801416419
5d2n,33.3333333333,99.4413407821,23.3644859813,50.4347826087,56.5581028035
4mnq,22.2222222222,100.0,32.1428571429,35.0877192982,51.9458368143
4eup,11.1111111111,100.0,41.2844036697,32.7433628319,49.3749981206
5bs0,22.2222222222,86.5921787709,37.1681415929,35.9649122807,48.46030931
