pdb_id,pep_identity,mhc_identity,tcrA_identity,tcrB_identity,total_identity
3gsn,33.3333333333,100.0,38.7387387387,75.2212389381,63.4377740572
5hhm,44.4444444444,100.0,34.2342342342,53.0973451327,62.703411376
4eup,11.1111111111,100.0,86.3636363636,53.982300885,60.4280265785
5men,22.2222222222,100.0,36.6972477064,76.1061946903,59.5413144735
2pye,11.1111111111,100.0,42.4778761062,76.9911504425,56.9485414618
