pdb_id,pep_identity,mhc_identity,tcrA_identity,tcrB_identity,total_identity
5hhm,44.4444444444,100.0,27.9279279279,50.0,61.1361361361
3gsn,33.3333333333,100.0,26.1261261261,47.7876106195,56.7634005687
4mnq,22.2222222222,100.0,29.4642857143,47.7876106195,53.6160567964
2p5e,11.1111111111,100.0,32.4561403509,48.2142857143,50.4821080479
2e7l,22.2222222222,68.7150837989,62.1621621622,54.4642857143,49.7501766531
