pdb_id,pep_identity,mhc_identity,tcrA_identity,tcrB_identity,total_identity
5hhm,44.4444444444,100.0,37.1681415929,33.0357142857,59.8487907946
3gsn,33.3333333333,100.0,41.592920354,30.0884955752,56.3913470993
5bs0,22.2222222222,86.5921787709,36.8421052632,38.0530973451,48.7540007658
