pdb_id,pep_identity,mhc_identity,tcrA_identity,tcrB_identity,total_identity
5hhm,44.4444444444,100.0,41.8181818182,37.1681415929,61.3125353833
3gsn,33.3333333333,100.0,40.5405405405,35.9649122807,57.195353248
5men,22.2222222222,100.0,49.5327102804,35.0877192982,54.8441456705
5bs0,22.2222222222,86.5921787709,38.0530973451,42.4778761062,49.6932959063
