pdb_id,pep_identity,mhc_identity,tcrA_identity,tcrB_identity,total_identity
5hhm,44.4444444444,100.0,33.6363636364,38.1818181818,60.1178451178
3gsn,33.3333333333,100.0,33.3333333333,30.9734513274,55.1622418879
5bs0,22.2222222222,86.5921787709,38.0530973451,40.5405405405,49.3704066453
