pdb_id,pep_identity,mhc_identity,tcrA_identity,tcrB_identity,total_identity
5hhm,44.4444444444,100.0,38.0530973451,36.3636363636,60.5509370996
3gsn,33.3333333333,100.0,34.5132743363,31.8584070796,55.5063913471
4mnq,22.2222222222,100.0,29.7297297297,32.1428571429,51.0528385528
5bs0,22.2222222222,86.5921787709,39.4736842105,39.6396396396,49.4570209728
