pdb_id,pep_identity,mhc_identity,tcrA_identity,tcrB_identity,total_identity
5hhm,44.4444444444,100.0,38.1818181818,31.0344827586,59.6841983049
5d2n,33.3333333333,99.4413407821,22.5225225225,56.8965517241,57.4947370796
5men,22.2222222222,100.0,34.8214285714,34.4827586207,52.2914386061
4eup,11.1111111111,100.0,47.2727272727,30.1724137931,49.944560548
5bs0,22.2222222222,86.5921787709,38.0530973451,40.5172413793,49.3665234518
3ffc,22.2222222222,81.0055865922,34.8214285714,52.1367521368,48.9022997228
