pdb_id,pep_identity,mhc_identity,tcrA_identity,tcrB_identity,total_identity
5hhm,44.4444444444,100.0,34.2592592593,39.6396396396,60.464631298
3gsn,33.3333333333,100.0,34.8623853211,30.9734513274,55.4170838859
5bs0,22.2222222222,86.5921787709,38.9380530973,66.6666666667,53.8722536251
