pdb_id,pep_identity,mhc_identity,tcrA_identity,tcrB_identity,total_identity
3gsn,33.3333333333,100.0,31.4814814815,79.6460176991,62.9656943079
5hhm,44.4444444444,100.0,28.0373831776,52.2123893805,61.5231102412
5men,22.2222222222,100.0,32.4324324324,79.6460176991,59.4204824293
2f54,11.1111111111,100.0,30.0884955752,78.7610619469,55.1786299574
4eup,11.1111111111,100.0,36.1111111111,49.5575221239,51.3151425762
