pdb_id,pep_identity,mhc_identity,tcrA_identity,tcrB_identity,total_identity
5d2n,33.3333333333,99.4413407821,28.9473684211,76.5217391304,61.8364092971
5hhm,44.4444444444,100.0,30.9734513274,35.3982300885,59.2100950508
4mnq,22.2222222222,100.0,27.1929824561,37.1681415929,51.4675947489
4qrp,11.1111111111,81.0055865922,56.6371681416,57.8947368421,49.7942167317
