pdb_id,pep_identity,mhc_identity,tcrA_identity,tcrB_identity,total_identity
5hhm,44.4444444444,100.0,30.3571428571,34.2342342342,58.9133776634
5d2n,33.3333333333,99.4413407821,23.0088495575,56.5217391304,57.5133228198
3ffc,22.2222222222,81.0055865922,28.0701754386,74.358974359,51.4807945711
5men,22.2222222222,100.0,26.3157894737,26.7857142857,49.5909913673
4eup,11.1111111111,100.0,35.7142857143,32.1428571429,48.3465608466
5bs0,22.2222222222,86.5921787709,29.8245614035,40.1785714286,47.9386558031
