pdb_id,pep_identity,mhc_identity,tcrA_identity,tcrB_identity,total_identity
3gsn,33.3333333333,100.0,42.2018348624,75.2212389381,64.0149567445
5hhm,44.4444444444,100.0,36.6972477064,54.954954955,63.4235152584
4eup,11.1111111111,100.0,84.4036697248,54.4642857143,60.1816962769
5men,22.2222222222,100.0,33.3333333333,78.3783783784,59.3593593594
2pye,11.1111111111,100.0,41.592920354,77.6785714286,56.9156190008
