pdb_id,pep_identity,mhc_identity,tcrA_identity,tcrB_identity,total_identity
5d2n,33.3333333333,99.4413407821,19.2660550459,76.0683760684,60.1472965575
5hhm,44.4444444444,100.0,34.2592592593,34.188034188,59.5560303894
4mnq,22.2222222222,100.0,32.1428571429,31.6239316239,51.3685388685
5bs0,22.2222222222,86.5921787709,38.9380530973,43.5897435897,50.0260997789
3ffc,22.2222222222,81.0055865922,33.6363636364,58.1196581197,49.7019398975
4eup,11.1111111111,100.0,41.2844036697,29.0598290598,48.7610758253
