pdb_id,pep_identity,mhc_identity,tcrA_identity,tcrB_identity,total_identity
5hhm,44.4444444444,100.0,42.3423423423,35.0877192982,61.0531584216
5d2n,33.3333333333,99.4413407821,26.5486725664,53.9130434783,57.6685107126
3ffc,22.2222222222,81.0055865922,29.8245614035,87.1794871795,53.9099443686
5men,22.2222222222,100.0,39.6396396396,31.5789473684,52.6105052421
5bs0,22.2222222222,86.5921787709,42.4778761062,41.2280701754,50.2224580447
4qrp,11.1111111111,81.0055865922,28.3185840708,87.7192982456,50.0452129538
