pdb_id,pep_identity,mhc_identity,tcrA_identity,tcrB_identity,total_identity
5hhm,44.4444444444,100.0,37.037037037,53.5714285714,63.2495590829
3gsn,33.3333333333,100.0,32.1100917431,54.8672566372,58.9406691745
5men,22.2222222222,100.0,33.0357142857,56.6371681416,55.6862211453
4eup,11.1111111111,100.0,39.4495412844,58.9285714286,53.4333891559
2bnr,11.1111111111,100.0,38.9380530973,57.1428571429,53.0505220771
