pdb_id,pep_identity,mhc_identity,tcrA_identity,tcrB_identity,total_identity
3gsn,33.3333333333,100.0,39.0909090909,89.3805309735,65.8563511218
5hhm,44.4444444444,100.0,36.3636363636,55.3571428571,63.4349446849
5men,22.2222222222,100.0,32.4324324324,91.1504424779,61.3378865591
4eup,11.1111111111,100.0,87.1559633028,53.982300885,60.5600810683
2bnq,11.1111111111,100.0,42.4778761062,90.2654867257,59.1609308423
