pdb_id,pep_identity,mhc_identity,tcrA_identity,tcrB_identity,total_identity
5hhm,44.4444444444,100.0,41.4414414414,55.4545454545,64.2974792975
3gsn,33.3333333333,100.0,44.1441441441,48.6725663717,59.9138961971
4mnq,22.2222222222,100.0,36.2831858407,51.8181818182,55.4243020172
4eup,11.1111111111,100.0,44.1441441441,55.8558558559,53.7037037037
2p5w,11.1111111111,100.0,47.7876106195,51.7857142857,53.6325911879
