pdb_id,pep_identity,mhc_identity,tcrA_identity,tcrB_identity,total_identity
5hhm,44.4444444444,100.0,29.4642857143,56.25,62.4338624339
3gsn,33.3333333333,100.0,28.5714285714,61.0619469027,59.3833403568
5men,22.2222222222,100.0,28.0701754386,61.6071428571,55.6869604567
3qeq,0.0,100.0,30.3571428571,91.0714285714,53.5714285714
2f53,11.1111111111,100.0,31.5789473684,61.6071428571,52.5680520746
2e7l,22.2222222222,68.7150837989,59.8214285714,62.5,50.6993401023
