pdb_id,pep_identity,mhc_identity,tcrA_identity,tcrB_identity,total_identity
5hhm,44.4444444444,100.0,92.523364486,51.724137931,72.189398551
3gsn,33.3333333333,100.0,36.6972477064,77.5862068966,63.4916868783
5men,22.2222222222,100.0,36.036036036,77.5862068966,59.6777812295
