pdb_id,pep_identity,mhc_identity,tcrA_identity,tcrB_identity,total_identity
5hhm,44.4444444444,100.0,31.1926605505,37.2727272727,59.5590461187
3gsn,33.3333333333,100.0,44.0366972477,33.6283185841,57.3886137497
5bs0,22.2222222222,86.5921787709,38.0530973451,59.4594594595,52.5235597985
