pdb_id,pep_identity,mhc_identity,tcrA_identity,tcrB_identity,total_identity
3gsn,33.3333333333,100.0,86.2385321101,30.9734513274,63.9797750174
5hhm,44.4444444444,100.0,39.4495412844,40.9090909091,61.5412535137
5bs0,22.2222222222,86.5921787709,38.9380530973,93.6363636364,58.36720312
4mnq,22.2222222222,100.0,36.6071428571,32.7272727273,52.2964766715
5eu6,11.1111111111,100.0,41.592920354,43.3628318584,51.1963290724
