pdb_id,pep_identity,mhc_identity,tcrA_identity,tcrB_identity,total_identity
5hhm,44.4444444444,100.0,55.4545454545,31.8584070796,62.7003069038
5d2n,33.3333333333,99.4413407821,27.2727272727,57.3913043478,58.3688966419
5men,22.2222222222,100.0,37.5,35.3982300885,52.8904457555
