pdb_id,pep_identity,mhc_identity,tcrA_identity,tcrB_identity,total_identity
5d2n,33.3333333333,99.4413407821,50.0,52.1739130435,61.2872102124
5hhm,44.4444444444,100.0,24.5454545455,32.4561403509,57.6484139642
5men,22.2222222222,100.0,21.6216216216,33.3333333333,49.8998998999
