pdb_id,pep_identity,mhc_identity,tcrA_identity,tcrB_identity,total_identity
3gsn,33.3333333333,100.0,45.045045045,76.9911504425,64.783810359
5hhm,44.4444444444,100.0,42.3423423423,48.6486486486,63.3133133133
5men,22.2222222222,100.0,36.2831858407,80.0,60.1212717142
2bnr,11.1111111111,100.0,46.9026548673,78.5714285714,57.9493842768
