pdb_id,pep_identity,mhc_identity,tcrA_identity,tcrB_identity,total_identity
5hhm,44.4444444444,100.0,50.4424778761,39.6396396396,63.1618344008
5d2n,33.3333333333,99.4413407821,20.0,86.9565217391,62.0843116617
4mnq,22.2222222222,100.0,31.8584070796,33.0357142857,51.556427635
5bs0,22.2222222222,86.5921787709,38.5964912281,49.5495495495,50.962473794
