pdb_id,pep_identity,mhc_identity,tcrA_identity,tcrB_identity,total_identity
5hhm,44.4444444444,100.0,35.9649122807,54.0540540541,63.1513092039
2bnq,11.1111111111,100.0,89.4736842105,60.7142857143,62.0683653578
5men,22.2222222222,100.0,40.350877193,63.6363636364,58.0719475456
5bs0,22.2222222222,86.5921787709,85.0877192982,34.2342342342,56.1584592531
5d2n,33.3333333333,99.4413407821,22.6086956522,34.7826086957,53.8234420965
4eup,11.1111111111,100.0,41.2280701754,53.5714285714,52.8369534948
