pdb_id,pep_identity,mhc_identity,tcrA_identity,tcrB_identity,total_identity
5hhm,44.4444444444,100.0,44.5454545455,34.7826086957,61.3694920217
5d2n,33.3333333333,99.4413407821,27.9279279279,48.6956521739,57.0288213888
5men,22.2222222222,100.0,39.8230088496,33.9130434783,53.0300827954
5bs0,22.2222222222,86.5921787709,38.0530973451,40.0,49.2803165552
