pdb_id,pep_identity,mhc_identity,tcrA_identity,tcrB_identity,total_identity
5d2n,33.3333333333,99.4413407821,27.027027027,69.5652173913,60.3569321082
5hhm,44.4444444444,100.0,29.7297297297,36.2831858407,59.1503007432
4mnq,22.2222222222,100.0,28.0701754386,28.9473684211,50.2436647173
5bs0,22.2222222222,86.5921787709,31.5789473684,43.8596491228,48.8445664129
