pdb_id,pep_identity,mhc_identity,tcrA_identity,tcrB_identity,total_identity
5hhm,44.4444444444,100.0,57.1428571429,37.1681415929,63.8666479374
3gsn,33.3333333333,100.0,31.8584070796,31.3043478261,54.9715702621
4mnq,22.2222222222,100.0,34.8214285714,32.1739130435,51.9066310099
3qeq,0.0,100.0,82.1428571429,28.6956521739,51.8064182195
