pdb_id,pep_identity,mhc_identity,tcrA_identity,tcrB_identity,total_identity
3gsn,33.3333333333,100.0,42.5925925926,78.7610619469,64.6700535344
5hhm,44.4444444444,100.0,35.7798165138,51.3513513514,62.670009459
4eup,11.1111111111,100.0,85.3211009174,53.5714285714,60.1857919518
5men,22.2222222222,100.0,33.3333333333,79.2792792793,59.5095095095
2pye,11.1111111111,100.0,41.592920354,75.8928571429,56.6179999532
