pdb_id,pep_identity,mhc_identity,tcrA_identity,tcrB_identity,total_identity
5hhm,44.4444444444,100.0,38.5321100917,31.8181818182,59.8731967998
3gsn,33.3333333333,100.0,42.2018348624,34.5132743363,57.2302959776
5bs0,22.2222222222,86.5921787709,35.3982300885,36.9369369369,48.3273281686
