pdb_id,pep_identity,mhc_identity,tcrA_identity,tcrB_identity,total_identity
5hhm,44.4444444444,100.0,28.4482758621,30.3571428571,57.949051268
5d2n,33.3333333333,99.4413407821,27.5862068966,34.7826086957,54.6530273039
5men,22.2222222222,100.0,30.1724137931,29.203539823,50.6367330101
5bs0,22.2222222222,86.5921787709,37.0689655172,35.3982300885,48.349332932
3ffc,22.2222222222,81.0055865922,52.5862068966,29.9145299145,48.1593924066
4eup,11.1111111111,100.0,29.3103448276,30.3571428571,46.9816183178
