pdb_id,pep_identity,mhc_identity,tcrA_identity,tcrB_identity,total_identity
5hhm,44.4444444444,100.0,32.7272727273,32.1428571429,58.9598364598
3gsn,33.3333333333,100.0,31.5315315315,30.0884955752,54.7144489622
5bs0,22.2222222222,86.5921787709,35.3982300885,38.0530973451,48.5133549033
