pdb_id,pep_identity,mhc_identity,tcrA_identity,tcrB_identity,total_identity
5hhm,44.4444444444,100.0,36.3636363636,30.9734513274,59.3709960967
5d2n,33.3333333333,99.4413407821,23.6363636364,49.5652173913,56.4584882098
4eup,11.1111111111,100.0,87.1559633028,29.203539823,56.430287558
5men,22.2222222222,100.0,36.036036036,32.4561403509,52.1561034719
5bs0,22.2222222222,86.5921787709,41.592920354,37.7192982456,49.4901700977
3ffc,22.2222222222,81.0055865922,33.0357142857,47.8632478632,47.892429963
