pdb_id,pep_identity,mhc_identity,tcrA_identity,tcrB_identity,total_identity
5hhm,44.4444444444,100.0,36.6972477064,35.9649122807,60.258508146
3gsn,33.3333333333,100.0,44.0366972477,34.2105263158,57.4856483717
5bs0,22.2222222222,86.5921787709,41.592920354,66.6666666667,54.3147315012
