pdb_id,pep_identity,mhc_identity,tcrA_identity,tcrB_identity,total_identity
5hhm,44.4444444444,100.0,30.6306306306,31.8584070796,58.5629877665
5d2n,33.3333333333,99.4413407821,22.7272727273,57.3913043478,57.6113208843
4eup,11.1111111111,100.0,60.0,31.8584070796,52.3467715503
5men,22.2222222222,100.0,31.8181818182,35.3982300885,51.9434760585
5bs0,22.2222222222,86.5921787709,38.0530973451,42.4778761062,49.6932959063
3ffc,22.2222222222,81.0055865922,29.203539823,52.1367521368,47.9659849314
