pdb_id,pep_identity,mhc_identity,tcrA_identity,tcrB_identity,total_identity
5hhm,44.4444444444,100.0,35.7798165138,56.3636363636,63.5053902944
4eup,11.1111111111,100.0,40.9090909091,89.1891891892,58.7200837201
3gsn,33.3333333333,100.0,33.6363636364,50.4424778761,58.4575846965
4mnq,22.2222222222,100.0,32.1428571429,55.8558558559,55.4071929072
2p5w,11.1111111111,100.0,38.0530973451,51.7857142857,52.0101723088
