pdb_id,pep_identity,mhc_identity,tcrA_identity,tcrB_identity,total_identity
5hhm,44.4444444444,100.0,38.3177570093,33.0357142857,60.040393364
5d2n,33.3333333333,99.4413407821,22.4299065421,51.3043478261,56.5472670998
5men,22.2222222222,100.0,33.9285714286,34.8214285714,52.1990740741
5bs0,22.2222222222,86.5921787709,38.0530973451,41.9642857143,49.6076975076
3ffc,22.2222222222,81.0055865922,35.4545454545,52.1367521368,49.0078192033
4eup,11.1111111111,100.0,40.3669724771,30.0884955752,48.7796150458
