pdb_id,pep_identity,mhc_identity,tcrA_identity,tcrB_identity,total_identity
5hhm,44.4444444444,100.0,36.3636363636,35.0877192982,60.0567074251
5d2n,33.3333333333,99.4413407821,24.1071428571,42.2413793103,55.3163117331
5bs0,22.2222222222,86.5921787709,30.0884955752,60.8695652174,51.4311437965
5men,22.2222222222,100.0,30.0,27.8260869565,50.3784219002
