pdb_id,pep_identity,mhc_identity,tcrA_identity,tcrB_identity,total_identity
3gsn,33.3333333333,100.0,87.5,34.2105263158,64.7295321637
5hhm,44.4444444444,100.0,37.5,35.3982300885,60.2978531629
5eu6,11.1111111111,100.0,45.1327433628,56.1403508772,53.915886077
5men,22.2222222222,100.0,37.5,35.0877192982,52.8386939571
