pdb_id,pep_identity,mhc_identity,tcrA_identity,tcrB_identity,total_identity
5hhm,44.4444444444,100.0,44.4444444444,31.8584070796,60.8652900688
5d2n,33.3333333333,99.4413407821,33.6363636364,57.3913043478,59.4295027025
4mnq,22.2222222222,100.0,37.8378378378,35.3982300885,52.9467520618
2pye,11.1111111111,100.0,40.7079646018,41.592920354,50.7538511963
5bs0,22.2222222222,86.5921787709,39.8230088496,42.4778761062,49.988281157
4eup,11.1111111111,100.0,38.1818181818,31.8584070796,48.7104079139
