pdb_id,pep_identity,mhc_identity,tcrA_identity,tcrB_identity,total_identity
5hhm,44.4444444444,100.0,36.3636363636,32.4561403509,59.6181109339
5d2n,33.3333333333,99.4413407821,24.1071428571,44.8275862069,55.7473462158
5men,22.2222222222,100.0,30.0,28.6956521739,50.5233494364
5bs0,22.2222222222,86.5921787709,30.0884955752,53.5087719298,50.2043449152
