pdb_id,pep_identity,mhc_identity,tcrA_identity,tcrB_identity,total_identity
5hhm,44.4444444444,100.0,38.1818181818,31.8584070796,59.8215190251
3gsn,33.3333333333,100.0,42.7272727273,37.7192982456,57.8522062733
5bs0,22.2222222222,86.5921787709,38.0530973451,43.3628318584,49.8407885316
3ffc,22.2222222222,81.0055865922,34.8214285714,50.4273504274,48.6173994379
