pdb_id,pep_identity,mhc_identity,tcrA_identity,tcrB_identity,total_identity
3gsn,33.3333333333,100.0,34.8623853211,92.1052631579,65.6057191909
5hhm,44.4444444444,100.0,34.2592592593,47.3684210526,61.7527615335
5men,22.2222222222,100.0,32.1428571429,87.7192982456,60.7177666388
2bnq,11.1111111111,100.0,46.017699115,85.9649122807,59.0341389363
