pdb_id,pep_identity,mhc_identity,tcrA_identity,tcrB_identity,total_identity
5d2n,33.3333333333,99.4413407821,23.2142857143,75.8620689655,60.7709504851
5hhm,44.4444444444,100.0,37.8378378378,36.2068965517,60.4889372131
5men,22.2222222222,100.0,35.7142857143,32.7586206897,52.1528918081
4eup,11.1111111111,100.0,49.5495495495,31.8965517241,50.6113872493
3ffc,22.2222222222,81.0055865922,33.6283185841,60.6837606838,50.1279494828
5bs0,22.2222222222,86.5921787709,35.3982300885,46.5517241379,49.9297927021
