pdb_id,pep_identity,mhc_identity,tcrA_identity,tcrB_identity,total_identity
5hhm,44.4444444444,100.0,30.2752293578,37.5,59.4440197078
3gsn,33.3333333333,100.0,33.9449541284,32.7433628319,55.5591639378
5bs0,22.2222222222,86.5921787709,30.9734513274,58.407079646,51.16822216
