pdb_id,pep_identity,mhc_identity,tcrA_identity,tcrB_identity,total_identity
5hhm,44.4444444444,100.0,35.4545454545,93.6363636364,69.6632996633
3gsn,33.3333333333,100.0,31.5315315315,48.6725663717,57.811794095
