pdb_id,pep_identity,mhc_identity,tcrA_identity,tcrB_identity,total_identity
5hhm,44.4444444444,100.0,35.7798165138,53.982300885,63.1085010479
3gsn,33.3333333333,100.0,41.2844036697,60.1769911504,61.3546769145
4eup,11.1111111111,100.0,85.3211009174,53.982300885,60.2542706708
5men,22.2222222222,100.0,33.3333333333,61.9469026549,56.6207800721
2bnr,11.1111111111,100.0,42.4778761062,61.0619469027,54.2936742052
