pdb_id,pep_identity,mhc_identity,tcrA_identity,tcrB_identity,total_identity
5hhm,44.4444444444,100.0,45.045045045,32.1428571429,61.0127985128
3gsn,33.3333333333,100.0,34.8214285714,38.0530973451,56.5901987639
4mnq,22.2222222222,100.0,36.6071428571,32.7433628319,52.2991583556
5bs0,22.2222222222,86.5921787709,46.017699115,37.1681415929,50.1357737824
2p5e,11.1111111111,100.0,46.9026548673,30.3571428571,49.9136699911
