pdb_id,pep_identity,mhc_identity,tcrA_identity,tcrB_identity,total_identity
2vlr,33.3333333333,100.0,44.6428571429,94.5454545455,67.6424963925
3gsn,33.3333333333,100.0,33.6283185841,48.6725663717,58.1612586037
