pdb_id,pep_identity,mhc_identity,tcrA_identity,tcrB_identity,total_identity
3gsn,33.3333333333,100.0,87.2727272727,61.0619469027,69.1668901403
5hhm,44.4444444444,100.0,37.2727272727,54.954954955,63.5194285194
5men,22.2222222222,100.0,45.4545454545,69.0909090909,59.8316498316
