pdb_id,pep_identity,mhc_identity,tcrA_identity,tcrB_identity,total_identity
5d2n,33.3333333333,99.4413407821,49.0909090909,34.7826086957,58.2371443362
5hhm,44.4444444444,100.0,23.2142857143,36.9369369369,58.1733519234
5men,22.2222222222,100.0,23.2142857143,32.1428571429,49.9669312169
5bs0,22.2222222222,86.5921787709,26.9565217391,39.2857142857,47.3118396685
4eup,11.1111111111,100.0,21.4285714286,36.9369369369,46.7646217646
