pdb_id,pep_identity,mhc_identity,tcrA_identity,tcrB_identity,total_identity
5hhm,44.4444444444,100.0,27.6785714286,37.5,59.0112433862
3gsn,33.3333333333,100.0,34.8214285714,32.7433628319,55.7052430117
5bs0,22.2222222222,86.5921787709,32.7433628319,59.2920353982,51.6107000361
