pdb_id,pep_identity,mhc_identity,tcrA_identity,tcrB_identity,total_identity
5d2n,33.3333333333,99.4413407821,89.6226415094,29.3103448276,64.0803890947
5hhm,44.4444444444,100.0,25.0,35.1351351351,58.1706706707
