pdb_id,pep_identity,mhc_identity,tcrA_identity,tcrB_identity,total_identity
5hhm,44.4444444444,100.0,44.0366972477,54.8672566372,64.6321404623
3gsn,33.3333333333,100.0,37.2727272727,56.1403508772,60.0132908028
5men,22.2222222222,100.0,40.1785714286,56.1403508772,56.7938944584
2p5w,11.1111111111,100.0,48.6725663717,57.0175438596,54.6520554089
4eup,11.1111111111,100.0,35.1351351351,59.2920353982,52.7748987926
