pdb_id,pep_identity,mhc_identity,tcrA_identity,tcrB_identity,total_identity
5hhm,44.4444444444,100.0,38.7387387387,36.036036036,60.6106106106
5eu6,11.1111111111,100.0,91.1504424779,38.9380530973,58.7184529662
5bs0,22.2222222222,86.5921787709,85.8407079646,37.5,56.8282516585
2pye,11.1111111111,100.0,84.9557522124,31.25,56.4046624058
