pdb_id,pep_identity,mhc_identity,tcrA_identity,tcrB_identity,total_identity
5hhm,44.4444444444,100.0,30.2752293578,34.8214285714,58.9975911364
3gsn,33.3333333333,100.0,33.9449541284,31.8584070796,55.4116713125
5bs0,22.2222222222,86.5921787709,31.8584070796,40.7079646018,48.365862278
