pdb_id,pep_identity,mhc_identity,tcrA_identity,tcrB_identity,total_identity
5hhm,44.4444444444,100.0,33.0275229358,38.9380530973,60.1424108203
5d2n,33.3333333333,99.4413407821,25.6880733945,69.5652173913,60.1337731695
5men,22.2222222222,100.0,31.5315315315,28.6956521739,50.7786046916
5bs0,22.2222222222,86.5921787709,33.6283185841,47.3684210526,49.7709236038
3ffc,22.2222222222,81.0055865922,33.0357142857,56.4102564103,49.3169313875
4eup,11.1111111111,100.0,37.6146788991,33.3333333333,48.8617057424
