pdb_id,pep_identity,mhc_identity,tcrA_identity,tcrB_identity,total_identity
5hhm,44.4444444444,100.0,34.8623853211,30.9734513274,59.1207875896
3gsn,33.3333333333,100.0,33.6363636364,29.8245614035,55.0212652844
5bs0,22.2222222222,86.5921787709,38.9380530973,35.0877192982,48.6090957303
