pdb_id,pep_identity,mhc_identity,tcrA_identity,tcrB_identity,total_identity
5hhm,44.4444444444,100.0,36.6972477064,32.4324324324,59.6697615046
4eup,11.1111111111,100.0,91.7431192661,33.3333333333,57.8831124703
5d2n,33.3333333333,99.4413407821,20.1834862385,33.9130434783,53.2743129913
4mnq,22.2222222222,100.0,32.4324324324,33.0357142857,51.6520985271
5bs0,22.2222222222,86.5921787709,40.7079646018,37.5,49.3061277647
