pdb_id,pep_identity,mhc_identity,tcrA_identity,tcrB_identity,total_identity
5d2n,33.3333333333,99.4413407821,49.5412844037,44.4444444444,59.9225128465
5hhm,44.4444444444,100.0,24.3243243243,35.3448275862,58.0930067999
5bs0,22.2222222222,86.5921787709,22.8070175439,86.2068965517,54.4404526803
5men,22.2222222222,100.0,23.4234234234,31.8965517241,49.9607365987
