pdb_id,pep_identity,mhc_identity,tcrA_identity,tcrB_identity,total_identity
5hhm,44.4444444444,100.0,37.6146788991,37.5,60.667261298
5d2n,33.3333333333,99.4413407821,24.5454545455,53.9130434783,57.3346410424
3ffc,22.2222222222,81.0055865922,33.0357142857,88.8888888889,54.7300368006
5men,22.2222222222,100.0,36.036036036,31.8584070796,52.05648126
4qrp,11.1111111111,81.0055865922,33.6363636364,89.4736842105,51.2239072089
4eup,11.1111111111,100.0,46.3636363636,32.7433628319,50.221536903
5bs0,22.2222222222,86.5921787709,36.2831858407,43.75,49.6103313045
