pdb_id,pep_identity,mhc_identity,tcrA_identity,tcrB_identity,total_identity
5hhm,44.4444444444,100.0,30.2752293578,36.6071428571,59.295210184
3gsn,33.3333333333,100.0,33.9449541284,31.8584070796,55.4116713125
5bs0,22.2222222222,86.5921787709,30.9734513274,37.1681415929,47.6283991511
