pdb_id,pep_identity,mhc_identity,tcrA_identity,tcrB_identity,total_identity
5hhm,44.4444444444,100.0,35.1851851852,33.9285714286,59.6671075838
5d2n,33.3333333333,99.4413407821,19.2660550459,51.3043478261,56.0199585171
5men,22.2222222222,100.0,32.1428571429,35.7142857143,52.0502645503
5bs0,22.2222222222,86.5921787709,40.7079646018,42.8571428571,50.1989849075
4eup,11.1111111111,100.0,40.3669724771,30.9734513274,48.9271076711
3ffc,22.2222222222,81.0055865922,32.7272727273,52.9914529915,48.6957238913
