pdb_id,pep_identity,mhc_identity,tcrA_identity,tcrB_identity,total_identity
5hhm,44.4444444444,100.0,30.701754386,58.407079646,62.9996204868
3gsn,33.3333333333,100.0,26.3157894737,49.1228070175,57.0175438596
4eup,11.1111111111,100.0,30.701754386,88.4955752212,56.9032586382
5men,22.2222222222,100.0,31.3043478261,50.8771929825,54.4376642088
2p5w,11.1111111111,100.0,33.9130434783,52.6315789474,51.4611407746
