pdb_id,pep_identity,mhc_identity,tcrA_identity,tcrB_identity,total_identity
5hhm,44.4444444444,100.0,38.0530973451,38.9380530973,60.9800065552
5bs0,22.2222222222,86.5921787709,35.9649122807,91.1504424779,57.4573594575
3gsn,33.3333333333,100.0,41.592920354,31.8584070796,56.68633235
4mnq,22.2222222222,100.0,32.7433628319,34.5132743363,51.9501802688
