pdb_id,pep_identity,mhc_identity,tcrA_identity,tcrB_identity,total_identity
5hhm,44.4444444444,100.0,38.1818181818,29.4642857143,59.4224987975
5d2n,33.3333333333,99.4413407821,22.5225225225,61.7391304348,58.3018335314
5men,22.2222222222,100.0,34.8214285714,33.9285714286,52.1990740741
4eup,11.1111111111,100.0,46.3636363636,28.3185840708,49.4840737761
5bs0,22.2222222222,86.5921787709,38.0530973451,40.1785714286,49.31007846
3ffc,22.2222222222,81.0055865922,34.8214285714,48.7179487179,48.332499153
