pdb_id,pep_identity,mhc_identity,tcrA_identity,tcrB_identity,total_identity
5hhm,44.4444444444,100.0,60.0,34.5132743363,63.9003605375
5d2n,33.3333333333,99.4413407821,27.027027027,49.5652173913,57.0235987749
5men,22.2222222222,100.0,36.6071428571,33.3333333333,52.3974867725
