pdb_id,pep_identity,mhc_identity,tcrA_identity,tcrB_identity,total_identity
5hhm,44.4444444444,100.0,37.6146788991,36.036036036,60.423267304
3gsn,33.3333333333,100.0,39.4495412844,30.9734513274,56.1816098798
5bs0,22.2222222222,86.5921787709,44.2477876106,41.9642857143,50.6401458852
