pdb_id,pep_identity,mhc_identity,tcrA_identity,tcrB_identity,total_identity
5d2n,33.3333333333,99.4413407821,28.9473684211,68.6956521739,60.532061471
5hhm,44.4444444444,100.0,32.4561403509,36.9369369369,59.7136610295
3ffc,22.2222222222,81.0055865922,61.4035087719,53.8461538462,53.6175467078
4mnq,22.2222222222,100.0,30.4347826087,29.7297297297,50.7681594638
5bs0,22.2222222222,86.5921787709,33.0434782609,44.6428571429,49.219189565
