pdb_id,pep_identity,mhc_identity,tcrA_identity,tcrB_identity,total_identity
5hhm,44.4444444444,100.0,36.3636363636,51.3513513514,62.7673127673
3gsn,33.3333333333,100.0,33.3333333333,59.2920353982,59.8820058997
5men,22.2222222222,100.0,30.0,60.3603603604,55.8008008008
3qeq,0.0,100.0,37.2727272727,87.5,54.1287878788
2f53,11.1111111111,100.0,30.9734513274,61.6071428571,52.4671360678
