pdb_id,pep_identity,mhc_identity,tcrA_identity,tcrB_identity,total_identity
5hhm,44.4444444444,100.0,30.0,36.2068965517,59.1826309068
5d2n,33.3333333333,99.4413407821,22.0183486239,67.2413793103,59.1348460275
4eup,11.1111111111,100.0,60.5504587156,29.3103448276,52.0138376276
5men,22.2222222222,100.0,31.4814814815,32.7586206897,51.4474244359
3ffc,22.2222222222,81.0055865922,28.5714285714,57.264957265,48.7153339109
5bs0,22.2222222222,86.5921787709,35.3982300885,38.7931034483,48.6366892539
