pdb_id,pep_identity,mhc_identity,tcrA_identity,tcrB_identity,total_identity
5hhm,44.4444444444,100.0,24.7706422018,37.2727272727,58.4887097272
5d2n,33.3333333333,99.4413407821,50.4672897196,33.9130434783,58.3216135715
4mnq,22.2222222222,100.0,21.8181818182,34.2342342342,50.0828100828
5bs0,22.2222222222,86.5921787709,26.3157894737,42.3423423423,47.7144889671
