pdb_id,pep_identity,mhc_identity,tcrA_identity,tcrB_identity,total_identity
5hhm,44.4444444444,100.0,23.2142857143,38.1818181818,58.3808321308
5d2n,33.3333333333,99.4413407821,50.0,33.9130434783,58.2437319515
4mnq,22.2222222222,100.0,20.5357142857,33.9285714286,49.8181216931
