pdb_id,pep_identity,mhc_identity,tcrA_identity,tcrB_identity,total_identity
5hhm,44.4444444444,100.0,36.6972477064,33.6363636364,59.8704167053
3gsn,33.3333333333,100.0,33.6363636364,30.9734513274,55.2127469384
5bs0,22.2222222222,86.5921787709,40.7079646018,38.7387387387,49.5125842211
