pdb_id,pep_identity,mhc_identity,tcrA_identity,tcrB_identity,total_identity
5hhm,44.4444444444,100.0,44.0366972477,39.4736842105,62.0665450579
5bs0,22.2222222222,86.5921787709,44.2477876106,90.350877193,58.7045777983
5d2n,33.3333333333,99.4413407821,23.4234234234,46.9565217391,55.9882155656
5men,22.2222222222,100.0,36.6071428571,33.3333333333,52.3974867725
2p5w,11.1111111111,100.0,46.9026548673,33.3333333333,50.4097017371
