pdb_id,pep_identity,mhc_identity,tcrA_identity,tcrB_identity,total_identity
5hhm,44.4444444444,100.0,36.2831858407,37.3913043478,60.4272298462
5d2n,33.3333333333,99.4413407821,25.6637168142,70.6896551724,60.3171200362
4eup,11.1111111111,100.0,65.1785714286,31.3043478261,53.1175235795
5men,22.2222222222,100.0,35.7142857143,29.3103448276,51.5781791644
5bs0,22.2222222222,86.5921787709,43.8596491228,45.6896551724,51.1963510469
3ffc,22.2222222222,81.0055865922,33.9130434783,56.4102564103,49.4631529196
