pdb_id,pep_identity,mhc_identity,tcrA_identity,tcrB_identity,total_identity
5hhm,44.4444444444,100.0,42.3423423423,36.036036036,61.2112112112
3gsn,33.3333333333,100.0,40.1785714286,32.7433628319,56.5981001545
4mnq,22.2222222222,100.0,39.6396396396,32.7433628319,52.804574486
5bs0,22.2222222222,86.5921787709,42.4778761062,39.2857142857,49.898732063
2p5e,11.1111111111,100.0,40.7079646018,31.25,49.0300311373
