pdb_id,pep_identity,mhc_identity,tcrA_identity,tcrB_identity,total_identity
3gsn,33.3333333333,100.0,23.4234234234,78.7610619469,61.4751920062
5hhm,44.4444444444,100.0,24.5454545455,54.0540540541,61.2480662481
5men,22.2222222222,100.0,21.6216216216,82.8828828829,58.1581581582
