pdb_id,pep_identity,mhc_identity,tcrA_identity,tcrB_identity,total_identity
5hhm,44.4444444444,100.0,36.6972477064,51.3043478261,62.8150807369
3gsn,33.3333333333,100.0,39.8148148148,60.0,61.0802469136
4eup,11.1111111111,100.0,87.1559633028,51.3043478261,60.1137555585
5men,22.2222222222,100.0,32.4324324324,59.1304347826,56.0012186099
2bnr,11.1111111111,100.0,41.592920354,61.7391304348,54.2590455018
