pdb_id,pep_identity,mhc_identity,tcrA_identity,tcrB_identity,total_identity
5hhm,44.4444444444,100.0,30.6306306306,34.2105263158,58.9550076392
5d2n,33.3333333333,99.4413407821,23.6363636364,54.7826086957,57.3280534272
4eup,11.1111111111,100.0,59.0909090909,31.5789473684,52.1486797803
5men,22.2222222222,100.0,30.9090909091,34.2105263158,51.5940102782
5bs0,22.2222222222,86.5921787709,37.1681415929,42.9824561404,49.6298999533
3ffc,22.2222222222,81.0055865922,30.9734513274,54.7008547009,48.6883206095
