pdb_id,pep_identity,mhc_identity,tcrA_identity,tcrB_identity,total_identity
5hhm,44.4444444444,100.0,29.0909090909,33.9285714286,58.6513949014
5d2n,33.3333333333,99.4413407821,31.1926605505,34.7826086957,55.2541029128
5men,22.2222222222,100.0,30.9090909091,32.7433628319,51.3494830309
4eup,11.1111111111,100.0,29.0909090909,34.8214285714,47.6890933141
5bs0,22.2222222222,86.5921787709,29.203539823,38.0530973451,47.4809065257
