pdb_id,pep_identity,mhc_identity,tcrA_identity,tcrB_identity,total_identity
5hhm,44.4444444444,100.0,31.5315315315,35.0877192982,59.2513566198
5d2n,33.3333333333,99.4413407821,25.0,33.6206896552,54.0283396477
5men,22.2222222222,100.0,27.4336283186,30.4347826087,50.3854758953
5bs0,22.2222222222,86.5921787709,31.5789473684,40.8695652174,48.3462190954
4eup,11.1111111111,100.0,32.1428571429,34.2105263158,48.0959342801
