pdb_id,pep_identity,mhc_identity,tcrA_identity,tcrB_identity,total_identity
5hhm,44.4444444444,100.0,30.2752293578,57.2727272727,62.7394742532
3gsn,33.3333333333,100.0,33.9449541284,75.2212389381,62.6388099555
5men,22.2222222222,100.0,29.7297297297,77.4774774775,58.6086086086
2pye,11.1111111111,100.0,31.8584070796,76.7857142857,55.1443905979
4eup,11.1111111111,100.0,34.8623853211,55.3571428571,52.0736250667
