pdb_id,pep_identity,mhc_identity,tcrA_identity,tcrB_identity,total_identity
5hhm,44.4444444444,100.0,88.785046729,32.4561403509,68.3550126615
3gsn,33.3333333333,100.0,36.6972477064,29.5652173913,55.4881886274
