pdb_id,pep_identity,mhc_identity,tcrA_identity,tcrB_identity,total_identity
5hhm,44.4444444444,100.0,42.7272727273,53.6363636364,64.2087542088
3gsn,33.3333333333,100.0,35.4545454545,53.982300885,59.350585501
4mnq,22.2222222222,100.0,31.8584070796,55.8558558559,55.3597845633
4eup,11.1111111111,100.0,45.9459459459,60.3603603604,54.7547547548
2f54,11.1111111111,100.0,39.8230088496,54.954954955,52.8333643378
