pdb_id,pep_identity,mhc_identity,tcrA_identity,tcrB_identity,total_identity
5hhm,44.4444444444,100.0,51.376146789,39.6396396396,63.3174458863
5d2n,33.3333333333,99.4413407821,27.9279279279,42.6086956522,56.0143286352
3qeq,0.0,100.0,84.4036697248,31.25,52.6089449541
5bs0,22.2222222222,86.5921787709,30.0884955752,65.1785714286,52.1493114984
4mnq,22.2222222222,100.0,32.1428571429,33.0357142857,51.6038359788
