pdb_id,pep_identity,mhc_identity,tcrA_identity,tcrB_identity,total_identity
5hhm,44.4444444444,100.0,51.3513513514,90.9090909091,71.8582218582
3gsn,33.3333333333,100.0,33.0357142857,49.5575221239,58.209983846
