pdb_id,pep_identity,mhc_identity,tcrA_identity,tcrB_identity,total_identity
5d2n,33.3333333333,99.4413407821,86.2385321101,42.6086956522,65.7327626655
5hhm,44.4444444444,100.0,26.1261261261,35.7142857143,58.4548834549
