pdb_id,pep_identity,mhc_identity,tcrA_identity,tcrB_identity,total_identity
5hhm,44.4444444444,100.0,44.5454545455,55.4545454545,64.8148148148
3gsn,33.3333333333,100.0,39.0909090909,74.3362831858,63.3489764906
5men,22.2222222222,100.0,34.5132743363,76.5765765766,59.2557158929
2f53,11.1111111111,100.0,44.2477876106,75.8928571429,57.0604778293
4eup,11.1111111111,100.0,36.036036036,55.3571428571,52.2692335192
