pdb_id,pep_identity,mhc_identity,tcrA_identity,tcrB_identity,total_identity
5d2n,33.3333333333,99.4413407821,52.7777777778,52.1739130435,61.7501731754
5hhm,44.4444444444,100.0,25.4545454545,33.3333333333,57.9461279461
4mnq,22.2222222222,100.0,21.6216216216,36.036036036,50.3503503504
