pdb_id,pep_identity,mhc_identity,tcrA_identity,tcrB_identity,total_identity
5hhm,44.4444444444,100.0,29.3577981651,38.3928571429,59.4399240328
5d2n,33.3333333333,99.4413407821,26.8518518519,43.4782608696,55.9799101587
5bs0,22.2222222222,86.5921787709,31.8584070796,64.6017699115,52.3481631629
5men,22.2222222222,100.0,31.8181818182,32.7433628319,51.5009981824
4eup,11.1111111111,100.0,34.8623853211,36.6071428571,48.9486250667
