pdb_id,pep_identity,mhc_identity,tcrA_identity,tcrB_identity,total_identity
5hhm,44.4444444444,100.0,38.1818181818,36.2831858407,60.5589821519
3gsn,33.3333333333,100.0,42.7272727273,35.0877192982,57.413609782
4mnq,22.2222222222,100.0,33.9285714286,34.2105263158,52.0972570315
5bs0,22.2222222222,86.5921787709,38.0530973451,44.2477876106,49.988281157
3ffc,22.2222222222,81.0055865922,34.8214285714,52.1367521368,48.9022997228
