pdb_id,pep_identity,mhc_identity,tcrA_identity,tcrB_identity,total_identity
5hhm,44.4444444444,100.0,50.4587155963,39.1304347826,63.0796732113
5d2n,33.3333333333,99.4413407821,30.0,43.9655172414,56.585810912
3qeq,0.0,100.0,94.4444444444,33.0434782609,54.5813204509
5bs0,22.2222222222,86.5921787709,32.7433628319,66.9565217391,52.8881144262
4mnq,22.2222222222,100.0,33.9285714286,33.0434782609,51.9027490223
