pdb_id,pep_identity,mhc_identity,tcrA_identity,tcrB_identity,total_identity
5hhm,44.4444444444,100.0,28.0701754386,32.1428571429,58.1836535784
5d2n,33.3333333333,99.4413407821,28.0701754386,33.0434782609,54.4438336551
4mnq,22.2222222222,100.0,28.6956521739,37.1681415929,51.7180397019
3ffc,22.2222222222,81.0055865922,54.3859649123,29.9145299145,48.4593520759
5bs0,22.2222222222,86.5921787709,35.652173913,37.1681415929,48.4081862487
4eup,11.1111111111,100.0,28.0701754386,34.8214285714,47.5189710387
