pdb_id,pep_identity,mhc_identity,tcrA_identity,tcrB_identity,total_identity
5hhm,44.4444444444,100.0,41.8181818182,32.1739130435,60.4801639584
3gsn,33.3333333333,100.0,39.6396396396,30.1724137931,56.0797866832
4mnq,22.2222222222,100.0,43.9252336449,31.0344827586,53.234026808
