pdb_id,pep_identity,mhc_identity,tcrA_identity,tcrB_identity,total_identity
5men,22.2222222222,100.0,86.3636363636,30.6306306306,60.2397852398
5hhm,44.4444444444,100.0,33.9285714286,36.9369369369,59.9590662091
5d2n,33.3333333333,99.4413407821,22.3214285714,67.8260869565,59.2828106265
5bs0,22.2222222222,86.5921787709,40.7079646018,46.4285714286,50.7942230028
3ffc,22.2222222222,81.0055865922,31.3043478261,52.9914529915,48.4585697411
