pdb_id,pep_identity,mhc_identity,tcrA_identity,tcrB_identity,total_identity
5eu6,11.1111111111,100.0,91.2280701754,66.3793103448,63.3049337904
5hhm,44.4444444444,100.0,35.9649122807,38.2608695652,60.5191117891
5bs0,22.2222222222,86.5921787709,82.4561403509,46.5517241379,57.7727777459
2bnr,11.1111111111,100.0,88.5964912281,29.5652173913,56.7306551403
5men,22.2222222222,100.0,38.5964912281,27.5862068966,51.7711904282
