pdb_id,pep_identity,mhc_identity,tcrA_identity,tcrB_identity,total_identity
5eu6,11.1111111111,100.0,87.610619469,89.4736842105,66.5510876503
5d2n,33.3333333333,99.4413407821,21.2389380531,72.1739130435,59.8270332212
5hhm,44.4444444444,100.0,34.8214285714,30.701754386,59.068678641
2bnq,11.1111111111,100.0,85.8407079646,33.3333333333,56.8993772534
5bs0,22.2222222222,86.5921787709,81.4159292035,39.4736842105,56.4197359001
