pdb_id,pep_identity,mhc_identity,tcrA_identity,tcrB_identity,total_identity
5hhm,44.4444444444,100.0,26.9565217391,35.3982300885,58.5406067861
3gsn,33.3333333333,100.0,21.7391304348,35.652173913,54.0096618357
5bs0,22.2222222222,86.5921787709,31.3043478261,38.5964912281,47.9216068401
