pdb_id,pep_identity,mhc_identity,tcrA_identity,tcrB_identity,total_identity
5hhm,44.4444444444,100.0,39.4736842105,37.0689655172,60.9052564361
5d2n,33.3333333333,99.4413407821,25.2173913043,67.2413793103,59.6680198076
5men,22.2222222222,100.0,35.0877192982,37.0689655172,52.7668548767
5bs0,22.2222222222,86.5921787709,44.7368421053,40.5172413793,50.4804809118
4eup,11.1111111111,100.0,40.350877193,31.0344827586,48.934597029
3ffc,22.2222222222,81.0055865922,29.3103448276,57.264957265,48.8384866202
