pdb_id,pep_identity,mhc_identity,tcrA_identity,tcrB_identity,total_identity
5hhm,44.4444444444,100.0,33.3333333333,33.6283185841,59.3084234677
5d2n,33.3333333333,99.4413407821,22.7272727273,50.4347826087,56.4519005945
4eup,11.1111111111,100.0,61.8181818182,32.7433628319,52.7972944787
5men,22.2222222222,100.0,32.7272727273,35.0877192982,52.0432394117
5bs0,22.2222222222,86.5921787709,38.0530973451,35.9649122807,48.6078019354
