pdb_id,pep_identity,mhc_identity,tcrA_identity,tcrB_identity,total_identity
5d2n,33.3333333333,99.4413407821,87.2727272727,32.1739130435,64.1659980912
5hhm,44.4444444444,100.0,27.6785714286,49.5575221239,61.0208304069
5men,22.2222222222,100.0,24.1071428571,72.5663716814,56.8529931638
2f53,11.1111111111,100.0,23.4782608696,74.3362831858,53.3394610463
