pdb_id,pep_identity,mhc_identity,tcrA_identity,tcrB_identity,total_identity
5hhm,44.4444444444,100.0,34.5454545455,35.7142857143,59.8581048581
3gsn,33.3333333333,100.0,32.4324324324,31.8584070796,55.1595843631
5bs0,22.2222222222,86.5921787709,36.2831858407,41.592920354,49.2508180302
