pdb_id,pep_identity,mhc_identity,tcrA_identity,tcrB_identity,total_identity
5hhm,44.4444444444,100.0,28.0701754386,37.2727272727,59.0386319334
5d2n,33.3333333333,99.4413407821,29.8245614035,40.8695652174,56.040579142
5bs0,22.2222222222,86.5921787709,35.652173913,59.4594594595,52.1234058931
4mnq,22.2222222222,100.0,30.4347826087,33.6363636364,51.4192651149
3ffc,22.2222222222,81.0055865922,56.1403508772,41.8803418803,50.7460517311
4eup,11.1111111111,100.0,29.8245614035,33.3333333333,47.5633528265
