pdb_id,pep_identity,mhc_identity,tcrA_identity,tcrB_identity,total_identity
5hhm,44.4444444444,100.0,36.6972477064,33.3333333333,59.8199116548
4eup,11.1111111111,100.0,85.3211009174,33.3333333333,56.8127760788
5d2n,33.3333333333,99.4413407821,23.1481481481,34.4827586207,53.8633758333
5men,22.2222222222,100.0,33.6363636364,32.1739130435,51.7091201874
5bs0,22.2222222222,86.5921787709,39.8230088496,37.3913043478,49.1405191973
