pdb_id,pep_identity,mhc_identity,tcrA_identity,tcrB_identity,total_identity
5hhm,44.4444444444,100.0,39.2523364486,28.3185840708,59.4099682347
3gsn,33.3333333333,100.0,33.6448598131,29.5652173913,54.9794573118
