pdb_id,pep_identity,mhc_identity,tcrA_identity,tcrB_identity,total_identity
5hhm,44.4444444444,100.0,38.5321100917,38.7387387387,61.0266229532
3gsn,33.3333333333,100.0,42.2018348624,30.9734513274,56.6403254761
5bs0,22.2222222222,86.5921787709,37.1681415929,65.1785714286,53.3292525013
4mnq,22.2222222222,100.0,33.0357142857,33.0357142857,51.7526455026
