pdb_id,pep_identity,mhc_identity,tcrA_identity,tcrB_identity,total_identity
5hhm,44.4444444444,100.0,41.4414414414,57.2727272727,64.6005096005
4eup,11.1111111111,100.0,39.2857142857,90.0900900901,58.5996710997
3gsn,33.3333333333,100.0,32.1428571429,51.3274336283,58.356159573
4mnq,22.2222222222,100.0,31.8584070796,56.7567567568,55.5099347135
2f53,11.1111111111,100.0,38.5964912281,52.6785714286,52.2495474798
