pdb_id,pep_identity,mhc_identity,tcrA_identity,tcrB_identity,total_identity
5hhm,44.4444444444,100.0,33.0275229358,35.1351351351,59.50859116
5bs0,22.2222222222,86.5921787709,37.1681415929,88.2882882883,57.1808719779
5d2n,33.3333333333,99.4413407821,29.9065420561,44.347826087,56.633952729
4eup,11.1111111111,100.0,60.5504587156,32.1428571429,52.4859230134
4mnq,22.2222222222,100.0,30.0,31.5315315315,50.995995996
