pdb_id,pep_identity,mhc_identity,tcrA_identity,tcrB_identity,total_identity
5hhm,44.4444444444,100.0,29.3577981651,90.0900900901,68.056129524
3gsn,33.3333333333,100.0,27.2727272727,47.7876106195,56.9545007598
