pdb_id,pep_identity,mhc_identity,tcrA_identity,tcrB_identity,total_identity
5hhm,44.4444444444,100.0,27.1929824561,37.8378378378,58.9866181971
3gsn,33.3333333333,100.0,25.4385964912,34.5132743363,54.4364229157
5bs0,22.2222222222,86.5921787709,31.5789473684,41.9642857143,48.5286725115
