pdb_id,pep_identity,mhc_identity,tcrA_identity,tcrB_identity,total_identity
3qdj,0.0,100.0,91.6666666667,91.9642857143,63.9384920635
5hhm,44.4444444444,100.0,37.6146788991,50.0,62.7505946313
3gsn,33.3333333333,100.0,40.3669724771,69.0265486726,62.6766979694
5men,22.2222222222,100.0,36.9369369369,64.2857142857,57.6111826112
2pye,11.1111111111,100.0,42.4778761062,62.5,54.5333497214
