pdb_id,pep_identity,mhc_identity,tcrA_identity,tcrB_identity,total_identity
5hhm,44.4444444444,100.0,37.1681415929,33.0357142857,59.8487907946
5d2n,33.3333333333,99.4413407821,25.6637168142,51.3043478261,57.0862354785
4eup,11.1111111111,100.0,66.0714285714,30.0884955752,53.0636910615
5men,22.2222222222,100.0,36.6071428571,34.8214285714,52.6455026455
5bs0,22.2222222222,86.5921787709,43.8596491228,41.9642857143,50.5754561372
3ffc,22.2222222222,81.0055865922,34.7826086957,52.1367521368,48.8958297435
