pdb_id,pep_identity,mhc_identity,tcrA_identity,tcrB_identity,total_identity
5hhm,44.4444444444,100.0,35.4545454545,36.9369369369,60.2133952134
5d2n,33.3333333333,99.4413407821,23.4234234234,49.5652173913,56.4229981743
5men,22.2222222222,100.0,30.3571428571,35.1351351351,51.6561204061
4eup,11.1111111111,100.0,40.5405405405,35.7142857143,49.7461747462
5bs0,22.2222222222,86.5921787709,38.0530973451,40.1785714286,49.31007846
3ffc,22.2222222222,81.0055865922,34.8214285714,49.5726495726,48.4749492955
