pdb_id,pep_identity,mhc_identity,tcrA_identity,tcrB_identity,total_identity
5hhm,44.4444444444,100.0,24.3243243243,51.7857142857,60.8331545832
3gsn,33.3333333333,100.0,23.2142857143,59.2920353982,58.1954979632
4mnq,22.2222222222,100.0,22.5225225225,58.407079646,54.2290077688
