pdb_id,pep_identity,mhc_identity,tcrA_identity,tcrB_identity,total_identity
5hhm,44.4444444444,100.0,40.5405405405,49.5575221239,63.1644919256
3gsn,33.3333333333,100.0,31.25,68.1415929204,61.0097099312
5men,22.2222222222,100.0,29.203539823,63.7168141593,56.2274664045
3qdj,0.0,100.0,43.75,90.2654867257,55.6692477876
2bnr,11.1111111111,100.0,36.8421052632,61.9469026549,53.50187169
