pdb_id,pep_identity,mhc_identity,tcrA_identity,tcrB_identity,total_identity
5hhm,44.4444444444,100.0,46.7889908257,55.2631578947,65.1568396016
3gsn,33.3333333333,100.0,40.0,47.8260869565,59.0821256039
4eup,11.1111111111,100.0,33.9449541284,85.9649122807,57.0220147719
5men,22.2222222222,100.0,44.9541284404,46.9565217391,56.0591824373
