pdb_id,pep_identity,mhc_identity,tcrA_identity,tcrB_identity,total_identity
3gsn,33.3333333333,100.0,50.9259259259,75.4385964912,65.5051981806
5hhm,44.4444444444,100.0,36.6972477064,50.0,62.5976894326
5men,22.2222222222,100.0,35.1351351351,75.4385964912,59.1696960118
2pye,11.1111111111,100.0,44.2477876106,76.3157894737,57.1309665511
4eup,11.1111111111,100.0,65.1376146789,52.6315789474,56.6652359747
