pdb_id,pep_identity,mhc_identity,tcrA_identity,tcrB_identity,total_identity
5d2n,33.3333333333,99.4413407821,26.0869565217,88.6956521739,63.3886594878
5hhm,44.4444444444,100.0,28.6956521739,37.7192982456,59.2173065514
3ffc,22.2222222222,81.0055865922,50.4347826087,57.264957265,52.3592262504
4mnq,22.2222222222,100.0,27.8260869565,33.3333333333,50.9339774557
