pdb_id,pep_identity,mhc_identity,tcrA_identity,tcrB_identity,total_identity
5hhm,44.4444444444,100.0,35.7798165138,91.9642857143,69.4388318528
3gsn,33.3333333333,100.0,40.3669724771,51.3274336283,59.726845462
