pdb_id,pep_identity,mhc_identity,tcrA_identity,tcrB_identity,total_identity
5hhm,44.4444444444,100.0,33.6283185841,55.9633027523,63.0800850375
3gsn,33.3333333333,100.0,30.0884955752,54.8672566372,58.6037364798
5men,22.2222222222,100.0,33.0434782609,56.7567567568,55.707446577
4eup,11.1111111111,100.0,33.6283185841,61.2612612613,52.8519670113
2p5w,11.1111111111,100.0,33.9130434783,56.25,52.0642109501
