pdb_id,pep_identity,mhc_identity,tcrA_identity,tcrB_identity,total_identity
5d2n,33.3333333333,99.4413407821,64.4859813084,44.347826087,62.3971926044
5hhm,44.4444444444,100.0,26.6055045872,39.6396396396,59.1890055193
5bs0,22.2222222222,86.5921787709,21.0526315789,66.6666666667,50.8913500387
5men,22.2222222222,100.0,23.4234234234,36.9369369369,50.8008008008
