pdb_id,pep_identity,mhc_identity,tcrA_identity,tcrB_identity,total_identity
5d2n,33.3333333333,99.4413407821,85.4545454545,33.0434782609,64.0078953244
5men,22.2222222222,100.0,23.6363636364,51.3513513514,53.2386932387
