pdb_id,pep_identity,mhc_identity,tcrA_identity,tcrB_identity,total_identity
5hhm,44.4444444444,100.0,33.6283185841,53.1531531532,62.611726771
4eup,11.1111111111,100.0,83.0357142857,58.5585585586,60.6360825111
3gsn,33.3333333333,100.0,38.9380530973,55.7522123894,60.2261553589
5men,22.2222222222,100.0,33.9285714286,60.7142857143,56.5145502646
2bnr,11.1111111111,100.0,50.0,56.7567567568,54.8298298298
