pdb_id,pep_identity,mhc_identity,tcrA_identity,tcrB_identity,total_identity
2vlr,33.3333333333,100.0,44.6428571429,94.5454545455,67.6424963925
3gsn,33.3333333333,100.0,39.2857142857,47.7876106195,58.956665262
4eup,11.1111111111,100.0,67.5675675676,57.6576576577,57.9079079079
4mnq,22.2222222222,100.0,35.1351351351,48.6486486486,54.7047047047
