pdb_id,pep_identity,mhc_identity,tcrA_identity,tcrB_identity,total_identity
5hhm,44.4444444444,100.0,37.1681415929,33.3333333333,59.8983939692
5bs0,22.2222222222,86.5921787709,84.9557522124,54.0540540541,59.4397680421
5eu6,11.1111111111,100.0,88.4955752212,44.2477876106,59.1609308423
2p5e,11.1111111111,100.0,84.0707964602,34.8214285714,56.8524078756
