pdb_id,pep_identity,mhc_identity,tcrA_identity,tcrB_identity,total_identity
5hhm,44.4444444444,100.0,50.4587155963,32.4561403509,61.967290806
5d2n,33.3333333333,99.4413407821,30.0,55.652173913,58.533587024
3ffc,22.2222222222,81.0055865922,38.9380530973,86.3247863248,55.2864095085
3qeq,0.0,100.0,94.4444444444,33.3333333333,54.6296296296
5men,22.2222222222,100.0,33.9285714286,30.701754386,51.5124617098
4qrp,11.1111111111,81.0055865922,31.8181818182,89.4736842105,50.9208769059
