pdb_id,pep_identity,mhc_identity,tcrA_identity,tcrB_identity,total_identity
5d2n,33.3333333333,99.4413407821,22.2222222222,73.0434782609,60.1358414523
5hhm,44.4444444444,100.0,33.9449541284,35.9649122807,59.7997925497
4eup,11.1111111111,100.0,84.4036697248,29.8245614035,56.0750755584
5men,22.2222222222,100.0,33.0275229358,32.4561403509,51.6546846219
5bs0,22.2222222222,86.5921787709,37.1681415929,38.5964912281,48.8989058012
3ffc,22.2222222222,81.0055865922,32.1428571429,54.7008547009,48.8832215788
