pdb_id,pep_identity,mhc_identity,tcrA_identity,tcrB_identity,total_identity
5hhm,44.4444444444,100.0,26.9565217391,37.2727272727,58.8530229835
5d2n,33.3333333333,99.4413407821,25.0,32.1739130435,53.7872102124
5men,22.2222222222,100.0,36.2831858407,32.1428571429,52.145081238
5bs0,22.2222222222,86.5921787709,33.0434782609,39.6396396396,48.3853199811
4eup,11.1111111111,100.0,28.6956521739,35.1351351351,47.6755015885
