pdb_id,pep_identity,mhc_identity,tcrA_identity,tcrB_identity,total_identity
5hhm,44.4444444444,100.0,31.8584070796,38.0530973451,59.8000655523
5d2n,33.3333333333,99.4413407821,22.8070175439,42.6086956522,55.1608435712
5bs0,22.2222222222,86.5921787709,32.4561403509,58.7719298246,51.4761453603
4mnq,22.2222222222,100.0,27.6785714286,34.2105263158,51.0555903648
4eup,11.1111111111,100.0,31.8584070796,34.5132743363,48.0989839397
