pdb_id,pep_identity,mhc_identity,tcrA_identity,tcrB_identity,total_identity
5hhm,44.4444444444,100.0,43.2432432432,34.8214285714,61.1589267839
3gsn,33.3333333333,100.0,37.8378378378,29.203539823,55.6180073879
5bs0,22.2222222222,86.5921787709,40.7079646018,66.0714285714,54.0680325266
4mnq,22.2222222222,100.0,32.7433628319,32.1428571429,51.5551107365
2p5e,11.1111111111,100.0,42.4778761062,32.1428571429,49.4738259119
