pdb_id,pep_identity,mhc_identity,tcrA_identity,tcrB_identity,total_identity
5hhm,44.4444444444,100.0,40.1785714286,33.9285714286,60.4993386243
3gsn,33.3333333333,100.0,45.5357142857,30.9734513274,57.1959720466
4mnq,22.2222222222,100.0,35.3982300885,32.7433628319,52.0976728941
5bs0,22.2222222222,86.5921787709,46.017699115,38.0530973451,50.2832664078
