pdb_id,pep_identity,mhc_identity,tcrA_identity,tcrB_identity,total_identity
5hhm,44.4444444444,100.0,34.5454545455,91.1504424779,69.0974643187
4eup,11.1111111111,100.0,86.2385321101,57.5221238938,60.997146371
3gsn,33.3333333333,100.0,40.9090909091,49.1228070175,59.4497607656
