pdb_id,pep_identity,mhc_identity,tcrA_identity,tcrB_identity,total_identity
5hhm,44.4444444444,100.0,41.592920354,92.9203539823,70.5670272042
3gsn,33.3333333333,100.0,44.2477876106,51.3043478261,60.3698003506
