pdb_id,pep_identity,mhc_identity,tcrA_identity,tcrB_identity,total_identity
5hhm,44.4444444444,100.0,36.6972477064,40.5405405405,61.021112856
4eup,11.1111111111,100.0,86.2385321101,35.7142857143,57.3625066744
5d2n,33.3333333333,99.4413407821,22.9357798165,40.0,54.7475213412
5bs0,22.2222222222,86.5921787709,39.8230088496,60.7142857143,53.0276827584
5men,22.2222222222,100.0,36.9369369369,32.7433628319,52.3541240355
