pdb_id,pep_identity,mhc_identity,tcrA_identity,tcrB_identity,total_identity
5hhm,44.4444444444,100.0,45.7943925234,52.6785714286,64.5603088068
3gsn,33.3333333333,100.0,33.3333333333,54.8672566372,59.1445427729
4mnq,22.2222222222,100.0,32.1428571429,55.7522123894,55.3899189961
4eup,11.1111111111,100.0,41.2844036697,59.8214285714,53.8880090772
2bnr,11.1111111111,100.0,38.0530973451,55.3571428571,52.6054104041
