pdb_id,pep_identity,mhc_identity,tcrA_identity,tcrB_identity,total_identity
5hhm,44.4444444444,100.0,27.8260869565,41.2844036697,59.6665632525
5d2n,33.3333333333,99.4413407821,27.8260869565,40.0,55.5625725312
5bs0,22.2222222222,86.5921787709,33.9130434783,62.7272727273,52.3781863653
4mnq,22.2222222222,100.0,31.3043478261,34.5454545455,51.7157078027
3ffc,22.2222222222,81.0055865922,52.1739130435,41.8803418803,50.0849787588
4eup,11.1111111111,100.0,28.6956521739,36.036036036,47.8256517387
