pdb_id,pep_identity,mhc_identity,tcrA_identity,tcrB_identity,total_identity
5hhm,44.4444444444,100.0,33.6363636364,54.0540540541,62.7632177632
4eup,11.1111111111,100.0,88.0733944954,58.5585585586,61.4756958794
3gsn,33.3333333333,100.0,38.1818181818,55.7522123894,60.1001162063
4mnq,22.2222222222,100.0,30.6306306306,57.1428571429,55.3696553697
2bnr,11.1111111111,100.0,40.7079646018,58.5585585586,53.5814575638
