pdb_id,pep_identity,mhc_identity,tcrA_identity,tcrB_identity,total_identity
5hhm,44.4444444444,100.0,40.0,91.9642857143,70.1421957672
3gsn,33.3333333333,100.0,38.7387387387,50.4424778761,59.3079805469
