pdb_id,pep_identity,mhc_identity,tcrA_identity,tcrB_identity,total_identity
3gsn,33.3333333333,100.0,38.3928571429,93.8053097345,66.4774722573
5hhm,44.4444444444,100.0,33.9285714286,49.5495495495,62.0611683112
5men,22.2222222222,100.0,34.5132743363,92.7927927928,61.9584185956
2f54,11.1111111111,100.0,40.7079646018,88.3928571429,58.5538406611
