pdb_id,pep_identity,mhc_identity,tcrA_identity,tcrB_identity,total_identity
5hhm,44.4444444444,100.0,29.7297297297,37.7192982456,59.3896528107
5d2n,33.3333333333,99.4413407821,28.5714285714,44.347826087,56.4114338149
5bs0,22.2222222222,86.5921787709,32.4561403509,66.6666666667,52.791934834
4mnq,22.2222222222,100.0,28.0701754386,36.8421052632,51.559454191
