pdb_id,pep_identity,mhc_identity,tcrA_identity,tcrB_identity,total_identity
5hhm,44.4444444444,100.0,30.3571428571,51.3043478261,61.7583965954
3gsn,33.3333333333,100.0,36.036036036,49.1379310345,58.6401056229
5men,22.2222222222,100.0,30.4347826087,49.1379310345,54.0028596813
3ffc,22.2222222222,81.0055865922,67.2566371681,34.188034188,51.3167148308
2p5e,11.1111111111,100.0,33.9130434783,48.6956521739,50.8051529791
