pdb_id,pep_identity,mhc_identity,tcrA_identity,tcrB_identity,total_identity
5hhm,44.4444444444,100.0,31.5789473684,37.0689655172,59.5894669624
5d2n,33.3333333333,99.4413407821,25.2173913043,55.5555555556,57.7203825151
4mnq,22.2222222222,100.0,29.8245614035,35.0427350427,51.5519568151
5bs0,22.2222222222,86.5921787709,37.7192982456,43.1034482759,49.7419247513
4eup,11.1111111111,100.0,32.4561403509,33.3333333333,48.0019493177
3ffc,22.2222222222,81.0055865922,27.5862068966,53.8461538462,47.9813297286
