pdb_id,pep_identity,mhc_identity,tcrA_identity,tcrB_identity,total_identity
5hhm,44.4444444444,100.0,29.3103448276,36.5217391304,59.1201621412
5bs0,22.2222222222,86.5921787709,37.0689655172,88.6956521739,57.2322366129
5d2n,33.3333333333,99.4413407821,30.1724137931,45.6896551724,56.9019028661
3ffc,22.2222222222,81.0055865922,87.0689655172,38.4615384615,55.3310202679
5men,22.2222222222,100.0,32.7586206897,36.5217391304,52.2874673774
4eup,11.1111111111,100.0,31.0344827586,34.7826086957,48.0065522794
