pdb_id,pep_identity,mhc_identity,tcrA_identity,tcrB_identity,total_identity
5hhm,44.4444444444,100.0,29.7297297297,50.8620689655,61.5801145974
3gsn,33.3333333333,100.0,25.2252252252,72.4137931034,60.7176141659
5men,22.2222222222,100.0,28.9473684211,72.4137931034,57.6342676615
2p5e,11.1111111111,100.0,32.4561403509,71.5517241379,54.3716811185
2e7l,22.2222222222,68.7150837989,70.2702702703,56.8965517241,51.5069056728
