pdb_id,pep_identity,mhc_identity,tcrA_identity,tcrB_identity,total_identity
5d2n,33.3333333333,99.4413407821,23.4782608696,74.7826086957,60.6350362994
5hhm,44.4444444444,100.0,29.8245614035,36.5217391304,59.2058649038
5men,22.2222222222,100.0,28.9473684211,30.4347826087,50.6377659124
5bs0,22.2222222222,86.5921787709,34.2105263158,46.9565217391,49.7993083402
3ffc,22.2222222222,81.0055865922,28.4482758621,62.3931623932,49.549509314
4qrp,11.1111111111,81.0055865922,50.0,58.2608695652,48.749044162
