pdb_id,pep_identity,mhc_identity,tcrA_identity,tcrB_identity,total_identity
5hhm,44.4444444444,100.0,34.5454545455,30.7692307692,59.0339290339
3gsn,33.3333333333,100.0,40.0,35.0427350427,56.9515669516
5bs0,22.2222222222,86.5921787709,40.7079646018,39.3162393162,49.6088343174
3ffc,22.2222222222,81.0055865922,33.0357142857,49.5726495726,48.1773302479
