pdb_id,pep_identity,mhc_identity,tcrA_identity,tcrB_identity,total_identity
5hhm,44.4444444444,100.0,40.9090909091,90.0,69.9663299663
3gsn,33.3333333333,100.0,51.8181818182,46.9026548673,60.8979172254
