pdb_id,pep_identity,mhc_identity,tcrA_identity,tcrB_identity,total_identity
3gsn,33.3333333333,100.0,25.2252252252,49.5575221239,56.9082356693
2e7l,22.2222222222,68.7150837989,70.2702702703,50.0,50.3574803854
5bs0,22.2222222222,86.5921787709,32.4561403509,40.0,48.3474903895
