pdb_id,pep_identity,mhc_identity,tcrA_identity,tcrB_identity,total_identity
5hhm,44.4444444444,100.0,38.5321100917,36.6071428571,60.671356973
3gsn,33.3333333333,100.0,40.7407407407,31.8584070796,56.5443024145
4mnq,22.2222222222,100.0,34.2342342342,32.7433628319,51.9036735851
5bs0,22.2222222222,86.5921787709,46.9026548673,38.9380530973,50.5782516585
