pdb_id,pep_identity,mhc_identity,tcrA_identity,tcrB_identity,total_identity
3gsn,33.3333333333,100.0,39.6396396396,49.5575221239,59.3106380717
5bs0,22.2222222222,86.5921787709,35.3982300885,40.0,48.8378386791
