pdb_id,pep_identity,mhc_identity,tcrA_identity,tcrB_identity,total_identity
5hhm,44.4444444444,100.0,51.7857142857,53.982300885,65.7761506766
3gsn,33.3333333333,100.0,30.9734513274,55.2631578947,58.8172126481
5men,22.2222222222,100.0,36.6071428571,56.1403508772,56.1986563631
