pdb_id,pep_identity,mhc_identity,tcrA_identity,tcrB_identity,total_identity
5hhm,44.4444444444,100.0,43.6363636364,39.1304347826,61.9426145513
3gsn,33.3333333333,100.0,39.0909090909,31.0344827586,56.1320097527
5bs0,22.2222222222,86.5921787709,42.4778761062,62.9310344828,53.8396187625
5men,22.2222222222,100.0,33.6283185841,31.0344827586,51.5178742979
