pdb_id,pep_identity,mhc_identity,tcrA_identity,tcrB_identity,total_identity
5d2n,33.3333333333,99.4413407821,26.724137931,66.0869565217,59.7267404473
5hhm,44.4444444444,100.0,25.8620689655,39.4736842105,59.0374403442
3ffc,22.2222222222,81.0055865922,52.5862068966,62.3931623932,53.5724978198
5men,22.2222222222,100.0,30.1724137931,33.3333333333,51.3250319285
5bs0,22.2222222222,86.5921787709,35.3448275862,42.9824561404,49.3260142855
