pdb_id,pep_identity,mhc_identity,tcrA_identity,tcrB_identity,total_identity
5hhm,44.4444444444,100.0,38.1818181818,33.3333333333,60.0673400673
5d2n,33.3333333333,99.4413407821,22.5225225225,57.3913043478,57.5771958502
5men,22.2222222222,100.0,34.8214285714,35.9649122807,52.5384642161
4eup,11.1111111111,100.0,46.3636363636,33.3333333333,50.3198653199
5bs0,22.2222222222,86.5921787709,38.0530973451,42.9824561404,49.7773925786
3ffc,22.2222222222,81.0055865922,34.8214285714,52.1367521368,48.9022997228
