pdb_id,pep_identity,mhc_identity,tcrA_identity,tcrB_identity,total_identity
5d2n,33.3333333333,99.4413407821,26.9565217391,55.652173913,58.0263406472
5hhm,44.4444444444,100.0,25.2173913043,33.0357142857,57.8569990798
5men,22.2222222222,100.0,30.9734513274,40.1785714286,52.5994112001
3ffc,22.2222222222,81.0055865922,51.3043478261,49.5726495726,51.2221025046
5bs0,22.2222222222,86.5921787709,33.0434782609,41.9642857143,48.7727609936
4eup,11.1111111111,100.0,28.6956521739,30.9734513274,46.9818876206
