pdb_id,pep_identity,mhc_identity,tcrA_identity,tcrB_identity,total_identity
5hhm,44.4444444444,100.0,42.3423423423,50.8928571429,63.6873480623
3gsn,33.3333333333,100.0,36.9369369369,56.1403508772,59.9573257468
5men,22.2222222222,100.0,31.8584070796,54.3859649123,55.1148027394
2p5w,11.1111111111,100.0,39.8230088496,55.2631578947,52.8847314944
4eup,11.1111111111,100.0,37.8378378378,55.7522123894,52.6353787416
