pdb_id,pep_identity,mhc_identity,tcrA_identity,tcrB_identity,total_identity
5hhm,44.4444444444,100.0,36.4485981308,28.3185840708,58.9426785151
3gsn,33.3333333333,100.0,34.2592592593,29.5652173913,55.0818572195
5bs0,22.2222222222,86.5921787709,38.9380530973,27.1929824561,47.2933062566
