pdb_id,pep_identity,mhc_identity,tcrA_identity,tcrB_identity,total_identity
5hhm,44.4444444444,100.0,33.3333333333,34.5132743363,59.4559160931
3gsn,33.3333333333,100.0,36.036036036,35.0877192982,56.2984036668
5bs0,22.2222222222,86.5921787709,37.1681415929,38.5964912281,48.8989058012
