pdb_id,pep_identity,mhc_identity,tcrA_identity,tcrB_identity,total_identity
5d2n,33.3333333333,99.4413407821,29.9065420561,65.811965812,60.2113093498
5hhm,44.4444444444,100.0,28.7037037037,40.0,59.5987654321
5men,22.2222222222,100.0,30.9090909091,28.2051282051,50.5931105931
5bs0,22.2222222222,86.5921787709,30.0884955752,46.5517241379,49.0448369499
