pdb_id,pep_identity,mhc_identity,tcrA_identity,tcrB_identity,total_identity
5d2n,33.3333333333,99.4413407821,24.7706422018,68.6956521739,59.8359404344
5hhm,44.4444444444,100.0,27.5229357798,34.8214285714,58.53887554
5men,22.2222222222,100.0,31.1926605505,28.3185840708,50.6592815109
5bs0,22.2222222222,86.5921787709,30.9734513274,43.3628318584,48.6608475287
3ffc,22.2222222222,81.0055865922,31.25,52.9914529915,48.44951177
4eup,11.1111111111,100.0,36.6972477064,29.4642857143,48.0639592738
