pdb_id,pep_identity,mhc_identity,tcrA_identity,tcrB_identity,total_identity
5hhm,44.4444444444,100.0,42.3423423423,52.6785714286,63.98496711
3gsn,33.3333333333,100.0,39.6396396396,57.5221238938,60.6380717
5men,22.2222222222,100.0,41.592920354,58.9285714286,57.4943227045
2f54,11.1111111111,100.0,39.8230088496,58.0357142857,53.3468242262
4eup,11.1111111111,100.0,36.036036036,52.6785714286,51.8228049478
