pdb_id,pep_identity,mhc_identity,tcrA_identity,tcrB_identity,total_identity
5hhm,44.4444444444,100.0,27.027027027,55.3571428571,61.8788431288
3gsn,33.3333333333,100.0,25.2252252252,49.5575221239,56.9082356693
4mnq,22.2222222222,100.0,28.9473684211,50.4424778761,53.9723817903
2p5w,11.1111111111,100.0,38.5964912281,57.5221238938,53.056806224
2e7l,22.2222222222,68.7150837989,63.963963964,57.1428571429,50.4969055248
