pdb_id,pep_identity,mhc_identity,tcrA_identity,tcrB_identity,total_identity
3gsn,33.3333333333,100.0,38.5321100917,89.3805309735,65.7632179553
5hhm,44.4444444444,100.0,42.2018348624,51.3274336283,63.7363595633
5men,22.2222222222,100.0,38.3928571429,90.2654867257,62.1837980522
2f54,11.1111111111,100.0,47.7876106195,90.2654867257,60.0458865946
