pdb_id,pep_identity,mhc_identity,tcrA_identity,tcrB_identity,total_identity
5hhm,44.4444444444,100.0,40.9090909091,90.0900900901,69.9813449813
3gsn,33.3333333333,100.0,40.9090909091,49.5575221239,59.5222132833
