pdb_id,pep_identity,mhc_identity,tcrA_identity,tcrB_identity,total_identity
5hhm,44.4444444444,100.0,26.3157894737,33.9285714286,58.1888749652
5d2n,33.3333333333,99.4413407821,28.0701754386,34.7826086957,54.7336887275
5men,22.2222222222,100.0,30.4347826087,32.7433628319,51.2704316475
3ffc,22.2222222222,81.0055865922,52.6315789474,33.3333333333,48.7367549849
5bs0,22.2222222222,86.5921787709,34.7826086957,38.0530973451,48.4107513379
4eup,11.1111111111,100.0,28.9473684211,34.8214285714,47.6651698691
