pdb_id,pep_identity,mhc_identity,tcrA_identity,tcrB_identity,total_identity
2vlr,33.3333333333,100.0,29.8245614035,94.5454545455,65.1727804359
3gsn,33.3333333333,100.0,23.6842105263,48.6725663717,56.5039072608
4mnq,22.2222222222,100.0,29.8245614035,49.5495495495,53.9697592329
