pdb_id,pep_identity,mhc_identity,tcrA_identity,tcrB_identity,total_identity
5d2n,33.3333333333,99.4413407821,24.7787610619,90.4347826087,63.4604819836
5hhm,44.4444444444,100.0,31.25,38.0530973451,59.6986643723
4mnq,22.2222222222,100.0,27.1929824561,33.6283185841,50.8776242474
