pdb_id,pep_identity,mhc_identity,tcrA_identity,tcrB_identity,total_identity
5hhm,44.4444444444,100.0,48.6486486486,34.2342342342,61.961961962
3gsn,33.3333333333,100.0,32.1428571429,30.9734513274,54.9638291895
3qeq,0.0,100.0,82.8828828829,30.9734513274,52.3093890351
4mnq,22.2222222222,100.0,31.25,32.7433628319,51.4063012127
