pdb_id,pep_identity,mhc_identity,tcrA_identity,tcrB_identity,total_identity
5hhm,44.4444444444,100.0,31.5315315315,36.9369369369,59.5595595596
5d2n,33.3333333333,99.4413407821,24.1071428571,55.652173913,57.5514441668
4mnq,22.2222222222,100.0,26.3157894737,36.036036036,51.132711659
5bs0,22.2222222222,86.5921787709,31.5789473684,45.9459459459,49.1922825501
4eup,11.1111111111,100.0,33.9285714286,33.6283185841,48.2965187058
3ffc,22.2222222222,81.0055865922,28.9473684211,52.9914529915,48.0657398402
4qrp,11.1111111111,81.0055865922,52.2522522523,50.8771929825,47.8938067735
