pdb_id,pep_identity,mhc_identity,tcrA_identity,tcrB_identity,total_identity
5hhm,44.4444444444,100.0,39.2857142857,35.9649122807,60.6899192426
5d2n,33.3333333333,99.4413407821,23.0088495575,54.7826086957,57.2234677473
3ffc,22.2222222222,81.0055865922,29.8245614035,94.0170940171,55.0495455082
5men,22.2222222222,100.0,32.4561403509,30.701754386,51.2670565302
4qrp,11.1111111111,81.0055865922,30.3571428571,88.5964912281,50.531171582
5bs0,22.2222222222,86.5921787709,39.4736842105,43.8596491228,50.1603558866
4eup,11.1111111111,100.0,39.2857142857,33.3333333333,49.1402116402
