pdb_id,pep_identity,mhc_identity,tcrA_identity,tcrB_identity,total_identity
5hhm,44.4444444444,100.0,28.6956521739,86.6071428571,67.3652806533
3gsn,33.3333333333,100.0,27.8260869565,46.017699115,56.751742123
