pdb_id,pep_identity,mhc_identity,tcrA_identity,tcrB_identity,total_identity
5hhm,44.4444444444,100.0,26.9565217391,32.1428571429,57.9980446285
5d2n,33.3333333333,99.4413407821,28.6956521739,33.9130434783,54.6930073138
4mnq,22.2222222222,100.0,28.6956521739,32.7433628319,50.980576575
3ffc,22.2222222222,81.0055865922,52.1739130435,30.7692307692,48.2331269069
5bs0,22.2222222222,86.5921787709,33.9130434783,37.1681415929,48.1183311763
4eup,11.1111111111,100.0,29.5652173913,33.9285714286,47.6193351737
