pdb_id,pep_identity,mhc_identity,tcrA_identity,tcrB_identity,total_identity
5hhm,44.4444444444,100.0,29.203539823,35.7142857143,58.9677857377
5d2n,33.3333333333,99.4413407821,28.0701754386,42.6086956522,56.0380365536
4mnq,22.2222222222,100.0,28.0701754386,33.6283185841,51.0238230779
5bs0,22.2222222222,86.5921787709,30.701754386,57.5221238938,50.975446711
4eup,11.1111111111,100.0,30.0884955752,33.0357142857,47.5577386805
2e7l,22.2222222222,68.7150837989,69.0265486726,33.0357142857,47.3228125001
