pdb_id,pep_identity,mhc_identity,tcrA_identity,tcrB_identity,total_identity
5hhm,44.4444444444,100.0,40.9090909091,50.9090909091,63.4511784512
3gsn,33.3333333333,100.0,33.3333333333,56.6371681416,59.4395280236
5men,22.2222222222,100.0,29.4642857143,58.1818181818,55.3484247234
2bnr,11.1111111111,100.0,36.2831858407,57.6576576577,52.6938442868
4eup,11.1111111111,100.0,42.3423423423,49.5495495495,52.3523523524
