pdb_id,pep_identity,mhc_identity,tcrA_identity,tcrB_identity,total_identity
5hhm,44.4444444444,100.0,29.4642857143,33.6283185841,58.6635821979
5d2n,33.3333333333,99.4413407821,23.0088495575,50.4347826087,56.4988300662
5men,22.2222222222,100.0,27.6785714286,35.0877192982,51.2017891952
4eup,11.1111111111,100.0,33.9285714286,32.7433628319,48.1490260804
5bs0,22.2222222222,86.5921787709,30.701754386,35.9649122807,47.3825781088
