pdb_id,pep_identity,mhc_identity,tcrA_identity,tcrB_identity,total_identity
3gsn,33.3333333333,100.0,41.0714285714,73.4513274336,63.5315704453
5hhm,44.4444444444,100.0,37.5,51.7857142857,63.0291005291
5men,22.2222222222,100.0,34.8214285714,75.0,59.0443121693
2pye,11.1111111111,100.0,38.0530973451,75.0,55.8792199279
4eup,11.1111111111,100.0,48.2142857143,53.5714285714,54.0013227513
