pdb_id,pep_identity,mhc_identity,tcrA_identity,tcrB_identity,total_identity
5hhm,44.4444444444,100.0,31.25,37.1681415929,59.551171747
5d2n,33.3333333333,99.4413407821,29.4642857143,32.7586206897,54.6287091058
5men,22.2222222222,100.0,29.5652173913,31.3043478261,50.885668277
3ffc,22.2222222222,81.0055865922,53.0973451327,35.0427350427,49.0992829674
5bs0,22.2222222222,86.5921787709,34.7826086957,42.1052631579,49.0861123066
4eup,11.1111111111,100.0,29.203539823,35.0877192982,47.7522468906
