pdb_id,pep_identity,mhc_identity,tcrA_identity,tcrB_identity,total_identity
5hhm,44.4444444444,100.0,26.9565217391,41.8181818182,59.610598741
5d2n,33.3333333333,99.4413407821,28.6956521739,43.4782608696,56.2872102124
5bs0,22.2222222222,86.5921787709,34.7826086957,70.9090909091,53.8867502652
5men,22.2222222222,100.0,32.4561403509,34.5454545455,51.9076732235
3ffc,22.2222222222,81.0055865922,52.1739130435,43.5897435897,50.3698790437
