pdb_id,pep_identity,mhc_identity,tcrA_identity,tcrB_identity,total_identity
5hhm,44.4444444444,100.0,49.5495495495,36.036036036,62.4124124124
5d2n,33.3333333333,99.4413407821,27.4336283186,42.6086956522,55.9319453669
5men,22.2222222222,100.0,41.8181818182,32.1428571429,53.0675805676
3qeq,0.0,100.0,82.8828828829,29.4642857143,52.0578614329
5bs0,22.2222222222,86.5921787709,30.9734513274,63.3928571429,51.9991850761
