pdb_id,pep_identity,mhc_identity,tcrA_identity,tcrB_identity,total_identity
5hhm,44.4444444444,100.0,36.6972477064,48.2456140351,62.3052917717
5men,22.2222222222,100.0,37.5,91.2280701754,62.1954191033
2bnq,11.1111111111,100.0,40.7079646018,86.8421052632,58.2953820145
5d2n,33.3333333333,99.4413407821,23.8532110092,32.1739130435,53.5960787139
3qdj,0.0,100.0,40.3669724771,64.9122807018,50.8798755298
