pdb_id,pep_identity,mhc_identity,tcrA_identity,tcrB_identity,total_identity
5hhm,44.4444444444,100.0,29.8245614035,33.3333333333,58.6744639376
5d2n,33.3333333333,99.4413407821,23.4782608696,34.188034188,53.8692738814
5men,22.2222222222,100.0,29.8245614035,31.0344827586,50.8839147678
5bs0,22.2222222222,86.5921787709,34.2105263158,34.7826086957,47.770322833
4eup,11.1111111111,100.0,32.4561403509,28.6956521739,47.2290024578
