pdb_id,pep_identity,mhc_identity,tcrA_identity,tcrB_identity,total_identity
3gsn,33.3333333333,100.0,24.5454545455,89.3805309735,63.4321086976
5hhm,44.4444444444,100.0,31.5315315315,50.4424778761,61.8104830494
5men,22.2222222222,100.0,26.3157894737,88.4955752212,59.8759681899
2f54,11.1111111111,100.0,31.5789473684,88.4955752212,57.0494574686
