pdb_id,pep_identity,mhc_identity,tcrA_identity,tcrB_identity,total_identity
3gsn,33.3333333333,100.0,37.6146788991,72.5663716814,62.8079528745
5hhm,44.4444444444,100.0,33.9449541284,50.4504504505,62.2140489113
4eup,11.1111111111,100.0,86.2385321101,51.7857142857,60.041078103
5men,22.2222222222,100.0,34.8623853211,76.3636363636,59.2784110215
2f53,11.1111111111,100.0,39.8230088496,75.0,56.1742051786
