pdb_id,pep_identity,mhc_identity,tcrA_identity,tcrB_identity,total_identity
5hhm,44.4444444444,100.0,34.8623853211,39.8230088496,60.5957138433
5d2n,33.3333333333,99.4413407821,20.9090909091,66.9565217391,58.9024934799
5men,22.2222222222,100.0,36.036036036,31.8584070796,52.05648126
5bs0,22.2222222222,86.5921787709,38.9380530973,42.4778761062,49.8407885316
3ffc,22.2222222222,81.0055865922,32.4324324324,58.9743589744,49.6437348393
4eup,11.1111111111,100.0,39.0909090909,32.7433628319,49.0094156908
