pdb_id,pep_identity,mhc_identity,tcrA_identity,tcrB_identity,total_identity
5hhm,44.4444444444,100.0,32.1428571429,35.3982300885,59.40499602
3gsn,33.3333333333,100.0,36.6071428571,31.5789473684,55.8087928154
5bs0,22.2222222222,86.5921787709,40.7079646018,41.2280701754,49.9274727939
