pdb_id,pep_identity,mhc_identity,tcrA_identity,tcrB_identity,total_identity
5hhm,44.4444444444,100.0,28.4482758621,31.5315315315,58.1447827137
5d2n,33.3333333333,99.4413407821,25.8620689655,33.9130434783,54.2207434458
4mnq,22.2222222222,100.0,28.9473684211,34.8214285714,51.3688735728
5bs0,22.2222222222,86.5921787709,35.3448275862,37.5,48.4122715954
3ffc,22.2222222222,81.0055865922,50.8620689655,29.9145299145,47.8720360848
4eup,11.1111111111,100.0,29.3103448276,32.4324324324,47.3274999137
