pdb_id,pep_identity,mhc_identity,tcrA_identity,tcrB_identity,total_identity
5hhm,44.4444444444,100.0,26.3636363636,33.9285714286,58.1968494468
5d2n,33.3333333333,99.4413407821,24.3243243243,56.5217391304,57.7325686143
4qrp,11.1111111111,81.0055865922,90.0,52.6315789474,54.4774957257
5men,22.2222222222,100.0,29.7297297297,35.3982300885,51.5954007104
4eup,11.1111111111,100.0,35.1351351351,30.9734513274,48.0551347808
5bs0,22.2222222222,86.5921787709,28.3185840708,41.9642857143,47.9852786286
