pdb_id,pep_identity,mhc_identity,tcrA_identity,tcrB_identity,total_identity
5hhm,44.4444444444,100.0,28.8288288288,37.8378378378,59.2592592593
5d2n,33.3333333333,99.4413407821,34.2342342342,54.7826086957,59.0943651935
4mnq,22.2222222222,100.0,29.8245614035,36.9369369369,51.8676571308
5bs0,22.2222222222,86.5921787709,31.5789473684,45.045045045,49.0421324
4qrp,11.1111111111,81.0055865922,57.6576576577,50.8771929825,48.7947076744
3ffc,22.2222222222,81.0055865922,30.701754386,53.8461538462,48.5005876435
4eup,11.1111111111,100.0,33.0357142857,33.6283185841,48.147709182
