pdb_id,pep_identity,mhc_identity,tcrA_identity,tcrB_identity,total_identity
5euo,33.3333333333,100.0,43.75,94.5454545455,67.4936868687
3gsn,33.3333333333,100.0,34.5132743363,48.6725663717,58.3087512291
