pdb_id,pep_identity,mhc_identity,tcrA_identity,tcrB_identity,total_identity
5d2n,33.3333333333,99.4413407821,50.0,35.652173913,58.533587024
5hhm,44.4444444444,100.0,25.4545454545,35.7142857143,58.342953343
5men,22.2222222222,100.0,21.8181818182,36.2831858407,50.4243020172
5bs0,22.2222222222,86.5921787709,25.4385964912,38.9380530973,47.0009085958
