pdb_id,pep_identity,mhc_identity,tcrA_identity,tcrB_identity,total_identity
5hhm,44.4444444444,100.0,26.9565217391,58.5585585586,62.4006615311
4eup,11.1111111111,100.0,29.5652173913,90.0900900901,56.9795882839
3gsn,33.3333333333,100.0,25.2173913043,49.5575221239,56.9069300158
5men,22.2222222222,100.0,29.5652173913,50.0,54.001610306
2p5w,11.1111111111,100.0,36.5217391304,52.6785714286,51.9037554635
