pdb_id,pep_identity,mhc_identity,tcrA_identity,tcrB_identity,total_identity
5hhm,44.4444444444,100.0,52.2522522523,34.5132743363,62.6090692462
5d2n,33.3333333333,99.4413407821,27.6785714286,42.6086956522,55.9727692186
5men,22.2222222222,100.0,39.6396396396,34.5132743363,53.0995597367
5bs0,22.2222222222,86.5921787709,33.3333333333,54.8672566372,50.9715653261
