pdb_id,pep_identity,mhc_identity,tcrA_identity,tcrB_identity,total_identity
5hhm,44.4444444444,100.0,44.5454545455,93.6363636364,71.1784511785
3gsn,33.3333333333,100.0,87.2727272727,48.6725663717,67.1019933852
