pdb_id,pep_identity,mhc_identity,tcrA_identity,tcrB_identity,total_identity
5hhm,44.4444444444,100.0,30.3571428571,35.3448275862,59.0984765554
5d2n,33.3333333333,99.4413407821,23.8938053097,55.1724137931,57.435927889
3ffc,22.2222222222,81.0055865922,26.3157894737,94.8717948718,54.607200329
5men,22.2222222222,100.0,28.9473684211,30.1724137931,50.5940377764
5bs0,22.2222222222,86.5921787709,29.8245614035,42.2413793103,48.2824571167
4eup,11.1111111111,100.0,33.9285714286,31.0344827586,47.8642127349
