pdb_id,pep_identity,mhc_identity,tcrA_identity,tcrB_identity,total_identity
5hhm,44.4444444444,100.0,31.8181818182,39.0909090909,59.9663299663
3gsn,33.3333333333,100.0,37.2727272727,32.7433628319,56.1137927952
5bs0,22.2222222222,86.5921787709,37.1681415929,60.3603603604,52.5262173233
