pdb_id,pep_identity,mhc_identity,tcrA_identity,tcrB_identity,total_identity
3gsn,33.3333333333,100.0,38.5321100917,49.5575221239,59.1260498137
5bs0,22.2222222222,86.5921787709,37.1681415929,40.0,49.1328239299
