pdb_id,pep_identity,mhc_identity,tcrA_identity,tcrB_identity,total_identity
5d2n,33.3333333333,99.4413407821,22.0183486239,76.0683760684,60.6060121539
5hhm,44.4444444444,100.0,30.9090909091,35.8974358974,59.2825692826
4eup,11.1111111111,100.0,62.3853211009,31.6239316239,52.7052458245
5men,22.2222222222,100.0,33.3333333333,32.4786324786,51.7094017094
5bs0,22.2222222222,86.5921787709,37.1681415929,46.1538461538,50.1584649555
3ffc,22.2222222222,81.0055865922,30.3571428571,59.8290598291,49.4403033858
