pdb_id,pep_identity,mhc_identity,tcrA_identity,tcrB_identity,total_identity
5hhm,44.4444444444,100.0,40.9090909091,38.7387387387,61.4227864228
5d2n,33.3333333333,99.4413407821,23.2142857143,68.6956521739,59.5765476865
5bs0,22.2222222222,86.5921787709,46.017699115,47.3214285714,51.8279882788
5men,22.2222222222,100.0,34.8214285714,27.6785714286,51.1574074074
