pdb_id,pep_identity,mhc_identity,tcrA_identity,tcrB_identity,total_identity
3gsn,33.3333333333,100.0,40.0,87.610619469,65.7128810226
5hhm,44.4444444444,100.0,42.7272727273,51.3513513514,63.8279188279
5men,22.2222222222,100.0,34.5132743363,91.8181818182,61.7959834332
2bnq,11.1111111111,100.0,49.5575221239,89.2857142857,60.1775764386
