pdb_id,pep_identity,mhc_identity,tcrA_identity,tcrB_identity,total_identity
5hhm,44.4444444444,100.0,43.2432432432,58.0357142857,65.027974403
3gsn,33.3333333333,100.0,39.6396396396,50.4424778761,59.4581306971
4eup,11.1111111111,100.0,33.3333333333,89.2857142857,57.4735449735
5men,22.2222222222,100.0,35.3982300885,51.3274336283,55.1950180269
2p5w,11.1111111111,100.0,41.592920354,53.0973451327,52.8187479515
