pdb_id,pep_identity,mhc_identity,tcrA_identity,tcrB_identity,total_identity
5hhm,44.4444444444,100.0,39.2523364486,35.1351351351,60.5460600788
3gsn,33.3333333333,100.0,35.5140186916,31.3043478261,55.5808388641
4mnq,22.2222222222,100.0,32.1428571429,32.1428571429,51.455026455
