pdb_id,pep_identity,mhc_identity,tcrA_identity,tcrB_identity,total_identity
4eup,11.1111111111,100.0,91.7431192661,89.1891891892,67.1924217796
5hhm,44.4444444444,100.0,36.3636363636,57.2727272727,63.7542087542
3gsn,33.3333333333,100.0,38.1818181818,52.2123893805,59.5101457048
4mnq,22.2222222222,100.0,31.5315315315,55.8558558559,55.3053053053
