pdb_id,pep_identity,mhc_identity,tcrA_identity,tcrB_identity,total_identity
5hhm,44.4444444444,100.0,43.5185185185,30.9734513274,60.5634764558
5d2n,33.3333333333,99.4413407821,25.0,58.2608695652,58.1350362994
5men,22.2222222222,100.0,42.2018348624,32.7433628319,53.2316070231
5bs0,22.2222222222,86.5921787709,38.0530973451,41.592920354,49.5458032809
