pdb_id,pep_identity,mhc_identity,tcrA_identity,tcrB_identity,total_identity
5hhm,44.4444444444,100.0,40.5405405405,35.652173913,60.8469338904
5d2n,33.3333333333,99.4413407821,23.8938053097,49.5652173913,56.5013951553
5men,22.2222222222,100.0,39.2857142857,38.2608695652,53.6651713826
5bs0,22.2222222222,86.5921787709,47.7876106195,41.7391304348,51.1925905068
