pdb_id,pep_identity,mhc_identity,tcrA_identity,tcrB_identity,total_identity
2vlr,33.3333333333,100.0,57.5221238938,94.5454545455,69.789040851
3gsn,33.3333333333,100.0,29.8245614035,49.5575221239,57.674791699
