pdb_id,pep_identity,mhc_identity,tcrA_identity,tcrB_identity,total_identity
5hhm,44.4444444444,100.0,33.3333333333,33.9285714286,59.3584656085
5d2n,33.3333333333,99.4413407821,22.7272727273,50.4347826087,56.4519005945
4eup,11.1111111111,100.0,60.9090909091,33.0357142857,52.6945045695
5men,22.2222222222,100.0,32.7272727273,35.3982300885,52.09499121
5bs0,22.2222222222,86.5921787709,37.1681415929,36.2831858407,48.5133549033
