pdb_id,pep_identity,mhc_identity,tcrA_identity,tcrB_identity,total_identity
5d2n,33.3333333333,99.4413407821,61.320754717,34.188034188,60.1763561893
5hhm,44.4444444444,100.0,27.7777777778,34.7826086957,58.5748792271
4mnq,22.2222222222,100.0,21.6216216216,36.2068965517,50.378827103
