pdb_id,pep_identity,mhc_identity,tcrA_identity,tcrB_identity,total_identity
5d2n,33.3333333333,99.4413407821,24.2990654206,87.9310344828,62.9632413557
5hhm,44.4444444444,100.0,33.0275229358,38.7931034483,60.1182525455
4eup,11.1111111111,100.0,62.3853211009,32.7586206897,52.8943606688
4mnq,22.2222222222,100.0,29.0909090909,32.7586206897,51.0489957042
