pdb_id,pep_identity,mhc_identity,tcrA_identity,tcrB_identity,total_identity
5hhm,44.4444444444,100.0,34.8623853211,33.0357142857,59.4644980826
4eup,11.1111111111,100.0,85.3211009174,32.1428571429,56.6143633804
5d2n,33.3333333333,99.4413407821,23.1481481481,33.0434782609,53.6234957733
5men,22.2222222222,100.0,34.2342342342,30.0884955752,51.461195709
5bs0,22.2222222222,86.5921787709,39.8230088496,37.1681415929,49.1033254048
