pdb_id,pep_identity,mhc_identity,tcrA_identity,tcrB_identity,total_identity
5hhm,44.4444444444,100.0,33.3333333333,38.3928571429,60.1025132275
5d2n,33.3333333333,99.4413407821,22.6086956522,41.7391304348,54.9828623863
5bs0,22.2222222222,86.5921787709,36.8421052632,59.2920353982,52.2938237746
4mnq,22.2222222222,100.0,28.0701754386,34.5132743363,51.1713157032
4eup,11.1111111111,100.0,35.0877192982,35.7142857143,48.8373712058
