pdb_id,pep_identity,mhc_identity,tcrA_identity,tcrB_identity,total_identity
5d2n,33.3333333333,99.4413407821,50.0,55.652173913,61.8669203573
5hhm,44.4444444444,100.0,23.2142857143,34.8214285714,57.8207671958
3ffc,22.2222222222,81.0055865922,26.5486725664,73.5042735043,51.0847606166
4mnq,22.2222222222,100.0,21.4285714286,33.0357142857,49.8181216931
