pdb_id,pep_identity,mhc_identity,tcrA_identity,tcrB_identity,total_identity
5d2n,33.3333333333,99.4413407821,34.5132743363,56.5217391304,59.4307269496
5hhm,44.4444444444,100.0,26.7857142857,32.7433628319,58.0696610011
4mnq,22.2222222222,100.0,28.9473684211,32.7433628319,51.0225292829
5bs0,22.2222222222,86.5921787709,31.5789473684,43.3628318584,48.7617635355
3ffc,22.2222222222,81.0055865922,30.701754386,53.8461538462,48.5005876435
4qrp,11.1111111111,81.0055865922,54.4642857143,50.8771929825,48.2624790172
4eup,11.1111111111,100.0,33.0357142857,31.8584070796,47.8527239313
