pdb_id,pep_identity,mhc_identity,tcrA_identity,tcrB_identity,total_identity
5hhm,44.4444444444,100.0,33.3333333333,49.1071428571,61.8882275132
3gsn,33.3333333333,100.0,34.2105263158,54.8672566372,59.2907416033
4mnq,22.2222222222,100.0,31.8584070796,53.0973451327,54.9000327761
2p5w,11.1111111111,100.0,38.5964912281,53.982300885,52.4668357225
