pdb_id,pep_identity,mhc_identity,tcrA_identity,tcrB_identity,total_identity
5eu6,11.1111111111,100.0,44.2477876106,93.9655172414,60.0725878457
5hhm,44.4444444444,100.0,35.4545454545,34.4827586207,59.804365494
5men,22.2222222222,100.0,33.3333333333,32.7586206897,51.7560664112
5bs0,22.2222222222,86.5921787709,44.2477876106,43.1034482759,50.8300063121
3ffc,22.2222222222,81.0055865922,33.0357142857,62.3931623932,50.3140823846
