pdb_id,pep_identity,mhc_identity,tcrA_identity,tcrB_identity,total_identity
5hhm,44.4444444444,100.0,36.4485981308,33.0357142857,59.7288668842
5d2n,33.3333333333,99.4413407821,21.4953271028,51.3043478261,56.39150386
5men,22.2222222222,100.0,33.9285714286,34.8214285714,52.1990740741
5bs0,22.2222222222,86.5921787709,37.1681415929,41.9642857143,49.4602048823
4eup,11.1111111111,100.0,39.4495412844,30.0884955752,48.626709847
3ffc,22.2222222222,81.0055865922,31.8181818182,52.1367521368,48.4017585973
