pdb_id,pep_identity,mhc_identity,tcrA_identity,tcrB_identity,total_identity
5hhm,44.4444444444,100.0,35.5140186916,38.0530973451,60.4093341543
5d2n,33.3333333333,99.4413407821,19.4444444444,67.8260869565,58.803313272
5men,22.2222222222,100.0,33.0357142857,28.9473684211,51.0712545252
5bs0,22.2222222222,86.5921787709,37.1681415929,48.2456140351,50.5070929357
3ffc,22.2222222222,81.0055865922,30.9090909091,58.9743589744,49.3898445854
4eup,11.1111111111,100.0,40.3669724771,33.6283185841,49.3695855472
