pdb_id,pep_identity,mhc_identity,tcrA_identity,tcrB_identity,total_identity
5hhm,44.4444444444,100.0,32.7433628319,39.4736842105,60.1843226552
5bs0,22.2222222222,86.5921787709,33.9130434783,91.2280701754,57.1283192733
5d2n,33.3333333333,99.4413407821,28.3185840708,43.1034482759,56.1618967629
3ffc,22.2222222222,81.0055865922,59.2920353982,41.8803418803,51.2713324846
4mnq,22.2222222222,100.0,29.5652173913,33.0434782609,51.1755233494
4eup,11.1111111111,100.0,37.1681415929,38.2608695652,49.6085388967
