pdb_id,pep_identity,mhc_identity,tcrA_identity,tcrB_identity,total_identity
5hhm,44.4444444444,100.0,34.2105263158,32.7433628319,59.3071296728
5d2n,33.3333333333,99.4413407821,25.2173913043,52.1739130435,57.1567754298
5men,22.2222222222,100.0,31.5789473684,33.6283185841,51.6086183995
4eup,11.1111111111,100.0,45.6140350877,29.203539823,49.5066328555
5bs0,22.2222222222,86.5921787709,36.8421052632,41.592920354,49.3439712672
3ffc,22.2222222222,81.0055865922,34.4827586207,52.1367521368,48.845854731
