pdb_id,pep_identity,mhc_identity,tcrA_identity,tcrB_identity,total_identity
5hhm,44.4444444444,100.0,87.8504672897,53.5714285714,71.718464125
3gsn,33.3333333333,100.0,37.6146788991,54.8672566372,59.8581003672
