pdb_id,pep_identity,mhc_identity,tcrA_identity,tcrB_identity,total_identity
5hhm,44.4444444444,100.0,41.592920354,35.9649122807,61.0744535873
5d2n,33.3333333333,99.4413407821,23.6842105263,56.5217391304,57.6258829813
5men,22.2222222222,100.0,37.1681415929,36.5217391304,53.022387528
5bs0,22.2222222222,86.5921787709,41.592920354,43.8596491228,50.5135619105
