pdb_id,pep_identity,mhc_identity,tcrA_identity,tcrB_identity,total_identity
5men,22.2222222222,100.0,85.4545454545,56.1403508772,64.3398901294
5hhm,44.4444444444,100.0,36.9369369369,53.0973451327,63.1538618264
3gsn,33.3333333333,100.0,38.3928571429,54.3859649123,59.9075814536
2f54,11.1111111111,100.0,41.592920354,56.6371681416,53.408718453
4eup,11.1111111111,100.0,33.3333333333,58.407079646,52.3271058669
