pdb_id,pep_identity,mhc_identity,tcrA_identity,tcrB_identity,total_identity
5bs0,22.2222222222,86.5921787709,82.3008849558,70.0,61.6549478237
5hhm,44.4444444444,100.0,36.6071428571,41.8181818182,61.219035594
5eu6,11.1111111111,100.0,88.4955752212,45.1327433628,59.3084234677
2bnr,11.1111111111,100.0,86.7256637168,30.3571428571,56.5508381327
4mnq,22.2222222222,100.0,38.0530973451,34.5454545455,52.8404993892
