pdb_id,pep_identity,mhc_identity,tcrA_identity,tcrB_identity,total_identity
5hhm,44.4444444444,100.0,36.3636363636,36.6071428571,60.3099446849
5d2n,33.3333333333,99.4413407821,22.7272727273,56.5217391304,57.4663933481
4eup,11.1111111111,100.0,84.4036697248,34.5132743363,56.8565277139
4mnq,22.2222222222,100.0,34.2342342342,36.2831858407,52.4936440866
5bs0,22.2222222222,86.5921787709,41.592920354,44.6428571429,50.6440965805
3ffc,22.2222222222,81.0055865922,33.9285714286,52.9914529915,48.8959403415
