pdb_id,pep_identity,mhc_identity,tcrA_identity,tcrB_identity,total_identity
5hhm,44.4444444444,100.0,35.3982300885,91.0714285714,69.2264245915
3gsn,33.3333333333,100.0,84.0707964602,50.4424778761,66.8633235005
5men,22.2222222222,100.0,39.6396396396,49.5575221239,55.606934368
