pdb_id,pep_identity,mhc_identity,tcrA_identity,tcrB_identity,total_identity
5hhm,44.4444444444,100.0,39.4495412844,94.5945945946,70.4888374613
3gsn,33.3333333333,100.0,32.7272727273,48.6725663717,58.0110842943
