pdb_id,pep_identity,mhc_identity,tcrA_identity,tcrB_identity,total_identity
3gsn,33.3333333333,100.0,26.9565217391,93.8053097345,64.5714163567
5hhm,44.4444444444,100.0,29.5652173913,49.1071428571,61.2602081896
5men,22.2222222222,100.0,29.5652173913,90.1785714286,60.6980388774
2f54,11.1111111111,100.0,40.0,87.5,58.287037037
