pdb_id,pep_identity,mhc_identity,tcrA_identity,tcrB_identity,total_identity
5hhm,44.4444444444,100.0,51.8181818182,54.5454545455,65.8754208754
3gsn,33.3333333333,100.0,44.5454545455,54.8672566372,61.0132296415
4mnq,22.2222222222,100.0,35.3982300885,58.5585585586,56.4002055152
2p5w,11.1111111111,100.0,46.017699115,58.0357142857,54.3792726038
4eup,11.1111111111,100.0,43.2432432432,59.4594594595,54.1541541542
