pdb_id,pep_identity,mhc_identity,tcrA_identity,tcrB_identity,total_identity
5men,22.2222222222,100.0,86.2385321101,33.3333333333,60.6693849813
5hhm,44.4444444444,100.0,35.4545454545,36.2831858407,60.1044366974
5d2n,33.3333333333,99.4413407821,23.6363636364,34.7826086957,53.9947200938
5bs0,22.2222222222,86.5921787709,40.7079646018,40.350877193,49.7812739635
