pdb_id,pep_identity,mhc_identity,tcrA_identity,tcrB_identity,total_identity
5hhm,44.4444444444,100.0,34.8623853211,35.0877192982,59.806498918
3gsn,33.3333333333,100.0,37.037037037,33.0434782609,56.1245303274
5bs0,22.2222222222,86.5921787709,36.2831858407,40.0,48.9853313045
