pdb_id,pep_identity,mhc_identity,tcrA_identity,tcrB_identity,total_identity
5hhm,44.4444444444,100.0,28.1818181818,34.2342342342,58.5508235508
3gsn,33.3333333333,100.0,33.6363636364,30.0884955752,55.065254313
5bs0,22.2222222222,86.5921787709,32.7433628319,38.3928571429,48.1275036602
