pdb_id,pep_identity,mhc_identity,tcrA_identity,tcrB_identity,total_identity
5hhm,44.4444444444,100.0,37.8378378378,28.3185840708,59.1742184663
5eu6,11.1111111111,100.0,90.2654867257,32.4561403509,57.4906415498
5bs0,22.2222222222,86.5921787709,83.185840708,27.1929824561,54.6679375251
5men,22.2222222222,100.0,40.7079646018,29.8245614035,52.4961617416
