pdb_id,pep_identity,mhc_identity,tcrA_identity,tcrB_identity,total_identity
5d2n,33.3333333333,99.4413407821,27.9279279279,67.8260869565,60.2172271859
5hhm,44.4444444444,100.0,25.2252252252,36.036036036,58.3583583584
5men,22.2222222222,100.0,29.4642857143,29.7297297297,50.6064099814
5bs0,22.2222222222,86.5921787709,28.9473684211,46.4285714286,48.8341236393
