pdb_id,pep_identity,mhc_identity,tcrA_identity,tcrB_identity,total_identity
5hhm,44.4444444444,100.0,35.7798165138,50.8928571429,62.5935937576
4eup,11.1111111111,100.0,84.4036697248,56.25,60.4793153245
3gsn,33.3333333333,100.0,40.7407407407,54.8672566372,60.3791106741
4mnq,22.2222222222,100.0,33.3333333333,56.6371681416,55.7358243199
2bnr,11.1111111111,100.0,41.592920354,60.7142857143,54.0882380484
