pdb_id,pep_identity,mhc_identity,tcrA_identity,tcrB_identity,total_identity
5hhm,44.4444444444,100.0,34.5794392523,31.8584070796,59.2211225368
5d2n,33.3333333333,99.4413407821,23.3644859813,51.3043478261,56.7030303397
5men,22.2222222222,100.0,30.3571428571,41.592920354,52.7324179426
4eup,11.1111111111,100.0,40.3669724771,31.8584070796,49.0746002965
5bs0,22.2222222222,86.5921787709,34.5132743363,41.592920354,48.9558327794
3ffc,22.2222222222,81.0055865922,33.6363636364,49.5726495726,48.277438473
