pdb_id,pep_identity,mhc_identity,tcrA_identity,tcrB_identity,total_identity
5hhm,44.4444444444,100.0,32.7433628319,29.5652173913,58.5329115187
5d2n,33.3333333333,99.4413407821,23.6842105263,52.1739130435,56.9012453001
5men,22.2222222222,100.0,30.701754386,32.1739130435,51.2200186456
4qrp,11.1111111111,81.0055865922,49.5575221239,56.5217391304,48.3854427768
5bs0,22.2222222222,86.5921787709,30.701754386,38.2608695652,47.7652376563
4eup,11.1111111111,100.0,31.8584070796,26.9565217391,46.8395251735
