pdb_id,pep_identity,mhc_identity,tcrA_identity,tcrB_identity,total_identity
3gsn,33.3333333333,100.0,36.3636363636,49.5575221239,58.7646375257
5bs0,22.2222222222,86.5921787709,39.8230088496,40.0,49.575301806
