pdb_id,pep_identity,mhc_identity,tcrA_identity,tcrB_identity,total_identity
5hhm,44.4444444444,100.0,32.4561403509,31.25,58.7658382066
5d2n,33.3333333333,99.4413407821,30.701754386,31.0344827586,54.5475975626
5men,22.2222222222,100.0,31.3043478261,36.6071428571,52.0593225213
3ffc,22.2222222222,81.0055865922,61.4035087719,27.9661016949,49.3042046826
4eup,11.1111111111,100.0,32.4561403509,30.3571428571,47.5059175717
