pdb_id,pep_identity,mhc_identity,tcrA_identity,tcrB_identity,total_identity
5hhm,44.4444444444,100.0,38.1818181818,36.2831858407,60.5589821519
3gsn,33.3333333333,100.0,42.7272727273,30.701754386,56.68261563
5bs0,22.2222222222,86.5921787709,38.0530973451,56.1403508772,51.9703750348
4mnq,22.2222222222,100.0,33.9285714286,33.3333333333,51.9510582011
