pdb_id,pep_identity,mhc_identity,tcrA_identity,tcrB_identity,total_identity
5hhm,44.4444444444,100.0,42.7272727273,50.8928571429,63.7515031265
3gsn,33.3333333333,100.0,38.1818181818,72.5663716814,62.9024760883
5men,22.2222222222,100.0,37.5,74.1071428571,59.3419312169
2f53,11.1111111111,100.0,40.7079646018,75.0,56.321697804
4eup,11.1111111111,100.0,33.3333333333,50.8928571429,51.0747354497
