pdb_id,pep_identity,mhc_identity,tcrA_identity,tcrB_identity,total_identity
5hhm,44.4444444444,100.0,31.8181818182,36.036036036,59.4571844572
3gsn,33.3333333333,100.0,42.7272727273,30.9734513274,56.7278984536
5bs0,22.2222222222,86.5921787709,37.1681415929,57.1428571429,51.989966787
