pdb_id,pep_identity,mhc_identity,tcrA_identity,tcrB_identity,total_identity
5hhm,44.4444444444,100.0,26.8518518519,55.7522123894,61.9154921884
3gsn,33.3333333333,100.0,24.0740740741,75.4385964912,61.0298895387
5men,22.2222222222,100.0,21.6216216216,75.4385964912,56.9174437595
2p5w,11.1111111111,100.0,23.6842105263,74.5614035088,53.4113060429
