pdb_id,pep_identity,mhc_identity,tcrA_identity,tcrB_identity,total_identity
5hhm,44.4444444444,100.0,41.8181818182,36.2831858407,61.165042758
5d2n,33.3333333333,99.4413407821,26.1261261261,55.652173913,57.8879413783
3ffc,22.2222222222,81.0055865922,31.8584070796,88.8888888889,54.5338189329
5men,22.2222222222,100.0,37.1681415929,32.7433628319,52.3926581449
4qrp,11.1111111111,81.0055865922,34.5454545455,90.350877193,51.5216211908
5bs0,22.2222222222,86.5921787709,46.017699115,42.4778761062,51.0207295346
4eup,11.1111111111,100.0,42.3423423423,32.7433628319,49.5513212327
