pdb_id,pep_identity,mhc_identity,tcrA_identity,tcrB_identity,total_identity
5d2n,33.3333333333,99.4413407821,61.6822429907,69.5652173913,66.1328014355
5hhm,44.4444444444,100.0,24.7706422018,34.8214285714,58.0801599437
