pdb_id,pep_identity,mhc_identity,tcrA_identity,tcrB_identity,total_identity
5hhm,44.4444444444,100.0,35.1851851852,54.0540540541,63.021354688
3gsn,33.3333333333,100.0,32.1100917431,73.4513274336,62.0380143072
5men,22.2222222222,100.0,27.6785714286,75.8928571429,58.0026455026
2pye,11.1111111111,100.0,36.2831858407,76.7857142857,55.8818537248
4eup,11.1111111111,100.0,47.7064220183,55.3571428571,54.2142978496
