pdb_id,pep_identity,mhc_identity,tcrA_identity,tcrB_identity,total_identity
5hhm,44.4444444444,100.0,41.8181818182,50.4347826087,63.5236422193
3gsn,33.3333333333,100.0,34.2342342342,78.2608695652,63.193628411
5men,22.2222222222,100.0,39.6396396396,75.652173913,59.9560429995
2f54,11.1111111111,100.0,47.7876106195,73.0434782609,57.1755518504
4eup,11.1111111111,100.0,32.4324324324,51.3043478261,50.9931670801
