pdb_id,pep_identity,mhc_identity,tcrA_identity,tcrB_identity,total_identity
5hhm,44.4444444444,100.0,31.5789473684,56.7567567568,62.8707655023
4eup,11.1111111111,100.0,30.701754386,90.990990991,57.3191612665
3gsn,33.3333333333,100.0,26.3157894737,50.4424778761,57.2374890027
5men,22.2222222222,100.0,31.3043478261,55.3571428571,55.1843225213
2f54,11.1111111111,100.0,33.9130434783,52.2522522523,51.3979196588
