pdb_id,pep_identity,mhc_identity,tcrA_identity,tcrB_identity,total_identity
5hhm,44.4444444444,100.0,29.3103448276,94.5454545455,68.790781377
3gsn,33.3333333333,100.0,26.724137931,48.6725663717,57.0105618282
