pdb_id,pep_identity,mhc_identity,tcrA_identity,tcrB_identity,total_identity
5hhm,44.4444444444,100.0,36.6071428571,53.9130434783,63.2348458707
2bnq,11.1111111111,100.0,86.7256637168,55.652173913,60.766676642
4eup,11.1111111111,100.0,43.75,85.2173913043,58.5316022544
5men,22.2222222222,100.0,38.9380530973,49.1379310345,55.4200714294
5bs0,22.2222222222,86.5921787709,81.4159292035,31.8965517241,55.1568804857
5d2n,33.3333333333,99.4413407821,22.1238938053,29.9145299145,52.9312953251
