pdb_id,pep_identity,mhc_identity,tcrA_identity,tcrB_identity,total_identity
5hhm,44.4444444444,100.0,28.9719626168,34.2105263158,58.6785629703
5d2n,33.3333333333,99.4413407821,29.2452830189,51.3043478261,57.6831631793
5men,22.2222222222,100.0,37.037037037,39.1304347826,53.4353193773
4eup,11.1111111111,100.0,27.7777777778,34.2105263158,47.3684210526
5bs0,22.2222222222,86.5921787709,27.4336283186,37.3913043478,47.0756224421
