pdb_id,pep_identity,mhc_identity,tcrA_identity,tcrB_identity,total_identity
5hhm,44.4444444444,100.0,32.1428571429,50.8928571429,61.9874338624
3gsn,33.3333333333,100.0,24.1071428571,72.5663716814,60.5566968675
5men,22.2222222222,100.0,27.6785714286,74.1071428571,57.705026455
2p5w,11.1111111111,100.0,31.5789473684,75.0,54.8001949318
