pdb_id,pep_identity,mhc_identity,tcrA_identity,tcrB_identity,total_identity
5hhm,44.4444444444,100.0,33.0275229358,34.5454545455,59.4103110617
3gsn,33.3333333333,100.0,36.6972477064,30.9734513274,55.7228942834
5bs0,22.2222222222,86.5921787709,38.9380530973,38.7387387387,49.2175989704
