pdb_id,pep_identity,mhc_identity,tcrA_identity,tcrB_identity,total_identity
5hhm,44.4444444444,100.0,26.9565217391,47.7876106195,60.6055035412
3gsn,33.3333333333,100.0,21.7391304348,66.3716814159,59.1295797529
4mnq,22.2222222222,100.0,33.6283185841,60.1769911504,56.3749590298
2e7l,22.2222222222,68.7150837989,65.2173913043,52.2123893805,49.8840654545
