pdb_id,pep_identity,mhc_identity,tcrA_identity,tcrB_identity,total_identity
5hhm,44.4444444444,100.0,33.9449541284,35.9649122807,59.7997925497
4eup,11.1111111111,100.0,85.3211009174,35.9649122807,57.2513725701
5d2n,33.3333333333,99.4413407821,22.0183486239,49.5652173913,56.188819041
5men,22.2222222222,100.0,33.9449541284,33.9130434783,52.0504070085
5bs0,22.2222222222,86.5921787709,38.9380530973,39.1304347826,49.2828816444
3ffc,22.2222222222,81.0055865922,32.1428571429,50.4273504274,48.1709708665
