pdb_id,pep_identity,mhc_identity,tcrA_identity,tcrB_identity,total_identity
3gsn,33.3333333333,100.0,34.2342342342,91.1504424779,65.3418905631
5hhm,44.4444444444,100.0,40.9090909091,51.7857142857,63.5972823473
5men,22.2222222222,100.0,38.1818181818,91.9642857143,62.4317580568
2f54,11.1111111111,100.0,46.9026548673,91.9642857143,60.181527134
