pdb_id,pep_identity,mhc_identity,tcrA_identity,tcrB_identity,total_identity
5hhm,44.4444444444,100.0,28.9473684211,33.9285714286,58.6274714564
3gsn,33.3333333333,100.0,26.3157894737,31.8584070796,54.14014387
5bs0,22.2222222222,86.5921787709,33.3333333333,38.0530973451,48.1692054441
