pdb_id,pep_identity,mhc_identity,tcrA_identity,tcrB_identity,total_identity
3qdj,0.0,100.0,88.2882882883,89.4736842105,62.9603287498
5hhm,44.4444444444,100.0,34.8214285714,48.2456140351,61.9926552492
3gsn,33.3333333333,100.0,37.5,66.6666666667,61.8055555556
5men,22.2222222222,100.0,35.1351351351,63.1578947368,57.1229123861
2pye,11.1111111111,100.0,41.592920354,60.5263157895,54.0569097276
