pdb_id,pep_identity,mhc_identity,tcrA_identity,tcrB_identity,total_identity
5hhm,44.4444444444,100.0,32.7586206897,91.9642857143,68.9352992155
3gsn,33.3333333333,100.0,25.8620689655,48.6725663717,56.8668836673
