pdb_id,pep_identity,mhc_identity,tcrA_identity,tcrB_identity,total_identity
5hhm,44.4444444444,100.0,34.7826086957,37.8378378378,60.2515559037
5d2n,33.3333333333,99.4413407821,26.724137931,44.347826087,56.1035520415
5bs0,22.2222222222,86.5921787709,33.9130434783,68.4684684685,53.3350523222
4mnq,22.2222222222,100.0,28.6956521739,33.6363636364,51.1294100425
