pdb_id,pep_identity,mhc_identity,tcrA_identity,tcrB_identity,total_identity
5hhm,44.4444444444,100.0,29.7297297297,31.8965517241,58.4191950571
5d2n,33.3333333333,99.4413407821,28.5714285714,49.5726495726,57.2822377292
5men,22.2222222222,100.0,28.9473684211,31.6239316239,50.8359574149
2e7l,22.2222222222,68.7150837989,70.2702702703,33.6206896552,47.6275953279
5bs0,22.2222222222,86.5921787709,32.4561403509,35.0427350427,47.5212795633
4qrp,11.1111111111,81.0055865922,50.4504504505,50.0,47.4473076428
4eup,11.1111111111,100.0,29.4642857143,31.0344827586,47.1201651159
