pdb_id,pep_identity,mhc_identity,tcrA_identity,tcrB_identity,total_identity
5men,22.2222222222,100.0,86.3636363636,35.3982300885,61.0343851494
5hhm,44.4444444444,100.0,40.0,31.8584070796,60.1245493281
5d2n,33.3333333333,99.4413407821,22.7272727273,57.3913043478,57.6113208843
5bs0,22.2222222222,86.5921787709,39.8230088496,42.4778761062,49.988281157
