pdb_id,pep_identity,mhc_identity,tcrA_identity,tcrB_identity,total_identity
5hhm,44.4444444444,100.0,38.7387387387,90.990990991,69.7697697698
3gsn,33.3333333333,100.0,34.8214285714,49.5575221239,58.5076028937
