pdb_id,pep_identity,mhc_identity,tcrA_identity,tcrB_identity,total_identity
5hhm,44.4444444444,100.0,28.9473684211,33.3333333333,58.5282651072
5d2n,33.3333333333,99.4413407821,28.9473684211,52.1739130435,57.7784382826
3ffc,22.2222222222,81.0055865922,85.9649122807,52.1367521368,57.4262136744
5men,22.2222222222,100.0,33.9130434783,33.3333333333,51.9484702093
5bs0,22.2222222222,86.5921787709,37.3913043478,41.2280701754,49.3746960849
4eup,11.1111111111,100.0,30.701754386,28.9473684211,46.9785575049
