pdb_id,pep_identity,mhc_identity,tcrA_identity,tcrB_identity,total_identity
5hhm,44.4444444444,100.0,88.679245283,36.6071428571,69.0292128382
3gsn,33.3333333333,100.0,36.4485981308,38.9380530973,57.0088863158
