pdb_id,pep_identity,mhc_identity,tcrA_identity,tcrB_identity,total_identity
5hhm,44.4444444444,100.0,42.8571428571,33.6206896552,60.8944535669
5d2n,33.3333333333,99.4413407821,21.4285714286,55.1724137931,57.0250555754
4eup,11.1111111111,100.0,86.4864864865,30.1724137931,56.4801870836
3ffc,22.2222222222,81.0055865922,31.5789473684,88.0341880342,54.3447921719
5men,22.2222222222,100.0,32.4324324324,31.0344827586,51.3185599392
4qrp,11.1111111111,81.0055865922,34.5132743363,85.3448275862,50.6819162215
5bs0,22.2222222222,86.5921787709,43.3628318584,41.3793103448,50.3951573649
