pdb_id,pep_identity,mhc_identity,tcrA_identity,tcrB_identity,total_identity
4eup,11.1111111111,100.0,83.0357142857,59.4594594595,60.7862326612
5men,22.2222222222,100.0,33.9285714286,51.8181818182,55.0318662819
5d2n,33.3333333333,99.4413407821,20.3539823009,33.0434782609,53.1578014654
5bs0,22.2222222222,86.5921787709,40.350877193,40.0,49.6632798632
