pdb_id,pep_identity,mhc_identity,tcrA_identity,tcrB_identity,total_identity
5hhm,44.4444444444,100.0,36.4485981308,33.9285714286,59.8776764081
5d2n,33.3333333333,99.4413407821,19.4444444444,51.3043478261,56.0496900836
5men,22.2222222222,100.0,33.9285714286,35.7142857143,52.3478835979
5bs0,22.2222222222,86.5921787709,38.0530973451,42.8571428571,49.7565070314
4eup,11.1111111111,100.0,38.5321100917,30.9734513274,48.6212972736
3ffc,22.2222222222,81.0055865922,30.9090909091,52.9914529915,48.3926935882
