pdb_id,pep_identity,mhc_identity,tcrA_identity,tcrB_identity,total_identity
3gsn,33.3333333333,100.0,27.6785714286,77.8761061947,62.036890715
5hhm,44.4444444444,100.0,27.6785714286,49.1071428571,60.9457671958
5men,22.2222222222,100.0,28.6956521739,81.25,59.0650161031
2pye,11.1111111111,100.0,35.652173913,79.4642857143,56.2231136416
