pdb_id,pep_identity,mhc_identity,tcrA_identity,tcrB_identity,total_identity
5hhm,44.4444444444,100.0,42.3423423423,38.9380530973,61.6948807214
5d2n,33.3333333333,99.4413407821,24.1071428571,53.9130434783,57.2615890944
3ffc,22.2222222222,81.0055865922,27.4336283186,88.8888888889,53.796355806
5men,22.2222222222,100.0,35.3982300885,32.4561403509,52.0498024806
5bs0,22.2222222222,86.5921787709,40.7079646018,43.3628318584,50.2832664078
4qrp,11.1111111111,81.0055865922,27.9279279279,88.5964912281,50.1263024271
