pdb_id,pep_identity,mhc_identity,tcrA_identity,tcrB_identity,total_identity
5hhm,44.4444444444,100.0,34.2342342342,52.2123893805,62.5559187506
3gsn,33.3333333333,100.0,37.8378378378,62.8318584071,61.2227271519
5men,22.2222222222,100.0,31.8584070796,65.4867256637,56.9649295313
3qdj,0.0,100.0,45.9459459459,90.2654867257,56.0352387786
2f54,11.1111111111,100.0,39.8230088496,64.6017699115,54.4411668305
