pdb_id,pep_identity,mhc_identity,tcrA_identity,tcrB_identity,total_identity
5hhm,44.4444444444,100.0,26.3157894737,30.3571428571,57.59363687
5d2n,33.3333333333,99.4413407821,27.1929824561,31.3043478261,54.0077797522
5men,22.2222222222,100.0,37.1681415929,30.9734513274,52.0976728941
3ffc,22.2222222222,81.0055865922,52.6315789474,32.4786324786,48.5943048425
5bs0,22.2222222222,86.5921787709,33.9130434783,35.3982300885,47.8233459255
4eup,11.1111111111,100.0,27.1929824561,32.1428571429,46.9263436369
