pdb_id,pep_identity,mhc_identity,tcrA_identity,tcrB_identity,total_identity
5d2n,33.3333333333,99.4413407821,38.3928571429,54.7826086957,59.7874690116
5hhm,44.4444444444,100.0,31.25,34.8214285714,59.1600529101
3ffc,22.2222222222,81.0055865922,61.9469026549,86.3247863248,59.1212177681
5men,22.2222222222,100.0,30.4347826087,36.6071428571,51.914394985
4qrp,11.1111111111,81.0055865922,37.5,88.5964912281,51.7216477724
5bs0,22.2222222222,86.5921787709,32.1739130435,41.9642857143,48.6278334574
