pdb_id,pep_identity,mhc_identity,tcrA_identity,tcrB_identity,total_identity
5hhm,44.4444444444,100.0,29.203539823,37.8378378378,59.3217110916
5d2n,33.3333333333,99.4413407821,28.9473684211,49.5652173913,57.3436556739
4mnq,22.2222222222,100.0,28.0701754386,35.3982300885,51.3188083286
4eup,11.1111111111,100.0,34.5132743363,36.6071428571,48.8904399026
5bs0,22.2222222222,86.5921787709,31.5789473684,40.1785714286,48.2310534639
