pdb_id,pep_identity,mhc_identity,tcrA_identity,tcrB_identity,total_identity
5hhm,44.4444444444,100.0,40.7079646018,31.5789473684,60.1959668098
5d2n,33.3333333333,99.4413407821,23.4782608696,55.652173913,57.4466305023
5men,22.2222222222,100.0,38.0530973451,34.2105263158,52.7846780176
5bs0,22.2222222222,86.5921787709,44.7368421053,41.2280701754,50.5989523778
4eup,11.1111111111,100.0,36.8421052632,30.701754386,48.2943469786
