pdb_id,pep_identity,mhc_identity,tcrA_identity,tcrB_identity,total_identity
5hhm,44.4444444444,100.0,25.6880733945,52.7272727273,61.2173725018
3gsn,33.3333333333,100.0,31.8181818182,50.4424778761,58.1545543935
4mnq,22.2222222222,100.0,29.7297297297,53.6363636364,54.6350896351
2p5w,11.1111111111,100.0,30.0884955752,51.7857142857,50.6827386805
