pdb_id,pep_identity,mhc_identity,tcrA_identity,tcrB_identity,total_identity
5hhm,44.4444444444,100.0,28.9473684211,36.6071428571,59.0739000278
5d2n,33.3333333333,99.4413407821,28.6956521739,34.7826086957,54.8379348501
4mnq,22.2222222222,100.0,28.9473684211,33.6283185841,51.1700219083
5bs0,22.2222222222,86.5921787709,31.5789473684,40.7079646018,48.3192856594
4eup,11.1111111111,100.0,30.701754386,34.8214285714,47.9575675299
2e7l,22.2222222222,68.7150837989,69.298245614,33.0357142857,47.3680953237
