pdb_id,pep_identity,mhc_identity,tcrA_identity,tcrB_identity,total_identity
5d2n,33.3333333333,99.4413407821,28.0701754386,57.3913043478,58.5018046696
5hhm,44.4444444444,100.0,27.1929824561,32.1428571429,58.037454748
3ffc,22.2222222222,81.0055865922,84.2105263158,50.4273504274,56.8489157287
5men,22.2222222222,100.0,31.8584070796,38.7387387387,52.5069317105
5bs0,22.2222222222,86.5921787709,33.0434782609,42.8571428571,48.9215705174
4eup,11.1111111111,100.0,29.8245614035,30.9734513274,47.1700391589
