pdb_id,pep_identity,mhc_identity,tcrA_identity,tcrB_identity,total_identity
5men,22.2222222222,100.0,89.8148148148,36.036036036,61.7158825492
5hhm,44.4444444444,100.0,34.5454545455,34.5454545455,59.6632996633
3gsn,33.3333333333,100.0,38.7387387387,31.8584070796,56.2106354142
5bs0,22.2222222222,86.5921787709,40.7079646018,39.6396396396,49.6627343713
2p5e,11.1111111111,100.0,40.7079646018,33.3333333333,49.3772533596
