pdb_id,pep_identity,mhc_identity,tcrA_identity,tcrB_identity,total_identity
5hhm,44.4444444444,100.0,40.5405405405,33.3333333333,60.4604604605
3gsn,33.3333333333,100.0,34.8214285714,30.0884955752,55.2627651356
5bs0,22.2222222222,86.5921787709,46.017699115,36.6071428571,50.0422739931
