pdb_id,pep_identity,mhc_identity,tcrA_identity,tcrB_identity,total_identity
5hhm,44.4444444444,100.0,37.2727272727,32.1428571429,59.7174122174
4eup,11.1111111111,100.0,85.3211009174,33.0357142857,56.7631729042
5d2n,33.3333333333,99.4413407821,20.0,32.1739130435,52.9538768791
4mnq,22.2222222222,100.0,33.0275229358,31.8584070796,51.55506241
5bs0,22.2222222222,86.5921787709,40.7079646018,38.9380530973,49.5458032809
