pdb_id,pep_identity,mhc_identity,tcrA_identity,tcrB_identity,total_identity
5hhm,44.4444444444,100.0,33.6363636364,57.2727272727,63.2996632997
4eup,11.1111111111,100.0,88.0733944954,61.2612612613,61.9261463298
3gsn,33.3333333333,100.0,38.1818181818,55.7522123894,60.1001162063
4mnq,22.2222222222,100.0,30.6306306306,57.1428571429,55.3696553697
2bnr,11.1111111111,100.0,40.7079646018,55.8558558559,53.1310071133
