pdb_id,pep_identity,mhc_identity,tcrA_identity,tcrB_identity,total_identity
5hhm,44.4444444444,100.0,35.1851851852,37.3913043478,60.244229737
5d2n,33.3333333333,99.4413407821,22.9357798165,68.1034482759,59.4314293872
3ffc,22.2222222222,81.0055865922,37.2727272727,59.8290598291,50.5929007884
5men,22.2222222222,100.0,30.3571428571,27.5862068966,50.3979656997
5bs0,22.2222222222,86.5921787709,37.1681415929,47.4137931034,50.3684561138
4eup,11.1111111111,100.0,40.3669724771,31.3043478261,48.9822570876
