pdb_id,pep_identity,mhc_identity,tcrA_identity,tcrB_identity,total_identity
5hhm,44.4444444444,100.0,26.8518518519,33.6283185841,58.2281765541
3gsn,33.3333333333,100.0,24.0740740741,33.3333333333,54.012345679
