pdb_id,pep_identity,mhc_identity,tcrA_identity,tcrB_identity,total_identity
5euo,33.3333333333,100.0,92.6605504587,33.9285714286,65.5426314257
5d2n,33.3333333333,99.4413407821,26.8518518519,51.3043478261,57.2842579848
