pdb_id,pep_identity,mhc_identity,tcrA_identity,tcrB_identity,total_identity
5hhm,44.4444444444,100.0,34.8214285714,33.3333333333,59.5072751323
4eup,11.1111111111,100.0,86.4864864865,30.6306306306,56.5565565566
5d2n,33.3333333333,99.4413407821,21.4285714286,33.9130434783,53.4818271896
5men,22.2222222222,100.0,36.036036036,31.25,51.9550800801
5bs0,22.2222222222,86.5921787709,40.7079646018,34.8214285714,48.8596991933
