pdb_id,pep_identity,mhc_identity,tcrA_identity,tcrB_identity,total_identity
5hhm,44.4444444444,100.0,36.6972477064,37.2727272727,60.4764773113
4eup,11.1111111111,100.0,87.1559633028,36.9369369369,57.719187077
5d2n,33.3333333333,99.4413407821,23.1481481481,33.0434782609,53.6234957733
4mnq,22.2222222222,100.0,32.4324324324,34.8214285714,51.9497175747
5bs0,22.2222222222,86.5921787709,39.8230088496,42.3423423423,49.9656921964
