pdb_id,pep_identity,mhc_identity,tcrA_identity,tcrB_identity,total_identity
5hhm,44.4444444444,100.0,28.5714285714,55.3571428571,62.1362433862
3gsn,33.3333333333,100.0,21.4285714286,54.8672566372,57.1604157887
4mnq,22.2222222222,100.0,28.9473684211,55.7522123894,54.8573375425
2p5w,11.1111111111,100.0,31.5789473684,57.5221238938,51.8872155807
2e7l,22.2222222222,68.7150837989,69.6428571429,55.3571428571,51.1457686737
