pdb_id,pep_identity,mhc_identity,tcrA_identity,tcrB_identity,total_identity
5hhm,44.4444444444,100.0,41.4414414414,32.7433628319,60.5122821937
5d2n,33.3333333333,99.4413407821,20.5357142857,56.5217391304,57.1011336078
4mnq,22.2222222222,100.0,31.8584070796,36.2831858407,52.0976728941
5bs0,22.2222222222,86.5921787709,40.350877193,42.4778761062,50.0762592143
4eup,11.1111111111,100.0,39.2857142857,31.8584070796,48.8943905979
