pdb_id,pep_identity,mhc_identity,tcrA_identity,tcrB_identity,total_identity
5hhm,44.4444444444,100.0,42.7272727273,88.5964912281,70.0354421407
3gsn,33.3333333333,100.0,42.7272727273,48.6956521739,59.6815985946
5men,22.2222222222,100.0,42.4778761062,53.0434782609,56.6609664686
