pdb_id,pep_identity,mhc_identity,tcrA_identity,tcrB_identity,total_identity
5d2n,33.3333333333,99.4413407821,21.4953271028,77.3913043478,60.7393299469
5hhm,44.4444444444,100.0,36.4485981308,35.3982300885,60.122619518
5men,22.2222222222,100.0,33.0357142857,37.1681415929,52.4413833872
5bs0,22.2222222222,86.5921787709,37.1681415929,46.9026548673,50.2832664078
3ffc,22.2222222222,81.0055865922,32.7272727273,57.264957265,49.4079746035
4eup,11.1111111111,100.0,39.4495412844,31.8584070796,48.9216950977
