pdb_id,pep_identity,mhc_identity,tcrA_identity,tcrB_identity,total_identity
4eup,11.1111111111,100.0,86.3636363636,58.5585585586,61.1907361907
5men,22.2222222222,100.0,36.6972477064,50.4504504505,55.2653571002
5d2n,33.3333333333,99.4413407821,20.7207207207,33.0434782609,53.2189245354
5bs0,22.2222222222,86.5921787709,40.7079646018,40.0,49.7227944314
