pdb_id,pep_identity,mhc_identity,tcrA_identity,tcrB_identity,total_identity
3gsn,33.3333333333,100.0,31.8584070796,48.6725663717,57.866273353
5bs0,22.2222222222,86.5921787709,35.3982300885,39.6396396396,48.7777786191
