pdb_id,pep_identity,mhc_identity,tcrA_identity,tcrB_identity,total_identity
5hhm,44.4444444444,100.0,40.9090909091,36.6071428571,61.0675204425
5d2n,33.3333333333,99.4413407821,22.3214285714,68.6956521739,59.4277381627
5men,22.2222222222,100.0,39.0909090909,33.6283185841,52.8606120199
5bs0,22.2222222222,86.5921787709,43.3628318584,46.9026548673,51.3157147853
