pdb_id,pep_identity,mhc_identity,tcrA_identity,tcrB_identity,total_identity
5hhm,44.4444444444,100.0,25.6637168142,35.0877192982,58.2733875002
5d2n,33.3333333333,99.4413407821,27.4336283186,51.3043478261,57.3812207293
3ffc,22.2222222222,81.0055865922,52.2123893805,52.1367521368,51.800793191
5men,22.2222222222,100.0,29.203539823,34.7826086957,51.4050988272
5bs0,22.2222222222,86.5921787709,33.0434782609,42.1052631579,48.7962572342
4eup,11.1111111111,100.0,30.0884955752,30.4347826087,47.1242500677
