pdb_id,pep_identity,mhc_identity,tcrA_identity,tcrB_identity,total_identity
3gsn,33.3333333333,100.0,87.1559633028,30.701754386,64.0873973926
5hhm,44.4444444444,100.0,35.7798165138,37.7192982456,60.398000608
5eu6,11.1111111111,100.0,41.592920354,69.298245614,55.5188980317
5men,22.2222222222,100.0,38.1818181818,33.3333333333,52.6599326599
