pdb_id,pep_identity,mhc_identity,tcrA_identity,tcrB_identity,total_identity
3gsn,33.3333333333,100.0,34.2342342342,49.5575221239,58.4097371708
5bs0,22.2222222222,86.5921787709,38.9380530973,40.0,49.4278091806
