pdb_id,pep_identity,mhc_identity,tcrA_identity,tcrB_identity,total_identity
5hhm,44.4444444444,100.0,31.25,38.9380530973,59.8461569977
5bs0,22.2222222222,86.5921787709,30.9734513274,90.2654867257,56.4779566732
5d2n,33.3333333333,99.4413407821,22.1238938053,44.347826087,55.3368446872
4qrp,11.1111111111,81.0055865922,86.6071428571,38.5964912281,51.5728382486
4mnq,22.2222222222,100.0,29.7297297297,32.7433628319,51.1529228343
4eup,11.1111111111,100.0,35.7142857143,35.3982300885,48.8891230042
