pdb_id,pep_identity,mhc_identity,tcrA_identity,tcrB_identity,total_identity
4eup,11.1111111111,100.0,83.6363636364,90.1785714286,66.0061928812
5hhm,44.4444444444,100.0,36.036036036,61.2612612613,64.3643643644
3gsn,33.3333333333,100.0,36.9369369369,49.5575221239,58.8601876212
5men,22.2222222222,100.0,33.3333333333,49.5575221239,54.5558833169
