pdb_id,pep_identity,mhc_identity,tcrA_identity,tcrB_identity,total_identity
5hhm,44.4444444444,100.0,34.2342342342,60.1769911504,63.8833523789
4eup,11.1111111111,100.0,46.8468468468,88.5964912281,59.6109267162
3gsn,33.3333333333,100.0,36.9369369369,48.6956521739,58.7165426296
4mnq,22.2222222222,100.0,31.8584070796,48.6956521739,54.166417283
2p5w,11.1111111111,100.0,39.8230088496,50.4347826087,52.0800022801
