pdb_id,pep_identity,mhc_identity,tcrA_identity,tcrB_identity,total_identity
3gsn,33.3333333333,100.0,37.8378378378,88.5964912281,65.5168326221
5hhm,44.4444444444,100.0,35.1351351351,51.7543859649,62.6297349982
5men,22.2222222222,100.0,34.2342342342,88.5964912281,61.2125283178
4eup,11.1111111111,100.0,90.0,51.7543859649,60.6627680312
2bnr,11.1111111111,100.0,43.3628318584,88.5964912281,59.0302575514
