pdb_id,pep_identity,mhc_identity,tcrA_identity,tcrB_identity,total_identity
3gsn,33.3333333333,100.0,25.8928571429,89.3805309735,63.6566757972
5hhm,44.4444444444,100.0,31.25,49.5575221239,61.6160685021
4mnq,22.2222222222,100.0,30.4347826087,91.1504424779,61.0049449218
2f54,11.1111111111,100.0,33.0434782609,91.1504424779,57.7360238268
