pdb_id,pep_identity,mhc_identity,tcrA_identity,tcrB_identity,total_identity
5hhm,44.4444444444,100.0,34.8623853211,33.6283185841,59.5632654657
5d2n,33.3333333333,99.4413407821,23.6363636364,55.652173913,57.4729809634
5men,22.2222222222,100.0,32.1428571429,33.6283185841,51.7026033619
5bs0,22.2222222222,86.5921787709,35.3982300885,43.3628318584,49.3983106555
4eup,11.1111111111,100.0,40.9090909091,31.8584070796,49.1649533685
3ffc,22.2222222222,81.0055865922,34.2342342342,52.9914529915,48.9468841424
