pdb_id,pep_identity,mhc_identity,tcrA_identity,tcrB_identity,total_identity
5hhm,44.4444444444,100.0,35.7798165138,38.7387387387,60.5679073569
3gsn,33.3333333333,100.0,38.8888888889,36.2831858407,56.973123566
5bs0,22.2222222222,86.5921787709,38.9380530973,67.5675675676,54.0224037752
4mnq,22.2222222222,100.0,38.5321100917,33.3333333333,52.7183146449
