pdb_id,pep_identity,mhc_identity,tcrA_identity,tcrB_identity,total_identity
3gsn,33.3333333333,100.0,24.1071428571,49.5575221239,56.721888608
4qrp,11.1111111111,81.0055865922,85.7142857143,33.6283185841,50.5959999508
5bs0,22.2222222222,86.5921787709,29.203539823,40.0,47.8053903016
2e7l,22.2222222222,68.7150837989,50.4424778761,50.0,47.0528483197
