pdb_id,pep_identity,mhc_identity,tcrA_identity,tcrB_identity,total_identity
5d2n,33.3333333333,99.4413407821,25.8928571429,65.5172413793,59.4932411255
5hhm,44.4444444444,100.0,30.6306306306,35.3448275862,59.144057851
5men,22.2222222222,100.0,29.4642857143,34.4827586207,51.3985814632
3ffc,22.2222222222,81.0055865922,26.3157894737,58.9743589744,48.6242943461
5bs0,22.2222222222,86.5921787709,31.5789473684,42.2413793103,48.5748547775
4qrp,11.1111111111,81.0055865922,47.7477477477,56.0344827586,48.0026043188
