pdb_id,pep_identity,mhc_identity,tcrA_identity,tcrB_identity,total_identity
5hhm,44.4444444444,100.0,29.7297297297,31.8584070796,58.4128376164
5d2n,33.3333333333,99.4413407821,27.027027027,57.3913043478,58.327946601
4mnq,22.2222222222,100.0,30.6306306306,35.3982300885,51.7455508606
5bs0,22.2222222222,86.5921787709,32.7433628319,42.4778761062,48.8083401541
4eup,11.1111111111,100.0,38.1818181818,31.8584070796,48.7104079139
3ffc,22.2222222222,81.0055865922,33.6283185841,52.1367521368,48.7034480583
