pdb_id,pep_identity,mhc_identity,tcrA_identity,tcrB_identity,total_identity
5hhm,44.4444444444,100.0,38.7387387387,39.6396396396,61.2112112112
5d2n,33.3333333333,99.4413407821,23.2142857143,69.5652173913,59.7214752228
5men,22.2222222222,100.0,36.6071428571,30.6306306306,51.947036322
5bs0,22.2222222222,86.5921787709,35.3982300885,47.3214285714,50.0580767744
4eup,11.1111111111,100.0,45.9459459459,32.1428571429,50.0518375518
3ffc,22.2222222222,81.0055865922,31.8584070796,55.5555555556,48.9782633773
