pdb_id,pep_identity,mhc_identity,tcrA_identity,tcrB_identity,total_identity
5hhm,44.4444444444,100.0,36.3636363636,35.9649122807,60.2029062555
5d2n,33.3333333333,99.4413407821,24.1071428571,46.9565217391,56.1021688045
5men,22.2222222222,100.0,30.0,39.4736842105,52.3196881092
5bs0,22.2222222222,86.5921787709,30.0884955752,42.1052631579,48.3037601199
