pdb_id,pep_identity,mhc_identity,tcrA_identity,tcrB_identity,total_identity
5hhm,44.4444444444,100.0,35.4545454545,54.0540540541,63.0662480662
3gsn,33.3333333333,100.0,34.2342342342,56.6371681416,59.5896781737
5men,22.2222222222,100.0,35.7142857143,57.1428571429,56.2169312169
4eup,11.1111111111,100.0,41.4414414414,59.4594594595,53.8538538539
2p5w,11.1111111111,100.0,38.0530973451,58.0357142857,53.0518389755
