pdb_id,pep_identity,mhc_identity,tcrA_identity,tcrB_identity,total_identity
5d2n,33.3333333333,99.4413407821,50.0,40.0,59.2582247052
5hhm,44.4444444444,100.0,25.0,35.3982300885,58.2145198296
4mnq,22.2222222222,100.0,20.7207207207,30.4347826087,49.2666579623
