pdb_id,pep_identity,mhc_identity,tcrA_identity,tcrB_identity,total_identity
5hhm,44.4444444444,100.0,35.7798165138,36.2831858407,60.1586485406
4eup,11.1111111111,100.0,88.0733944954,31.8584070796,57.0256706329
5d2n,33.3333333333,99.4413407821,20.1834862385,41.7391304348,54.5786608174
5bs0,22.2222222222,86.5921787709,40.7079646018,56.1403508772,52.4128529109
4mnq,22.2222222222,100.0,29.7297297297,33.3333333333,51.2512512513
