pdb_id,pep_identity,mhc_identity,tcrA_identity,tcrB_identity,total_identity
5hhm,44.4444444444,100.0,32.4561403509,31.8584070796,58.8672393866
5d2n,33.3333333333,99.4413407821,29.8245614035,57.3913043478,58.7942023304
3ffc,22.2222222222,81.0055865922,60.5263157895,52.1367521368,53.1864475925
5men,22.2222222222,100.0,33.9130434783,35.3982300885,52.2926196685
5bs0,22.2222222222,86.5921787709,33.0434782609,42.4778761062,48.8583593922
4eup,11.1111111111,100.0,31.5789473684,31.8584070796,47.609929445
