pdb_id,pep_identity,mhc_identity,tcrA_identity,tcrB_identity,total_identity
3gsn,33.3333333333,100.0,89.8148148148,30.701754386,64.5305393112
5hhm,44.4444444444,100.0,36.6972477064,35.9649122807,60.258508146
5bs0,22.2222222222,86.5921787709,39.8230088496,87.7192982456,57.5285181803
5men,22.2222222222,100.0,38.3928571429,32.4561403509,52.5489069897
