pdb_id,pep_identity,mhc_identity,tcrA_identity,tcrB_identity,total_identity
5hhm,44.4444444444,100.0,26.7857142857,91.8918918919,67.9277491777
5d2n,33.3333333333,99.4413407821,50.0,33.9130434783,58.2437319515
