pdb_id,pep_identity,mhc_identity,tcrA_identity,tcrB_identity,total_identity
5hhm,44.4444444444,100.0,40.9090909091,33.6283185841,60.5710497303
5eu6,11.1111111111,100.0,48.6725663717,91.1504424779,60.3408718453
5men,22.2222222222,100.0,35.7142857143,39.8230088496,53.3302898347
5bs0,22.2222222222,86.5921787709,46.017699115,42.4778761062,51.0207295346
3ffc,22.2222222222,81.0055865922,31.8584070796,55.5555555556,48.9782633773
