pdb_id,pep_identity,mhc_identity,tcrA_identity,tcrB_identity,total_identity
5hhm,44.4444444444,100.0,37.7192982456,92.7272727273,69.8892433103
3gsn,33.3333333333,100.0,25.4385964912,48.6725663717,56.7963049216
