pdb_id,pep_identity,mhc_identity,tcrA_identity,tcrB_identity,total_identity
3gsn,33.3333333333,100.0,35.1851851852,80.5309734513,63.7304708839
5hhm,44.4444444444,100.0,32.1100917431,52.2522522523,62.208538814
5men,22.2222222222,100.0,30.9090909091,78.1818181818,58.9225589226
4eup,11.1111111111,100.0,61.4678899083,52.6785714286,56.0614472598
2f53,11.1111111111,100.0,36.2831858407,75.8928571429,55.733044201
