pdb_id,pep_identity,mhc_identity,tcrA_identity,tcrB_identity,total_identity
5eu6,11.1111111111,100.0,87.610619469,66.6666666667,62.7499180597
5hhm,44.4444444444,100.0,40.5405405405,32.4561403509,60.3142616301
5bs0,22.2222222222,86.5921787709,82.3008849558,43.8596491228,57.2982226775
2bnr,11.1111111111,100.0,85.8407079646,30.701754386,56.4607807621
5men,22.2222222222,100.0,39.8230088496,30.701754386,52.4948679467
