pdb_id,pep_identity,mhc_identity,tcrA_identity,tcrB_identity,total_identity
5hhm,44.4444444444,100.0,36.4485981308,32.7586206897,59.6826846182
5d2n,33.3333333333,99.4413407821,22.4299065421,56.0344827586,57.3356229219
3ffc,22.2222222222,81.0055865922,31.8181818182,88.0341880342,54.3846645802
5men,22.2222222222,100.0,33.0357142857,31.0344827586,51.4191069148
4qrp,11.1111111111,81.0055865922,33.6363636364,86.2068965517,50.6794425991
5bs0,22.2222222222,86.5921787709,37.1681415929,38.7931034483,48.9316745046
4eup,11.1111111111,100.0,41.2844036697,28.4482758621,48.6591502923
