pdb_id,pep_identity,mhc_identity,tcrA_identity,tcrB_identity,total_identity
5hhm,44.4444444444,100.0,50.8928571429,35.4545454545,62.5393819144
3gsn,33.3333333333,100.0,30.9734513274,37.1681415929,55.8013765978
4mnq,22.2222222222,100.0,35.7142857143,34.2342342342,52.3988273988
