pdb_id,pep_identity,mhc_identity,tcrA_identity,tcrB_identity,total_identity
5hhm,44.4444444444,100.0,26.9565217391,36.036036036,58.6469077773
5d2n,33.3333333333,99.4413407821,26.724137931,48.6956521739,56.8281897226
5men,22.2222222222,100.0,31.3043478261,33.9285714286,51.6128939499
4eup,11.1111111111,100.0,33.9130434783,34.8214285714,48.4927823787
5bs0,22.2222222222,86.5921787709,33.0434782609,39.2857142857,48.3263324222
3ffc,22.2222222222,81.0055865922,29.9145299145,49.5726495726,47.6571328527
