pdb_id,pep_identity,mhc_identity,tcrA_identity,tcrB_identity,total_identity
5hhm,44.4444444444,100.0,31.25,34.7826086957,59.1535829308
5d2n,33.3333333333,99.4413407821,21.6216216216,57.3913043478,57.4270457001
4eup,11.1111111111,100.0,58.5585585586,33.0434782609,52.3040431736
5men,22.2222222222,100.0,31.8181818182,36.5217391304,52.1307275655
5bs0,22.2222222222,86.5921787709,37.1681415929,42.6086956522,49.5676065386
3ffc,22.2222222222,81.0055865922,28.0701754386,53.8461538462,48.0619911523
