pdb_id,pep_identity,mhc_identity,tcrA_identity,tcrB_identity,total_identity
5hhm,44.4444444444,100.0,36.6972477064,38.3928571429,60.663165623
4eup,11.1111111111,100.0,83.4862385321,35.7142857143,56.9037910781
5d2n,33.3333333333,99.4413407821,22.2222222222,40.8695652174,54.7735226118
5bs0,22.2222222222,86.5921787709,38.9380530973,60.1769911504,52.790641039
4mnq,22.2222222222,100.0,32.4324324324,32.7433628319,51.6033732848
