pdb_id,pep_identity,mhc_identity,tcrA_identity,tcrB_identity,total_identity
5hhm,44.4444444444,100.0,58.0357142857,37.1681415929,64.0154574613
3gsn,33.3333333333,100.0,30.9734513274,31.3043478261,54.8240776367
5men,22.2222222222,100.0,36.6071428571,31.3043478261,52.0593225213
