pdb_id,pep_identity,mhc_identity,tcrA_identity,tcrB_identity,total_identity
3gsn,33.3333333333,100.0,33.9449541284,73.6842105263,62.3826385536
5hhm,44.4444444444,100.0,30.2752293578,51.7543859649,61.8197507019
5men,22.2222222222,100.0,29.7297297297,76.3157894737,58.4149939413
2pye,11.1111111111,100.0,30.9734513274,74.5614035088,54.6261795097
4eup,11.1111111111,100.0,34.8623853211,53.5087719298,51.7655632455
