pdb_id,pep_identity,mhc_identity,tcrA_identity,tcrB_identity,total_identity
3o4l,33.3333333333,100.0,30.0884955752,27.8260869565,54.0968748664
5eu6,11.1111111111,100.0,32.4561403509,59.2920353982,52.3283996619
5men,22.2222222222,100.0,33.3333333333,35.3982300885,52.196001311
2e7l,33.3333333333,68.7150837989,60.1769911504,36.2831858407,50.0928352093
4qrp,11.1111111111,81.0055865922,50.4424778761,50.8771929825,47.5921777109
