pdb_id,pep_identity,mhc_identity,tcrA_identity,tcrB_identity,total_identity
4eup,11.1111111111,100.0,83.0357142857,89.1891891892,65.7411876162
3gsn,22.2222222222,100.0,38.9380530973,53.982300885,56.2274664045
3o4l,33.3333333333,100.0,38.0530973451,31.8584070796,56.0963618486
5men,22.2222222222,100.0,33.9285714286,52.2522522523,55.1042113542
2f53,11.1111111111,100.0,49.1228070175,51.7857142857,53.8551239209
