pdb_id,pep_identity,mhc_identity,tcrA_identity,tcrB_identity,total_identity
3o4l,33.3333333333,100.0,83.8095238095,24.5614035088,62.5062656642
5men,22.2222222222,100.0,33.9285714286,31.25,51.6038359788
3gsn,22.2222222222,100.0,33.3333333333,30.9734513274,51.4585381842
2bnr,11.1111111111,100.0,48.6725663717,32.4324324324,50.5545368377
