pdb_id,pep_identity,mhc_identity,tcrA_identity,tcrB_identity,total_identity
3qdj,11.1111111111,100.0,89.8148148148,33.0434782609,57.5134192163
3o4l,33.3333333333,100.0,39.4495412844,25.0,55.1860346585
5d2n,22.2222222222,99.4413407821,21.1009174312,51.3043478261,52.622065211
4mnq,22.2222222222,100.0,34.5454545455,34.7826086957,52.2954179476
3ffc,22.2222222222,81.0055865922,32.1428571429,45.2991452991,47.3162700118
