pdb_id,pep_identity,mhc_identity,tcrA_identity,tcrB_identity,total_identity
5d2n,22.2222222222,99.4413407821,61.4678899083,64.347826087,61.5238070007
3o4l,33.3333333333,100.0,21.6216216216,33.3333333333,53.6036036036
5men,22.2222222222,100.0,23.4234234234,35.1351351351,50.5005005005
