pdb_id,pep_identity,mhc_identity,tcrA_identity,tcrB_identity,total_identity
3o4l,33.3333333333,100.0,53.7037037037,27.8260869565,58.0327428878
5d2n,22.2222222222,99.4413407821,24.7706422018,57.3913043478,54.2481787597
5men,22.2222222222,100.0,33.9285714286,35.3982300885,52.2952076603
3qdj,11.1111111111,100.0,48.623853211,38.0530973451,51.4831954631
3ffc,22.2222222222,81.0055865922,34.8214285714,52.1367521368,48.9022997228
