pdb_id,pep_identity,mhc_identity,tcrA_identity,tcrB_identity,total_identity
5men,22.2222222222,100.0,36.6071428571,53.1531531532,55.7007900758
3o4l,33.3333333333,100.0,30.0884955752,31.8584070796,54.7689282203
3qeq,11.1111111111,100.0,44.6428571429,51.7857142857,53.1084656085
5d2n,22.2222222222,99.4413407821,26.5486725664,34.7826086957,50.7764012118
2e7l,33.3333333333,68.7150837989,26.5486725664,49.0909090909,46.622735987
3ffc,22.2222222222,81.0055865922,31.3043478261,33.3333333333,45.1822164647
5bs0,11.1111111111,86.5921787709,36.8421052632,37.8378378378,45.0144204775
