pdb_id,pep_identity,mhc_identity,tcrA_identity,tcrB_identity,total_identity
3o4l,33.3333333333,100.0,30.9734513274,35.3982300885,55.5063913471
5men,22.2222222222,100.0,27.4336283186,50.0,53.6463454605
2e7l,33.3333333333,68.7150837989,56.6371681416,48.623853211,51.5596426028
4eup,11.1111111111,100.0,30.9734513274,54.954954955,51.3584380841
3ffc,22.2222222222,81.0055865922,30.4347826087,31.6239316239,44.7523886436
