pdb_id,pep_identity,mhc_identity,tcrA_identity,tcrB_identity,total_identity
3o4l,33.3333333333,100.0,30.0,24.7787610619,53.5742379548
3qeq,11.1111111111,100.0,45.871559633,29.4642857143,49.5930112616
3ffc,22.2222222222,81.0055865922,32.4561403509,35.0427350427,45.6590821704
5bs0,11.1111111111,86.5921787709,33.3333333333,42.7272727273,45.2445309708
2e7l,33.3333333333,68.7150837989,26.1261261261,33.6363636364,43.9765540045
