pdb_id,pep_identity,mhc_identity,tcrA_identity,tcrB_identity,total_identity
3gsn,22.2222222222,100.0,86.3636363636,46.9026548673,62.9517892792
5men,22.2222222222,100.0,39.2857142857,48.6486486486,55.3964678965
3o4l,33.3333333333,100.0,34.5454545455,29.203539823,55.0692768392
3qdj,11.1111111111,100.0,43.6363636364,48.6486486486,52.4178724179
2p5w,11.1111111111,100.0,41.592920354,48.2142857143,52.0049047151
