pdb_id,pep_identity,mhc_identity,tcrA_identity,tcrB_identity,total_identity
5men,22.2222222222,100.0,30.701754386,73.4513274336,58.0995877107
2e7l,33.3333333333,68.7150837989,68.1415929204,56.6371681416,54.8125992211
3o4l,33.3333333333,100.0,32.7433628319,26.724137931,54.3556945716
3qeq,11.1111111111,100.0,29.203539823,68.1415929204,53.2612258276
5d2n,22.2222222222,99.4413407821,27.1929824561,32.1739130435,50.4490035847
