pdb_id,pep_identity,mhc_identity,tcrA_identity,tcrB_identity,total_identity
3o4l,33.3333333333,100.0,57.6923076923,27.5862068966,58.6575302093
3gsn,22.2222222222,100.0,32.1100917431,31.5789473684,51.3555805927
