pdb_id,pep_identity,mhc_identity,tcrA_identity,tcrB_identity,total_identity
5men,22.2222222222,100.0,38.1818181818,92.0353982301,62.4436101427
3gsn,22.2222222222,100.0,41.0714285714,88.4955752212,62.3352413729
2bnr,11.1111111111,100.0,38.0530973451,91.1504424779,58.5709603409
3o4l,33.3333333333,100.0,51.7857142857,29.3103448276,57.9604542967
3qdj,11.1111111111,100.0,47.3214285714,64.6017699115,55.6909034509
