pdb_id,pep_identity,mhc_identity,tcrA_identity,tcrB_identity,total_identity
3o4l,33.3333333333,100.0,37.2727272727,25.4237288136,54.8938537922
5men,22.2222222222,100.0,40.5405405405,32.7586206897,52.9572676124
5eu6,11.1111111111,100.0,46.9026548673,48.275862069,52.9001231931
3ffc,22.2222222222,81.0055865922,31.8584070796,44.4444444444,47.1264115255
