pdb_id,pep_identity,mhc_identity,tcrA_identity,tcrB_identity,total_identity
3o4l,33.3333333333,100.0,30.0884955752,25.641025641,53.7326979805
5eu6,11.1111111111,100.0,35.652173913,44.8275862069,50.4503303904
3ffc,22.2222222222,81.0055865922,52.2123893805,42.735042735,50.2338416241
2e7l,33.3333333333,68.7150837989,35.0877192982,32.4561403509,45.2734489856
