pdb_id,pep_identity,mhc_identity,tcrA_identity,tcrB_identity,total_identity
3qdj,11.1111111111,100.0,90.9090909091,60.0,62.1885521886
3gsn,22.2222222222,100.0,38.7387387387,58.2608695652,56.9073421247
5men,22.2222222222,100.0,33.3333333333,59.1304347826,56.1513687601
3o4l,33.3333333333,100.0,40.5405405405,27.1186440678,55.7209752125
2bnr,11.1111111111,100.0,40.7079646018,57.3913043478,53.3869151953
2e7l,33.3333333333,68.7150837989,33.6283185841,60.8695652174,49.7657863443
