pdb_id,pep_identity,mhc_identity,tcrA_identity,tcrB_identity,total_identity
3o4l,33.3333333333,100.0,31.8584070796,23.9316239316,53.7427829463
2e7l,33.3333333333,68.7150837989,67.2566371681,32.4561403509,50.6349352972
5eu6,11.1111111111,100.0,35.9649122807,36.2068965517,49.0656718424
3ffc,22.2222222222,81.0055865922,26.0869565217,35.8974358974,44.7400016747
