pdb_id,pep_identity,mhc_identity,tcrA_identity,tcrB_identity,total_identity
3o4l,33.3333333333,100.0,57.6923076923,23.4782608696,57.9728725381
4mnq,22.2222222222,100.0,28.5714285714,31.8584070796,50.8123800159
4eup,11.1111111111,100.0,47.7064220183,31.25,50.1964407068
5d2n,22.2222222222,99.4413407821,22.0183486239,33.9130434783,49.8764196851
