pdb_id,pep_identity,mhc_identity,tcrA_identity,tcrB_identity,total_identity
3gsn,22.2222222222,100.0,23.1481481481,73.275862069,56.8114091103
2e7l,33.3333333333,68.7150837989,27.6785714286,57.7586206897,48.2556710638
