pdb_id,pep_identity,mhc_identity,tcrA_identity,tcrB_identity,total_identity
3o4l,33.3333333333,100.0,84.6153846154,31.3043478261,63.7643998514
5eu6,11.1111111111,100.0,40.7079646018,76.1061946903,56.5060635857
5men,22.2222222222,100.0,33.3333333333,34.5132743363,52.0485086857
3gsn,22.2222222222,100.0,33.6363636364,30.701754386,51.4637604111
