pdb_id,pep_identity,mhc_identity,tcrA_identity,tcrB_identity,total_identity
3o4l,33.3333333333,100.0,40.5405405405,25.0,55.3678678679
2e7l,33.3333333333,68.7150837989,69.3693693694,29.203539823,50.4449572428
4mnq,22.2222222222,100.0,28.0701754386,30.0884955752,50.4338525764
5eu6,11.1111111111,100.0,34.2105263158,41.2280701754,49.6101364522
4qrp,11.1111111111,81.0055865922,48.6486486486,49.1228070175,47.0008085121
