pdb_id,pep_identity,mhc_identity,tcrA_identity,tcrB_identity,total_identity
3qdj,11.1111111111,100.0,87.962962963,60.1769911504,61.7270293893
3gsn,22.2222222222,100.0,39.8148148148,73.4513274336,59.6184311155
5men,22.2222222222,100.0,32.4324324324,74.3362831858,58.5355266771
2p5e,11.1111111111,100.0,41.592920354,73.4513274336,56.211078335
3o4l,33.3333333333,100.0,40.7407407407,26.724137931,55.6885908897
