pdb_id,pep_identity,mhc_identity,tcrA_identity,tcrB_identity,total_identity
3o4l,33.3333333333,100.0,39.4495412844,26.0869565217,55.3671940788
3qdj,11.1111111111,100.0,63.8888888889,35.7142857143,53.6375661376
4mnq,22.2222222222,100.0,29.0909090909,33.0357142857,51.0951779702
5bs0,11.1111111111,86.5921787709,37.1681415929,70.2702702703,50.4741652712
3ffc,22.2222222222,81.0055865922,30.3571428571,45.2991452991,47.0186509642
2e7l,33.3333333333,68.7150837989,33.3333333333,31.25,44.780027933
