pdb_id,pep_identity,mhc_identity,tcrA_identity,tcrB_identity,total_identity
3o4l,33.3333333333,100.0,34.8214285714,30.0884955752,55.2627651356
2e7l,33.3333333333,68.7150837989,68.75,50.9090909091,53.9593208623
5men,22.2222222222,100.0,29.8245614035,48.6486486486,53.8196090828
4eup,11.1111111111,100.0,31.25,56.7567567568,51.7048298298
3ffc,22.2222222222,81.0055865922,27.1929824561,37.6068376068,45.2092396153
5bs0,11.1111111111,86.5921787709,31.5789473684,39.6396396396,44.4375277954
