pdb_id,pep_identity,mhc_identity,tcrA_identity,tcrB_identity,total_identity
3o4l,33.3333333333,100.0,30.4347826087,24.1379310345,53.5398967183
2e7l,33.3333333333,68.7150837989,65.2173913043,29.203539823,49.7529608986
5eu6,11.1111111111,100.0,33.0434782609,35.652173913,48.4863123994
3ffc,22.2222222222,81.0055865922,25.641025641,33.3333333333,44.2383294339
