pdb_id,pep_identity,mhc_identity,tcrA_identity,tcrB_identity,total_identity
3o4l,33.3333333333,100.0,28.3185840708,25.4385964912,53.4039745381
3qeq,11.1111111111,100.0,43.75,33.0357142857,49.8346560847
5bs0,11.1111111111,86.5921787709,35.0877192982,66.9642857143,49.5764307961
3ffc,22.2222222222,81.0055865922,33.9130434783,43.5897435897,47.3264007828
2e7l,33.3333333333,68.7150837989,26.5486725664,31.5315315315,43.6961730604
