pdb_id,pep_identity,mhc_identity,tcrA_identity,tcrB_identity,total_identity
5eu6,11.1111111111,100.0,33.3333333333,90.5172413793,57.6787994891
3o4l,33.3333333333,100.0,34.2342342342,27.9661016949,54.8111670993
2e7l,33.3333333333,68.7150837989,70.2702702703,33.6206896552,51.3312990316
5men,22.2222222222,100.0,28.9473684211,33.6206896552,51.1687504201
3ffc,22.2222222222,81.0055865922,28.9473684211,58.9743589744,49.0628908374
