pdb_id,pep_identity,mhc_identity,tcrA_identity,tcrB_identity,total_identity
3o4l,33.3333333333,100.0,57.5471698113,25.8620689655,58.3459842406
5d2n,22.2222222222,99.4413407821,21.6216216216,42.6086956522,51.2595738804
4mnq,22.2222222222,100.0,28.5714285714,33.3333333333,51.0582010582
4eup,11.1111111111,100.0,45.045045045,32.7433628319,50.0017716832
5bs0,11.1111111111,86.5921787709,37.1681415929,56.1403508772,48.1191787057
