pdb_id,pep_identity,mhc_identity,tcrA_identity,tcrB_identity,total_identity
3qeq,11.1111111111,100.0,37.2727272727,89.2857142857,58.1301106301
5men,22.2222222222,100.0,43.119266055,60.3603603604,57.9873451433
3o4l,33.3333333333,100.0,30.6306306306,28.0701754386,54.2279121226
5d2n,22.2222222222,99.4413407821,24.5454545455,34.7826086957,50.4425315416
2e7l,33.3333333333,68.7150837989,27.4336283186,64.8648648649,49.3992212413
