pdb_id,pep_identity,mhc_identity,tcrA_identity,tcrB_identity,total_identity
3o4l,33.3333333333,100.0,36.3636363636,33.6206896552,56.1084987809
3ffc,22.2222222222,81.0055865922,31.8584070796,87.1794871795,54.248918648
5d2n,22.2222222222,99.4413407821,27.9279279279,53.9130434783,54.1946829025
5men,22.2222222222,100.0,39.8230088496,31.5789473684,52.6410667771
3qeq,11.1111111111,100.0,41.8181818182,33.3333333333,49.5622895623
5bs0,11.1111111111,86.5921787709,38.0530973451,41.2280701754,45.7812912141
