pdb_id,pep_identity,mhc_identity,tcrA_identity,tcrB_identity,total_identity
3o4l,33.3333333333,100.0,33.6206896552,28.9473684211,54.8724541238
5men,22.2222222222,100.0,31.0344827586,50.8928571429,54.395297391
4eup,11.1111111111,100.0,31.8965517241,55.8558558559,51.6624383004
3ffc,22.2222222222,81.0055865922,60.3448275862,30.7692307692,49.5949459974
2e7l,33.3333333333,68.7150837989,34.188034188,54.0540540541,48.7231537511
5bs0,11.1111111111,86.5921787709,32.7586206897,36.6071428571,44.1287238852
