pdb_id,pep_identity,mhc_identity,tcrA_identity,tcrB_identity,total_identity
3o4l,33.3333333333,100.0,33.6363636364,27.8260869565,54.6881862099
5eu6,11.1111111111,100.0,39.8230088496,59.2920353982,53.5562110783
5men,22.2222222222,100.0,34.2342342342,35.3982300885,52.3461514612
3ffc,22.2222222222,81.0055865922,28.5714285714,52.1367521368,47.8606330562
2e7l,33.3333333333,68.7150837989,27.1929824561,36.2831858407,44.5955004269
