pdb_id,pep_identity,mhc_identity,tcrA_identity,tcrB_identity,total_identity
4eup,11.1111111111,100.0,88.0733944954,58.5585585586,61.4756958794
3o4l,33.3333333333,100.0,40.7407407407,32.7433628319,56.6917950399
4mnq,22.2222222222,100.0,33.3333333333,50.4504504505,54.7047047047
2bnr,11.1111111111,100.0,43.3628318584,48.6486486486,52.3722837882
5d2n,22.2222222222,99.4413407821,21.2962962963,32.1739130435,49.4662225581
