pdb_id,pep_identity,mhc_identity,tcrA_identity,tcrB_identity,total_identity
4eup,11.1111111111,100.0,87.1559633028,59.4594594595,61.4729408307
3o4l,33.3333333333,100.0,39.0909090909,26.5486725664,55.3843747207
4mnq,22.2222222222,100.0,29.7297297297,57.2727272727,55.2411502412
2bnr,11.1111111111,100.0,39.8230088496,56.7567567568,53.1336646381
2e7l,33.3333333333,68.7150837989,37.5,56.880733945,49.7462613682
