pdb_id,pep_identity,mhc_identity,tcrA_identity,tcrB_identity,total_identity
3gsn,22.2222222222,100.0,90.7407407407,75.2212389381,68.4010706872
5men,22.2222222222,100.0,37.5,76.1061946903,59.6751065225
2p5w,11.1111111111,100.0,40.7079646018,75.2212389381,56.3585709603
3o4l,33.3333333333,100.0,35.1851851852,28.4482758621,55.0500212857
