pdb_id,pep_identity,mhc_identity,tcrA_identity,tcrB_identity,total_identity
3o4l,33.3333333333,100.0,32.4324324324,27.3504273504,54.4082544083
3qdj,11.1111111111,100.0,62.7272727273,35.9649122807,53.4857345384
5men,22.2222222222,100.0,31.1926605505,32.4561403509,51.3488742243
5bs0,11.1111111111,86.5921787709,37.1681415929,67.5438596491,50.019763501
3ffc,22.2222222222,81.0055865922,30.0884955752,45.2991452991,46.9738764172
2e7l,33.3333333333,68.7150837989,32.7433628319,29.8245614035,44.4441264166
