pdb_id,pep_identity,mhc_identity,tcrA_identity,tcrB_identity,total_identity
3o4l,33.3333333333,100.0,32.1100917431,28.6956521739,54.5787350973
4qrp,11.1111111111,81.0055865922,89.0909090909,50.0,53.8873840829
5eu6,11.1111111111,100.0,30.9734513274,58.407079646,51.9337921993
5men,22.2222222222,100.0,30.0884955752,35.3982300885,51.655195018
2e7l,33.3333333333,68.7150837989,49.5495495495,35.3982300885,48.1741023171
