pdb_id,pep_identity,mhc_identity,tcrA_identity,tcrB_identity,total_identity
3o4l,33.3333333333,100.0,29.8245614035,30.4347826087,54.4876684465
5eu6,11.1111111111,100.0,30.701754386,61.9469026549,52.4784798772
5men,22.2222222222,100.0,30.0884955752,36.2831858407,51.8026876434
2e7l,33.3333333333,68.7150837989,55.2631578947,34.5132743363,48.9788777492
3ffc,22.2222222222,81.0055865922,28.4482758621,54.7008547009,48.267458032
