pdb_id,pep_identity,mhc_identity,tcrA_identity,tcrB_identity,total_identity
3o4l,33.3333333333,100.0,36.036036036,23.8938053097,54.4327513354
5men,22.2222222222,100.0,33.0434782609,31.5315315315,51.5032423728
3ffc,22.2222222222,81.0055865922,61.0619469027,38.4615384615,50.9965171655
5eu6,11.1111111111,100.0,33.9130434783,41.592920354,49.6213643424
2e7l,33.3333333333,68.7150837989,33.6283185841,40.0,46.2875254748
