pdb_id,pep_identity,mhc_identity,tcrA_identity,tcrB_identity,total_identity
5men,22.2222222222,100.0,28.9473684211,72.4137931034,57.6342676615
2e7l,33.3333333333,68.7150837989,70.2702702703,56.8965517241,55.2106093765
3o4l,33.3333333333,100.0,34.2342342342,26.8907563025,54.6319428672
3qdj,11.1111111111,100.0,32.4324324324,60.3448275862,52.4999137068
5d2n,22.2222222222,99.4413407821,28.5714285714,34.188034188,51.0144314614
