pdb_id,pep_identity,mhc_identity,tcrA_identity,tcrB_identity,total_identity
3o4l,33.3333333333,100.0,34.8214285714,25.2173913043,54.4509144237
5men,22.2222222222,100.0,46.3636363636,32.7433628319,53.9252406067
5eu6,11.1111111111,100.0,48.6725663717,35.9649122807,51.1432834791
3ffc,22.2222222222,81.0055865922,31.5789473684,33.3333333333,45.2279830551
