pdb_id,pep_identity,mhc_identity,tcrA_identity,tcrB_identity,total_identity
3qeq,11.1111111111,100.0,94.4444444444,35.0877192982,58.6257309942
5d2n,22.2222222222,99.4413407821,30.0,68.6956521739,57.0037963638
3o4l,33.3333333333,100.0,30.2752293578,29.5652173913,54.417852236
4mnq,22.2222222222,100.0,33.9285714286,30.701754386,51.5124617098
3ffc,22.2222222222,81.0055865922,38.9380530973,55.5555555556,50.1582043803
