pdb_id,pep_identity,mhc_identity,tcrA_identity,tcrB_identity,total_identity
3o4l,33.3333333333,100.0,52.7272727273,29.5652173913,58.1598594642
5men,22.2222222222,100.0,33.9285714286,60.7142857143,56.5145502646
3qdj,11.1111111111,100.0,47.2727272727,61.6071428571,55.1836820587
5d2n,22.2222222222,99.4413407821,29.7297297297,34.7826086957,51.3065774057
2e7l,33.3333333333,68.7150837989,33.0357142857,64.2857142857,50.2363771393
