pdb_id,pep_identity,mhc_identity,tcrA_identity,tcrB_identity,total_identity
5d2n,22.2222222222,99.4413407821,85.4545454545,30.4347826087,59.869409012
5men,22.2222222222,100.0,23.6363636364,56.7567567568,54.1395941396
3o4l,33.3333333333,100.0,18.75,30.0884955752,52.584193707
4eup,11.1111111111,100.0,23.2142857143,57.6576576577,50.5156942657
