pdb_id,pep_identity,mhc_identity,tcrA_identity,tcrB_identity,total_identity
3o4l,33.3333333333,100.0,30.6306306306,23.0769230769,53.3957033957
2e7l,33.3333333333,68.7150837989,58.5585585586,35.0877192982,49.6238520202
5eu6,11.1111111111,100.0,30.701754386,37.0689655172,48.3321570209
3ffc,22.2222222222,81.0055865922,30.701754386,35.0427350427,45.3666845096
