pdb_id,pep_identity,mhc_identity,tcrA_identity,tcrB_identity,total_identity
3qdj,11.1111111111,100.0,37.037037037,93.6936936937,58.8254921588
5men,22.2222222222,100.0,32.1100917431,65.7657657658,57.0533836589
3o4l,33.3333333333,100.0,29.3577981651,30.701754386,54.4543698696
5d2n,22.2222222222,99.4413407821,25.6880733945,33.0434782609,50.343112944
2e7l,33.3333333333,68.7150837989,30.6306306306,54.0540540541,48.1302531582
