pdb_id,pep_identity,mhc_identity,tcrA_identity,tcrB_identity,total_identity
5eu6,11.1111111111,100.0,90.2654867257,61.0619469027,62.2582759751
2pye,11.1111111111,100.0,85.8407079646,30.0884955752,56.3585709603
3o4l,33.3333333333,100.0,39.2857142857,28.6956521739,55.7746721877
3ffc,22.2222222222,81.0055865922,32.4561403509,88.8888888889,54.6334411448
5bs0,11.1111111111,86.5921787709,86.7256637168,41.592920354,53.9541939725
5men,22.2222222222,100.0,39.8230088496,29.203539823,52.2451655195
4qrp,11.1111111111,81.0055865922,31.25,89.4736842105,50.8261799362
3qdj,11.1111111111,100.0,47.3214285714,30.9734513274,50.0861836868
