pdb_id,pep_identity,mhc_identity,tcrA_identity,tcrB_identity,total_identity
3qdj,11.1111111111,100.0,85.7142857143,29.8245614035,56.2935115567
3o4l,33.3333333333,100.0,38.0530973451,27.5862068966,55.3843284847
3ffc,22.2222222222,81.0055865922,32.1739130435,85.4700854701,54.0166026904
5d2n,22.2222222222,99.4413407821,20.3539823009,59.1304347826,53.8019238487
5men,22.2222222222,100.0,33.9285714286,28.9473684211,51.220064049
5bs0,11.1111111111,86.5921787709,40.350877193,37.7192982456,45.5794592005
