pdb_id,pep_identity,mhc_identity,tcrA_identity,tcrB_identity,total_identity
3o4l,33.3333333333,100.0,51.8181818182,26.3157894737,57.4667729931
4mnq,22.2222222222,100.0,33.9285714286,34.8214285714,52.1990740741
3qdj,11.1111111111,100.0,49.0909090909,32.1428571429,50.575998076
5d2n,22.2222222222,99.4413407821,22.5225225225,34.7826086957,50.1053762045
