pdb_id,pep_identity,mhc_identity,tcrA_identity,tcrB_identity,total_identity
5d2n,22.2222222222,99.4413407821,28.0701754386,73.9130434783,57.5517241543
3qeq,11.1111111111,100.0,82.1428571429,34.5132743363,56.4797256169
3o4l,33.3333333333,100.0,30.9734513274,29.5652173913,54.5342225642
4mnq,22.2222222222,100.0,33.9285714286,32.7433628319,51.8527297841
3ffc,22.2222222222,81.0055865922,31.3043478261,60.6837606838,49.7406210231
5bs0,11.1111111111,86.5921787709,34.5132743363,48.2142857143,46.3556899691
