pdb_id,pep_identity,mhc_identity,tcrA_identity,tcrB_identity,total_identity
5d2n,22.2222222222,99.4413407821,27.9279279279,64.347826087,55.9338133373
3o4l,33.3333333333,100.0,32.7272727273,27.5862068966,54.4966910484
4mnq,22.2222222222,100.0,27.1929824561,32.4561403509,50.6822612086
2e7l,33.3333333333,68.7150837989,63.0630630631,35.9649122807,50.5208016014
3qdj,11.1111111111,100.0,33.3333333333,35.0877192982,48.440545809
4qrp,11.1111111111,81.0055865922,47.7477477477,52.6315789474,47.4354536836
