pdb_id,pep_identity,mhc_identity,tcrA_identity,tcrB_identity,total_identity
3gsn,22.2222222222,100.0,88.1818181818,53.0973451327,64.2872679598
4mnq,22.2222222222,100.0,37.5,54.954954955,56.1498998999
3o4l,33.3333333333,100.0,32.7272727273,23.8938053097,53.8812907839
2p5w,11.1111111111,100.0,40.7079646018,54.4642857143,52.8990787564
4eup,11.1111111111,100.0,39.0909090909,55.8558558559,52.8614978615
