pdb_id,pep_identity,mhc_identity,tcrA_identity,tcrB_identity,total_identity
5d2n,22.2222222222,99.4413407821,29.8245614035,57.3913043478,55.0904986267
3ffc,22.2222222222,81.0055865922,57.0175438596,54.7008547009,53.0290026982
5men,22.2222222222,100.0,31.3043478261,36.8421052632,52.0984829223
3qeq,11.1111111111,100.0,31.5789473684,40.350877193,49.0253411306
5bs0,11.1111111111,86.5921787709,35.652173913,42.9824561404,45.6735349696
2e7l,33.3333333333,68.7150837989,35.652173913,34.2105263158,45.6599224155
