pdb_id,pep_identity,mhc_identity,tcrA_identity,tcrB_identity,total_identity
3o4l,33.3333333333,100.0,44.2477876106,29.203539823,56.68633235
4mnq,22.2222222222,100.0,32.4324324324,38.1818181818,52.5097825098
3qdj,11.1111111111,100.0,46.017699115,39.6396396396,51.3132601628
5d2n,22.2222222222,99.4413407821,21.9298245614,40.8695652174,51.0210859646
5bs0,11.1111111111,86.5921787709,38.9380530973,59.4594594595,48.9673487202
3ffc,22.2222222222,81.0055865922,33.0434782609,39.3162393162,46.4692225343
2e7l,33.3333333333,68.7150837989,34.2105263158,34.8623853211,45.5282909836
