pdb_id,pep_identity,mhc_identity,tcrA_identity,tcrB_identity,total_identity
3o4l,33.3333333333,100.0,33.6363636364,23.0769230769,53.8966588967
5men,22.2222222222,100.0,31.5789473684,31.3043478261,51.2212899398
2e7l,33.3333333333,68.7150837989,69.3693693694,32.4561403509,50.9870573308
5eu6,11.1111111111,100.0,34.2105263158,34.4827586207,48.4859178598
3ffc,22.2222222222,81.0055865922,27.1929824561,34.188034188,44.6394390455
