pdb_id,pep_identity,mhc_identity,tcrA_identity,tcrB_identity,total_identity
3o4l,33.3333333333,100.0,34.5454545455,23.9316239316,54.1906241906
2e7l,33.3333333333,68.7150837989,72.0720720721,32.4561403509,51.4375077812
4mnq,22.2222222222,100.0,28.0701754386,33.0434782609,50.9263496907
5eu6,11.1111111111,100.0,35.0877192982,36.2068965517,48.919473012
3ffc,22.2222222222,81.0055865922,29.8245614035,35.8974358974,45.3629358216
