pdb_id,pep_identity,mhc_identity,tcrA_identity,tcrB_identity,total_identity
3gsn,22.2222222222,100.0,36.9369369369,49.5575221239,55.1564839175
2e7l,33.3333333333,68.7150837989,27.1929824561,50.0,46.8816361201
5bs0,11.1111111111,86.5921787709,40.7079646018,40.9090909091,46.1706058792
3ffc,22.2222222222,81.0055865922,27.6785714286,35.8974358974,45.0052708258
