pdb_id,pep_identity,mhc_identity,tcrA_identity,tcrB_identity,total_identity
3o4l,33.3333333333,100.0,85.4368932039,26.3157894737,63.0698915574
3gsn,22.2222222222,100.0,35.7798165138,31.8584070796,52.0137780063
5men,22.2222222222,100.0,34.8214285714,32.1428571429,51.9014550265
