pdb_id,pep_identity,mhc_identity,tcrA_identity,tcrB_identity,total_identity
3gsn,22.2222222222,100.0,45.045045045,76.1061946903,60.93261403
4mnq,22.2222222222,100.0,36.2831858407,75.2212389381,59.3248115372
2p5e,11.1111111111,100.0,46.017699115,74.3362831858,57.0960340872
3o4l,33.3333333333,100.0,36.9369369369,28.4482758621,55.3419799109
3qeq,11.1111111111,100.0,41.4414414414,57.5221238938,53.5309645929
2e7l,33.3333333333,68.7150837989,33.0357142857,56.6371681416,48.9616194486
