pdb_id,pep_identity,mhc_identity,tcrA_identity,tcrB_identity,total_identity
3o4l,33.3333333333,100.0,29.5652173913,31.5789473684,54.6351385711
5eu6,11.1111111111,100.0,30.4347826087,56.6371681416,51.5490288288
5men,22.2222222222,100.0,26.9565217391,36.6071428571,51.3346848401
2e7l,33.3333333333,68.7150837989,56.5217391304,33.0357142857,48.9423812801
3ffc,22.2222222222,81.0055865922,29.9145299145,51.2820512821,47.9420331376
