pdb_id,pep_identity,mhc_identity,tcrA_identity,tcrB_identity,total_identity
3o4l,33.3333333333,100.0,53.6363636364,30.701754386,58.5007974482
3gsn,22.2222222222,100.0,41.8181818182,50.4424778761,56.1175173565
2e7l,33.3333333333,68.7150837989,34.8214285714,48.6486486486,47.9278185808
