pdb_id,pep_identity,mhc_identity,tcrA_identity,tcrB_identity,total_identity
4eup,11.1111111111,100.0,85.5855855856,57.6576576577,60.9109109109
3o4l,33.3333333333,100.0,40.1785714286,30.0884955752,56.1556222784
4mnq,22.2222222222,100.0,32.4324324324,49.5495495495,54.4044044044
2pye,11.1111111111,100.0,40.7079646018,50.0,52.1550311373
5d2n,22.2222222222,99.4413407821,22.3214285714,33.9130434783,49.9269330097
