pdb_id,pep_identity,mhc_identity,tcrA_identity,tcrB_identity,total_identity
3o4l,33.3333333333,100.0,46.7889908257,35.3982300885,58.1423145968
4mnq,22.2222222222,100.0,31.8584070796,50.0,54.3838085873
4eup,11.1111111111,100.0,44.1441441441,54.954954955,53.5535535536
5d2n,22.2222222222,99.4413407821,24.5454545455,33.9130434783,50.2976040054
2e7l,33.3333333333,68.7150837989,35.1351351351,48.623853211,47.9759704351
