pdb_id,pep_identity,mhc_identity,tcrA_identity,tcrB_identity,total_identity
3o4l,33.3333333333,100.0,51.8181818182,28.6956521739,57.8634167765
5eu6,11.1111111111,100.0,37.1681415929,63.7168141593,53.8511963291
5men,22.2222222222,100.0,34.8214285714,34.5132743363,52.2965245587
3ffc,22.2222222222,81.0055865922,35.7142857143,56.4102564103,49.7633599589
5bs0,11.1111111111,86.5921787709,38.9380530973,46.017699115,46.7270553294
