pdb_id,pep_identity,mhc_identity,tcrA_identity,tcrB_identity,total_identity
3o4l,33.3333333333,100.0,32.1100917431,25.6637168142,54.0734125373
5men,22.2222222222,100.0,32.4324324324,35.1351351351,52.002002002
5eu6,11.1111111111,100.0,28.9473684211,48.6725663717,49.9736928358
3ffc,22.2222222222,81.0055865922,32.7433628319,43.5897435897,47.1314540084
2e7l,33.3333333333,68.7150837989,30.4347826087,36.3636363636,45.1492088728
