pdb_id,pep_identity,mhc_identity,tcrA_identity,tcrB_identity,total_identity
3o4l,33.3333333333,100.0,85.4368932039,25.8620689655,62.9942714727
4eup,11.1111111111,100.0,41.2844036697,85.8407079646,58.2245556428
3gsn,22.2222222222,100.0,34.8623853211,49.1228070175,54.7382727972
4mnq,22.2222222222,100.0,32.1428571429,50.0,54.4312169312
2f53,11.1111111111,100.0,45.1327433628,56.1403508772,53.915886077
