pdb_id,pep_identity,mhc_identity,tcrA_identity,tcrB_identity,total_identity
3o4l,33.3333333333,100.0,41.9642857143,25.4237288136,55.6757801991
5eu6,11.1111111111,100.0,48.6725663717,43.1034482759,52.3330394783
4mnq,22.2222222222,100.0,35.3982300885,29.5652173913,51.5679819874
3ffc,22.2222222222,81.0055865922,31.5789473684,47.0085470085,47.5071853343
2e7l,33.3333333333,68.7150837989,33.6283185841,33.9130434783,45.2730327211
