pdb_id,pep_identity,mhc_identity,tcrA_identity,tcrB_identity,total_identity
3o4l,33.3333333333,100.0,57.6923076923,29.9145299145,59.0455840456
5bs0,11.1111111111,86.5921787709,36.2831858407,89.4736842105,53.5272416359
3gsn,22.2222222222,100.0,32.1100917431,35.9649122807,52.0865747447
