pdb_id,pep_identity,mhc_identity,tcrA_identity,tcrB_identity,total_identity
5d2n,22.2222222222,99.4413407821,26.3157894737,69.5652173913,56.5346888123
3o4l,33.3333333333,100.0,31.8584070796,25.4385964912,53.9939450396
2e7l,33.3333333333,68.7150837989,66.3716814159,32.1428571429,50.4352288039
5men,22.2222222222,100.0,29.8245614035,26.5486725664,50.1362797357
4qrp,11.1111111111,81.0055865922,47.7876106195,61.9469026549,48.9946514468
3qeq,11.1111111111,100.0,27.4336283186,40.7079646018,48.3939691904
