pdb_id,pep_identity,mhc_identity,tcrA_identity,tcrB_identity,total_identity
5d2n,22.2222222222,99.4413407821,29.8245614035,57.3913043478,55.0904986267
5men,22.2222222222,100.0,31.5789473684,36.9369369369,52.1600547916
2e7l,33.3333333333,68.7150837989,62.8318584071,35.4545454545,50.3972063543
3qdj,11.1111111111,100.0,33.6283185841,37.5,48.891756801
3ffc,22.2222222222,81.0055865922,33.0434782609,52.9914529915,48.7484248135
5bs0,11.1111111111,86.5921787709,32.4561403509,44.6428571429,45.4175962096
