pdb_id,pep_identity,mhc_identity,tcrA_identity,tcrB_identity,total_identity
5d2n,22.2222222222,99.4413407821,50.0,33.9130434783,54.5400282478
4mnq,22.2222222222,100.0,20.5357142857,33.9285714286,49.8181216931
3qeq,11.1111111111,100.0,31.25,29.4642857143,47.1560846561
3ffc,22.2222222222,81.0055865922,28.3185840708,35.0427350427,44.9694894571
2e7l,33.3333333333,68.7150837989,30.1724137931,29.7297297297,43.9998296312
