pdb_id,pep_identity,mhc_identity,tcrA_identity,tcrB_identity,total_identity
3o4l,33.3333333333,100.0,31.8584070796,23.9316239316,53.7427829463
2e7l,33.3333333333,68.7150837989,69.0265486726,28.9473684211,50.3451252263
5eu6,11.1111111111,100.0,35.0877192982,38.7931034483,49.3505074948
4qrp,11.1111111111,81.0055865922,46.017699115,46.9565217391,46.2012693768
