pdb_id,pep_identity,mhc_identity,tcrA_identity,tcrB_identity,total_identity
3o4l,33.3333333333,100.0,52.2935779817,30.0884955752,58.1747900373
5men,22.2222222222,100.0,36.036036036,50.4504504505,55.1551551552
4eup,11.1111111111,100.0,46.3636363636,58.5585585586,54.5240695241
5d2n,22.2222222222,99.4413407821,24.5454545455,33.0434782609,50.1526764692
2e7l,33.3333333333,68.7150837989,34.2342342342,50.0,48.0551780831
