pdb_id,pep_identity,mhc_identity,tcrA_identity,tcrB_identity,total_identity
5men,22.2222222222,100.0,33.3333333333,78.1818181818,59.3265993266
3qeq,11.1111111111,100.0,48.623853211,61.6071428571,55.4088697151
3o4l,33.3333333333,100.0,31.8181818182,29.8245614035,54.7182349814
5d2n,22.2222222222,99.4413407821,24.3243243243,32.1739130435,49.9708938961
2e7l,33.3333333333,68.7150837989,27.1929824561,58.7155963303,48.3342355085
