pdb_id,pep_identity,mhc_identity,tcrA_identity,tcrB_identity,total_identity
5eu6,11.1111111111,100.0,89.3805309735,34.2105263158,57.6355465852
3o4l,33.3333333333,100.0,41.4414414414,22.6086956522,55.1194672934
5bs0,11.1111111111,86.5921787709,82.3008849558,38.0530973451,52.6267603442
4mnq,22.2222222222,100.0,38.9380530973,30.0884955752,52.2451655195
