pdb_id,pep_identity,mhc_identity,tcrA_identity,tcrB_identity,total_identity
3o4l,33.3333333333,100.0,33.6538461538,30.1724137931,55.0821544356
4mnq,22.2222222222,100.0,27.9279279279,50.0,53.7287287287
4eup,11.1111111111,100.0,37.962962963,56.6371681416,52.8037255545
2e7l,33.3333333333,68.7150837989,33.3333333333,48.6725663717,47.6837889949
3ffc,22.2222222222,81.0055865922,32.7272727273,35.8974358974,45.8467210423
