pdb_id,pep_identity,mhc_identity,tcrA_identity,tcrB_identity,total_identity
3o4l,33.3333333333,100.0,51.376146789,33.9130434783,58.659309489
3ffc,22.2222222222,81.0055865922,31.25,86.3247863248,54.0050673256
5d2n,22.2222222222,99.4413407821,22.7272727273,53.9130434783,53.3279070357
5men,22.2222222222,100.0,34.8214285714,32.7433628319,52.001539308
3qdj,11.1111111111,100.0,47.7064220183,33.6283185841,50.5928271374
