pdb_id,pep_identity,mhc_identity,tcrA_identity,tcrB_identity,total_identity
4eup,11.1111111111,100.0,83.9285714286,57.3913043478,60.5903496664
3o4l,33.3333333333,100.0,40.7079646018,23.7288135593,55.1839074713
4mnq,22.2222222222,100.0,32.1428571429,53.4482758621,55.0059295749
5d2n,22.2222222222,99.4413407821,21.2389380531,29.9145299145,49.0800989961
2e7l,33.3333333333,68.7150837989,33.0434782609,53.9130434783,48.5088926673
