pdb_id,pep_identity,mhc_identity,tcrA_identity,tcrB_identity,total_identity
3o4l,33.3333333333,100.0,30.0,31.3043478261,54.6618357488
5men,22.2222222222,100.0,31.5315315315,32.7433628319,51.4532231346
5eu6,11.1111111111,100.0,32.7433628319,42.9824561404,49.6580068657
3ffc,22.2222222222,81.0055865922,32.1428571429,39.3162393162,46.3191190146
2e7l,33.3333333333,68.7150837989,33.9285714286,31.25,44.8792342822
