pdb_id,pep_identity,mhc_identity,tcrA_identity,tcrB_identity,total_identity
3gsn,22.2222222222,100.0,42.7272727273,74.1379310345,60.218274701
3o4l,33.3333333333,100.0,51.8181818182,27.731092437,57.7026568203
2e7l,33.3333333333,68.7150837989,33.9285714286,55.1724137931,48.8663032477
