pdb_id,pep_identity,mhc_identity,tcrA_identity,tcrB_identity,total_identity
3o4l,33.3333333333,100.0,29.3103448276,28.4482758621,54.0708812261
5men,22.2222222222,100.0,28.4482758621,49.1228070175,53.669254554
4eup,11.1111111111,100.0,31.0344827586,53.982300885,51.2065009776
3ffc,22.2222222222,81.0055865922,52.5862068966,32.4786324786,48.586742834
2e7l,33.3333333333,68.7150837989,35.0427350427,49.5575221239,48.1161819052
5bs0,11.1111111111,86.5921787709,32.7586206897,35.9649122807,44.0216854557
