pdb_id,pep_identity,mhc_identity,tcrA_identity,tcrB_identity,total_identity
4eup,11.1111111111,100.0,35.3982300885,89.2857142857,57.8176944327
5men,22.2222222222,100.0,39.2857142857,51.3274336283,55.8429320597
3o4l,33.3333333333,100.0,37.1681415929,27.8260869565,55.2768158694
5d2n,22.2222222222,99.4413407821,24.5614035088,30.4347826087,49.720552021
2e7l,33.3333333333,68.7150837989,26.3157894737,56.25,47.7771039564
5bs0,11.1111111111,86.5921787709,46.9026548673,35.3982300885,46.2845774533
