pdb_id,pep_identity,mhc_identity,tcrA_identity,tcrB_identity,total_identity
3o4l,33.3333333333,100.0,38.5321100917,32.7586206897,56.326232908
3qdj,11.1111111111,100.0,68.5185185185,33.0434782609,53.9640365003
5d2n,22.2222222222,99.4413407821,25.6880733945,51.3043478261,53.3865912049
5men,22.2222222222,100.0,35.7798165138,33.9130434783,52.3562174061
3ffc,22.2222222222,81.0055865922,33.0357142857,52.9914529915,48.7471308177
2e7l,33.3333333333,68.7150837989,38.7387387387,35.9649122807,46.4667475473
5bs0,11.1111111111,86.5921787709,42.4778761062,40.0,46.3140759784
