pdb_id,pep_identity,mhc_identity,tcrA_identity,tcrB_identity,total_identity
3gsn,22.2222222222,100.0,89.8148148148,75.4385964912,68.2829759584
5men,22.2222222222,100.0,38.3928571429,75.4385964912,59.7126496798
2p5w,11.1111111111,100.0,42.4778761062,74.5614035088,56.5435836395
3o4l,33.3333333333,100.0,34.2592592593,28.2051282051,54.8551756885
