pdb_id,pep_identity,mhc_identity,tcrA_identity,tcrB_identity,total_identity
5men,22.2222222222,100.0,45.4545454545,33.3333333333,53.8720538721
3o4l,33.3333333333,100.0,27.4336283186,27.5862068966,53.6144169803
3qeq,11.1111111111,100.0,43.75,29.8245614035,49.2994639376
3ffc,22.2222222222,81.0055865922,31.3043478261,34.188034188,45.3246666072
5bs0,11.1111111111,86.5921787709,32.4561403509,36.8421052632,44.1174708964
