pdb_id,pep_identity,mhc_identity,tcrA_identity,tcrB_identity,total_identity
5eu6,11.1111111111,100.0,88.4955752212,51.7543859649,60.4120305681
2pye,11.1111111111,100.0,85.8407079646,32.4561403509,56.753178423
3o4l,33.3333333333,100.0,37.6146788991,28.6956521739,55.4961662899
5bs0,11.1111111111,86.5921787709,81.4159292035,40.7079646018,52.9217455949
3qdj,11.1111111111,100.0,41.8181818182,33.3333333333,49.5622895623
