pdb_id,pep_identity,mhc_identity,tcrA_identity,tcrB_identity,total_identity
3ffc,22.2222222222,81.0055865922,83.4782608696,35.0427350427,54.1627689235
3o4l,33.3333333333,100.0,33.0434782609,23.9316239316,53.9402948099
4mnq,22.2222222222,100.0,31.3043478261,30.4347826087,51.0305958132
5eu6,11.1111111111,100.0,37.3913043478,36.2068965517,49.3034038536
2e7l,33.3333333333,68.7150837989,30.1724137931,31.5789473684,44.308032571
