pdb_id,pep_identity,mhc_identity,tcrA_identity,tcrB_identity,total_identity
3o4l,33.3333333333,100.0,28.8288288288,26.5486725664,53.6740280103
5eu6,11.1111111111,100.0,35.3982300885,46.9026548673,50.7538511963
3ffc,22.2222222222,81.0055865922,31.8584070796,42.735042735,46.8415112406
2e7l,33.3333333333,68.7150837989,30.9734513274,32.7272727273,44.6329263865
