pdb_id,pep_identity,mhc_identity,tcrA_identity,tcrB_identity,total_identity
3qdj,11.1111111111,100.0,89.8148148148,37.5,58.2561728395
3o4l,33.3333333333,100.0,38.8888888889,28.3185840708,55.6456899377
5d2n,22.2222222222,99.4413407821,21.2962962963,68.6956521739,55.5531790798
5men,22.2222222222,100.0,34.2342342342,33.3333333333,52.002002002
3ffc,22.2222222222,81.0055865922,32.1428571429,52.9914529915,48.5983212939
5bs0,11.1111111111,86.5921787709,39.8230088496,45.5357142857,46.7942171499
