pdb_id,pep_identity,mhc_identity,tcrA_identity,tcrB_identity,total_identity
4eup,11.1111111111,100.0,84.8214285714,89.1891891892,66.0388066638
3gsn,22.2222222222,100.0,40.7079646018,48.6725663717,55.637495903
3o4l,33.3333333333,100.0,38.9380530973,28.0701754386,55.6124825338
5men,22.2222222222,100.0,33.9285714286,50.8928571429,54.8776455026
2f53,11.1111111111,100.0,45.6140350877,52.6785714286,53.4191381231
