pdb_id,pep_identity,mhc_identity,tcrA_identity,tcrB_identity,total_identity
5men,22.2222222222,100.0,32.4561403509,76.7857142857,58.9477165135
3o4l,33.3333333333,100.0,32.1428571429,27.8260869565,54.439268461
2e7l,33.3333333333,68.7150837989,62.5,58.0357142857,54.1054247584
3qdj,11.1111111111,100.0,35.7142857143,64.2857142857,53.7037037037
5d2n,22.2222222222,99.4413407821,28.3185840708,33.9130434783,50.9264589263
