pdb_id,pep_identity,mhc_identity,tcrA_identity,tcrB_identity,total_identity
4eup,11.1111111111,100.0,59.6330275229,56.7567567568,56.435334417
3o4l,33.3333333333,100.0,33.9449541284,30.9734513274,55.2641786871
4mnq,22.2222222222,100.0,30.0,50.9090909091,54.2255892256
5d2n,22.2222222222,99.4413407821,30.5555555556,33.9130434783,51.2992875071
2e7l,33.3333333333,68.7150837989,32.4324324324,51.376146789,47.984235581
3ffc,22.2222222222,81.0055865922,31.25,34.188034188,45.3156086361
