pdb_id,pep_identity,mhc_identity,tcrA_identity,tcrB_identity,total_identity
4eup,11.1111111111,100.0,30.0884955752,91.8918918919,57.3671016149
3o4l,33.3333333333,100.0,35.1351351351,28.3185840708,55.0200643121
4mnq,22.2222222222,100.0,31.3043478261,53.1531531532,54.8169909039
5d2n,22.2222222222,99.4413407821,36.9369369369,30.4347826087,51.7831409257
3ffc,22.2222222222,81.0055865922,61.9469026549,31.6239316239,50.0044086513
2e7l,33.3333333333,68.7150837989,32.7433628319,59.0909090909,49.3218510312
