pdb_id,pep_identity,mhc_identity,tcrA_identity,tcrB_identity,total_identity
3qdj,11.1111111111,100.0,88.8888888889,35.7142857143,57.8042328042
3o4l,33.3333333333,100.0,40.7407407407,26.3157894737,55.6205328135
4mnq,22.2222222222,100.0,34.2342342342,33.0357142857,51.9523988274
5d2n,22.2222222222,99.4413407821,24.0740740741,40.8695652174,51.3784608834
5bs0,11.1111111111,86.5921787709,40.7079646018,60.7142857143,49.47147168
3ffc,22.2222222222,81.0055865922,35.7142857143,44.4444444444,47.7690579646
