pdb_id,pep_identity,mhc_identity,tcrA_identity,tcrB_identity,total_identity
3o4l,33.3333333333,100.0,29.8245614035,25.2173913043,53.6181032291
2bnq,11.1111111111,100.0,41.2280701754,31.25,49.1167153996
2e7l,33.3333333333,68.7150837989,57.8947368421,32.1428571429,49.0224047082
3ffc,22.2222222222,81.0055865922,28.4482758621,35.8974358974,45.1335548981
