pdb_id,pep_identity,mhc_identity,tcrA_identity,tcrB_identity,total_identity
5d2n,22.2222222222,99.4413407821,23.4782608696,66.0869565217,55.4820572333
5men,22.2222222222,100.0,31.5789473684,32.1739130435,51.3662174761
2e7l,33.3333333333,68.7150837989,58.7719298246,35.652173913,49.753489667
3ffc,22.2222222222,81.0055865922,27.5862068966,56.4102564103,48.4086801559
3qdj,11.1111111111,100.0,32.4561403509,34.7826086957,48.2434952115
