pdb_id,pep_identity,mhc_identity,tcrA_identity,tcrB_identity,total_identity
3o4l,33.3333333333,100.0,28.8288288288,26.724137931,53.7032722378
5eu6,11.1111111111,100.0,35.0877192982,51.3043478261,51.4357148911
2e7l,33.3333333333,68.7150837989,57.6576576577,34.2105263158,49.3275030396
3ffc,22.2222222222,81.0055865922,27.1929824561,47.0085470085,46.7761911822
