pdb_id,pep_identity,mhc_identity,tcrA_identity,tcrB_identity,total_identity
3o4l,33.3333333333,100.0,85.4368932039,26.2711864407,63.0624577185
5men,22.2222222222,100.0,34.2342342342,31.0344827586,51.6188602395
3gsn,22.2222222222,100.0,32.1100917431,31.8965517241,51.408514652
