pdb_id,pep_identity,mhc_identity,tcrA_identity,tcrB_identity,total_identity
4mnq,22.2222222222,100.0,26.9565217391,57.1428571429,54.7573038877
3o4l,33.3333333333,100.0,30.4347826087,24.5614035088,53.610475464
2e7l,33.3333333333,68.7150837989,57.3913043478,54.954954955,52.7405155945
4eup,11.1111111111,100.0,33.0434782609,56.7567567568,52.0037428733
5bs0,11.1111111111,86.5921787709,35.652173913,33.0357142857,44.0157446605
3ffc,22.2222222222,81.0055865922,29.9145299145,26.4957264957,43.8109790065
