pdb_id,pep_identity,mhc_identity,tcrA_identity,tcrB_identity,total_identity
3qdj,11.1111111111,100.0,92.6605504587,36.6071428571,58.5816525897
3o4l,33.3333333333,100.0,40.9090909091,29.8245614035,56.2333864965
5d2n,22.2222222222,99.4413407821,21.8181818182,55.652173913,53.4662469567
5men,22.2222222222,100.0,34.2342342342,36.6071428571,52.5476369226
3ffc,22.2222222222,81.0055865922,32.1428571429,52.1367521368,48.4558711514
