pdb_id,pep_identity,mhc_identity,tcrA_identity,tcrB_identity,total_identity
5d2n,22.2222222222,99.4413407821,60.5504587156,43.4782608696,57.8926409323
3o4l,33.3333333333,100.0,21.6216216216,26.3157894737,52.4340129603
5men,22.2222222222,100.0,27.5229357798,30.6306306306,50.4330018091
3ffc,22.2222222222,81.0055865922,32.1428571429,44.4444444444,47.1738198694
3qeq,11.1111111111,100.0,27.027027027,33.0357142857,47.0474939225
