pdb_id,pep_identity,mhc_identity,tcrA_identity,tcrB_identity,total_identity
4eup,11.1111111111,100.0,30.3571428571,88.2882882883,56.8112755613
2e7l,33.3333333333,68.7150837989,68.75,56.7567567568,54.9339318369
5men,22.2222222222,100.0,29.4642857143,54.4642857143,54.7288359788
3o4l,33.3333333333,100.0,31.25,29.8245614035,54.6235380117
5d2n,22.2222222222,99.4413407821,25.6637168142,29.5652173913,49.759343369
