pdb_id,pep_identity,mhc_identity,tcrA_identity,tcrB_identity,total_identity
2bnq,11.1111111111,100.0,85.8407079646,58.0357142857,61.0164407454
4mnq,22.2222222222,100.0,39.6396396396,59.4594594595,57.2572572573
3o4l,33.3333333333,100.0,38.1818181818,32.4561403509,56.2174375332
3qeq,11.1111111111,100.0,30.9090909091,67.8571428571,53.4980759981
5bs0,11.1111111111,86.5921787709,80.5309734513,33.3333333333,51.5451477581
5d2n,22.2222222222,99.4413407821,23.4234234234,33.9130434783,50.1105988184
2e7l,33.3333333333,68.7150837989,36.036036036,60.3603603604,50.0822051101
