pdb_id,pep_identity,mhc_identity,tcrA_identity,tcrB_identity,total_identity
3o4l,33.3333333333,100.0,32.4324324324,30.701754386,54.9668089142
4qrp,11.1111111111,81.0055865922,51.3513513514,85.0877192982,53.4454110094
5eu6,11.1111111111,100.0,31.5789473684,56.6371681416,51.7397229554
5men,22.2222222222,100.0,26.3157894737,34.2342342342,50.8324113587
2e7l,33.3333333333,68.7150837989,58.5585585586,30.9090909091,48.9274139553
