pdb_id,pep_identity,mhc_identity,tcrA_identity,tcrB_identity,total_identity
3qeq,11.1111111111,100.0,84.5454545455,50.8620689655,59.6049576222
4mnq,22.2222222222,100.0,33.9285714286,52.5862068966,55.1598704616
3o4l,33.3333333333,100.0,32.4324324324,24.5762711864,53.9458950476
5d2n,22.2222222222,99.4413407821,31.25,29.0598290598,50.6061591781
2e7l,33.3333333333,68.7150837989,29.4642857143,54.7826086957,48.0572881124
