pdb_id,pep_identity,mhc_identity,tcrA_identity,tcrB_identity,total_identity
3o4l,33.3333333333,100.0,37.7192982456,29.3103448276,55.6160516233
5eu6,11.1111111111,100.0,49.1228070175,56.1403508772,54.5808966862
5men,22.2222222222,100.0,38.0530973451,34.2105263158,52.7846780176
3ffc,22.2222222222,81.0055865922,30.1724137931,51.2820512821,47.985013784
