pdb_id,pep_identity,mhc_identity,tcrA_identity,tcrB_identity,total_identity
5men,22.2222222222,100.0,37.5,49.5495495495,55.248998999
3o4l,33.3333333333,100.0,34.5132743363,30.0884955752,55.2114060964
3qeq,11.1111111111,100.0,35.7142857143,57.1428571429,52.5132275132
2e7l,33.3333333333,68.7150837989,25.4385964912,55.4545454545,47.4983293684
5bs0,11.1111111111,86.5921787709,48.6725663717,37.8378378378,46.9861639956
3ffc,22.2222222222,81.0055865922,31.3043478261,33.3333333333,45.1822164647
