pdb_id,pep_identity,mhc_identity,tcrA_identity,tcrB_identity,total_identity
5men,22.2222222222,100.0,38.3928571429,75.0,59.6395502646
3o4l,33.3333333333,100.0,38.3928571429,28.5714285714,55.6051587302
3qdj,11.1111111111,100.0,35.7142857143,62.0689655172,53.3342455756
5d2n,22.2222222222,99.4413407821,23.8938053097,33.3333333333,50.092377442
