pdb_id,pep_identity,mhc_identity,tcrA_identity,tcrB_identity,total_identity
5d2n,22.2222222222,99.4413407821,34.8214285714,67.8260869565,57.6624402561
3qeq,11.1111111111,100.0,85.4545454545,32.4561403509,56.6888180046
3o4l,33.3333333333,100.0,30.6306306306,27.8260869565,54.187230709
4mnq,22.2222222222,100.0,33.9285714286,32.4561403509,51.8048593706
3ffc,22.2222222222,81.0055865922,33.6283185841,52.9914529915,48.8458982007
