pdb_id,pep_identity,mhc_identity,tcrA_identity,tcrB_identity,total_identity
3o4l,33.3333333333,100.0,34.5794392523,33.6206896552,55.8111325957
5d2n,22.2222222222,99.4413407821,26.8518518519,53.9130434783,54.0153368898
3ffc,22.2222222222,81.0055865922,28.1818181818,87.1794871795,53.6361538317
5men,22.2222222222,100.0,34.2342342342,31.5789473684,51.7096043412
3qeq,11.1111111111,100.0,51.8867924528,33.3333333333,51.2403913347
5bs0,11.1111111111,86.5921787709,38.9380530973,41.2280701754,45.9287838395
