pdb_id,pep_identity,mhc_identity,tcrA_identity,tcrB_identity,total_identity
3o4l,33.3333333333,100.0,87.5,30.9734513274,64.1900196657
4mnq,22.2222222222,100.0,33.0357142857,51.3513513514,54.8052516803
3gsn,22.2222222222,100.0,33.6363636364,48.6725663717,54.4588957421
4eup,11.1111111111,100.0,41.8181818182,57.6576576577,53.6163436163
2bnr,11.1111111111,100.0,38.0530973451,51.3513513514,51.9377784865
