pdb_id,pep_identity,mhc_identity,tcrA_identity,tcrB_identity,total_identity
2bnq,11.1111111111,100.0,86.7256637168,55.8558558559,60.8006236325
3o4l,33.3333333333,100.0,39.6396396396,29.203539823,55.9183076882
5bs0,11.1111111111,86.5921787709,83.185840708,36.036036036,52.4380760847
3qeq,11.1111111111,100.0,32.4324324324,51.7857142857,51.0733948234
5d2n,22.2222222222,99.4413407821,23.2142857143,34.7826086957,50.2206700698
