pdb_id,pep_identity,mhc_identity,tcrA_identity,tcrB_identity,total_identity
3o4l,33.3333333333,100.0,28.8288288288,30.0884955752,54.2639985118
5men,22.2222222222,100.0,28.5714285714,50.4504504505,53.9110539111
4eup,11.1111111111,100.0,33.9285714286,58.5585585586,52.4515587016
2e7l,33.3333333333,68.7150837989,60.3603603604,50.0,52.4095324375
3ffc,22.2222222222,81.0055865922,28.0701754386,35.0427350427,44.9280880184
5bs0,11.1111111111,86.5921787709,29.8245614035,40.0,44.2051901946
