pdb_id,pep_identity,mhc_identity,tcrA_identity,tcrB_identity,total_identity
3qdj,11.1111111111,100.0,88.1818181818,35.3982300885,57.6337117488
3o4l,33.3333333333,100.0,39.6396396396,25.2173913043,55.2539496018
4mnq,22.2222222222,100.0,33.3333333333,33.6283185841,51.9010160603
5d2n,22.2222222222,99.4413407821,20.7207207207,41.7391304348,50.964496194
5bs0,11.1111111111,86.5921787709,40.7079646018,57.5221238938,48.9394447099
3ffc,22.2222222222,81.0055865922,33.6283185841,40.1709401709,46.709146064
