pdb_id,pep_identity,mhc_identity,tcrA_identity,tcrB_identity,total_identity
3o4l,33.3333333333,100.0,33.9449541284,30.0884955752,55.1166860617
5men,22.2222222222,100.0,34.2342342342,50.4504504505,54.8548548549
3qeq,11.1111111111,100.0,50.9259259259,52.6785714286,54.3044532628
2e7l,33.3333333333,68.7150837989,27.4336283186,50.0,46.9217437638
5bs0,11.1111111111,86.5921787709,40.7079646018,40.0,46.0190907276
3ffc,22.2222222222,81.0055865922,27.9279279279,35.0427350427,44.9043800999
