pdb_id,pep_identity,mhc_identity,tcrA_identity,tcrB_identity,total_identity
3o4l,33.3333333333,100.0,31.25,27.3504273504,54.2111823362
5men,22.2222222222,100.0,36.9369369369,35.9649122807,52.8910489437
4qrp,11.1111111111,81.0055865922,86.6071428571,40.8695652174,51.9516839135
3qdj,11.1111111111,100.0,34.8214285714,38.5964912281,49.2733570036
5bs0,11.1111111111,86.5921787709,31.8584070796,66.6666666667,48.9886089184
2e7l,33.3333333333,68.7150837989,47.7876106195,28.0701754386,46.6591033871
