pdb_id,pep_identity,mhc_identity,tcrA_identity,tcrB_identity,total_identity
5d2n,22.2222222222,99.4413407821,29.7297297297,57.3913043478,55.0746933477
3ffc,22.2222222222,81.0055865922,60.1769911504,52.1367521368,53.1282268193
4mnq,22.2222222222,100.0,28.6956521739,35.3982300885,51.4230544511
3qeq,11.1111111111,100.0,36.9369369369,38.0530973451,49.535376084
2e7l,33.3333333333,68.7150837989,34.5132743363,36.2831858407,45.8155490736
5bs0,11.1111111111,86.5921787709,36.5217391304,42.4778761062,45.7343658335
