pdb_id,pep_identity,mhc_identity,tcrA_identity,tcrB_identity,total_identity
5d2n,22.2222222222,99.4413407821,49.0909090909,47.4137931034,56.6386380338
3o4l,33.3333333333,100.0,19.6428571429,26.4957264957,52.1342083842
5men,22.2222222222,100.0,22.3214285714,33.6206896552,50.0644271118
3qeq,11.1111111111,100.0,28.5714285714,34.4827586207,47.5460682357
3ffc,22.2222222222,81.0055865922,25.6637168142,47.8632478632,46.6637637177
