pdb_id,pep_identity,mhc_identity,tcrA_identity,tcrB_identity,total_identity
3o4l,33.3333333333,100.0,32.4074074074,25.0,54.012345679
3qdj,11.1111111111,100.0,61.1111111111,35.9649122807,53.216374269
4mnq,22.2222222222,100.0,30.0,35.9649122807,51.7348927875
3ffc,22.2222222222,81.0055865922,36.6071428571,29.9145299145,45.4962150667
5bs0,11.1111111111,86.5921787709,38.0530973451,36.8421052632,45.0502970621
2e7l,33.3333333333,68.7150837989,32.4324324324,28.3185840708,44.1413084613
