pdb_id,pep_identity,mhc_identity,tcrA_identity,tcrB_identity,total_identity
3qeq,11.1111111111,100.0,82.1428571429,53.5714285714,59.6560846561
4mnq,22.2222222222,100.0,33.9285714286,51.3513513514,54.9540612041
3o4l,33.3333333333,100.0,30.9734513274,30.9734513274,54.7689282203
5d2n,22.2222222222,99.4413407821,28.0701754386,33.0434782609,50.7401299514
