pdb_id,pep_identity,mhc_identity,tcrA_identity,tcrB_identity,total_identity
3qdj,11.1111111111,100.0,94.5945945946,34.5132743363,58.5550151922
3o4l,33.3333333333,100.0,40.1785714286,26.9565217391,55.6336266391
5men,22.2222222222,100.0,35.1351351351,31.8584070796,51.9063311099
5d2n,22.2222222222,99.4413407821,21.4285714286,40.8695652174,50.9375437758
5bs0,11.1111111111,86.5921787709,40.7079646018,58.0357142857,49.0250431086
