pdb_id,pep_identity,mhc_identity,tcrA_identity,tcrB_identity,total_identity
5men,22.2222222222,100.0,34.2105263158,49.5495495495,54.700753385
3o4l,33.3333333333,100.0,30.3571428571,30.9734513274,54.6662101419
2e7l,33.3333333333,68.7150837989,59.8214285714,50.0,52.3197104726
4eup,11.1111111111,100.0,33.0357142857,57.6576576577,52.1525990276
3ffc,22.2222222222,81.0055865922,27.1929824561,34.188034188,44.6394390455
5bs0,11.1111111111,86.5921787709,29.8245614035,39.0909090909,44.0536750431
