pdb_id,pep_identity,mhc_identity,tcrA_identity,tcrB_identity,total_identity
3o4l,33.3333333333,100.0,40.0,29.6610169492,56.054613936
3qdj,11.1111111111,100.0,68.8073394495,36.2068965517,54.5394097039
5d2n,22.2222222222,99.4413407821,25.4545454545,56.0344827586,54.1360257036
5men,22.2222222222,100.0,37.6146788991,36.2068965517,53.0443366492
3ffc,22.2222222222,81.0055865922,35.7142857143,53.8461538462,49.3360095315
5bs0,11.1111111111,86.5921787709,44.2477876106,42.2413793103,46.9826244475
2e7l,33.3333333333,68.7150837989,39.2857142857,33.6206896552,46.1672063676
