pdb_id,pep_identity,mhc_identity,tcrA_identity,tcrB_identity,total_identity
3qeq,11.1111111111,100.0,94.4444444444,55.2631578947,61.9883040936
3gsn,22.2222222222,100.0,42.2018348624,49.1228070175,55.9615143874
4mnq,22.2222222222,100.0,33.9285714286,50.0,54.7288359788
3o4l,33.3333333333,100.0,30.2752293578,30.1724137931,54.5190516363
2p5w,11.1111111111,100.0,32.7433628319,50.8771929825,50.9737963394
