pdb_id,pep_identity,mhc_identity,tcrA_identity,tcrB_identity,total_identity
3gsn,22.2222222222,100.0,22.7272727273,91.1504424779,59.7203599416
3o4l,33.3333333333,100.0,21.1009174312,29.3103448276,52.8463214876
