pdb_id,pep_identity,mhc_identity,tcrA_identity,tcrB_identity,total_identity
3gsn,22.2222222222,100.0,37.037037037,54.8672566372,56.0581230198
2e7l,33.3333333333,68.7150837989,27.9279279279,54.5454545455,47.7617027896
5bs0,11.1111111111,86.5921787709,38.9380530973,37.2727272727,45.2695600224
