pdb_id,pep_identity,mhc_identity,tcrA_identity,tcrB_identity,total_identity
3o4l,33.3333333333,100.0,32.7433628319,26.8907563025,54.3834643002
5men,22.2222222222,100.0,39.8230088496,37.6068376068,53.6457151501
5eu6,11.1111111111,100.0,42.4778761062,44.4444444444,51.5240904621
3ffc,22.2222222222,81.0055865922,29.5652173913,41.0256410256,46.1744126743
