pdb_id,pep_identity,mhc_identity,tcrA_identity,tcrB_identity,total_identity
2bnq,11.1111111111,100.0,85.8407079646,51.3513513514,59.9023802564
3o4l,33.3333333333,100.0,40.3669724771,28.3185840708,55.8920372024
5bs0,11.1111111111,86.5921787709,82.3008849558,35.4545454545,52.1936683624
3qeq,11.1111111111,100.0,32.1100917431,54.4642857143,51.4660999466
5d2n,22.2222222222,99.4413407821,25.4545454545,26.9565217391,49.2896988671
2e7l,33.3333333333,68.7150837989,35.1351351351,56.4814814815,49.2855751468
