pdb_id,pep_identity,mhc_identity,tcrA_identity,tcrB_identity,total_identity
4eup,11.1111111111,100.0,90.8256880734,31.0344827586,57.347065509
3o4l,33.3333333333,100.0,39.4495412844,27.1186440678,55.5391420031
3ffc,22.2222222222,81.0055865922,31.25,90.5982905983,54.7173180378
5d2n,22.2222222222,99.4413407821,20.1834862385,55.1724137931,53.1138376734
4mnq,22.2222222222,100.0,32.4324324324,28.4482758621,50.8875254565
5bs0,11.1111111111,86.5921787709,40.7079646018,41.3793103448,46.2489757851
