pdb_id,pep_identity,mhc_identity,tcrA_identity,tcrB_identity,total_identity
5eu6,11.1111111111,100.0,88.4955752212,61.2068965517,61.9874489992
2bnr,11.1111111111,100.0,87.610619469,28.6956521739,56.4214156442
3o4l,33.3333333333,100.0,40.1785714286,27.3504273504,55.6992775743
5bs0,11.1111111111,86.5921787709,82.3008849558,44.8275862069,53.7558418211
4mnq,22.2222222222,100.0,38.9380530973,28.4482758621,51.9717955673
3qdj,11.1111111111,100.0,44.6428571429,31.8965517241,49.7936051815
