pdb_id,pep_identity,mhc_identity,tcrA_identity,tcrB_identity,total_identity
3qdj,11.1111111111,100.0,89.8148148148,61.0619469027,62.1831639899
3gsn,22.2222222222,100.0,42.5925925926,65.4867256637,58.7539604501
3o4l,33.3333333333,100.0,40.7407407407,31.8965517241,56.5506598553
5men,22.2222222222,100.0,32.4324324324,61.9469026549,56.470629922
2f53,11.1111111111,100.0,39.8230088496,60.1769911504,53.7037037037
