pdb_id,pep_identity,mhc_identity,tcrA_identity,tcrB_identity,total_identity
3o4l,33.3333333333,100.0,30.701754386,30.0884955752,54.5761527713
4mnq,22.2222222222,100.0,29.8245614035,49.5495495495,53.9697592329
2e7l,33.3333333333,68.7150837989,59.649122807,51.8181818182,52.5940231483
4eup,11.1111111111,100.0,34.2105263158,57.6576576577,52.3484010326
3ffc,22.2222222222,81.0055865922,25.8620689655,38.4615384615,45.1298708426
5bs0,11.1111111111,86.5921787709,34.2105263158,39.6396396396,44.8761242866
