pdb_id,pep_identity,mhc_identity,tcrA_identity,tcrB_identity,total_identity
5eu6,11.1111111111,100.0,89.3805309735,79.6460176991,65.2081284825
2bnq,11.1111111111,100.0,87.610619469,31.8584070796,56.9485414618
3o4l,33.3333333333,100.0,38.0530973451,31.3043478261,56.0040186396
5bs0,11.1111111111,86.5921787709,84.0707964602,43.75,53.8712293707
5men,22.2222222222,100.0,42.4778761062,33.6283185841,53.4251065225
