pdb_id,pep_identity,mhc_identity,tcrA_identity,tcrB_identity,total_identity
3gsn,22.2222222222,100.0,34.5132743363,83.185840708,60.3572599148
3o4l,33.3333333333,100.0,33.6283185841,33.3333333333,55.604719764
3ffc,22.2222222222,81.0055865922,69.0265486726,30.7692307692,51.0418995118
2e7l,33.3333333333,68.7150837989,33.3333333333,56.880733945,49.0518169238
