pdb_id,pep_identity,mhc_identity,tcrA_identity,tcrB_identity,total_identity
4eup,11.1111111111,100.0,42.3423423423,90.990990991,59.2592592593
4mnq,22.2222222222,100.0,36.9369369369,50.8928571429,55.379039754
3o4l,33.3333333333,100.0,36.036036036,27.1929824561,54.9826141931
5d2n,22.2222222222,99.4413407821,25.8928571429,29.5652173913,49.7975334238
2e7l,33.3333333333,68.7150837989,34.8214285714,56.7567567568,49.2791699321
