pdb_id,pep_identity,mhc_identity,tcrA_identity,tcrB_identity,total_identity
5men,22.2222222222,100.0,44.8598130841,88.5964912281,62.9834581261
3gsn,22.2222222222,100.0,39.6396396396,87.7192982456,61.9672303883
2bnr,11.1111111111,100.0,40.7079646018,86.8421052632,58.2953820145
3o4l,33.3333333333,100.0,31.5315315315,29.0598290598,54.543004543
3qdj,11.1111111111,100.0,35.4545454545,62.2807017544,53.3262449052
