pdb_id,pep_identity,mhc_identity,tcrA_identity,tcrB_identity,total_identity
5men,22.2222222222,100.0,88.9908256881,75.4385964912,68.1456444373
3gsn,22.2222222222,100.0,37.7192982456,75.4385964912,59.6003898635
2f54,11.1111111111,100.0,42.1052631579,74.5614035088,56.4814814815
