pdb_id,pep_identity,mhc_identity,tcrA_identity,tcrB_identity,total_identity
2bnq,11.1111111111,100.0,87.610619469,49.5495495495,59.8970652068
3o4l,33.3333333333,100.0,41.2844036697,30.0884955752,56.3399276519
5bs0,11.1111111111,86.5921787709,82.3008849558,40.0,52.95124412
3qeq,11.1111111111,100.0,33.0275229358,52.6785714286,51.3213860978
5d2n,22.2222222222,99.4413407821,25.4545454545,33.0434782609,50.3041916207
2e7l,33.3333333333,68.7150837989,36.036036036,50.0,48.3554783834
