pdb_id,pep_identity,mhc_identity,tcrA_identity,tcrB_identity,total_identity
3o4l,33.3333333333,100.0,45.045045045,54.4642857143,61.0293329043
3gsn,22.2222222222,100.0,35.1351351351,30.4347826087,51.6690603647
4mnq,22.2222222222,100.0,33.0357142857,31.25,51.455026455
