pdb_id,pep_identity,mhc_identity,tcrA_identity,tcrB_identity,total_identity
3o4l,33.3333333333,100.0,33.3333333333,29.3103448276,54.8850574713
3ffc,22.2222222222,81.0055865922,33.0357142857,89.7435897436,54.872486943
5eu6,11.1111111111,100.0,37.1681415929,59.649122807,53.1732477704
5men,22.2222222222,100.0,30.0,31.5789473684,51.0038986355
2e7l,33.3333333333,68.7150837989,32.4324324324,30.701754386,44.5385035138
