pdb_id,pep_identity,mhc_identity,tcrA_identity,tcrB_identity,total_identity
3o4l,33.3333333333,100.0,34.4827586207,22.6086956522,53.9596868233
5men,22.2222222222,100.0,33.6206896552,29.203539823,51.2114456538
3ffc,22.2222222222,81.0055865922,61.2068965517,29.9145299145,49.5961740158
5eu6,11.1111111111,100.0,36.2068965517,33.3333333333,48.6270753512
2e7l,33.3333333333,68.7150837989,32.4786324786,29.4642857143,44.3399587429
