pdb_id,pep_identity,mhc_identity,tcrA_identity,tcrB_identity,total_identity
3gsn,22.2222222222,100.0,35.3982300885,57.5221238938,56.2274664045
2e7l,33.3333333333,68.7150837989,33.0434782609,60.9090909091,49.6749005724
3ffc,22.2222222222,81.0055865922,33.0434782609,31.6239316239,45.1871712523
