pdb_id,pep_identity,mhc_identity,tcrA_identity,tcrB_identity,total_identity
3o4l,33.3333333333,100.0,58.6538461538,31.8965517241,59.5361774241
5d2n,22.2222222222,99.4413407821,22.9357798165,68.6956521739,55.8264263332
5men,22.2222222222,100.0,30.3571428571,29.5652173913,50.7278007821
3qdj,11.1111111111,100.0,43.119266055,33.9130434783,49.8757552926
3ffc,22.2222222222,81.0055865922,37.2727272727,52.9914529915,49.4532996488
