pdb_id,pep_identity,mhc_identity,tcrA_identity,tcrB_identity,total_identity
4qrp,11.1111111111,81.0055865922,94.5945945946,57.3913043478,56.0365490582
5d2n,22.2222222222,99.4413407821,30.3571428571,59.1304347826,55.4691172747
3o4l,33.3333333333,100.0,33.3333333333,26.4957264957,54.415954416
4mnq,22.2222222222,100.0,29.203539823,32.1739130435,50.9703162185
3qeq,11.1111111111,100.0,32.4324324324,43.4782608696,49.688819254
2e7l,33.3333333333,68.7150837989,49.1071428571,34.7826086957,47.9977643029
