pdb_id,pep_identity,mhc_identity,tcrA_identity,tcrB_identity,total_identity
3qdj,11.1111111111,100.0,86.4864864865,63.3928571429,62.0169276419
3gsn,22.2222222222,100.0,37.5,60.1769911504,57.0202392658
5men,22.2222222222,100.0,32.4324324324,61.6071428571,56.414003289
3o4l,33.3333333333,100.0,38.3928571429,27.8260869565,55.4809351277
2f53,11.1111111111,100.0,43.3628318584,59.8214285714,54.2344137753
2e7l,33.3333333333,68.7150837989,35.0877192982,61.6071428571,50.1319494033
