pdb_id,pep_identity,mhc_identity,tcrA_identity,tcrB_identity,total_identity
4eup,11.1111111111,100.0,83.9285714286,88.3928571429,65.7572751323
3gsn,22.2222222222,100.0,38.9380530973,50.4424778761,55.637495903
3o4l,33.3333333333,100.0,38.9380530973,27.8260869565,55.5718011201
5men,22.2222222222,100.0,35.7142857143,49.5575221239,54.9527087138
2p5w,11.1111111111,100.0,41.2280701754,52.2123893805,52.610446963
