pdb_id,pep_identity,mhc_identity,tcrA_identity,tcrB_identity,total_identity
5d2n,22.2222222222,99.4413407821,23.2142857143,75.652173913,57.0322642727
4qrp,11.1111111111,81.0055865922,86.4864864865,58.7719298246,54.9153019529
3o4l,33.3333333333,100.0,35.1351351351,27.5862068966,54.8980014497
4mnq,22.2222222222,100.0,26.5486725664,32.4561403509,50.5748762269
4eup,11.1111111111,100.0,37.8378378378,33.3333333333,48.8988988989
2e7l,33.3333333333,68.7150837989,50.0,32.4561403509,47.7588291026
5bs0,11.1111111111,86.5921787709,30.9734513274,49.5575221239,45.9895922026
