pdb_id,pep_identity,mhc_identity,tcrA_identity,tcrB_identity,total_identity
3gsn,22.2222222222,100.0,36.9369369369,62.9310344828,57.385402644
2e7l,33.3333333333,68.7150837989,35.7142857143,57.7586206897,49.5949567781
