pdb_id,pep_identity,mhc_identity,tcrA_identity,tcrB_identity,total_identity
5men,22.2222222222,100.0,86.3636363636,47.3214285714,63.0215848966
3gsn,22.2222222222,100.0,37.8378378378,47.7876106195,55.011648817
3o4l,33.3333333333,100.0,33.3333333333,28.0701754386,54.6783625731
3qeq,11.1111111111,100.0,34.5454545455,58.9285714286,52.616041366
2p5w,11.1111111111,100.0,41.592920354,48.2142857143,52.0049047151
