pdb_id,pep_identity,mhc_identity,tcrA_identity,tcrB_identity,total_identity
3gsn,22.2222222222,100.0,42.7272727273,80.5309734513,61.2837817705
5men,22.2222222222,100.0,34.8214285714,86.4864864865,60.9587265837
3o4l,33.3333333333,100.0,51.8181818182,28.9473684211,57.9053694843
3qdj,11.1111111111,100.0,49.0909090909,70.2702702703,56.9305669306
