pdb_id,pep_identity,mhc_identity,tcrA_identity,tcrB_identity,total_identity
3qeq,11.1111111111,100.0,82.8828828829,30.9734513274,56.0130927388
3o4l,33.3333333333,100.0,29.4642857143,26.0869565217,53.7029848171
4mnq,22.2222222222,100.0,31.25,32.7433628319,51.4063012127
5d2n,22.2222222222,99.4413407821,26.5486725664,33.0434782609,50.4865461393
3ffc,22.2222222222,81.0055865922,32.4561403509,31.6239316239,45.0892816006
2e7l,33.3333333333,68.7150837989,30.9734513274,34.8214285714,44.9819523605
