pdb_id,pep_identity,mhc_identity,tcrA_identity,tcrB_identity,total_identity
3qdj,11.1111111111,100.0,90.7407407407,37.5,58.4104938272
3o4l,33.3333333333,100.0,48.1481481481,27.1929824561,57.0012995452
4mnq,22.2222222222,100.0,32.4324324324,34.8214285714,51.9497175747
5d2n,22.2222222222,99.4413407821,23.1481481481,33.0434782609,49.9197920696
