pdb_id,pep_identity,mhc_identity,tcrA_identity,tcrB_identity,total_identity
3o4l,33.3333333333,100.0,30.6306306306,27.1929824561,54.0817132922
3qdj,11.1111111111,100.0,61.8181818182,40.1785714286,54.0364959115
5men,22.2222222222,100.0,30.5555555556,37.5,52.0833333333
5bs0,11.1111111111,86.5921787709,36.2831858407,58.9285714286,48.4363895056
3ffc,22.2222222222,81.0055865922,28.3185840708,39.3162393162,45.6817401693
2e7l,33.3333333333,68.7150837989,32.7433628319,31.5315315315,44.728621438
