pdb_id,pep_identity,mhc_identity,tcrA_identity,tcrB_identity,total_identity
3o4l,33.3333333333,100.0,29.8245614035,25.4237288136,53.652492814
5bs0,11.1111111111,86.5921787709,29.8245614035,91.2280701754,52.7432018905
2e7l,33.3333333333,68.7150837989,58.7719298246,28.6956521739,48.5940693772
4eup,11.1111111111,100.0,32.4561403509,36.5217391304,48.5333502839
3ffc,22.2222222222,81.0055865922,27.5862068966,41.8803418803,45.9870277343
