pdb_id,pep_identity,mhc_identity,tcrA_identity,tcrB_identity,total_identity
5d2n,22.2222222222,99.4413407821,24.7706422018,90.4347826087,59.7554251365
3o4l,33.3333333333,100.0,29.3577981651,28.2051282051,54.0382655062
4mnq,22.2222222222,100.0,30.9090909091,33.0434782609,51.3995022691
3qdj,11.1111111111,100.0,37.962962963,35.652173913,49.3062265164
3ffc,22.2222222222,81.0055865922,31.25,56.4102564103,49.0193123398
