pdb_id,pep_identity,mhc_identity,tcrA_identity,tcrB_identity,total_identity
5men,22.2222222222,100.0,28.9473684211,54.3103448276,54.6170262822
3o4l,33.3333333333,100.0,33.3333333333,23.7288135593,53.9548022599
2e7l,33.3333333333,68.7150837989,63.0630630631,53.0434782609,53.3672292647
4eup,11.1111111111,100.0,32.1428571429,54.7826086957,51.5246146768
3ffc,22.2222222222,81.0055865922,32.4561403509,27.3504273504,44.3770308884
