pdb_id,pep_identity,mhc_identity,tcrA_identity,tcrB_identity,total_identity
3o4l,33.3333333333,100.0,38.7387387387,26.0869565217,55.2487269879
5bs0,11.1111111111,86.5921787709,40.7079646018,92.7927927928,54.8178895264
4mnq,22.2222222222,100.0,40.5405405405,32.1428571429,52.8546403546
4eup,11.1111111111,100.0,39.6396396396,36.6071428571,49.7448341198
3ffc,22.2222222222,81.0055865922,30.0884955752,40.1709401709,46.1191755625
