pdb_id,pep_identity,mhc_identity,tcrA_identity,tcrB_identity,total_identity
5eu6,11.1111111111,100.0,40.0,79.3103448276,56.9220945083
3o4l,33.3333333333,100.0,29.5652173913,30.5084745763,54.456726439
3ffc,22.2222222222,81.0055865922,53.0434782609,61.5384615385,53.5062595714
5men,22.2222222222,100.0,31.3043478261,31.0344827586,51.1305458382
2e7l,33.3333333333,68.7150837989,35.3448275862,36.2068965517,45.9414264004
