pdb_id,pep_identity,mhc_identity,tcrA_identity,tcrB_identity,total_identity
5eu6,11.1111111111,100.0,46.9026548673,91.3043478261,60.0715374859
3o4l,33.3333333333,100.0,36.9369369369,28.2051282051,55.3014553015
5men,22.2222222222,100.0,38.3928571429,34.7826086957,52.9366517138
3ffc,22.2222222222,81.0055865922,33.6283185841,59.8290598291,49.9854993403
3qeq,11.1111111111,100.0,37.2727272727,35.652173913,49.1911872347
