pdb_id,pep_identity,mhc_identity,tcrA_identity,tcrB_identity,total_identity
3qdj,11.1111111111,100.0,37.962962963,91.0714285714,58.5427689594
5men,22.2222222222,100.0,29.7297297297,64.2857142857,56.40998141
3o4l,33.3333333333,100.0,29.3577981651,28.6956521739,54.120019501
5d2n,22.2222222222,99.4413407821,24.7706422018,33.0434782609,50.1902077452
2e7l,33.3333333333,68.7150837989,30.6306306306,54.4642857143,48.1986251016
