pdb_id,pep_identity,mhc_identity,tcrA_identity,tcrB_identity,total_identity
3o4l,33.3333333333,100.0,30.2752293578,27.3504273504,54.0487205625
5men,22.2222222222,100.0,31.5315315315,30.4347826087,51.0684597641
3qdj,11.1111111111,100.0,39.8148148148,33.0434782609,49.180085883
2e7l,33.3333333333,68.7150837989,33.3333333333,34.2105263158,45.2734489856
3ffc,22.2222222222,81.0055865922,32.1428571429,30.7692307692,44.8946175901
5bs0,11.1111111111,86.5921787709,30.9734513274,38.2608695652,44.1068167761
