pdb_id,pep_identity,mhc_identity,tcrA_identity,tcrB_identity,total_identity
4eup,11.1111111111,100.0,90.0,57.1428571429,61.5608465608
3o4l,33.3333333333,100.0,38.7387387387,29.5652173913,55.8284371328
4mnq,22.2222222222,100.0,32.4324324324,56.6371681416,55.5856741697
2bnr,11.1111111111,100.0,43.3628318584,54.4642857143,53.3415566325
