pdb_id,pep_identity,mhc_identity,tcrA_identity,tcrB_identity,total_identity
3o4l,33.3333333333,100.0,34.2342342342,28.9473684211,54.9747115537
4mnq,22.2222222222,100.0,28.0701754386,37.8378378378,51.7254096201
2e7l,33.3333333333,68.7150837989,70.2702702703,29.7297297297,50.6828057107
5eu6,11.1111111111,100.0,33.3333333333,41.592920354,49.5247459849
4qrp,11.1111111111,81.0055865922,50.4504504505,42.1052631579,46.1315181692
