pdb_id,pep_identity,mhc_identity,tcrA_identity,tcrB_identity,total_identity
5men,22.2222222222,100.0,37.5,74.1071428571,59.3419312169
3o4l,33.3333333333,100.0,34.5454545455,26.0869565217,54.549846289
3qdj,11.1111111111,100.0,39.0909090909,61.6071428571,53.820045695
5d2n,22.2222222222,99.4413407821,25.2252252252,33.9130434783,50.4108991187
2e7l,33.3333333333,68.7150837989,27.027027027,58.0357142857,48.1932625962
