pdb_id,pep_identity,mhc_identity,tcrA_identity,tcrB_identity,total_identity
3qeq,11.1111111111,100.0,94.4444444444,33.0357142857,58.2837301587
3o4l,33.3333333333,100.0,30.2752293578,26.0869565217,53.838142091
5d2n,22.2222222222,99.4413407821,30.0,43.4782608696,52.800897813
4mnq,22.2222222222,100.0,33.9285714286,33.0357142857,51.9014550265
5bs0,11.1111111111,86.5921787709,32.7433628319,70.2702702703,49.7367021444
3ffc,22.2222222222,81.0055865922,38.9380530973,45.2991452991,48.4488026709
