pdb_id,pep_identity,mhc_identity,tcrA_identity,tcrB_identity,total_identity
3qdj,11.1111111111,100.0,89.8148148148,33.6283185841,57.6108926035
3o4l,33.3333333333,100.0,40.3669724771,30.4347826087,56.2447369587
5men,22.2222222222,100.0,34.8623853211,32.7433628319,52.0083654329
5d2n,22.2222222222,99.4413407821,21.1009174312,33.9130434783,49.7235144864
