pdb_id,pep_identity,mhc_identity,tcrA_identity,tcrB_identity,total_identity
3o4l,33.3333333333,100.0,51.8181818182,27.1186440678,57.6005820921
5d2n,22.2222222222,99.4413407821,22.5225225225,56.8965517241,53.7910333759
5men,22.2222222222,100.0,34.8214285714,34.4827586207,52.2914386061
3qdj,11.1111111111,100.0,49.0909090909,36.2068965517,51.2533379775
3ffc,22.2222222222,81.0055865922,34.8214285714,52.1367521368,48.9022997228
