pdb_id,pep_identity,mhc_identity,tcrA_identity,tcrB_identity,total_identity
3o4l,33.3333333333,100.0,36.3636363636,36.2831858407,56.5522481452
5eu6,11.1111111111,100.0,49.5575221239,51.3274336283,53.8511963291
5men,22.2222222222,100.0,39.8230088496,34.2342342342,53.083614588
3ffc,22.2222222222,81.0055865922,33.6283185841,47.8632478632,47.991197346
2e7l,33.3333333333,68.7150837989,34.2342342342,36.6972477064,45.8380527008
