pdb_id,pep_identity,mhc_identity,tcrA_identity,tcrB_identity,total_identity
3gsn,22.2222222222,100.0,38.1818181818,49.5575221239,55.363964125
2e7l,33.3333333333,68.7150837989,27.4336283186,50.0,46.9217437638
5bs0,11.1111111111,86.5921787709,40.7079646018,40.0,46.0190907276
3ffc,22.2222222222,81.0055865922,27.9279279279,35.0427350427,44.9043800999
