pdb_id,pep_identity,mhc_identity,tcrA_identity,tcrB_identity,total_identity
3o4l,33.3333333333,100.0,29.4642857143,30.0884955752,54.3699079927
4mnq,22.2222222222,100.0,31.5315315315,32.7272727273,51.4505414505
5eu6,11.1111111111,100.0,36.2831858407,35.3982300885,48.9839396919
3ffc,22.2222222222,81.0055865922,33.3333333333,31.6239316239,45.235480431
2e7l,33.3333333333,68.7150837989,32.4561403509,29.3577981651,44.3184621301
