pdb_id,pep_identity,mhc_identity,tcrA_identity,tcrB_identity,total_identity
3qdj,11.1111111111,100.0,87.962962963,63.0630630631,62.2080413747
3gsn,22.2222222222,100.0,40.3669724771,86.7256637168,61.9228467731
5men,22.2222222222,100.0,33.3333333333,90.0900900901,61.3113113113
2bnr,11.1111111111,100.0,40.7079646018,88.3928571429,58.5538406611
3o4l,33.3333333333,100.0,41.2844036697,28.0701754386,56.0035409625
