pdb_id,pep_identity,mhc_identity,tcrA_identity,tcrB_identity,total_identity
4mnq,22.2222222222,100.0,32.1739130435,57.6576576577,55.7126691909
3o4l,33.3333333333,100.0,31.8584070796,25.6637168142,54.0314650934
3ffc,22.2222222222,81.0055865922,83.185840708,29.9145299145,53.2593313752
4eup,11.1111111111,100.0,31.8584070796,61.2612612613,52.5569817605
5d2n,22.2222222222,99.4413407821,29.203539823,27.8260869565,50.059458798
2e7l,33.3333333333,68.7150837989,30.701754386,54.5454545455,48.2240071993
5bs0,11.1111111111,86.5921787709,37.3913043478,37.2727272727,45.0117685641
