pdb_id,pep_identity,mhc_identity,tcrA_identity,tcrB_identity,total_identity
3gsn,22.2222222222,100.0,34.2105263158,59.1304347826,56.2975675905
2e7l,33.3333333333,68.7150837989,25.2173913043,60.0,48.2190375948
