pdb_id,pep_identity,mhc_identity,tcrA_identity,tcrB_identity,total_identity
4mnq,22.2222222222,100.0,28.0701754386,54.8672566372,54.5636460867
3o4l,33.3333333333,100.0,31.8181818182,24.347826087,53.805445762
2e7l,33.3333333333,68.7150837989,58.5585585586,55.3571428571,53.00208928
4eup,11.1111111111,100.0,33.0357142857,58.0357142857,52.2156084656
3ffc,22.2222222222,81.0055865922,29.8245614035,30.7692307692,44.5082349669
5bs0,11.1111111111,86.5921787709,33.3333333333,35.3982300885,44.0230238643
