pdb_id,pep_identity,mhc_identity,tcrA_identity,tcrB_identity,total_identity
3qdj,11.1111111111,100.0,89.8148148148,34.2105263158,57.7079272255
3o4l,33.3333333333,100.0,41.2844036697,26.9565217391,55.8179320126
5d2n,22.2222222222,99.4413407821,22.9357798165,49.5652173913,52.6380205361
5men,22.2222222222,100.0,35.1351351351,35.0877192982,52.444549813
3ffc,22.2222222222,81.0055865922,33.0357142857,47.8632478632,47.892429963
