pdb_id,pep_identity,mhc_identity,tcrA_identity,tcrB_identity,total_identity
5men,22.2222222222,100.0,83.6363636364,37.5,60.9301346801
3o4l,33.3333333333,100.0,34.5454545455,56.25,59.577020202
5eu6,11.1111111111,100.0,43.3628318584,33.3333333333,49.8197312357
3qdj,11.1111111111,100.0,34.8623853211,39.8230088496,49.4846027321
