pdb_id,pep_identity,mhc_identity,tcrA_identity,tcrB_identity,total_identity
3qdj,11.1111111111,100.0,90.7407407407,32.7586206897,57.6202639421
3o4l,33.3333333333,100.0,40.7407407407,27.3504273504,55.7929724596
5d2n,22.2222222222,99.4413407821,22.2222222222,50.0,52.5915580385
5men,22.2222222222,100.0,36.036036036,34.4827586207,52.4938731835
3ffc,22.2222222222,81.0055865922,33.9285714286,46.1538461538,47.7563392019
