pdb_id,pep_identity,mhc_identity,tcrA_identity,tcrB_identity,total_identity
3gsn,22.2222222222,100.0,42.2018348624,76.5217391304,60.5280030729
4mnq,22.2222222222,100.0,37.8378378378,73.9130434783,59.3658876268
3o4l,33.3333333333,100.0,38.5321100917,26.2711864407,55.2449938665
