pdb_id,pep_identity,mhc_identity,tcrA_identity,tcrB_identity,total_identity
3o4l,33.3333333333,100.0,35.1351351351,26.0869565217,54.6481263873
4mnq,22.2222222222,100.0,36.9369369369,32.7433628319,52.3541240355
5eu6,11.1111111111,100.0,47.7876106195,36.8421052632,51.1419896841
3ffc,22.2222222222,81.0055865922,31.8584070796,33.3333333333,45.2745596736
2e7l,33.3333333333,68.7150837989,34.8214285714,29.4642857143,44.7304247584
