pdb_id,pep_identity,mhc_identity,tcrA_identity,tcrB_identity,total_identity
3o4l,33.3333333333,100.0,35.7142857143,23.6842105263,54.3441938179
5men,22.2222222222,100.0,38.3928571429,31.25,52.3478835979
5eu6,11.1111111111,100.0,49.5575221239,36.2831858407,51.3438216978
3ffc,22.2222222222,81.0055865922,31.5789473684,32.4786324786,45.0855329126
2e7l,33.3333333333,68.7150837989,24.7787610619,39.6396396396,44.752539161
