pdb_id,pep_identity,mhc_identity,tcrA_identity,tcrB_identity,total_identity
3o4l,33.3333333333,100.0,51.8181818182,24.7863247863,57.2118622119
5d2n,22.2222222222,99.4413407821,22.5225225225,48.6956521739,52.4242167842
5men,22.2222222222,100.0,34.8214285714,33.9130434783,52.1964860824
3qdj,11.1111111111,100.0,49.0909090909,31.3043478261,50.4362465232
3ffc,22.2222222222,81.0055865922,34.8214285714,41.8803418803,47.1928980134
