pdb_id,pep_identity,mhc_identity,tcrA_identity,tcrB_identity,total_identity
3qdj,11.1111111111,100.0,88.9908256881,36.6071428571,57.9700317946
3o4l,33.3333333333,100.0,38.1818181818,26.3157894737,55.1940457204
5men,22.2222222222,100.0,34.2342342342,33.0357142857,51.9523988274
5d2n,22.2222222222,99.4413407821,20.9090909091,40.0,50.706036153
5bs0,11.1111111111,86.5921787709,40.7079646018,61.2612612613,49.5626342712
3ffc,22.2222222222,81.0055865922,32.1428571429,41.8803418803,46.746469442
