pdb_id,pep_identity,mhc_identity,tcrA_identity,tcrB_identity,total_identity
3o4l,33.3333333333,100.0,36.9369369369,30.1724137931,55.6293362328
5eu6,11.1111111111,100.0,50.4424778761,46.4912280702,53.1926546948
5men,22.2222222222,100.0,38.3928571429,34.2105263158,52.8413046505
3ffc,22.2222222222,81.0055865922,31.8584070796,41.0256410256,46.5566109557
