pdb_id,pep_identity,mhc_identity,tcrA_identity,tcrB_identity,total_identity
3gsn,22.2222222222,100.0,39.8230088496,89.4736842105,62.2901895841
5men,22.2222222222,100.0,32.7433628319,90.350877193,61.2564474115
2bnr,11.1111111111,100.0,38.5964912281,88.5964912281,58.2358674464
3o4l,33.3333333333,100.0,50.4424778761,28.2051282051,57.5523787913
3qdj,11.1111111111,100.0,46.017699115,64.0350877193,55.3791681761
