pdb_id,pep_identity,mhc_identity,tcrA_identity,tcrB_identity,total_identity
3o4l,33.3333333333,100.0,31.3043478261,23.6842105263,53.6092041698
5eu6,11.1111111111,100.0,40.0,35.3982300885,49.6034087185
3ffc,22.2222222222,81.0055865922,53.0434782609,31.6239316239,48.5205045856
2e7l,33.3333333333,68.7150837989,37.0689655172,34.2342342342,45.9000056693
