pdb_id,pep_identity,mhc_identity,tcrA_identity,tcrB_identity,total_identity
5men,22.2222222222,100.0,85.4545454545,40.0,61.6498316498
3o4l,33.3333333333,100.0,30.3571428571,27.5862068966,54.1016694034
3gsn,22.2222222222,100.0,36.6071428571,34.7826086957,52.6390326662
