pdb_id,pep_identity,mhc_identity,tcrA_identity,tcrB_identity,total_identity
3qdj,11.1111111111,100.0,89.8148148148,30.0884955752,57.020922102
5d2n,22.2222222222,99.4413407821,24.0740740741,73.9130434783,56.8857072602
3o4l,33.3333333333,100.0,41.6666666667,28.6956521739,56.1714975845
5men,22.2222222222,100.0,35.1351351351,31.8584070796,51.9063311099
3ffc,22.2222222222,81.0055865922,33.0357142857,57.264957265,49.4593815299
5bs0,11.1111111111,86.5921787709,38.9380530973,45.1327433628,46.579562704
