pdb_id,pep_identity,mhc_identity,tcrA_identity,tcrB_identity,total_identity
4eup,11.1111111111,100.0,87.3873873874,89.1891891892,66.4664664665
3o4l,33.3333333333,100.0,41.0714285714,28.9473684211,56.1142439432
3gsn,22.2222222222,100.0,39.2857142857,50.4424778761,55.6954394344
5men,22.2222222222,100.0,33.3333333333,55.3571428571,55.5224867725
