pdb_id,pep_identity,mhc_identity,tcrA_identity,tcrB_identity,total_identity
5d2n,22.2222222222,99.4413407821,27.6785714286,56.5217391304,54.5879060946
5men,22.2222222222,100.0,37.5,33.6283185841,52.5954605048
3qeq,11.1111111111,100.0,44.1441441441,45.1327433628,51.9165182882
3ffc,22.2222222222,81.0055865922,33.3333333333,50.4273504274,48.3693835649
5bs0,11.1111111111,86.5921787709,31.5789473684,40.7079646018,44.6155819557
2e7l,33.3333333333,68.7150837989,28.5714285714,34.5132743363,44.5302561954
