pdb_id,pep_identity,mhc_identity,tcrA_identity,tcrB_identity,total_identity
5d2n,22.2222222222,99.4413407821,23.8532110092,66.0869565217,55.5445489233
5men,22.2222222222,100.0,32.4324324324,27.1929824561,50.6783098888
3ffc,22.2222222222,81.0055865922,32.4324324324,54.7008547009,48.931484127
3qdj,11.1111111111,100.0,37.6146788991,30.701754386,48.4231092512
5bs0,11.1111111111,86.5921787709,30.0884955752,43.8596491228,44.892454077
2e7l,33.3333333333,68.7150837989,33.6283185841,30.9734513274,44.783100696
