pdb_id,pep_identity,mhc_identity,tcrA_identity,tcrB_identity,total_identity
3o4l,33.3333333333,100.0,33.3333333333,27.8260869565,54.6376811594
5men,22.2222222222,100.0,34.5454545455,33.6283185841,52.1030362623
3qeq,11.1111111111,100.0,50.4672897196,35.3982300885,51.3479570051
5bs0,11.1111111111,86.5921787709,36.2831858407,59.2920353982,48.4969668338
3ffc,22.2222222222,81.0055865922,29.0909090909,41.8803418803,46.2378114333
2e7l,33.3333333333,68.7150837989,26.7857142857,32.1428571429,43.8375676155
