pdb_id,pep_identity,mhc_identity,tcrA_identity,tcrB_identity,total_identity
3o4l,33.3333333333,100.0,28.5714285714,26.0869565217,53.5541752933
5eu6,11.1111111111,100.0,36.5217391304,45.6140350877,50.7263327401
3ffc,22.2222222222,81.0055865922,52.2123893805,42.735042735,50.2338416241
2e7l,33.3333333333,68.7150837989,36.2831858407,32.1428571429,45.4204795413
