pdb_id,pep_identity,mhc_identity,tcrA_identity,tcrB_identity,total_identity
3o4l,33.3333333333,100.0,51.8181818182,24.347826087,57.1387790953
5d2n,22.2222222222,99.4413407821,22.5225225225,46.9565217391,52.1343617117
5men,22.2222222222,100.0,34.8214285714,31.8584070796,51.8540466826
3qdj,11.1111111111,100.0,49.0909090909,29.203539823,50.086111856
3ffc,22.2222222222,81.0055865922,34.8214285714,40.1709401709,46.9079977285
