pdb_id,pep_identity,mhc_identity,tcrA_identity,tcrB_identity,total_identity
3o4l,33.3333333333,100.0,54.128440367,30.9734513274,58.6280930602
3gsn,22.2222222222,100.0,41.2844036697,49.5575221239,55.8810617063
2e7l,33.3333333333,68.7150837989,35.1351351351,50.9090909091,48.3568433848
