pdb_id,pep_identity,mhc_identity,tcrA_identity,tcrB_identity,total_identity
3o4l,33.3333333333,100.0,51.8181818182,28.4482758621,57.8221873912
5d2n,22.2222222222,99.4413407821,22.5225225225,58.2608695652,54.0184196827
5men,22.2222222222,100.0,34.8214285714,35.0877192982,52.3922653857
3qdj,11.1111111111,100.0,49.0909090909,37.7192982456,51.5054049265
3ffc,22.2222222222,81.0055865922,35.7142857143,50.4273504274,48.7662089617
