pdb_id,pep_identity,mhc_identity,tcrA_identity,tcrB_identity,total_identity
3gsn,22.2222222222,100.0,38.9380530973,89.3805309735,62.1271714192
3qdj,11.1111111111,100.0,85.7142857143,64.6017699115,62.0897129747
5men,22.2222222222,100.0,33.9285714286,91.1504424779,61.5872430585
2bnr,11.1111111111,100.0,50.0,92.0353982301,60.7096034087
3o4l,33.3333333333,100.0,38.0530973451,28.4482758621,55.5280066456
