pdb_id,pep_identity,mhc_identity,tcrA_identity,tcrB_identity,total_identity
5men,22.2222222222,100.0,29.5652173913,55.3571428571,54.8944674488
3o4l,33.3333333333,100.0,30.4347826087,31.5789473684,54.7800661073
3qdj,11.1111111111,100.0,37.3913043478,56.25,52.643921095
3ffc,22.2222222222,81.0055865922,52.1739130435,32.4786324786,48.5180271918
2e7l,33.3333333333,68.7150837989,35.3448275862,49.5495495495,48.1652019
5bs0,11.1111111111,86.5921787709,35.652173913,37.5,44.7597922795
