pdb_id,pep_identity,mhc_identity,tcrA_identity,tcrB_identity,total_identity
3qdj,11.1111111111,100.0,88.8888888889,63.3928571429,62.4173280423
3gsn,22.2222222222,100.0,37.962962963,76.1061946903,59.7522670163
5men,22.2222222222,100.0,34.2342342342,76.7857142857,59.2440654941
2pye,11.1111111111,100.0,41.592920354,75.8928571429,56.6179999532
3o4l,33.3333333333,100.0,38.8888888889,29.5652173913,55.8534621578
