pdb_id,pep_identity,mhc_identity,tcrA_identity,tcrB_identity,total_identity
3o4l,33.3333333333,100.0,33.3333333333,29.8245614035,54.9707602339
3qdj,11.1111111111,100.0,62.962962963,35.7142857143,53.4832451499
4mnq,22.2222222222,100.0,30.9090909091,33.9285714286,51.547017797
3ffc,22.2222222222,81.0055865922,30.3571428571,49.5726495726,47.7309016764
2e7l,33.3333333333,68.7150837989,32.4324324324,36.6071428571,45.5227349257
5bs0,11.1111111111,86.5921787709,37.1681415929,40.1785714286,45.4588821309
