pdb_id,pep_identity,mhc_identity,tcrA_identity,tcrB_identity,total_identity
3o4l,33.3333333333,100.0,33.3333333333,25.6637168142,54.2772861357
4eup,11.1111111111,100.0,63.3027522936,31.25,52.795829086
4mnq,22.2222222222,100.0,29.0909090909,33.9285714286,51.243987494
3ffc,22.2222222222,81.0055865922,29.4642857143,43.5897435897,46.5849411555
2e7l,33.3333333333,68.7150837989,34.2342342342,36.036036036,45.7278507558
5bs0,11.1111111111,86.5921787709,38.0530973451,35.7142857143,44.8623271373
