pdb_id,pep_identity,mhc_identity,tcrA_identity,tcrB_identity,total_identity
3qdj,11.1111111111,100.0,87.962962963,36.036036036,57.7035368702
3o4l,33.3333333333,100.0,40.7407407407,26.5486725664,55.6593466623
4mnq,22.2222222222,100.0,33.3333333333,34.2342342342,52.002002002
5d2n,22.2222222222,99.4413407821,23.1481481481,40.8695652174,51.2241398957
5bs0,11.1111111111,86.5921787709,40.7079646018,62.7272727273,49.8069695155
3ffc,22.2222222222,81.0055865922,33.0357142857,41.8803418803,46.8952789658
