pdb_id,pep_identity,mhc_identity,tcrA_identity,tcrB_identity,total_identity
5d2n,22.2222222222,99.4413407821,25.4716981132,75.652173913,57.4084996725
3o4l,33.3333333333,100.0,35.5769230769,27.8260869565,55.0116127834
5men,22.2222222222,100.0,31.5315315315,32.7433628319,51.4532231346
3ffc,22.2222222222,81.0055865922,32.7272727273,59.8290598291,49.8353250309
3qdj,11.1111111111,100.0,43.9252336449,30.9734513274,49.5201511991
5bs0,11.1111111111,86.5921787709,31.8584070796,50.0,46.2108311406
