pdb_id,pep_identity,mhc_identity,tcrA_identity,tcrB_identity,total_identity
3o4l,33.3333333333,100.0,29.203539823,25.2173913043,53.5145996323
3qdj,11.1111111111,100.0,38.3928571429,34.5132743363,49.1880589502
3ffc,22.2222222222,81.0055865922,33.0434782609,32.4786324786,45.3296213947
5bs0,11.1111111111,86.5921787709,32.4561403509,41.0714285714,44.8223581144
2e7l,33.3333333333,68.7150837989,29.5652173913,33.9285714286,44.5984371807
