pdb_id,pep_identity,mhc_identity,tcrA_identity,tcrB_identity,total_identity
5d2n,22.2222222222,99.4413407821,28.9473684211,68.6956521739,56.8283577673
3o4l,33.3333333333,100.0,34.2105263158,26.5486725664,54.5709775915
3ffc,22.2222222222,81.0055865922,61.4035087719,53.8461538462,53.6175467078
4mnq,22.2222222222,100.0,30.4347826087,29.7297297297,50.7681594638
3qdj,11.1111111111,100.0,33.3333333333,33.0357142857,48.0985449735
5bs0,11.1111111111,86.5921787709,33.0434782609,44.6428571429,45.5154858613
