pdb_id,pep_identity,mhc_identity,tcrA_identity,tcrB_identity,total_identity
5men,22.2222222222,100.0,82.7272727273,30.4347826087,59.6010832967
5d2n,22.2222222222,99.4413407821,22.7272727273,88.6956521739,59.125008485
3o4l,33.3333333333,100.0,33.3333333333,27.3504273504,54.5584045584
3ffc,22.2222222222,81.0055865922,32.7433628319,56.4102564103,49.2682061452
3qeq,11.1111111111,100.0,34.5454545455,37.3913043478,49.0264968526
