pdb_id,pep_identity,mhc_identity,tcrA_identity,tcrB_identity,total_identity
3o4l,33.3333333333,100.0,30.4347826087,28.9473684211,54.3414696161
4mnq,22.2222222222,100.0,27.8260869565,37.8378378378,51.6847282065
5eu6,11.1111111111,100.0,33.9130434783,41.592920354,49.6213643424
2e7l,33.3333333333,68.7150837989,59.1304347826,29.7297297297,48.8261664628
3ffc,22.2222222222,81.0055865922,29.9145299145,41.0256410256,46.2326314282
