pdb_id,pep_identity,mhc_identity,tcrA_identity,tcrB_identity,total_identity
3o4l,33.3333333333,100.0,36.2068965517,24.347826087,54.5368982176
4mnq,22.2222222222,100.0,31.0344827586,28.3185840708,50.6329185456
3ffc,22.2222222222,81.0055865922,59.4827586207,29.0598290598,49.1663675516
5eu6,11.1111111111,100.0,36.2068965517,32.4561403509,48.4808765208
2e7l,33.3333333333,68.7150837989,33.3333333333,29.4642857143,44.4824088853
