pdb_id,pep_identity,mhc_identity,tcrA_identity,tcrB_identity,total_identity
3o4l,33.3333333333,100.0,35.7142857143,24.5614035088,54.4903926483
4mnq,22.2222222222,100.0,30.4347826087,32.1428571429,51.170347366
3ffc,22.2222222222,81.0055865922,61.9469026549,33.3333333333,50.2893089362
5eu6,11.1111111111,100.0,33.9130434783,38.0530973451,49.0313938409
2e7l,33.3333333333,68.7150837989,32.7433628319,30.6306306306,44.5784712878
