pdb_id,pep_identity,mhc_identity,tcrA_identity,tcrB_identity,total_identity
5d2n,22.2222222222,99.4413407821,25.4385964912,67.8260869565,56.0986349094
3o4l,33.3333333333,100.0,28.9473684211,28.0701754386,53.9473684211
3ffc,22.2222222222,81.0055865922,50.8771929825,55.5555555556,52.1480610278
5men,22.2222222222,100.0,27.8260869565,29.203539823,50.2456785373
3qdj,11.1111111111,100.0,30.701754386,33.6283185841,47.7587158654
5bs0,11.1111111111,86.5921787709,35.652173913,48.2142857143,46.5455065652
2e7l,33.3333333333,68.7150837989,35.652173913,32.1428571429,45.3153108867
