pdb_id,pep_identity,mhc_identity,tcrA_identity,tcrB_identity,total_identity
3o4l,33.3333333333,100.0,34.5794392523,26.0869565217,54.5555104068
5men,22.2222222222,100.0,34.2342342342,32.1428571429,51.8035893036
5eu6,11.1111111111,100.0,38.0530973451,48.6725663717,51.4913143232
3ffc,22.2222222222,81.0055865922,28.1818181818,45.2991452991,46.6560968516
2e7l,33.3333333333,68.7150837989,27.9279279279,31.25,43.8791270321
