pdb_id,pep_identity,mhc_identity,tcrA_identity,tcrB_identity,total_identity
3o4l,33.3333333333,100.0,57.6923076923,29.0598290598,58.9031339031
5d2n,22.2222222222,99.4413407821,22.0183486239,57.3913043478,53.7894631634
4mnq,22.2222222222,100.0,28.5714285714,39.1304347826,52.0243846331
3qdj,11.1111111111,100.0,41.2844036697,40.8695652174,50.7293651849
3ffc,22.2222222222,81.0055865922,33.6363636364,52.1367521368,48.7047889003
