pdb_id,pep_identity,mhc_identity,tcrA_identity,tcrB_identity,total_identity
5d2n,22.2222222222,99.4413407821,28.0701754386,69.5652173913,56.8270864731
3o4l,33.3333333333,100.0,31.8584070796,28.6956521739,54.5367876534
5men,22.2222222222,100.0,32.4561403509,29.8245614035,51.1208576998
2e7l,33.3333333333,68.7150837989,61.9469026549,31.8584070796,49.6503573332
3ffc,22.2222222222,81.0055865922,31.3043478261,55.5555555556,48.8859201684
3qdj,11.1111111111,100.0,34.5132743363,34.2105263158,48.4910038124
5bs0,11.1111111111,86.5921787709,32.4561403509,46.4912280702,45.7256580309
