pdb_id,pep_identity,mhc_identity,tcrA_identity,tcrB_identity,total_identity
3o4l,33.3333333333,100.0,85.2941176471,28.4482758621,63.4015100293
3gsn,22.2222222222,100.0,32.4074074074,49.1228070175,54.3291098116
5men,22.2222222222,100.0,33.0357142857,47.3684210526,54.1414299638
4eup,11.1111111111,100.0,40.3669724771,53.0973451327,52.6144233053
2bnr,11.1111111111,100.0,37.1681415929,49.5575221239,51.4913143232
