pdb_id,pep_identity,mhc_identity,tcrA_identity,tcrB_identity,total_identity
3o4l,33.3333333333,100.0,29.7297297297,30.1724137931,54.4281350316
5men,22.2222222222,100.0,30.3571428571,50.0,54.1335978836
2e7l,33.3333333333,68.7150837989,61.2612612613,48.6725663717,52.3384436496
4eup,11.1111111111,100.0,31.25,57.5221238938,51.8323910193
3ffc,22.2222222222,81.0055865922,28.0701754386,35.0427350427,44.9280880184
5bs0,11.1111111111,86.5921787709,30.701754386,37.7192982456,43.971272066
