pdb_id,pep_identity,mhc_identity,tcrA_identity,tcrB_identity,total_identity
5eu6,11.1111111111,100.0,33.3333333333,92.1052631579,57.9434697856
3o4l,33.3333333333,100.0,30.9090909091,30.1724137931,54.6246952281
5men,22.2222222222,100.0,28.9473684211,35.0877192982,51.4132553606
3ffc,22.2222222222,81.0055865922,31.5789473684,58.1196581197,49.3590371861
2e7l,33.3333333333,68.7150837989,57.6576576577,34.2105263158,49.3275030396
