pdb_id,pep_identity,mhc_identity,tcrA_identity,tcrB_identity,total_identity
3o4l,33.3333333333,100.0,20.3703703704,27.8260869565,52.4771873323
3ffc,22.2222222222,81.0055865922,33.6363636364,58.1196581197,49.7019398975
3qeq,11.1111111111,100.0,30.5555555556,37.1681415929,48.3243198951
2e7l,33.3333333333,68.7150837989,25.0,36.2831858407,44.2300033509
5bs0,11.1111111111,86.5921787709,22.8070175439,43.3628318584,43.5960715277
