pdb_id,pep_identity,mhc_identity,tcrA_identity,tcrB_identity,total_identity
4eup,11.1111111111,100.0,36.036036036,90.0900900901,58.0580580581
5men,22.2222222222,100.0,35.1351351351,56.25,55.9715965966
3o4l,33.3333333333,100.0,31.8181818182,28.9473684211,54.572036151
5d2n,22.2222222222,99.4413407821,25.2252252252,29.5652173913,49.6862614375
2e7l,33.3333333333,68.7150837989,27.1929824561,56.7567567568,48.0077622462
