pdb_id,pep_identity,mhc_identity,tcrA_identity,tcrB_identity,total_identity
3o4l,33.3333333333,100.0,87.1287128713,26.5486725664,63.3906753507
4mnq,22.2222222222,100.0,33.3333333333,36.9369369369,52.4524524525
3gsn,22.2222222222,100.0,33.6448598131,32.7433628319,51.8054445149
