pdb_id,pep_identity,mhc_identity,tcrA_identity,tcrB_identity,total_identity
4mnq,22.2222222222,100.0,28.0701754386,61.0619469027,55.5960944643
3o4l,33.3333333333,100.0,40.5405405405,26.0869565217,55.5490272882
2e7l,33.3333333333,68.7150837989,69.3693693694,52.6785714286,54.3574625104
4eup,11.1111111111,100.0,32.1428571429,58.0357142857,52.0667989418
