pdb_id,pep_identity,mhc_identity,tcrA_identity,tcrB_identity,total_identity
3qdj,11.1111111111,100.0,89.8148148148,35.652173913,57.948201825
3o4l,33.3333333333,100.0,39.8148148148,25.641025641,55.3537511871
4mnq,22.2222222222,100.0,33.3333333333,33.9130434783,51.9484702093
5d2n,22.2222222222,99.4413407821,23.1481481481,35.3448275862,50.3033502905
3ffc,22.2222222222,81.0055865922,39.2857142857,34.188034188,46.6548943504
