pdb_id,pep_identity,mhc_identity,tcrA_identity,tcrB_identity,total_identity
3qdj,11.1111111111,100.0,90.7407407407,63.4782608696,62.7402039721
3gsn,22.2222222222,100.0,41.6666666667,78.2608695652,60.7286634461
5men,22.2222222222,100.0,33.3333333333,79.1304347826,59.4847020934
2bnr,11.1111111111,100.0,41.592920354,79.1304347826,57.1575962265
3o4l,33.3333333333,100.0,40.7407407407,27.1186440678,55.7543419125
