pdb_id,pep_identity,mhc_identity,tcrA_identity,tcrB_identity,total_identity
3o4l,33.3333333333,100.0,29.203539823,28.9473684211,54.1362624851
4mnq,22.2222222222,100.0,27.1929824561,37.8378378378,51.5792107897
5eu6,11.1111111111,100.0,35.0877192982,41.592920354,49.8171436457
2e7l,33.3333333333,68.7150837989,58.407079646,29.7297297297,48.7056072734
3ffc,22.2222222222,81.0055865922,28.6956521739,41.0256410256,46.0294851381
