pdb_id,pep_identity,mhc_identity,tcrA_identity,tcrB_identity,total_identity
5d2n,22.2222222222,99.4413407821,26.5486725664,68.6956521739,56.4285751248
3o4l,33.3333333333,100.0,28.3185840708,27.8260869565,53.8018896157
5men,22.2222222222,100.0,36.6071428571,28.0701754386,51.52029379
3qeq,11.1111111111,100.0,45.5357142857,31.5789473684,49.8894806461
3ffc,22.2222222222,81.0055865922,33.0434782609,52.1367521368,48.6059746711
5bs0,11.1111111111,86.5921787709,35.0877192982,42.9824561404,45.5794592005
