pdb_id,pep_identity,mhc_identity,tcrA_identity,tcrB_identity,total_identity
3o4l,33.3333333333,100.0,36.036036036,29.3103448276,55.3355079217
5men,22.2222222222,100.0,39.0909090909,47.3684210526,55.150629098
3qeq,11.1111111111,100.0,34.5454545455,51.7543859649,51.4203437888
2e7l,33.3333333333,68.7150837989,24.1071428571,49.5575221239,46.2935832076
5bs0,11.1111111111,86.5921787709,43.3628318584,34.2105263158,45.4966563231
3ffc,22.2222222222,81.0055865922,30.0884955752,31.6239316239,44.694674138
