pdb_id,pep_identity,mhc_identity,tcrA_identity,tcrB_identity,total_identity
2bnq,11.1111111111,100.0,84.9557522124,59.8214285714,61.1665671677
4mnq,22.2222222222,100.0,37.1681415929,58.9285714286,56.7568595777
3o4l,33.3333333333,100.0,39.6396396396,28.6956521739,55.8336597467
3qdj,11.1111111111,100.0,41.4414414414,63.3928571429,54.5094201344
5bs0,11.1111111111,86.5921787709,84.0707964602,35.1351351351,52.4354185599
2e7l,33.3333333333,68.7150837989,35.7142857143,60.7142857143,50.0875676155
5d2n,22.2222222222,99.4413407821,21.4285714286,33.0434782609,49.6331959497
