pdb_id,pep_identity,mhc_identity,tcrA_identity,tcrB_identity,total_identity
5d2n,22.2222222222,99.4413407821,51.8518518519,33.0434782609,54.7037426869
4mnq,22.2222222222,100.0,20.7207207207,48.2142857143,52.2299084799
3qeq,11.1111111111,100.0,30.9090909091,57.1428571429,51.7123617124
2e7l,33.3333333333,68.7150837989,27.1929824561,54.954954955,47.7074619459
3ffc,22.2222222222,81.0055865922,28.8288288288,31.6239316239,44.4847296803
