pdb_id,pep_identity,mhc_identity,tcrA_identity,tcrB_identity,total_identity
3qdj,11.1111111111,100.0,90.7407407407,35.3448275862,58.0512984249
3o4l,33.3333333333,100.0,40.7407407407,29.6610169492,56.1780707261
5d2n,22.2222222222,99.4413407821,22.2222222222,56.0344827586,53.5973051649
5men,22.2222222222,100.0,36.036036036,35.3448275862,52.6375513444
3ffc,22.2222222222,81.0055865922,33.0357142857,51.2820512821,48.4622305328
