pdb_id,pep_identity,mhc_identity,tcrA_identity,tcrB_identity,total_identity
5d2n,22.2222222222,99.4413407821,29.5652173913,69.5652173913,57.0762601319
3o4l,33.3333333333,100.0,33.9130434783,27.8260869565,54.7342995169
3ffc,22.2222222222,81.0055865922,60.0,52.9914529915,53.2411784367
5men,22.2222222222,100.0,33.6283185841,28.9473684211,51.1700219083
3qeq,11.1111111111,100.0,30.4347826087,35.9649122807,48.1036528519
