pdb_id,pep_identity,mhc_identity,tcrA_identity,tcrB_identity,total_identity
5d2n,22.2222222222,99.4413407821,53.2710280374,33.9130434783,55.0851995874
4mnq,22.2222222222,100.0,22.5225225225,48.6725663717,52.6065888898
3qeq,11.1111111111,100.0,37.6146788991,53.0973451327,52.155707709
2e7l,33.3333333333,68.7150837989,27.4336283186,50.0,46.9217437638
3ffc,22.2222222222,81.0055865922,36.3636363636,31.6239316239,45.7405309361
