pdb_id,pep_identity,mhc_identity,tcrA_identity,tcrB_identity,total_identity
3o4l,33.3333333333,100.0,41.6666666667,54.4642857143,60.4662698413
4eup,11.1111111111,100.0,86.2385321101,31.25,56.6184590554
5men,22.2222222222,100.0,34.2342342342,30.9734513274,51.6086883344
5d2n,22.2222222222,99.4413407821,22.2222222222,30.1724137931,49.2869603373
