pdb_id,pep_identity,mhc_identity,tcrA_identity,tcrB_identity,total_identity
3gsn,22.2222222222,100.0,84.8214285714,31.0344827586,60.0500592957
3o4l,33.3333333333,100.0,34.8214285714,28.813559322,55.05027576
3ffc,22.2222222222,81.0055865922,27.1929824561,58.1196581197,48.6280430341
