pdb_id,pep_identity,mhc_identity,tcrA_identity,tcrB_identity,total_identity
3o4l,33.3333333333,100.0,33.3333333333,25.4385964912,54.2397660819
5men,22.2222222222,100.0,35.1351351351,32.1428571429,51.9537394537
3qeq,11.1111111111,100.0,57.9439252336,29.4642857143,51.605072195
3ffc,22.2222222222,81.0055865922,37.2727272727,34.188034188,46.3193965149
5bs0,11.1111111111,86.5921787709,38.0530973451,42.3423423423,45.9670032419
2e7l,33.3333333333,68.7150837989,26.7857142857,33.3333333333,44.0359803139
