pdb_id,pep_identity,mhc_identity,tcrA_identity,tcrB_identity,total_identity
5d2n,22.2222222222,99.4413407821,25.8928571429,76.5217391304,57.6236203803
3o4l,33.3333333333,100.0,27.6785714286,28.9473684211,53.882101086
5men,22.2222222222,100.0,43.6363636364,32.4324324324,53.4188734189
3qeq,11.1111111111,100.0,45.045045045,36.2831858407,50.5917421847
3ffc,22.2222222222,81.0055865922,31.5789473684,58.9743589744,49.5014873286
