pdb_id,pep_identity,mhc_identity,tcrA_identity,tcrB_identity,total_identity
4eup,11.1111111111,100.0,83.6363636364,90.1785714286,66.0061928812
3o4l,33.3333333333,100.0,37.8378378378,26.9565217391,55.2435043739
3gsn,22.2222222222,100.0,36.9369369369,49.5575221239,55.1564839175
5men,22.2222222222,100.0,33.3333333333,49.5575221239,54.5558833169
