pdb_id,pep_identity,mhc_identity,tcrA_identity,tcrB_identity,total_identity
3ffc,22.2222222222,81.0055865922,86.8421052632,32.4786324786,54.2960592284
3o4l,33.3333333333,100.0,32.4561403509,24.347826087,53.9117721841
5men,22.2222222222,100.0,31.3043478261,31.8584070796,51.2678665584
5eu6,11.1111111111,100.0,34.7826086957,36.8421052632,48.9744893635
2e7l,33.3333333333,68.7150837989,30.4347826087,29.4642857143,43.9993170979
