pdb_id,pep_identity,mhc_identity,tcrA_identity,tcrB_identity,total_identity
3o4l,33.3333333333,100.0,32.1428571429,28.0701754386,54.4799498747
4eup,11.1111111111,100.0,61.2612612613,36.6071428571,53.3484377234
4mnq,22.2222222222,100.0,30.0,35.3982300885,51.6404457555
3ffc,22.2222222222,81.0055865922,29.8245614035,49.5726495726,47.6421381008
2e7l,33.3333333333,68.7150837989,35.0877192982,37.5,46.1140922604
5bs0,11.1111111111,86.5921787709,37.1681415929,39.8230088496,45.3996217011
