pdb_id,pep_identity,mhc_identity,tcrA_identity,tcrB_identity,total_identity
4eup,11.1111111111,100.0,83.6363636364,57.6576576577,60.586040586
3o4l,33.3333333333,100.0,37.8378378378,29.203539823,55.6180073879
5men,22.2222222222,100.0,33.3333333333,48.6486486486,54.4044044044
5d2n,22.2222222222,99.4413407821,20.7207207207,34.7826086957,49.8050759042
