pdb_id,pep_identity,mhc_identity,tcrA_identity,tcrB_identity,total_identity
4eup,11.1111111111,100.0,86.3636363636,58.5585585586,61.1907361907
3o4l,33.3333333333,100.0,39.6396396396,30.0884955752,56.0658003136
5men,22.2222222222,100.0,36.6972477064,50.4504504505,55.2653571002
5d2n,22.2222222222,99.4413407821,20.7207207207,33.0434782609,49.5152208317
