pdb_id,pep_identity,mhc_identity,tcrA_identity,tcrB_identity,total_identity
5men,22.2222222222,100.0,35.7142857143,52.2522522523,55.4018304018
3o4l,33.3333333333,100.0,28.9473684211,32.7433628319,54.7262329866
3qeq,11.1111111111,100.0,41.592920354,52.6785714286,52.7489523341
2e7l,33.3333333333,68.7150837989,25.4385964912,50.9090909091,46.7407536108
3ffc,22.2222222222,81.0055865922,31.0344827586,33.3333333333,45.1372389535
5bs0,11.1111111111,86.5921787709,35.0877192982,36.9369369369,44.5718726666
