pdb_id,pep_identity,mhc_identity,tcrA_identity,tcrB_identity,total_identity
3o4l,33.3333333333,100.0,30.9734513274,28.6956521739,54.389295028
5men,22.2222222222,100.0,29.8245614035,47.7876106195,53.6761027446
4eup,11.1111111111,100.0,33.6283185841,56.25,52.016756801
2e7l,33.3333333333,68.7150837989,56.6371681416,50.8928571429,51.9378099248
3ffc,22.2222222222,81.0055865922,33.0434782609,37.6068376068,46.1843222494
5bs0,11.1111111111,86.5921787709,34.2105263158,38.0530973451,44.6117005708
