pdb_id,pep_identity,mhc_identity,tcrA_identity,tcrB_identity,total_identity
5men,22.2222222222,100.0,39.2857142857,77.4774774775,60.2012727013
3o4l,33.3333333333,100.0,38.7387387387,28.9473684211,55.7254623044
3qeq,11.1111111111,100.0,37.2727272727,63.3928571429,53.8146344396
5eu6,11.1111111111,100.0,50.4424778761,38.0530973451,51.7862995739
2e7l,33.3333333333,68.7150837989,26.7857142857,60.3603603604,48.5404848184
