pdb_id,pep_identity,mhc_identity,tcrA_identity,tcrB_identity,total_identity
5d2n,22.2222222222,99.4413407821,86.3636363636,31.8965517241,60.2645523494
3o4l,33.3333333333,100.0,19.6428571429,23.2142857143,51.5873015873
5men,22.2222222222,100.0,22.3214285714,35.1351351351,50.3168346918
