pdb_id,pep_identity,mhc_identity,tcrA_identity,tcrB_identity,total_identity
5eu6,11.1111111111,100.0,33.6283185841,79.3103448276,55.8601476056
3o4l,33.3333333333,100.0,30.0,30.5084745763,54.5291902072
5men,22.2222222222,100.0,33.3333333333,31.0344827586,51.4687100894
3ffc,22.2222222222,81.0055865922,33.0357142857,61.5384615385,50.1716322422
2e7l,33.3333333333,68.7150837989,31.25,36.2068965517,45.258955136
