pdb_id,pep_identity,mhc_identity,tcrA_identity,tcrB_identity,total_identity
4eup,11.1111111111,100.0,84.4036697248,36.9369369369,57.2604714807
3o4l,33.3333333333,100.0,38.8888888889,23.8938053097,54.9082268109
5men,22.2222222222,100.0,33.3333333333,31.5315315315,51.5515515516
5d2n,22.2222222222,99.4413407821,21.2962962963,33.9130434783,49.7560776305
2e7l,33.3333333333,68.7150837989,32.4324324324,39.0909090909,45.9366959646
5bs0,11.1111111111,86.5921787709,38.9380530973,40.9090909091,45.8756206284
