pdb_id,pep_identity,mhc_identity,tcrA_identity,tcrB_identity,total_identity
3o4l,33.3333333333,100.0,46.8468468468,30.701754386,57.3692113166
5d2n,22.2222222222,99.4413407821,25.8928571429,46.9565217391,52.6960841484
5men,22.2222222222,100.0,31.8584070796,34.8214285714,51.8540466826
3qdj,11.1111111111,100.0,47.7477477477,32.1428571429,50.3521378521
3ffc,22.2222222222,81.0055865922,35.3982300885,40.1709401709,47.0041313147
5bs0,11.1111111111,86.5921787709,38.0530973451,42.8571428571,46.0528033277
