pdb_id,pep_identity,mhc_identity,tcrA_identity,tcrB_identity,total_identity
5men,22.2222222222,100.0,86.2385321101,30.4347826087,60.1862931939
3o4l,33.3333333333,100.0,32.4324324324,23.9316239316,53.8384538385
5d2n,22.2222222222,99.4413407821,23.6363636364,32.7586206897,49.9536850558
3qdj,11.1111111111,100.0,36.3636363636,32.1739130435,48.4599619382
