pdb_id,pep_identity,mhc_identity,tcrA_identity,tcrB_identity,total_identity
3o4l,33.3333333333,100.0,33.3333333333,25.4385964912,54.2397660819
3qdj,11.1111111111,100.0,62.962962963,34.8214285714,53.3344356261
4mnq,22.2222222222,100.0,30.0,32.1428571429,51.0978835979
5bs0,11.1111111111,86.5921787709,37.1681415929,62.5,49.1791202262
3ffc,22.2222222222,81.0055865922,30.3571428571,40.1709401709,46.1639501095
2e7l,33.3333333333,68.7150837989,32.4324324324,30.6306306306,44.5266495546
