pdb_id,pep_identity,mhc_identity,tcrA_identity,tcrB_identity,total_identity
3o4l,33.3333333333,100.0,31.5315315315,26.5486725664,54.1244784608
3qdj,11.1111111111,100.0,60.9090909091,36.9369369369,53.3447083447
5men,22.2222222222,100.0,38.8888888889,35.1351351351,53.0780780781
5bs0,11.1111111111,86.5921787709,37.1681415929,39.6396396396,45.3690601661
2e7l,33.3333333333,68.7150837989,30.9734513274,32.7272727273,44.6329263865
3ffc,22.2222222222,81.0055865922,29.203539823,31.6239316239,44.5471815126
