pdb_id,pep_identity,mhc_identity,tcrA_identity,tcrB_identity,total_identity
5d2n,22.2222222222,99.4413407821,23.4782608696,68.6956521739,55.916839842
3o4l,33.3333333333,100.0,31.5789473684,28.6956521739,54.4902110348
4mnq,22.2222222222,100.0,28.0701754386,29.8245614035,50.3898635478
2e7l,33.3333333333,68.7150837989,57.8947368421,31.8584070796,48.9749963644
3ffc,22.2222222222,81.0055865922,30.1724137931,55.5555555556,48.6972644962
4eup,11.1111111111,100.0,34.2105263158,31.8584070796,48.0485259363
5bs0,11.1111111111,86.5921787709,37.7192982456,46.4912280702,46.6028510133
