pdb_id,pep_identity,mhc_identity,tcrA_identity,tcrB_identity,total_identity
3o4l,33.3333333333,100.0,31.8584070796,27.5862068966,54.3518801071
5bs0,11.1111111111,86.5921787709,35.0877192982,90.2654867257,53.459964298
5men,22.2222222222,100.0,29.8245614035,38.0530973451,52.0536838655
2e7l,33.3333333333,68.7150837989,61.9469026549,28.3185840708,49.0603868317
3qdj,11.1111111111,100.0,34.5132743363,35.3982300885,48.6889544412
3ffc,22.2222222222,81.0055865922,30.4347826087,39.3162393162,46.0344399256
