pdb_id,pep_identity,mhc_identity,tcrA_identity,tcrB_identity,total_identity
3o4l,33.3333333333,100.0,57.6923076923,25.8620689655,58.3701738874
5eu6,11.1111111111,100.0,38.0530973451,47.3684210526,51.27395677
4mnq,22.2222222222,100.0,28.5714285714,28.3185840708,50.2224095144
3ffc,22.2222222222,81.0055865922,33.6363636364,47.8632478632,47.9925381881
5bs0,11.1111111111,86.5921787709,36.2831858407,55.7522123894,47.9069963324
