pdb_id,pep_identity,mhc_identity,tcrA_identity,tcrB_identity,total_identity
4eup,11.1111111111,100.0,65.1376146789,87.8260869565,62.5309873096
3o4l,33.3333333333,100.0,39.8148148148,27.1186440678,55.6000209249
3gsn,22.2222222222,100.0,39.8148148148,49.1379310345,55.5661983823
5men,22.2222222222,100.0,36.036036036,50.0,55.0800800801
2f53,11.1111111111,100.0,41.592920354,52.5862068966,52.7335582455
