pdb_id,pep_identity,mhc_identity,tcrA_identity,tcrB_identity,total_identity
3o4l,33.3333333333,100.0,36.6071428571,53.5714285714,59.4742063492
5men,22.2222222222,100.0,41.0714285714,32.1428571429,52.9431216931
5eu6,11.1111111111,100.0,49.5575221239,32.4561403509,50.7059807828
3qeq,11.1111111111,100.0,36.9369369369,28.9473684211,48.0177545967
