pdb_id,pep_identity,mhc_identity,tcrA_identity,tcrB_identity,total_identity
3o4l,33.3333333333,100.0,23.8532110092,55.3571428571,57.6461700888
5d2n,22.2222222222,99.4413407821,65.4205607477,31.0344827586,56.6303615858
4mnq,22.2222222222,100.0,23.4234234234,32.7433628319,50.1018717833
3qdj,11.1111111111,100.0,26.6055045872,35.3982300885,47.3709928163
