pdb_id,pep_identity,mhc_identity,tcrA_identity,tcrB_identity,total_identity
5men,22.2222222222,100.0,33.3333333333,56.25,55.6712962963
3o4l,33.3333333333,100.0,30.701754386,26.3157894737,53.9473684211
2e7l,33.3333333333,68.7150837989,56.1403508772,56.7567567568,52.8323236497
4eup,11.1111111111,100.0,31.5789473684,60.3603603604,52.3602549918
5d2n,22.2222222222,99.4413407821,23.4782608696,28.6956521739,49.2501731754
3ffc,22.2222222222,81.0055865922,29.3103448276,31.6239316239,44.5649823467
