pdb_id,pep_identity,mhc_identity,tcrA_identity,tcrB_identity,total_identity
3o4l,33.3333333333,100.0,51.8181818182,28.9473684211,57.9053694843
5d2n,22.2222222222,99.4413407821,22.5225225225,63.4782608696,54.8879849001
5men,22.2222222222,100.0,34.8214285714,35.7142857143,52.4966931217
3qdj,11.1111111111,100.0,49.0909090909,37.5,51.4688552189
3ffc,22.2222222222,81.0055865922,35.7142857143,49.5726495726,48.6237588193
