pdb_id,pep_identity,mhc_identity,tcrA_identity,tcrB_identity,total_identity
3o4l,33.3333333333,100.0,51.8181818182,26.3157894737,57.4667729931
5d2n,22.2222222222,99.4413407821,22.5225225225,67.8260869565,55.6126225813
5men,22.2222222222,100.0,34.8214285714,26.5486725664,50.9690909304
3qdj,11.1111111111,100.0,49.0909090909,30.0884955752,50.2336044814
3ffc,22.2222222222,81.0055865922,34.8214285714,54.7008547009,49.3296501502
5bs0,11.1111111111,86.5921787709,38.0530973451,45.1327433628,46.4320700787
