pdb_id,pep_identity,mhc_identity,tcrA_identity,tcrB_identity,total_identity
3o4l,33.3333333333,100.0,33.9449541284,29.203539823,54.9691934364
5men,22.2222222222,100.0,34.2342342342,48.6486486486,54.5545545546
3qeq,11.1111111111,100.0,50.9259259259,52.6785714286,54.3044532628
2e7l,33.3333333333,68.7150837989,28.3185840708,50.9090909091,47.2207515407
5bs0,11.1111111111,86.5921787709,40.7079646018,36.036036036,45.358430067
3ffc,22.2222222222,81.0055865922,27.9279279279,31.6239316239,44.3345795301
