pdb_id,pep_identity,mhc_identity,tcrA_identity,tcrB_identity,total_identity
5d2n,22.2222222222,99.4413407821,49.5412844037,33.9130434783,54.4635756484
4mnq,22.2222222222,100.0,20.7207207207,37.5,50.4441941942
3qdj,11.1111111111,100.0,22.5225225225,39.2857142857,47.3384098384
3ffc,22.2222222222,81.0055865922,25.8928571429,31.6239316239,43.9954010659
2e7l,33.3333333333,68.7150837989,26.9565217391,32.4324324324,43.9142980727
