pdb_id,pep_identity,mhc_identity,tcrA_identity,tcrB_identity,total_identity
5d2n,22.2222222222,99.4413407821,26.7857142857,58.2608695652,54.7289516433
5men,22.2222222222,100.0,36.6071428571,33.9130434783,52.49410513
3qeq,11.1111111111,100.0,44.1441441441,45.2173913043,51.9306262785
3ffc,22.2222222222,81.0055865922,32.4561403509,50.4273504274,48.2231847345
5bs0,11.1111111111,86.5921787709,35.9649122807,40.0,45.2285820075
2e7l,33.3333333333,68.7150837989,27.6785714286,33.9130434783,44.2814081952
