pdb_id,pep_identity,mhc_identity,tcrA_identity,tcrB_identity,total_identity
3o4l,33.3333333333,100.0,88.2352941176,27.1929824561,63.6824905401
3gsn,22.2222222222,100.0,33.3333333333,32.7433628319,51.7535234349
4mnq,22.2222222222,100.0,32.1428571429,33.9285714286,51.7526455026
5eu6,11.1111111111,100.0,39.8230088496,46.9026548673,51.4913143232
3qdj,11.1111111111,100.0,48.1481481481,35.7142857143,51.0141093474
