pdb_id,pep_identity,mhc_identity,tcrA_identity,tcrB_identity,total_identity
3o4l,33.3333333333,100.0,31.8181818182,31.0344827586,54.9198885406
5eu6,11.1111111111,100.0,31.5789473684,57.0175438596,51.8031189084
5men,22.2222222222,100.0,30.0884955752,35.9649122807,51.7496420501
2e7l,33.3333333333,68.7150837989,59.4594594595,33.3333333333,49.4816045095
3ffc,22.2222222222,81.0055865922,28.9473684211,52.1367521368,47.9232896978
