pdb_id,pep_identity,mhc_identity,tcrA_identity,tcrB_identity,total_identity
5men,22.2222222222,100.0,31.0344827586,92.0353982301,61.2523875722
3gsn,22.2222222222,100.0,27.5862068966,90.2654867257,60.3826896778
3o4l,33.3333333333,100.0,34.4827586207,29.3103448276,55.0766283525
3qdj,11.1111111111,100.0,34.4827586207,65.4867256637,53.6986177511
3ffc,22.2222222222,81.0055865922,59.4827586207,32.4786324786,49.7361681214
