pdb_id,pep_identity,mhc_identity,tcrA_identity,tcrB_identity,total_identity
3o4l,33.3333333333,100.0,52.2522522523,24.5614035088,57.2467204046
5men,22.2222222222,100.0,36.3636363636,54.4642857143,55.8787277537
4eup,11.1111111111,100.0,47.7477477477,55.8558558559,54.3043043043
5d2n,22.2222222222,99.4413407821,23.2142857143,34.7826086957,50.2206700698
2e7l,33.3333333333,68.7150837989,33.6283185841,54.954954955,48.7800179672
