pdb_id,pep_identity,mhc_identity,tcrA_identity,tcrB_identity,total_identity
3gsn,22.2222222222,100.0,37.6146788991,53.982300885,56.0069040381
2e7l,33.3333333333,68.7150837989,26.7857142857,49.5412844037,46.7373054923
5bs0,11.1111111111,86.5921787709,36.2831858407,38.7387387387,45.0714173906
