pdb_id,pep_identity,mhc_identity,tcrA_identity,tcrB_identity,total_identity
3gsn,22.2222222222,100.0,42.7272727273,73.4513274336,60.1038407676
3o4l,33.3333333333,100.0,51.8181818182,28.6956521739,57.8634167765
2e7l,33.3333333333,68.7150837989,33.0357142857,58.0357142857,49.1947104726
