pdb_id,pep_identity,mhc_identity,tcrA_identity,tcrB_identity,total_identity
3o4l,33.3333333333,100.0,86.2745098039,26.5486725664,63.2483081728
5men,22.2222222222,100.0,32.1428571429,37.8378378378,52.4041899042
3gsn,22.2222222222,100.0,35.1851851852,31.8584070796,51.9146727849
