pdb_id,pep_identity,mhc_identity,tcrA_identity,tcrB_identity,total_identity
3gsn,22.2222222222,100.0,30.9090909091,79.8245614035,59.1963494595
3o4l,33.3333333333,100.0,30.8411214953,32.4786324786,54.9977367734
2e7l,33.3333333333,68.7150837989,30.9734513274,55.2631578947,48.3889072478
