pdb_id,pep_identity,mhc_identity,tcrA_identity,tcrB_identity,total_identity
3qdj,11.1111111111,100.0,90.8256880734,63.963963964,62.8353123766
5men,22.2222222222,100.0,35.4545454545,77.4774774775,59.5627445627
3gsn,22.2222222222,100.0,38.1818181818,73.4513274336,59.34626501
2pye,11.1111111111,100.0,41.592920354,75.0,56.4691904294
3o4l,33.3333333333,100.0,39.0909090909,31.5789473684,56.2227538543
