pdb_id,pep_identity,mhc_identity,tcrA_identity,tcrB_identity,total_identity
4eup,11.1111111111,100.0,31.0344827586,87.3873873874,56.7740153947
3o4l,33.3333333333,100.0,35.3448275862,26.3157894737,54.7212139544
4mnq,22.2222222222,100.0,30.1724137931,50.8928571429,54.2516192301
5d2n,22.2222222222,99.4413407821,30.1724137931,31.3043478261,50.800647938
2e7l,33.3333333333,68.7150837989,33.3333333333,57.6576576577,49.1813042092
3ffc,22.2222222222,81.0055865922,58.6206896552,29.9145299145,49.1651395331
