pdb_id,pep_identity,mhc_identity,tcrA_identity,tcrB_identity,total_identity
3qdj,11.1111111111,100.0,85.7142857143,61.9469026549,61.6472350986
3gsn,22.2222222222,100.0,38.9380530973,73.4513274336,59.4723041626
5men,22.2222222222,100.0,33.9285714286,74.3362831858,58.7848831765
2p5e,11.1111111111,100.0,48.2456140351,74.3362831858,57.4673532405
3o4l,33.3333333333,100.0,38.0530973451,29.3103448276,55.6716848066
2e7l,33.3333333333,68.7150837989,33.9130434783,58.407079646,49.4028262315
