pdb_id,pep_identity,mhc_identity,tcrA_identity,tcrB_identity,total_identity
3o4l,33.3333333333,100.0,33.3333333333,31.8584070796,55.3097345133
4mnq,22.2222222222,100.0,30.4347826087,55.8558558559,55.1225138182
3qeq,11.1111111111,100.0,37.7192982456,52.6785714286,52.1033486494
3ffc,22.2222222222,81.0055865922,67.5438596491,32.4786324786,51.0796849594
2e7l,33.3333333333,68.7150837989,33.0434782609,50.0,47.8567187542
5bs0,11.1111111111,86.5921787709,33.0434782609,37.8378378378,44.3813159771
