pdb_id,pep_identity,mhc_identity,tcrA_identity,tcrB_identity,total_identity
3gsn,22.2222222222,100.0,45.045045045,76.9911504425,61.0801066553
4mnq,22.2222222222,100.0,36.2831858407,75.4545454545,59.3636959566
2p5e,11.1111111111,100.0,46.017699115,74.1071428571,57.0578440324
3o4l,33.3333333333,100.0,36.036036036,28.9473684211,55.275011854
3qdj,11.1111111111,100.0,44.1441441441,63.0630630631,54.9049049049
2e7l,33.3333333333,68.7150837989,34.8214285714,55.4545454545,49.0621347151
