pdb_id,pep_identity,mhc_identity,tcrA_identity,tcrB_identity,total_identity
3o4l,33.3333333333,100.0,60.5769230769,27.731092437,59.1624470301
5d2n,22.2222222222,99.4413407821,25.6880733945,45.2991452991,52.3857241171
5men,22.2222222222,100.0,29.4642857143,31.8965517241,50.9675469805
3qdj,11.1111111111,100.0,42.2018348624,35.3448275862,49.9614807785
5bs0,11.1111111111,86.5921787709,35.3982300885,65.5172413793,49.3870085387
3ffc,22.2222222222,81.0055865922,37.2727272727,44.4444444444,48.0287982243
