pdb_id,pep_identity,mhc_identity,tcrA_identity,tcrB_identity,total_identity
3o4l,33.3333333333,100.0,37.5,28.9473684211,55.519005848
5eu6,11.1111111111,100.0,49.5575221239,59.2920353982,55.1786299574
5men,22.2222222222,100.0,41.9642857143,36.6071428571,53.835978836
3ffc,22.2222222222,81.0055865922,33.3333333333,52.9914529915,48.7967339923
