pdb_id,pep_identity,mhc_identity,tcrA_identity,tcrB_identity,total_identity
3o4l,33.3333333333,100.0,22.5225225225,53.5714285714,57.1267696268
5d2n,22.2222222222,99.4413407821,50.4587155963,31.0344827586,54.1367207273
5men,22.2222222222,100.0,23.4234234234,32.1428571429,50.0017875018
3qdj,11.1111111111,100.0,28.8288288288,34.5132743363,47.5940542312
