pdb_id,pep_identity,mhc_identity,tcrA_identity,tcrB_identity,total_identity
2pye,11.1111111111,100.0,87.610619469,75.2212389381,64.1756801049
3gsn,22.2222222222,100.0,41.0714285714,73.4513274336,59.8278667416
5men,22.2222222222,100.0,39.8230088496,74.3362831858,59.7672894133
5eu6,11.1111111111,100.0,90.2654867257,32.4561403509,57.4906415498
3o4l,33.3333333333,100.0,37.5,27.5862068966,55.2921455939
3qdj,11.1111111111,100.0,42.8571428571,61.9469026549,54.5043779557
5bs0,11.1111111111,86.5921787709,84.9557522124,32.7433628319,52.1842824681
