pdb_id,pep_identity,mhc_identity,tcrA_identity,tcrB_identity,total_identity
3o4l,33.3333333333,100.0,28.9473684211,29.5652173913,54.1965420798
5men,22.2222222222,100.0,31.5789473684,31.8584070796,51.3136331488
2e7l,33.3333333333,68.7150837989,60.5263157895,32.1428571429,49.4610011995
5eu6,11.1111111111,100.0,33.3333333333,34.2105263158,48.2943469786
3ffc,22.2222222222,81.0055865922,27.5862068966,32.4786324786,44.4200761673
