pdb_id,pep_identity,mhc_identity,tcrA_identity,tcrB_identity,total_identity
4eup,11.1111111111,100.0,84.4036697248,59.4594594595,61.0142252344
4mnq,22.2222222222,100.0,34.2342342342,56.7567567568,55.9059059059
3o4l,33.3333333333,100.0,38.8888888889,26.5486725664,55.350704687
2bnr,11.1111111111,100.0,40.7079646018,54.954954955,52.9808569632
2e7l,33.3333333333,68.7150837989,33.3333333333,55.4545454545,48.8141188421
