pdb_id,pep_identity,mhc_identity,tcrA_identity,tcrB_identity,total_identity
5d2n,22.2222222222,99.4413407821,29.4642857143,87.8260869565,60.1029164466
3o4l,33.3333333333,100.0,37.5,28.4482758621,55.4358237548
3ffc,22.2222222222,81.0055865922,52.2123893805,58.9743589744,52.9403943306
4mnq,22.2222222222,100.0,27.8260869565,31.5789473684,50.6415797949
3qeq,11.1111111111,100.0,28.5714285714,37.7192982456,48.0854915065
