pdb_id,pep_identity,mhc_identity,tcrA_identity,tcrB_identity,total_identity
3o4l,33.3333333333,100.0,30.6306306306,27.8260869565,54.187230709
5men,22.2222222222,100.0,35.7142857143,33.6283185841,52.2978414571
5eu6,11.1111111111,100.0,34.2105263158,46.4912280702,50.4873294347
3ffc,22.2222222222,81.0055865922,30.701754386,41.8803418803,46.5062856492
2e7l,33.3333333333,68.7150837989,27.027027027,32.1428571429,43.8777864057
