pdb_id,pep_identity,mhc_identity,tcrA_identity,tcrB_identity,total_identity
3o4l,33.3333333333,100.0,22.4299065421,23.6842105263,52.1301306225
3qeq,11.1111111111,100.0,30.8411214953,33.3333333333,47.7327795085
3ffc,22.2222222222,81.0055865922,31.8181818182,29.6610169492,44.6558027327
2e7l,33.3333333333,68.7150837989,25.8928571429,33.0357142857,43.8375676155
