pdb_id,pep_identity,mhc_identity,tcrA_identity,tcrB_identity,total_identity
3qdj,11.1111111111,100.0,88.8888888889,33.0357142857,57.3578042328
5d2n,22.2222222222,99.4413407821,22.9357798165,75.652173913,56.985846623
3o4l,33.3333333333,100.0,40.3669724771,29.8245614035,56.1430334245
4mnq,22.2222222222,100.0,32.4324324324,33.9285714286,51.8009080509
3ffc,22.2222222222,81.0055865922,33.9285714286,59.8290598291,50.0355414811
5bs0,11.1111111111,86.5921787709,40.7079646018,49.5495495495,47.6106823192
