pdb_id,pep_identity,mhc_identity,tcrA_identity,tcrB_identity,total_identity
3o4l,33.3333333333,100.0,36.6972477064,29.8245614035,55.5314126294
5men,22.2222222222,100.0,39.2857142857,49.1071428571,55.4728835979
3qeq,11.1111111111,100.0,36.1111111111,54.4642857143,52.1329365079
2e7l,33.3333333333,68.7150837989,25.2252252252,49.5495495495,46.4786015065
5bs0,11.1111111111,86.5921787709,45.1327433628,36.9369369369,46.246043344
3ffc,22.2222222222,81.0055865922,31.8584070796,32.4786324786,45.1321095312
