pdb_id,pep_identity,mhc_identity,tcrA_identity,tcrB_identity,total_identity
3o4l,33.3333333333,100.0,33.3333333333,28.9473684211,54.8245614035
4mnq,22.2222222222,100.0,29.8245614035,37.8378378378,52.017807281
2e7l,33.3333333333,68.7150837989,68.4210526316,29.7297297297,50.374602771
3qdj,11.1111111111,100.0,37.7192982456,40.5405405405,50.0803435014
5bs0,11.1111111111,86.5921787709,32.4561403509,66.6666666667,49.0882311303
3ffc,22.2222222222,81.0055865922,26.724137931,41.0256410256,45.7008994309
