pdb_id,pep_identity,mhc_identity,tcrA_identity,tcrB_identity,total_identity
4mnq,22.2222222222,100.0,29.203539823,57.0175438596,55.1109213545
3o4l,33.3333333333,100.0,34.8214285714,25.8620689655,54.5583607006
4eup,11.1111111111,100.0,34.8214285714,59.2920353982,52.7226143653
2e7l,33.3333333333,68.7150837989,51.3274336283,53.0973451327,51.4202688376
4qrp,11.1111111111,81.0055865922,89.2857142857,27.1929824561,50.1186820247
