pdb_id,pep_identity,mhc_identity,tcrA_identity,tcrB_identity,total_identity
5men,22.2222222222,100.0,86.3636363636,35.3982300885,61.0343851494
3o4l,33.3333333333,100.0,33.3333333333,27.8260869565,54.6376811594
5d2n,22.2222222222,99.4413407821,22.7272727273,57.3913043478,53.9076171806
3qdj,11.1111111111,100.0,38.1818181818,38.0530973451,49.7428562915
