pdb_id,pep_identity,mhc_identity,tcrA_identity,tcrB_identity,total_identity
3o4l,33.3333333333,100.0,28.4482758621,25.4385964912,53.4255898367
5eu6,11.1111111111,100.0,36.2068965517,33.6283185841,48.6762395597
3ffc,22.2222222222,81.0055865922,50.8620689655,29.9145299145,47.8720360848
2e7l,33.3333333333,68.7150837989,35.0427350427,29.7297297297,44.8115498395
