pdb_id,pep_identity,mhc_identity,tcrA_identity,tcrB_identity,total_identity
3o4l,33.3333333333,100.0,36.9369369369,30.0884955752,55.6153498631
5men,22.2222222222,100.0,36.6071428571,50.0,55.1752645503
4eup,11.1111111111,100.0,36.036036036,57.6576576577,52.6526526527
5bs0,11.1111111111,86.5921787709,46.017699115,39.0909090909,46.7525313283
2e7l,33.3333333333,68.7150837989,26.7857142857,49.5412844037,46.7373054923
3ffc,22.2222222222,81.0055865922,31.8584070796,34.188034188,45.4170098161
