pdb_id,pep_identity,mhc_identity,tcrA_identity,tcrB_identity,total_identity
3o4l,33.3333333333,100.0,40.5405405405,34.2105263158,56.9029555872
3qdj,11.1111111111,100.0,68.1818181818,36.6071428571,54.5018638769
5d2n,22.2222222222,99.4413407821,27.027027027,55.652173913,54.3343878248
5men,22.2222222222,100.0,36.036036036,36.036036036,52.7527527528
3ffc,22.2222222222,81.0055865922,36.2831858407,49.5726495726,48.718575507
5bs0,11.1111111111,86.5921787709,43.3628318584,42.8571428571,46.9377590799
2e7l,33.3333333333,68.7150837989,38.0530973451,35.1351351351,46.2141777908
