pdb_id,pep_identity,mhc_identity,tcrA_identity,tcrB_identity,total_identity
5men,22.2222222222,100.0,30.9090909091,92.0353982301,61.2314889306
3o4l,33.3333333333,100.0,31.4814814815,29.3103448276,54.576415496
3qdj,11.1111111111,100.0,35.4545454545,64.6017699115,53.713089598
5d2n,22.2222222222,99.4413407821,22.7272727273,31.3043478261,49.5597910937
