pdb_id,pep_identity,mhc_identity,tcrA_identity,tcrB_identity,total_identity
3o4l,33.3333333333,100.0,59.0476190476,28.6956521739,59.0683229814
5d2n,22.2222222222,99.4413407821,23.6363636364,55.652173913,53.7692772597
5men,22.2222222222,100.0,32.1428571429,33.6283185841,51.7026033619
3qdj,11.1111111111,100.0,44.5454545455,34.5132743363,50.2134918507
3ffc,22.2222222222,81.0055865922,34.2342342342,52.9914529915,48.9468841424
