pdb_id,pep_identity,mhc_identity,tcrA_identity,tcrB_identity,total_identity
3o4l,33.3333333333,100.0,33.6363636364,27.8260869565,54.6881862099
5eu6,11.1111111111,100.0,38.0530973451,59.2920353982,53.2612258276
5men,22.2222222222,100.0,37.8378378378,35.3982300885,52.9467520618
3ffc,22.2222222222,81.0055865922,27.6785714286,52.1367521368,47.7118235324
2e7l,33.3333333333,68.7150837989,26.3157894737,36.2831858407,44.4493015965
