pdb_id,pep_identity,mhc_identity,tcrA_identity,tcrB_identity,total_identity
4eup,11.1111111111,100.0,37.8378378378,87.7192982456,57.9632263843
3o4l,33.3333333333,100.0,34.5454545455,27.3504273504,54.7604247604
5men,22.2222222222,100.0,33.6283185841,50.4347826087,54.7512576062
5d2n,22.2222222222,99.4413407821,23.4234234234,31.0344827586,49.6308386985
2e7l,33.3333333333,68.7150837989,28.8288288288,55.2631578947,48.0314701647
