pdb_id,pep_identity,mhc_identity,tcrA_identity,tcrB_identity,total_identity
5men,22.2222222222,100.0,40.9090909091,50.4504504505,55.9673309673
3o4l,33.3333333333,100.0,36.6071428571,30.0884955752,55.5603841832
4eup,11.1111111111,100.0,34.8214285714,58.5585585586,52.6003682254
5d2n,22.2222222222,99.4413407821,23.0088495575,33.0434782609,49.8965756378
5bs0,11.1111111111,86.5921787709,46.017699115,40.0,46.9040464799
2e7l,33.3333333333,68.7150837989,26.5486725664,50.0,46.7742511385
3ffc,22.2222222222,81.0055865922,33.3333333333,35.0427350427,45.8052810008
