pdb_id,pep_identity,mhc_identity,tcrA_identity,tcrB_identity,total_identity
3qdj,11.1111111111,100.0,88.8888888889,32.7433628319,57.3090789905
3o4l,33.3333333333,100.0,40.3669724771,28.0701754386,55.8506357637
5d2n,22.2222222222,99.4413407821,21.1009174312,69.5652173913,55.6655434719
4mnq,22.2222222222,100.0,31.5315315315,28.3185840708,50.7157600078
3ffc,22.2222222222,81.0055865922,32.1428571429,52.9914529915,48.5983212939
5bs0,11.1111111111,86.5921787709,41.592920354,45.5357142857,47.0892024006
