pdb_id,pep_identity,mhc_identity,tcrA_identity,tcrB_identity,total_identity
4eup,11.1111111111,100.0,86.2385321101,89.2857142857,66.291078103
3o4l,33.3333333333,100.0,41.6666666667,26.9565217391,55.8816425121
3gsn,22.2222222222,100.0,40.7407407407,48.6725663717,55.6429585928
5men,22.2222222222,100.0,34.2342342342,48.6725663717,54.5585408417
