pdb_id,pep_identity,mhc_identity,tcrA_identity,tcrB_identity,total_identity
3o4l,33.3333333333,100.0,30.4347826087,24.7863247863,53.6479623436
5eu6,11.1111111111,100.0,36.5217391304,36.2068965517,49.1584763174
3ffc,22.2222222222,81.0055865922,53.0434782609,33.3333333333,48.8054048705
2e7l,33.3333333333,68.7150837989,36.2068965517,28.9473684211,44.8751832062
