pdb_id,pep_identity,mhc_identity,tcrA_identity,tcrB_identity,total_identity
3o4l,33.3333333333,100.0,53.1531531532,32.7586206897,58.7630734182
3gsn,22.2222222222,100.0,42.3423423423,32.1739130435,53.1601166384
3ffc,22.2222222222,81.0055865922,33.6283185841,50.4273504274,48.4185477734
