pdb_id,pep_identity,mhc_identity,tcrA_identity,tcrB_identity,total_identity
3qeq,11.1111111111,100.0,84.4036697248,38.0530973451,57.4464982154
3o4l,33.3333333333,100.0,31.8181818182,31.5789473684,55.0106326422
5d2n,22.2222222222,99.4413407821,28.8288288288,56.5217391304,54.7796156613
4mnq,22.2222222222,100.0,33.9285714286,36.9369369369,52.5516588017
3ffc,22.2222222222,81.0055865922,31.8584070796,50.4273504274,48.1235625226
