pdb_id,pep_identity,mhc_identity,tcrA_identity,tcrB_identity,total_identity
3o4l,33.3333333333,100.0,86.5384615385,36.2831858407,64.9147190076
3gsn,22.2222222222,100.0,32.7272727273,52.2123893805,54.897351092
5men,22.2222222222,100.0,33.9285714286,50.9090909091,54.8803511304
4eup,11.1111111111,100.0,40.9090909091,55.8558558559,53.1645281645
