pdb_id,pep_identity,mhc_identity,tcrA_identity,tcrB_identity,total_identity
3gsn,22.2222222222,100.0,44.5454545455,54.3859649123,57.2293106504
2e7l,33.3333333333,68.7150837989,33.0357142857,53.982300885,48.5191415725
