pdb_id,pep_identity,mhc_identity,tcrA_identity,tcrB_identity,total_identity
5d2n,22.2222222222,99.4413407821,49.0909090909,51.3043478261,57.2870638209
3o4l,33.3333333333,100.0,20.5357142857,35.3448275862,53.7578680898
5men,22.2222222222,100.0,22.3214285714,35.0877192982,50.3089320524
3qeq,11.1111111111,100.0,31.25,32.4561403509,47.6547270955
3ffc,22.2222222222,81.0055865922,28.3185840708,48.7179487179,47.2486917363
