pdb_id,pep_identity,mhc_identity,tcrA_identity,tcrB_identity,total_identity
3ffc,22.2222222222,81.0055865922,83.4782608696,35.0427350427,54.1627689235
3o4l,33.3333333333,100.0,30.4347826087,25.641025641,53.7904124861
5men,22.2222222222,100.0,40.7079646018,30.4347826087,52.5978652758
5eu6,11.1111111111,100.0,33.9130434783,37.0689655172,48.8673718696
2e7l,33.3333333333,68.7150837989,27.5862068966,30.701754386,43.7307992578
