pdb_id,pep_identity,mhc_identity,tcrA_identity,tcrB_identity,total_identity
5eu6,11.1111111111,100.0,89.3805309735,36.2068965517,57.9682749579
3o4l,33.3333333333,100.0,40.0,23.9316239316,55.0997150997
5bs0,11.1111111111,86.5921787709,82.3008849558,38.5964912281,52.7173259913
5men,22.2222222222,100.0,38.0530973451,31.3043478261,52.3003149359
