pdb_id,pep_identity,mhc_identity,tcrA_identity,tcrB_identity,total_identity
5eu6,11.1111111111,100.0,91.1504424779,64.0350877193,62.9012920699
2bnr,11.1111111111,100.0,87.610619469,30.0884955752,56.6535562111
3o4l,33.3333333333,100.0,39.2857142857,26.9565217391,55.4848171153
5bs0,11.1111111111,86.5921787709,83.185840708,47.7876106195,54.3966718486
5men,22.2222222222,100.0,38.9380530973,29.8245614035,52.2011764909
