pdb_id,pep_identity,mhc_identity,tcrA_identity,tcrB_identity,total_identity
3gsn,22.2222222222,100.0,44.6428571429,55.7522123894,57.4732523294
2e7l,33.3333333333,68.7150837989,33.6283185841,54.0540540541,48.6298678171
5bs0,11.1111111111,86.5921787709,46.017699115,38.7387387387,46.6938362697
