pdb_id,pep_identity,mhc_identity,tcrA_identity,tcrB_identity,total_identity
3o4l,33.3333333333,100.0,37.1681415929,23.9316239316,54.6277386985
5men,22.2222222222,100.0,42.7272727273,32.1739130435,53.2242717025
5eu6,11.1111111111,100.0,49.5575221239,35.3448275862,51.1874286554
3ffc,22.2222222222,81.0055865922,33.9130434783,32.4786324786,45.4745489309
