pdb_id,pep_identity,mhc_identity,tcrA_identity,tcrB_identity,total_identity
5men,22.2222222222,100.0,36.6071428571,49.5495495495,55.1001894752
3o4l,33.3333333333,100.0,29.8245614035,30.0884955752,54.4299539409
3qeq,11.1111111111,100.0,43.3628318584,53.5714285714,53.1927471087
2e7l,33.3333333333,68.7150837989,26.3157894737,52.7272727273,47.1899827442
3ffc,22.2222222222,81.0055865922,31.8965517241,38.4615384615,46.1356179691
5bs0,11.1111111111,86.5921787709,35.9649122807,39.6396396396,45.1685219474
