pdb_id,pep_identity,mhc_identity,tcrA_identity,tcrB_identity,total_identity
3o4l,33.3333333333,100.0,36.036036036,26.9565217391,54.9432040736
5men,22.2222222222,100.0,34.5132743363,31.25,51.7012864635
5eu6,11.1111111111,100.0,44.2477876106,43.3628318584,51.6388069485
3ffc,22.2222222222,81.0055865922,29.203539823,41.8803418803,46.256583222
