pdb_id,pep_identity,mhc_identity,tcrA_identity,tcrB_identity,total_identity
3o4l,33.3333333333,100.0,37.8378378378,28.9473684211,55.5753121543
5men,22.2222222222,100.0,36.6071428571,33.9285714286,52.4966931217
5eu6,11.1111111111,100.0,47.7876106195,37.1681415929,51.1963290724
3ffc,22.2222222222,81.0055865922,31.8584070796,34.188034188,45.4170098161
