pdb_id,pep_identity,mhc_identity,tcrA_identity,tcrB_identity,total_identity
3o4l,33.3333333333,100.0,51.8181818182,28.9473684211,57.9053694843
4mnq,22.2222222222,100.0,33.9285714286,37.8378378378,52.7018089518
3qdj,11.1111111111,100.0,49.0909090909,40.5405405405,51.9756119756
5d2n,22.2222222222,99.4413407821,22.5225225225,44.347826087,51.699579103
5bs0,11.1111111111,86.5921787709,38.0530973451,66.6666666667,50.021057296
3ffc,22.2222222222,81.0055865922,34.8214285714,41.0256410256,47.050447871
