pdb_id,pep_identity,mhc_identity,tcrA_identity,tcrB_identity,total_identity
2bnq,11.1111111111,100.0,88.4955752212,75.8928571429,64.4351090977
5men,22.2222222222,100.0,38.9380530973,78.3783783784,60.29347932
3o4l,33.3333333333,100.0,39.6396396396,29.8245614035,56.021811285
3qdj,11.1111111111,100.0,43.2432432432,63.963963964,54.9049049049
5bs0,11.1111111111,86.5921787709,83.185840708,34.2342342342,52.1377757844
