pdb_id,pep_identity,mhc_identity,tcrA_identity,tcrB_identity,total_identity
3o4l,33.3333333333,100.0,27.8260869565,31.5789473684,54.3452834986
5men,22.2222222222,100.0,30.9734513274,40.1785714286,52.5994112001
5eu6,11.1111111111,100.0,36.5217391304,56.6371681416,52.5635215824
3ffc,22.2222222222,81.0055865922,51.3043478261,49.5726495726,51.2221025046
2e7l,33.3333333333,68.7150837989,35.3448275862,33.9285714286,45.5617055465
