pdb_id,pep_identity,mhc_identity,tcrA_identity,tcrB_identity,total_identity
3o4l,33.3333333333,100.0,35.3982300885,52.5862068966,59.1085172753
3gsn,22.2222222222,100.0,38.0530973451,29.9145299145,52.0686786174
