pdb_id,pep_identity,mhc_identity,tcrA_identity,tcrB_identity,total_identity
4mnq,22.2222222222,100.0,27.1929824561,57.6576576577,54.882514093
3o4l,33.3333333333,100.0,31.5789473684,26.5486725664,54.1323811002
2e7l,33.3333333333,68.7150837989,57.8947368421,54.5454545455,52.756170942
4eup,11.1111111111,100.0,32.4561403509,60.3603603604,52.5064538222
3ffc,22.2222222222,81.0055865922,30.1724137931,29.0598290598,44.2813100803
5bs0,11.1111111111,86.5921787709,31.5789473684,37.2727272727,44.0430424009
