pdb_id,pep_identity,mhc_identity,tcrA_identity,tcrB_identity,total_identity
3o4l,33.3333333333,100.0,36.2068965517,35.3982300885,56.3786322178
4mnq,22.2222222222,100.0,30.1724137931,50.9090909091,54.2543248578
4eup,11.1111111111,100.0,31.8965517241,55.8558558559,51.6624383004
5d2n,22.2222222222,99.4413407821,30.1724137931,33.9130434783,51.2354305467
3ffc,22.2222222222,81.0055865922,61.2068965517,32.4786324786,50.0235244432
2e7l,33.3333333333,68.7150837989,34.188034188,49.5412844037,47.971025476
