pdb_id,pep_identity,mhc_identity,tcrA_identity,tcrB_identity,total_identity
3gsn,22.2222222222,100.0,34.5454545455,79.6460176991,59.7726527815
3o4l,33.3333333333,100.0,31.8181818182,26.724137931,54.201497736
2e7l,33.3333333333,68.7150837989,31.25,56.6371681416,48.664000401
