pdb_id,pep_identity,mhc_identity,tcrA_identity,tcrB_identity,total_identity
5men,22.2222222222,100.0,32.4324324324,56.3636363636,55.5400855401
3o4l,33.3333333333,100.0,27.6785714286,27.4336283186,53.629811069
4eup,11.1111111111,100.0,36.036036036,56.7567567568,52.5025025025
2e7l,33.3333333333,68.7150837989,28.9473684211,55.9633027523,48.167917573
