pdb_id,pep_identity,mhc_identity,tcrA_identity,tcrB_identity,total_identity
3o4l,33.3333333333,100.0,35.7142857143,32.4561403509,55.806182122
4mnq,22.2222222222,100.0,36.9369369369,33.3333333333,52.4524524525
5d2n,22.2222222222,99.4413407821,25.6637168142,45.2173913043,52.3680390212
5bs0,11.1111111111,86.5921787709,47.7876106195,68.4684684685,51.9437764753
3qdj,11.1111111111,100.0,44.6428571429,36.036036036,50.4835192335
3ffc,22.2222222222,81.0055865922,31.5789473684,41.8803418803,46.6524844796
