pdb_id,pep_identity,mhc_identity,tcrA_identity,tcrB_identity,total_identity
3qeq,11.1111111111,100.0,31.5315315315,94.6428571429,58.0661018161
5men,22.2222222222,100.0,32.4324324324,59.8214285714,56.1163842414
3o4l,33.3333333333,100.0,28.8288288288,26.9565217391,53.7420028724
5d2n,22.2222222222,99.4413407821,24.3243243243,36.5217391304,50.6955315772
2e7l,33.3333333333,68.7150837989,30.9734513274,60.7142857143,49.297428551
