pdb_id,pep_identity,mhc_identity,tcrA_identity,tcrB_identity,total_identity
3o4l,33.3333333333,100.0,33.6363636364,25.2173913043,54.2534036012
5men,22.2222222222,100.0,36.036036036,30.9734513274,51.9089886347
3qeq,11.1111111111,100.0,50.4587155963,26.5486725664,49.8716017308
5bs0,11.1111111111,86.5921787709,37.1681415929,35.3982300885,44.6621585743
3ffc,22.2222222222,81.0055865922,27.6785714286,32.4786324786,44.435470256
2e7l,33.3333333333,68.7150837989,27.1929824561,29.4642857143,43.4590170725
