pdb_id,pep_identity,mhc_identity,tcrA_identity,tcrB_identity,total_identity
3o4l,33.3333333333,100.0,30.701754386,30.0884955752,54.5761527713
5men,22.2222222222,100.0,32.4561403509,50.4504504505,54.5585058743
4eup,11.1111111111,100.0,32.4561403509,59.4594594595,52.3563036721
2e7l,33.3333333333,68.7150837989,59.649122807,50.0,52.2909928452
3ffc,22.2222222222,81.0055865922,25.8620689655,35.0427350427,44.5600702728
5bs0,11.1111111111,86.5921787709,30.701754386,40.9090909091,44.5029041765
