pdb_id,pep_identity,mhc_identity,tcrA_identity,tcrB_identity,total_identity
4eup,11.1111111111,100.0,58.1818181818,58.5585585586,56.4937664938
5men,22.2222222222,100.0,37.962962963,50.4504504505,55.476309643
3o4l,33.3333333333,100.0,30.6306306306,30.0884955752,54.5642988121
5d2n,22.2222222222,99.4413407821,21.8181818182,33.0434782609,49.6981310146
2e7l,33.3333333333,68.7150837989,30.9734513274,50.0,47.5117142653
5bs0,11.1111111111,86.5921787709,37.1681415929,40.0,45.4291202262
