pdb_id,pep_identity,mhc_identity,tcrA_identity,tcrB_identity,total_identity
4eup,11.1111111111,100.0,29.4642857143,88.2882882883,56.6624660375
2e7l,33.3333333333,68.7150837989,70.2702702703,56.7567567568,55.1873102152
3o4l,33.3333333333,100.0,34.2342342342,28.0701754386,54.8285127232
5men,22.2222222222,100.0,28.9473684211,52.6785714286,54.345064049
5d2n,22.2222222222,99.4413407821,28.5714285714,30.4347826087,50.3888895315
