pdb_id,pep_identity,mhc_identity,tcrA_identity,tcrB_identity,total_identity
3o4l,33.3333333333,100.0,32.1428571429,30.0884955752,54.8163365641
5men,22.2222222222,100.0,28.0701754386,51.3513513514,53.9776618724
2e7l,33.3333333333,68.7150837989,68.75,50.0,53.8078057107
4eup,11.1111111111,100.0,33.0357142857,59.4594594595,52.4528993279
3ffc,22.2222222222,81.0055865922,25.4385964912,38.4615384615,45.0592920969
5bs0,11.1111111111,86.5921787709,33.3333333333,39.6396396396,44.7299254562
