pdb_id,pep_identity,mhc_identity,tcrA_identity,tcrB_identity,total_identity
5men,22.2222222222,100.0,41.2844036697,77.3913043478,60.5200254103
3qeq,11.1111111111,100.0,39.0909090909,64.347826087,54.2768262333
3o4l,33.3333333333,100.0,33.3333333333,25.4237288136,54.2372881356
5d2n,22.2222222222,99.4413407821,25.4545454545,31.8965517241,50.1130371979
