pdb_id,pep_identity,mhc_identity,tcrA_identity,tcrB_identity,total_identity
5men,22.2222222222,100.0,30.701754386,80.3571428571,59.2505569479
3o4l,33.3333333333,100.0,31.25,28.6956521739,54.4353864734
3qdj,11.1111111111,100.0,33.0357142857,67.8571428571,53.8525132275
2e7l,33.3333333333,68.7150837989,61.6071428571,56.25,53.6589961869
5d2n,22.2222222222,99.4413407821,28.3185840708,33.0434782609,50.7815313901
