pdb_id,pep_identity,mhc_identity,tcrA_identity,tcrB_identity,total_identity
5men,22.2222222222,100.0,86.3636363636,31.8584070796,60.444414648
3o4l,33.3333333333,100.0,30.9734513274,26.0869565217,53.9545124193
5eu6,11.1111111111,100.0,42.4778761062,37.7192982456,50.4032327623
3qdj,11.1111111111,100.0,34.8214285714,34.5132743363,48.592820855
