pdb_id,pep_identity,mhc_identity,tcrA_identity,tcrB_identity,total_identity
3o4l,33.3333333333,100.0,32.7433628319,35.3982300885,55.8013765978
4mnq,22.2222222222,100.0,38.0530973451,50.0,55.4162569649
4eup,11.1111111111,100.0,34.5132743363,54.954954955,51.9484085856
5d2n,22.2222222222,99.4413407821,23.6842105263,33.0434782609,50.0091357993
2e7l,33.3333333333,68.7150837989,30.701754386,49.5412844037,47.3899788423
5bs0,11.1111111111,86.5921787709,37.1681415929,36.9369369369,44.9186097157
3ffc,22.2222222222,81.0055865922,30.4347826087,32.4786324786,44.894838786
