pdb_id,pep_identity,mhc_identity,tcrA_identity,tcrB_identity,total_identity
3qeq,11.1111111111,100.0,33.3333333333,90.350877193,57.6510721248
3o4l,33.3333333333,100.0,51.8518518519,27.3504273504,57.6448243115
5men,22.2222222222,100.0,40.0,59.649122807,57.3489278752
5d2n,22.2222222222,99.4413407821,22.9357798165,36.5217391304,50.4641074926
2e7l,33.3333333333,68.7150837989,32.4324324324,62.2807017544,49.8016614085
