pdb_id,pep_identity,mhc_identity,tcrA_identity,tcrB_identity,total_identity
3qdj,11.1111111111,100.0,88.1818181818,38.0530973451,58.0761896249
3o4l,33.3333333333,100.0,39.6396396396,27.8260869565,55.6887322105
5d2n,22.2222222222,99.4413407821,21.6216216216,57.3913043478,53.7233419964
5men,22.2222222222,100.0,35.1351351351,35.3982300885,52.4963016113
3ffc,22.2222222222,81.0055865922,31.8584070796,52.1367521368,48.4084628075
