pdb_id,pep_identity,mhc_identity,tcrA_identity,tcrB_identity,total_identity
5d2n,22.2222222222,99.4413407821,24.3243243243,67.8260869565,55.9129228816
3o4l,33.3333333333,100.0,28.8288288288,26.9565217391,53.7420028724
5men,22.2222222222,100.0,31.8181818182,28.0701754386,50.7221336169
3ffc,22.2222222222,81.0055865922,31.8584070796,59.8290598291,49.6905140896
3qdj,11.1111111111,100.0,37.2727272727,31.5789473684,48.5123161439
5bs0,11.1111111111,86.5921787709,36.2831858407,47.3684210526,46.5096977762
