pdb_id,pep_identity,mhc_identity,tcrA_identity,tcrB_identity,total_identity
3o4l,33.3333333333,100.0,40.9090909091,23.6842105263,55.2099946837
4eup,11.1111111111,100.0,65.1376146789,37.8378378378,54.1996124565
4mnq,22.2222222222,100.0,35.7798165138,32.1428571429,52.0611863502
2e7l,33.3333333333,68.7150837989,39.2857142857,37.8378378378,46.870064398
5bs0,11.1111111111,86.5921787709,44.2477876106,41.4414414414,46.8493014694
3ffc,22.2222222222,81.0055865922,33.9285714286,35.8974358974,46.0469374925
