pdb_id,pep_identity,mhc_identity,tcrA_identity,tcrB_identity,total_identity
5d2n,22.2222222222,99.4413407821,49.5412844037,33.0434782609,54.3186481122
5men,22.2222222222,100.0,22.9357798165,32.7433628319,50.0205978488
3qdj,11.1111111111,100.0,20.7207207207,31.8584070796,45.8002250038
3ffc,22.2222222222,81.0055865922,25.8928571429,35.0427350427,44.5652016357
2e7l,33.3333333333,68.7150837989,26.9565217391,30.3571428571,43.5684164768
