pdb_id,pep_identity,mhc_identity,tcrA_identity,tcrB_identity,total_identity
3o4l,33.3333333333,100.0,85.4368932039,32.7586206897,64.14369676
5men,22.2222222222,100.0,33.0357142857,37.3913043478,52.4785771797
5d2n,22.2222222222,99.4413407821,19.2660550459,51.3043478261,52.3162548134
