pdb_id,pep_identity,mhc_identity,tcrA_identity,tcrB_identity,total_identity
3o4l,33.3333333333,100.0,29.8245614035,33.9130434783,55.0673785914
5men,22.2222222222,100.0,28.9473684211,38.5964912281,51.9980506823
5eu6,11.1111111111,100.0,33.3333333333,50.8771929825,51.0721247563
2e7l,33.3333333333,68.7150837989,57.8947368421,36.2831858407,49.7124594912
3ffc,22.2222222222,81.0055865922,28.4482758621,48.7179487179,47.2703070348
