pdb_id,pep_identity,mhc_identity,tcrA_identity,tcrB_identity,total_identity
3o4l,33.3333333333,100.0,32.7433628319,32.4561403509,55.3110283082
4qrp,11.1111111111,81.0055865922,87.610619469,49.1228070175,53.4944703155
4mnq,22.2222222222,100.0,30.0884955752,40.5405405405,52.51224676
5eu6,11.1111111111,100.0,31.8584070796,55.7522123894,51.6388069485
2e7l,33.3333333333,68.7150837989,51.7543859649,35.1351351351,48.4977258941
