pdb_id,pep_identity,mhc_identity,tcrA_identity,tcrB_identity,total_identity
4eup,11.1111111111,100.0,37.2727272727,90.1785714286,58.2789201539
5men,22.2222222222,100.0,32.4324324324,50.4424778761,54.5532257922
3o4l,33.3333333333,100.0,28.8288288288,26.9565217391,53.7420028724
5d2n,22.2222222222,99.4413407821,24.3243243243,28.6956521739,49.3911837512
2e7l,33.3333333333,68.7150837989,30.9734513274,56.25,48.553380932
