pdb_id,pep_identity,mhc_identity,tcrA_identity,tcrB_identity,total_identity
3qeq,11.1111111111,100.0,82.1428571429,51.7857142857,59.3584656085
4mnq,22.2222222222,100.0,33.9285714286,54.954954955,55.5546618047
3o4l,33.3333333333,100.0,30.9734513274,30.9734513274,54.7689282203
5d2n,22.2222222222,99.4413407821,28.0701754386,33.9130434783,50.8850574876
