pdb_id,pep_identity,mhc_identity,tcrA_identity,tcrB_identity,total_identity
5men,22.2222222222,100.0,28.0701754386,89.5652173913,60.3466395457
3o4l,33.3333333333,100.0,29.8245614035,27.9661016949,54.0762216275
3qdj,11.1111111111,100.0,34.2105263158,62.6086956522,53.1735740317
2e7l,33.3333333333,68.7150837989,60.5263157895,53.9130434783,53.0893655887
5d2n,22.2222222222,99.4413407821,26.9565217391,31.0344827586,50.2196884177
