pdb_id,pep_identity,mhc_identity,tcrA_identity,tcrB_identity,total_identity
4mnq,22.2222222222,100.0,30.1724137931,57.1428571429,55.2932858967
3o4l,33.3333333333,100.0,33.6206896552,24.5614035088,54.1414599718
4eup,11.1111111111,100.0,31.8965517241,57.6576576577,51.9627386007
3ffc,22.2222222222,81.0055865922,59.4827586207,27.3504273504,48.8814672667
2e7l,33.3333333333,68.7150837989,33.3333333333,54.954954955,48.7308537588
