pdb_id,pep_identity,mhc_identity,tcrA_identity,tcrB_identity,total_identity
5d2n,22.2222222222,99.4413407821,27.6785714286,73.9130434783,57.4864568193
3o4l,33.3333333333,100.0,31.5315315315,26.3157894737,54.085664612
5men,22.2222222222,100.0,33.3333333333,27.4336283186,50.8685676827
2e7l,33.3333333333,68.7150837989,63.0630630631,33.0357142857,50.0326019355
4qrp,11.1111111111,81.0055865922,50.4504504505,54.8672566372,48.2585170824
3qdj,11.1111111111,100.0,35.1351351351,30.9734513274,48.0551347808
