pdb_id,pep_identity,mhc_identity,tcrA_identity,tcrB_identity,total_identity
3o4l,33.3333333333,100.0,30.3571428571,29.9145299145,54.4897232397
3qdj,11.1111111111,100.0,62.1621621622,37.3913043478,53.6292814554
5men,22.2222222222,100.0,31.8181818182,36.5217391304,52.1307275655
3ffc,22.2222222222,81.0055865922,28.0701754386,53.8461538462,48.0619911523
5bs0,11.1111111111,86.5921787709,37.1681415929,42.6086956522,45.8639028349
2e7l,33.3333333333,68.7150837989,31.5789473684,33.9130434783,44.9314708519
