pdb_id,pep_identity,mhc_identity,tcrA_identity,tcrB_identity,total_identity
5d2n,22.2222222222,99.4413407821,28.9473684211,57.3913043478,54.9442997963
3ffc,22.2222222222,81.0055865922,58.7719298246,52.1367521368,52.8940499317
4mnq,22.2222222222,100.0,29.5652173913,35.3982300885,51.5679819874
3qdj,11.1111111111,100.0,32.4561403509,38.0530973451,48.788576653
2e7l,33.3333333333,68.7150837989,33.0434782609,36.2831858407,45.570583061
5bs0,11.1111111111,86.5921787709,31.3043478261,42.4778761062,44.8648006161
