pdb_id,pep_identity,mhc_identity,tcrA_identity,tcrB_identity,total_identity
3o4l,33.3333333333,100.0,50.8928571429,25.8620689655,57.2369321292
4mnq,22.2222222222,100.0,33.0357142857,56.1403508772,55.6034182679
4eup,11.1111111111,100.0,50.0,61.0619469027,55.5473615208
5d2n,22.2222222222,99.4413407821,21.2389380531,29.5652173913,49.0218802422
2e7l,33.3333333333,68.7150837989,34.2105263158,55.7522123894,49.0099288283
