pdb_id,pep_identity,mhc_identity,tcrA_identity,tcrB_identity,total_identity
5eu6,11.1111111111,100.0,87.610619469,63.7168141593,62.2582759751
2bnr,11.1111111111,100.0,87.610619469,30.9734513274,56.8010488364
3o4l,33.3333333333,100.0,38.7387387387,28.6956521739,55.6835095966
3ffc,22.2222222222,81.0055865922,33.6283185841,91.452991453,55.256154611
5bs0,11.1111111111,86.5921787709,84.0707964602,43.3628318584,53.8067013471
5men,22.2222222222,100.0,41.9642857143,30.9734513274,52.8970302477
4qrp,11.1111111111,81.0055865922,32.4324324324,90.350877193,51.1694508387
3qdj,11.1111111111,100.0,44.1441441441,33.6283185841,49.9991141584
