pdb_id,pep_identity,mhc_identity,tcrA_identity,tcrB_identity,total_identity
3o4l,33.3333333333,100.0,51.8181818182,28.4482758621,57.8221873912
5d2n,22.2222222222,99.4413407821,22.5225225225,54.7826086957,53.4387095378
5men,22.2222222222,100.0,34.8214285714,35.9649122807,52.5384642161
3qdj,11.1111111111,100.0,49.0909090909,36.8421052632,51.359206096
3ffc,22.2222222222,81.0055865922,34.8214285714,52.9914529915,49.0447498653
5bs0,11.1111111111,86.5921787709,38.0530973451,44.2477876106,46.2845774533
