pdb_id,pep_identity,mhc_identity,tcrA_identity,tcrB_identity,total_identity
3o4l,33.3333333333,100.0,30.0884955752,25.2173913043,53.6620922577
5bs0,11.1111111111,86.5921787709,33.3333333333,88.3928571429,52.8554617067
2e7l,33.3333333333,68.7150837989,61.9469026549,31.25,49.5489561532
4eup,11.1111111111,100.0,35.3982300885,33.0357142857,48.4426944327
3ffc,22.2222222222,81.0055865922,26.9565217391,38.4615384615,45.3122796382
