pdb_id,pep_identity,mhc_identity,tcrA_identity,tcrB_identity,total_identity
3o4l,33.3333333333,100.0,39.2857142857,54.7826086957,60.1224982747
3qdj,11.1111111111,100.0,66.6666666667,34.4827586207,53.8952745849
5men,22.2222222222,100.0,36.9369369369,31.8965517241,52.2129888509
5d2n,22.2222222222,99.4413407821,25.8928571429,31.0344827586,50.042410985
