pdb_id,pep_identity,mhc_identity,tcrA_identity,tcrB_identity,total_identity
3o4l,33.3333333333,100.0,86.2745098039,26.9565217391,63.316283035
5men,22.2222222222,100.0,32.7272727273,37.1681415929,52.3899764608
3gsn,22.2222222222,100.0,32.4074074074,33.6283185841,51.7466950727
