pdb_id,pep_identity,mhc_identity,tcrA_identity,tcrB_identity,total_identity
3o4l,33.3333333333,100.0,31.8584070796,34.5132743363,55.5063913471
5men,22.2222222222,100.0,29.203539823,50.4504504505,54.0164057863
2e7l,33.3333333333,68.7150837989,61.9469026549,49.0909090909,52.5224410017
4eup,11.1111111111,100.0,32.7433628319,56.7567567568,51.9537236351
3ffc,22.2222222222,81.0055865922,29.5652173913,34.188034188,45.0348115347
