pdb_id,pep_identity,mhc_identity,tcrA_identity,tcrB_identity,total_identity
5men,22.2222222222,100.0,83.7837837838,47.7477477477,62.6626626627
3gsn,22.2222222222,100.0,36.8421052632,47.7876106195,54.8456933878
3o4l,33.3333333333,100.0,30.701754386,29.203539823,54.4286601459
3qeq,11.1111111111,100.0,32.7433628319,58.0357142857,52.1668832233
2f54,11.1111111111,100.0,42.1052631579,47.7477477477,52.0125388546
