pdb_id,pep_identity,mhc_identity,tcrA_identity,tcrB_identity,total_identity
3o4l,33.3333333333,100.0,84.4660194175,28.9473684211,63.3466757509
5men,22.2222222222,100.0,39.0909090909,63.0630630631,57.7664027664
3qeq,11.1111111111,100.0,30.8411214953,89.2857142857,57.0581763339
3gsn,22.2222222222,100.0,33.0275229358,60.1769911504,56.2748264218
2f53,11.1111111111,100.0,37.1681415929,62.5,53.6483939692
