pdb_id,pep_identity,mhc_identity,tcrA_identity,tcrB_identity,total_identity
3qeq,11.1111111111,100.0,94.4444444444,34.2105263158,58.4795321637
3ffc,22.2222222222,81.0055865922,38.9380530973,88.8888888889,55.7137599358
5d2n,22.2222222222,99.4413407821,30.0,53.9130434783,54.5400282478
3o4l,33.3333333333,100.0,30.2752293578,28.4482758621,54.2316953144
5men,22.2222222222,100.0,33.9285714286,31.5789473684,51.6586605402
