pdb_id,pep_identity,mhc_identity,tcrA_identity,tcrB_identity,total_identity
5men,22.2222222222,100.0,32.4561403509,51.724137931,54.7707871211
2e7l,33.3333333333,68.7150837989,68.75,54.7826086957,54.60490716
3o4l,33.3333333333,100.0,33.0357142857,25.4237288136,54.187684961
4eup,11.1111111111,100.0,31.25,55.652173913,51.5207326892
