pdb_id,pep_identity,mhc_identity,tcrA_identity,tcrB_identity,total_identity
3o4l,33.3333333333,100.0,51.8181818182,23.4782608696,56.9938515591
5men,22.2222222222,100.0,36.036036036,31.8584070796,52.05648126
3qdj,11.1111111111,100.0,49.0909090909,31.8584070796,50.5285897321
5d2n,22.2222222222,99.4413407821,24.3243243243,33.9130434783,50.2607489685
