pdb_id,pep_identity,mhc_identity,tcrA_identity,tcrB_identity,total_identity
3o4l,33.3333333333,100.0,51.8181818182,28.6956521739,57.8634167765
5d2n,22.2222222222,99.4413407821,22.5225225225,56.5217391304,53.7285646103
5men,22.2222222222,100.0,34.8214285714,33.6283185841,52.1490319333
3qdj,11.1111111111,100.0,49.0909090909,35.3982300885,51.1185602336
3ffc,22.2222222222,81.0055865922,34.8214285714,49.5726495726,48.4749492955
