pdb_id,pep_identity,mhc_identity,tcrA_identity,tcrB_identity,total_identity
3o4l,33.3333333333,100.0,37.5,30.9734513274,55.8566863324
4mnq,22.2222222222,100.0,39.6396396396,50.4504504505,55.7557557558
4eup,11.1111111111,100.0,41.0714285714,58.5585585586,53.642034892
5d2n,22.2222222222,99.4413407821,26.5486725664,33.9130434783,50.6314736756
2e7l,33.3333333333,68.7150837989,28.9473684211,52.7272727273,47.6285792355
5bs0,11.1111111111,86.5921787709,45.1327433628,39.6396396396,46.6964937944
3ffc,22.2222222222,81.0055865922,28.9473684211,37.6068376068,45.5016372761
