pdb_id,pep_identity,mhc_identity,tcrA_identity,tcrB_identity,total_identity
5d2n,22.2222222222,99.4413407821,27.9279279279,67.8260869565,56.5135234822
3o4l,33.3333333333,100.0,30.9090909091,31.8584070796,54.9056941092
5men,22.2222222222,100.0,29.4642857143,29.7297297297,50.6064099814
2e7l,33.3333333333,68.7150837989,62.1621621622,32.1100917431,49.7281813616
3qdj,11.1111111111,100.0,33.3333333333,33.0357142857,48.0985449735
3ffc,22.2222222222,81.0055865922,28.0701754386,52.9914529915,47.9195410098
