pdb_id,pep_identity,mhc_identity,tcrA_identity,tcrB_identity,total_identity
3o4l,33.3333333333,100.0,29.5652173913,23.0769230769,53.2181345225
5eu6,11.1111111111,100.0,37.3913043478,38.7931034483,49.7344383364
3ffc,22.2222222222,81.0055865922,51.3043478261,36.7521367521,49.0853503678
2e7l,33.3333333333,68.7150837989,37.0689655172,36.8421052632,46.3346508408
