pdb_id,pep_identity,mhc_identity,tcrA_identity,tcrB_identity,total_identity
3o4l,33.3333333333,100.0,54.128440367,30.701754386,58.5828102366
5d2n,22.2222222222,99.4413407821,23.6363636364,56.5217391304,53.9142047959
4mnq,22.2222222222,100.0,33.9285714286,40.5405405405,53.1522594023
3qdj,11.1111111111,100.0,51.376146789,41.0714285714,52.4449662638
3ffc,22.2222222222,81.0055865922,32.1428571429,49.5726495726,48.0285207241
