pdb_id,pep_identity,mhc_identity,tcrA_identity,tcrB_identity,total_identity
3qdj,11.1111111111,100.0,87.962962963,63.0630630631,62.2080413747
5men,22.2222222222,100.0,34.8623853211,76.3636363636,59.2784110215
3gsn,22.2222222222,100.0,37.6146788991,72.5663716814,59.1042491708
2f53,11.1111111111,100.0,39.8230088496,75.0,56.1742051786
3o4l,33.3333333333,100.0,39.4495412844,27.1929824561,55.5515317345
