pdb_id,pep_identity,mhc_identity,tcrA_identity,tcrB_identity,total_identity
5d2n,22.2222222222,99.4413407821,30.4761904762,47.8260869565,53.6049005736
5men,22.2222222222,100.0,28.1818181818,32.7433628319,50.8949375764
3qdj,11.1111111111,100.0,29.9065420561,30.0884955752,47.0362099756
3ffc,22.2222222222,81.0055865922,22.7272727273,43.5897435897,45.4621056576
2e7l,33.3333333333,68.7150837989,31.5315315315,30.9734513274,44.4336361872
5bs0,11.1111111111,86.5921787709,26.5486725664,43.3628318584,44.2196806982
