pdb_id,pep_identity,mhc_identity,tcrA_identity,tcrB_identity,total_identity
5men,22.2222222222,100.0,41.0714285714,50.4424778761,55.993058482
3o4l,33.3333333333,100.0,33.6283185841,30.4347826087,55.1216279766
3qeq,11.1111111111,100.0,38.9380530973,53.0973451327,52.3762700754
5d2n,22.2222222222,99.4413407821,26.3157894737,34.7826086957,50.737587363
2e7l,33.3333333333,68.7150837989,27.1929824561,49.1071428571,46.7328265963
5bs0,11.1111111111,86.5921787709,40.7079646018,38.0530973451,45.6946069518
3ffc,22.2222222222,81.0055865922,31.3043478261,35.8974358974,45.6095668921
