pdb_id,pep_identity,mhc_identity,tcrA_identity,tcrB_identity,total_identity
3qdj,11.1111111111,100.0,88.8888888889,65.7657657658,62.8128128128
3gsn,22.2222222222,100.0,37.962962963,85.8407079646,61.3746858953
5men,22.2222222222,100.0,34.2342342342,82.8828828829,60.2602602603
2bnr,11.1111111111,100.0,40.7079646018,78.5714285714,56.9169358992
3o4l,33.3333333333,100.0,38.8888888889,32.4561403509,56.3352826511
