pdb_id,pep_identity,mhc_identity,tcrA_identity,tcrB_identity,total_identity
3qeq,11.1111111111,100.0,83.9285714286,39.6551724138,57.6343276774
5d2n,22.2222222222,99.4413407821,28.0701754386,57.7586206897,54.8593203562
3o4l,33.3333333333,100.0,30.0884955752,28.813559322,54.261453594
5men,22.2222222222,100.0,33.9285714286,37.0689655172,52.573663565
3ffc,22.2222222222,81.0055865922,33.0434782609,54.7008547009,49.0333250984
