pdb_id,pep_identity,mhc_identity,tcrA_identity,tcrB_identity,total_identity
5d2n,22.2222222222,99.4413407821,51.4285714286,41.7391304348,56.082471312
3o4l,33.3333333333,100.0,20.5607476636,27.4336283186,52.4435071081
5men,22.2222222222,100.0,21.6216216216,37.8378378378,50.6506506507
3qeq,11.1111111111,100.0,28.9719626168,33.9285714286,47.5204593779
5bs0,11.1111111111,86.5921787709,21.9298245614,59.4594594595,46.1326439642
3ffc,22.2222222222,81.0055865922,26.3636363636,39.3162393162,45.3559155514
