pdb_id,pep_identity,mhc_identity,tcrA_identity,tcrB_identity,total_identity
3o4l,33.3333333333,100.0,84.6153846154,30.9734513274,63.7092504349
3gsn,22.2222222222,100.0,33.6363636364,60.1769911504,56.3762998719
5men,22.2222222222,100.0,35.4545454545,57.6576576577,56.2594412594
4eup,11.1111111111,100.0,40.9090909091,58.5585585586,53.614978615
2bnr,11.1111111111,100.0,39.8230088496,54.954954955,52.8333643378
