pdb_id,pep_identity,mhc_identity,tcrA_identity,tcrB_identity,total_identity
5men,22.2222222222,100.0,36.6071428571,48.6486486486,54.950039325
3o4l,33.3333333333,100.0,29.8245614035,28.3185840708,54.1349686902
3qeq,11.1111111111,100.0,43.3628318584,58.9285714286,54.0856042515
2e7l,33.3333333333,68.7150837989,26.3157894737,50.0,46.7354372897
3ffc,22.2222222222,81.0055865922,31.8965517241,32.4786324786,45.1384669719
5bs0,11.1111111111,86.5921787709,35.9649122807,36.036036036,44.5679213468
