pdb_id,pep_identity,mhc_identity,tcrA_identity,tcrB_identity,total_identity
3o4l,33.3333333333,100.0,32.7272727273,25.2173913043,54.1018884497
3qdj,11.1111111111,100.0,64.2201834862,33.3333333333,53.295956507
5men,22.2222222222,100.0,32.7272727273,35.0877192982,52.0432394117
3ffc,22.2222222222,81.0055865922,30.3571428571,44.4444444444,46.8762008217
2e7l,33.3333333333,68.7150837989,33.9285714286,36.2831858407,45.718098589
5bs0,11.1111111111,86.5921787709,37.1681415929,35.9649122807,44.7566056063
