pdb_id,pep_identity,mhc_identity,tcrA_identity,tcrB_identity,total_identity
3o4l,33.3333333333,100.0,52.2522522523,28.6956521739,57.9357618488
5men,22.2222222222,100.0,34.8214285714,56.6371681416,55.9838401929
3qdj,11.1111111111,100.0,47.7477477477,60.1769911504,55.0244935201
2e7l,33.3333333333,68.7150837989,35.3982300885,60.7142857143,50.0348916779
5d2n,22.2222222222,99.4413407821,23.2142857143,32.1739130435,49.7858874611
