pdb_id,pep_identity,mhc_identity,tcrA_identity,tcrB_identity,total_identity
5men,22.2222222222,100.0,34.2342342342,54.0540540541,55.4554554555
3o4l,33.3333333333,100.0,33.6363636364,30.9734513274,55.2127469384
3qeq,11.1111111111,100.0,51.376146789,51.7857142857,54.2306805495
2e7l,33.3333333333,68.7150837989,27.1929824561,49.0909090909,46.7301209686
5bs0,11.1111111111,86.5921787709,40.7079646018,36.9369369369,45.5085802171
3ffc,22.2222222222,81.0055865922,27.6785714286,32.4786324786,44.435470256
