pdb_id,pep_identity,mhc_identity,tcrA_identity,tcrB_identity,total_identity
5d2n,22.2222222222,99.4413407821,27.1929824561,57.3913043478,54.6519021354
5men,22.2222222222,100.0,29.203539823,35.3982300885,51.5077023927
2e7l,33.3333333333,68.7150837989,68.1415929204,36.2831858407,51.4202688376
3qdj,11.1111111111,100.0,32.7433628319,38.0530973451,48.8364470665
3ffc,22.2222222222,81.0055865922,26.9565217391,52.1367521368,47.5914819174
5bs0,11.1111111111,86.5921787709,32.4561403509,42.4778761062,45.0567660369
