pdb_id,pep_identity,mhc_identity,tcrA_identity,tcrB_identity,total_identity
4eup,11.1111111111,100.0,35.1351351351,88.4955752212,57.6421554298
4mnq,22.2222222222,100.0,39.8230088496,48.2456140351,55.4188445548
3o4l,33.3333333333,100.0,34.2342342342,25.8620689655,54.4604949777
5d2n,22.2222222222,99.4413407821,25.8928571429,31.3043478261,50.0873884963
2e7l,33.3333333333,68.7150837989,29.4642857143,57.5221238938,48.5138739788
