pdb_id,pep_identity,mhc_identity,tcrA_identity,tcrB_identity,total_identity
3o4l,33.3333333333,100.0,30.4347826087,24.347826087,53.5748792271
2e7l,33.3333333333,68.7150837989,65.2173913043,30.3571428571,49.945228071
5eu6,11.1111111111,100.0,33.0434782609,37.7192982456,48.8308331215
3ffc,22.2222222222,81.0055865922,26.4957264957,35.0427350427,44.6656798612
