pdb_id,pep_identity,mhc_identity,tcrA_identity,tcrB_identity,total_identity
4eup,11.1111111111,100.0,86.2385321101,35.0877192982,57.2580789384
3o4l,33.3333333333,100.0,39.0909090909,26.4957264957,55.3755503756
4mnq,22.2222222222,100.0,32.7272727273,32.1739130435,51.5576050359
5d2n,22.2222222222,99.4413407821,20.9090909091,41.3793103448,50.9359212104
5bs0,11.1111111111,86.5921787709,42.4778761062,59.1304347826,49.5024817755
3ffc,22.2222222222,81.0055865922,32.1428571429,45.2991452991,47.3162700118
