pdb_id,pep_identity,mhc_identity,tcrA_identity,tcrB_identity,total_identity
3o4l,33.3333333333,100.0,36.036036036,58.9285714286,60.2718790219
3gsn,22.2222222222,100.0,27.9279279279,35.652173913,51.3374243809
3ffc,22.2222222222,81.0055865922,60.1769911504,27.9661016949,49.099785079
