pdb_id,pep_identity,mhc_identity,tcrA_identity,tcrB_identity,total_identity
4mnq,22.2222222222,100.0,29.4642857143,58.9285714286,55.4728835979
2e7l,33.3333333333,68.7150837989,68.75,54.954954955,54.6336315366
3o4l,33.3333333333,100.0,31.25,26.3157894737,54.0387426901
4eup,11.1111111111,100.0,30.3571428571,60.3603603604,52.1566209066
