pdb_id,pep_identity,mhc_identity,tcrA_identity,tcrB_identity,total_identity
3o4l,33.3333333333,100.0,28.9473684211,30.0884955752,54.2837551105
5men,22.2222222222,100.0,28.0701754386,50.4504504505,53.8275117222
4eup,11.1111111111,100.0,32.4561403509,58.5585585586,52.2061535219
2e7l,33.3333333333,68.7150837989,55.2631578947,50.0,51.5599986932
3ffc,22.2222222222,81.0055865922,27.5862068966,35.0427350427,44.8474265947
5bs0,11.1111111111,86.5921787709,32.4561403509,40.0,44.6437866858
