pdb_id,pep_identity,mhc_identity,tcrA_identity,tcrB_identity,total_identity
3o4l,33.3333333333,100.0,34.5794392523,27.8260869565,54.8453654793
5men,22.2222222222,100.0,34.2342342342,33.6283185841,52.0511662105
3qeq,11.1111111111,100.0,50.9433962264,29.203539823,50.3948597119
5bs0,11.1111111111,86.5921787709,38.9380530973,37.1681415929,45.2521290757
3ffc,22.2222222222,81.0055865922,28.1818181818,35.0427350427,44.9466951422
