pdb_id,pep_identity,mhc_identity,tcrA_identity,tcrB_identity,total_identity
3o4l,33.3333333333,100.0,35.3982300885,22.8070175439,54.1453190498
5men,22.2222222222,100.0,30.4347826087,29.4642857143,50.7239187946
3ffc,22.2222222222,81.0055865922,61.0619469027,29.9145299145,49.572015741
5eu6,11.1111111111,100.0,37.3913043478,34.5132743363,49.0211334844
2e7l,33.3333333333,68.7150837989,35.0877192982,29.7297297297,44.8190472154
