pdb_id,pep_identity,mhc_identity,tcrA_identity,tcrB_identity,total_identity
3gsn,22.2222222222,100.0,87.1559633028,31.8584070796,60.5764691378
3o4l,33.3333333333,100.0,33.9449541284,25.2173913043,54.3048353499
4mnq,22.2222222222,100.0,39.2857142857,32.7433628319,52.745586927
