pdb_id,pep_identity,mhc_identity,tcrA_identity,tcrB_identity,total_identity
3o4l,33.3333333333,100.0,51.8181818182,32.1739130435,58.4431269214
3gsn,22.2222222222,100.0,42.7272727273,32.4561403509,53.2713095871
3ffc,22.2222222222,81.0055865922,34.8214285714,53.8461538462,49.1872000077
