pdb_id,pep_identity,mhc_identity,tcrA_identity,tcrB_identity,total_identity
2bnq,11.1111111111,100.0,88.4955752212,81.25,65.3279662406
5men,22.2222222222,100.0,42.4778761062,80.3571428571,61.2132439013
5eu6,11.1111111111,100.0,90.2654867257,41.592920354,59.013438217
3o4l,33.3333333333,100.0,38.3928571429,27.8260869565,55.4809351277
3qdj,11.1111111111,100.0,43.75,64.2857142857,55.042989418
5bs0,11.1111111111,86.5921787709,84.0707964602,35.7142857143,52.5319436564
