pdb_id,pep_identity,mhc_identity,tcrA_identity,tcrB_identity,total_identity
5men,22.2222222222,100.0,36.6071428571,52.6315789474,55.6138610415
3qeq,11.1111111111,100.0,45.045045045,57.0175438596,54.0474685212
3o4l,33.3333333333,100.0,28.5714285714,24.1379310345,53.2293377121
2e7l,33.3333333333,68.7150837989,26.7857142857,53.0973451327,47.3299822805
3ffc,22.2222222222,81.0055865922,33.3333333333,27.3504273504,44.5232297188
