pdb_id,pep_identity,mhc_identity,tcrA_identity,tcrB_identity,total_identity
5bs0,11.1111111111,86.5921787709,44.2477876106,91.1504424779,55.1341349754
3o4l,33.3333333333,100.0,37.1681415929,25.8620689655,54.9494795375
5men,22.2222222222,100.0,38.3928571429,30.9734513274,52.3017921525
4eup,11.1111111111,100.0,36.2831858407,35.3982300885,48.9839396919
3ffc,22.2222222222,81.0055865922,31.3043478261,44.4444444444,47.0340683166
