pdb_id,pep_identity,mhc_identity,tcrA_identity,tcrB_identity,total_identity
3o4l,33.3333333333,100.0,30.6306306306,59.8214285714,59.5197876448
3qdj,11.1111111111,100.0,60.0,34.5132743363,52.7892494264
5men,22.2222222222,100.0,30.5555555556,31.8584070796,51.1430678466
5d2n,22.2222222222,99.4413407821,21.8181818182,31.0344827586,49.3632984309
