pdb_id,pep_identity,mhc_identity,tcrA_identity,tcrB_identity,total_identity
5d2n,22.2222222222,99.4413407821,87.1559633028,42.6086956522,62.1819641606
3o4l,33.3333333333,100.0,19.8198198198,26.0869565217,52.0955738347
5men,22.2222222222,100.0,24.3243243243,31.8584070796,50.1045293081
