pdb_id,pep_identity,mhc_identity,tcrA_identity,tcrB_identity,total_identity
3o4l,33.3333333333,100.0,36.2068965517,26.9565217391,54.9716808263
3ffc,22.2222222222,81.0055865922,59.4827586207,48.7179487179,52.4427208279
5eu6,11.1111111111,100.0,36.2068965517,53.5087719298,51.9896484506
4mnq,22.2222222222,100.0,31.0344827586,32.4561403509,51.322511259
2e7l,33.3333333333,68.7150837989,33.3333333333,35.3982300885,45.4713996144
