pdb_id,pep_identity,mhc_identity,tcrA_identity,tcrB_identity,total_identity
5eu6,11.1111111111,100.0,37.9310344828,92.1739130435,58.7211949581
3o4l,33.3333333333,100.0,28.4482758621,29.0598290598,54.0291285981
3ffc,22.2222222222,81.0055865922,52.5862068966,58.1196581197,52.8602471075
5men,22.2222222222,100.0,30.1724137931,34.7826086957,51.5665778222
