pdb_id,pep_identity,mhc_identity,tcrA_identity,tcrB_identity,total_identity
3o4l,33.3333333333,100.0,52.2935779817,27.3504273504,57.7184453331
3ffc,22.2222222222,81.0055865922,34.8214285714,89.7435897436,55.1701059906
5d2n,22.2222222222,99.4413407821,23.6363636364,57.3913043478,54.0591323321
5men,22.2222222222,100.0,33.9285714286,29.5652173913,51.3230388774
3qdj,11.1111111111,100.0,48.623853211,31.3043478261,50.3584038766
