pdb_id,pep_identity,mhc_identity,tcrA_identity,tcrB_identity,total_identity
5d2n,22.2222222222,99.4413407821,26.0869565217,68.6956521739,56.3516224507
3o4l,33.3333333333,100.0,34.2105263158,27.8260869565,54.7838799898
5men,22.2222222222,100.0,41.2280701754,33.3333333333,53.1676413255
3qdj,11.1111111111,100.0,35.9649122807,36.8421052632,49.171539961
3ffc,22.2222222222,81.0055865922,31.8965517241,52.9914529915,48.5572703907
5bs0,11.1111111111,86.5921787709,39.4736842105,45.6140350877,46.7490498437
