pdb_id,pep_identity,mhc_identity,tcrA_identity,tcrB_identity,total_identity
4eup,11.1111111111,100.0,31.25,91.0714285714,57.4239417989
4mnq,22.2222222222,100.0,27.1929824561,55.7522123894,54.5649398817
3o4l,33.3333333333,100.0,30.6306306306,28.6956521739,54.3321582452
2e7l,33.3333333333,68.7150837989,58.5585585586,56.25,53.1508988038
5d2n,22.2222222222,99.4413407821,24.1071428571,29.5652173913,49.4999143762
