pdb_id,pep_identity,mhc_identity,tcrA_identity,tcrB_identity,total_identity
3o4l,33.3333333333,100.0,86.4077669903,28.9473684211,63.6703003463
5d2n,22.2222222222,99.4413407821,20.1834862385,90.4347826087,58.9908991427
5men,22.2222222222,100.0,34.8214285714,33.0357142857,52.0502645503
