pdb_id,pep_identity,mhc_identity,tcrA_identity,tcrB_identity,total_identity
3o4l,33.3333333333,100.0,33.9449541284,33.3333333333,55.6574923547
5d2n,22.2222222222,99.4413407821,26.3636363636,51.3043478261,53.4991850331
5men,22.2222222222,100.0,35.1351351351,33.6283185841,52.2013163606
3qeq,11.1111111111,100.0,50.9259259259,35.3982300885,51.4243963728
3ffc,22.2222222222,81.0055865922,28.8288288288,48.7179487179,47.3337325293
5bs0,11.1111111111,86.5921787709,38.0530973451,38.0530973451,45.2521290757
2e7l,33.3333333333,68.7150837989,27.4336283186,36.6071428571,44.6896009067
