pdb_id,pep_identity,mhc_identity,tcrA_identity,tcrB_identity,total_identity
3qeq,11.1111111111,100.0,82.8828828829,31.25,56.0591841842
3o4l,33.3333333333,100.0,29.4642857143,26.0869565217,53.7029848171
5d2n,22.2222222222,99.4413407821,26.5486725664,43.4782608696,52.2256765741
4mnq,22.2222222222,100.0,33.9285714286,30.3571428571,51.455026455
5bs0,11.1111111111,86.5921787709,33.6283185841,68.75,49.6308163914
3ffc,22.2222222222,81.0055865922,30.701754386,42.735042735,46.6487357916
