pdb_id,pep_identity,mhc_identity,tcrA_identity,tcrB_identity,total_identity
5d2n,22.2222222222,99.4413407821,29.0909090909,55.652173913,54.6783681688
3qdj,11.1111111111,100.0,61.8181818182,35.0877192982,53.1880205564
4mnq,22.2222222222,100.0,30.0,35.0877192982,51.5886939571
3ffc,22.2222222222,81.0055865922,30.9734513274,56.4102564103,48.9732208944
5bs0,11.1111111111,86.5921787709,37.1681415929,44.7368421053,46.2185939104
2e7l,33.3333333333,68.7150837989,31.8584070796,35.9649122807,45.3200256041
