pdb_id,pep_identity,mhc_identity,tcrA_identity,tcrB_identity,total_identity
5d2n,22.2222222222,99.4413407821,88.785046729,70.4347826087,67.0911592244
5eu6,11.1111111111,100.0,29.8245614035,88.5964912281,56.7738791423
