pdb_id,pep_identity,mhc_identity,tcrA_identity,tcrB_identity,total_identity
3o4l,33.3333333333,100.0,32.7272727273,26.3157894737,54.2849548113
4qrp,11.1111111111,81.0055865922,88.1818181818,41.592920354,52.3346889904
4mnq,22.2222222222,100.0,29.203539823,33.9285714286,51.2627592827
5eu6,11.1111111111,100.0,31.8584070796,47.7876106195,50.3113733202
2e7l,33.3333333333,68.7150837989,49.5495495495,32.4324324324,47.6798027077
