pdb_id,pep_identity,mhc_identity,tcrA_identity,tcrB_identity,total_identity
3qeq,11.1111111111,100.0,94.4444444444,32.4561403509,58.1871345029
3o4l,33.3333333333,100.0,30.2752293578,25.8620689655,53.8006608317
5d2n,22.2222222222,99.4413407821,30.0,41.7391304348,52.5110427406
4mnq,22.2222222222,100.0,33.9285714286,33.3333333333,51.9510582011
3ffc,22.2222222222,81.0055865922,38.9380530973,40.1709401709,47.5941018162
5bs0,11.1111111111,86.5921787709,32.7433628319,56.1403508772,47.3817155789
