pdb_id,pep_identity,mhc_identity,tcrA_identity,tcrB_identity,total_identity
3o4l,33.3333333333,100.0,60.1941747573,26.5486725664,58.9015856651
3gsn,22.2222222222,100.0,36.1111111111,54.8672566372,55.9038020321
2e7l,33.3333333333,68.7150837989,32.4324324324,54.5454545455,48.5124535404
