pdb_id,pep_identity,mhc_identity,tcrA_identity,tcrB_identity,total_identity
3o4l,33.3333333333,100.0,85.2941176471,31.5789473684,63.9232886137
5eu6,11.1111111111,100.0,39.8230088496,58.407079646,53.408718453
5men,22.2222222222,100.0,33.9285714286,35.7142857143,52.3478835979
3gsn,22.2222222222,100.0,32.4074074074,33.3333333333,51.6975308642
