pdb_id,pep_identity,mhc_identity,tcrA_identity,tcrB_identity,total_identity
5bs0,11.1111111111,86.5921787709,82.3008849558,93.6936936937,61.9001930689
5eu6,11.1111111111,100.0,87.610619469,45.1327433628,59.1609308423
2bnr,11.1111111111,100.0,86.7256637168,33.9285714286,57.1460762279
3o4l,33.3333333333,100.0,47.2727272727,26.9565217391,56.8159859464
4mnq,22.2222222222,100.0,37.1681415929,33.9285714286,52.590192911
3qdj,11.1111111111,100.0,42.7272727273,33.0357142857,49.6642015392
