pdb_id,pep_identity,mhc_identity,tcrA_identity,tcrB_identity,total_identity
3gsn,22.2222222222,100.0,32.4561403509,47.7876106195,54.1146992358
2e7l,33.3333333333,68.7150837989,25.2173913043,50.0,46.5523709281
3ffc,22.2222222222,81.0055865922,22.4137931034,32.4786324786,43.5580072018
