pdb_id,pep_identity,mhc_identity,tcrA_identity,tcrB_identity,total_identity
3o4l,33.3333333333,100.0,42.3423423423,28.4482758621,56.2428808118
5d2n,22.2222222222,99.4413407821,32.4324324324,57.3913043478,55.5251437982
3ffc,22.2222222222,81.0055865922,60.1769911504,56.4102564103,53.8404775316
4mnq,22.2222222222,100.0,30.4347826087,34.2105263158,51.5149588948
3qeq,11.1111111111,100.0,31.5315315315,38.5964912281,48.7250408303
2e7l,33.3333333333,68.7150837989,33.6283185841,36.8421052632,45.7612096853
5bs0,11.1111111111,86.5921787709,32.1739130435,46.4912280702,45.6786201463
