pdb_id,pep_identity,mhc_identity,tcrA_identity,tcrB_identity,total_identity
2bnq,11.1111111111,100.0,88.4955752212,56.7567567568,61.2457590334
4mnq,22.2222222222,100.0,39.8230088496,57.1428571429,56.9017184061
3o4l,33.3333333333,100.0,38.9380530973,25.4385964912,55.1738860425
3qdj,11.1111111111,100.0,43.3628318584,53.5714285714,53.1927471087
5bs0,11.1111111111,86.5921787709,84.0707964602,36.9369369369,52.7357188602
5d2n,22.2222222222,99.4413407821,23.6842105263,28.6956521739,49.2844981182
