pdb_id,pep_identity,mhc_identity,tcrA_identity,tcrB_identity,total_identity
3o4l,33.3333333333,100.0,28.6956521739,26.3157894737,53.6130180524
5eu6,11.1111111111,100.0,34.7826086957,50.4424778761,51.2412181323
3ffc,22.2222222222,81.0055865922,53.9130434783,44.4444444444,50.8021842586
2e7l,33.3333333333,68.7150837989,36.2068965517,34.2342342342,45.7563275084
