pdb_id,pep_identity,mhc_identity,tcrA_identity,tcrB_identity,total_identity
3qdj,11.1111111111,100.0,94.5454545455,40.1785714286,59.491041366
3o4l,33.3333333333,100.0,40.5405405405,27.1929824561,55.7333649439
5men,22.2222222222,100.0,34.2342342342,37.5,52.6964464464
5d2n,22.2222222222,99.4413407821,21.6216216216,41.7391304348,51.1146463442
5bs0,11.1111111111,86.5921787709,40.7079646018,58.9285714286,49.1738526324
