pdb_id,pep_identity,mhc_identity,tcrA_identity,tcrB_identity,total_identity
5eu6,11.1111111111,100.0,89.4736842105,42.2413793103,58.9895476238
5bs0,11.1111111111,86.5921787709,84.2105263158,64.347826087,57.3274886945
3o4l,33.3333333333,100.0,38.5964912281,23.7288135593,54.8319952423
5men,22.2222222222,100.0,39.4736842105,28.6956521739,52.1022968048
3qeq,11.1111111111,100.0,30.701754386,37.3913043478,48.3858801593
