pdb_id,pep_identity,mhc_identity,tcrA_identity,tcrB_identity,total_identity
4eup,11.1111111111,100.0,90.8256880734,54.4642857143,61.2520326683
3o4l,33.3333333333,100.0,39.4495412844,29.5652173913,55.9469042237
4mnq,22.2222222222,100.0,32.4324324324,49.5575221239,54.4057331668
2bnr,11.1111111111,100.0,42.4778761062,54.4642857143,53.1940640071
5d2n,22.2222222222,99.4413407821,20.1834862385,34.7826086957,49.7155368238
