pdb_id,pep_identity,mhc_identity,tcrA_identity,tcrB_identity,total_identity
3gsn,22.2222222222,100.0,34.8214285714,75.652173913,59.1530078215
3o4l,33.3333333333,100.0,31.5315315315,25.4237288136,53.9369878353
2e7l,33.3333333333,68.7150837989,26.9565217391,53.9130434783,47.4943999136
