pdb_id,pep_identity,mhc_identity,tcrA_identity,tcrB_identity,total_identity
3o4l,33.3333333333,100.0,57.5471698113,28.2051282051,58.7364941139
5eu6,11.1111111111,100.0,37.1681415929,90.4347826087,58.3041910706
5men,22.2222222222,100.0,30.6306306306,33.9130434783,51.4980197589
3ffc,22.2222222222,81.0055865922,33.9285714286,56.4102564103,49.4657409113
