pdb_id,pep_identity,mhc_identity,tcrA_identity,tcrB_identity,total_identity
3o4l,33.3333333333,100.0,32.7433628319,26.5486725664,54.3264503441
2e7l,33.3333333333,68.7150837989,70.796460177,32.1100917431,51.1672310308
4mnq,22.2222222222,100.0,29.8245614035,31.8181818182,51.0145312777
5eu6,11.1111111111,100.0,34.2105263158,37.1681415929,48.9334816885
3ffc,22.2222222222,81.0055865922,27.8260869565,37.6068376068,45.314757032
