pdb_id,pep_identity,mhc_identity,tcrA_identity,tcrB_identity,total_identity
3o4l,33.3333333333,100.0,83.8095238095,28.3185840708,63.1324624245
5men,22.2222222222,100.0,31.25,59.4594594595,55.858983984
3gsn,22.2222222222,100.0,31.5315315315,56.6371681416,55.4355240196
2bnr,11.1111111111,100.0,40.7079646018,63.0630630631,54.3322083145
3qdj,11.1111111111,100.0,39.6396396396,63.0630630631,54.1541541542
