pdb_id,pep_identity,mhc_identity,tcrA_identity,tcrB_identity,total_identity
3o4l,33.3333333333,100.0,39.0909090909,29.5652173913,55.8871321915
5d2n,22.2222222222,99.4413407821,28.8288288288,54.7826086957,54.4897605889
4qrp,11.1111111111,81.0055865922,49.5495495495,89.4736842105,53.8761048611
5men,22.2222222222,100.0,28.9473684211,35.3982300885,51.465007159
2e7l,33.3333333333,68.7150837989,62.1621621622,30.0884955752,49.391248667
3qdj,11.1111111111,100.0,34.2342342342,37.1681415929,48.9374330082
5bs0,11.1111111111,86.5921787709,33.3333333333,41.592920354,45.0554722419
