pdb_id,pep_identity,mhc_identity,tcrA_identity,tcrB_identity,total_identity
3o4l,33.3333333333,100.0,57.6923076923,26.0504201681,58.4015657545
5d2n,22.2222222222,99.4413407821,22.0183486239,76.0683760684,56.9023084502
4mnq,22.2222222222,100.0,28.5714285714,31.6239316239,50.7733007733
4eup,11.1111111111,100.0,47.7064220183,29.0598290598,49.8314122167
3ffc,22.2222222222,81.0055865922,33.6363636364,58.1196581197,49.7019398975
