pdb_id,pep_identity,mhc_identity,tcrA_identity,tcrB_identity,total_identity
3gsn,22.2222222222,100.0,36.036036036,46.017699115,54.4163632659
2e7l,33.3333333333,68.7150837989,25.8928571429,50.0,46.6649485679
3ffc,22.2222222222,81.0055865922,24.7787610619,31.6239316239,43.8097183858
