pdb_id,pep_identity,mhc_identity,tcrA_identity,tcrB_identity,total_identity
3o4l,33.3333333333,100.0,84.7619047619,26.0869565217,62.9192546584
5men,22.2222222222,100.0,35.7142857143,32.1428571429,52.0502645503
5eu6,11.1111111111,100.0,39.8230088496,48.6725663717,51.7862995739
5bs0,11.1111111111,86.5921787709,38.0530973451,70.2702702703,50.6216578966
