pdb_id,pep_identity,mhc_identity,tcrA_identity,tcrB_identity,total_identity
2bnq,11.1111111111,100.0,85.8407079646,52.6785714286,60.1235836026
3o4l,33.3333333333,100.0,36.6071428571,25.2173913043,54.7485334714
3qeq,11.1111111111,100.0,30.3571428571,57.5221238938,51.6835814955
5bs0,11.1111111111,86.5921787709,82.3008849558,31.8584070796,51.5943119666
5d2n,22.2222222222,99.4413407821,22.1238938053,27.8260869565,48.8795177951
2e7l,33.3333333333,68.7150837989,33.6283185841,54.4642857143,48.6982397605
