pdb_id,pep_identity,mhc_identity,tcrA_identity,tcrB_identity,total_identity
2bnq,11.1111111111,100.0,90.2654867257,60.3603603604,62.1413448847
5men,22.2222222222,100.0,40.7079646018,58.1818181818,57.2223712047
3o4l,33.3333333333,100.0,38.3928571429,25.6637168142,55.1205401039
3qdj,11.1111111111,100.0,43.75,53.1531531532,53.1875625626
5bs0,11.1111111111,86.5921787709,87.610619469,33.3333333333,52.7250887611
