pdb_id,pep_identity,mhc_identity,tcrA_identity,tcrB_identity,total_identity
3o4l,33.3333333333,100.0,28.6956521739,26.2711864407,53.6055842135
5eu6,11.1111111111,100.0,42.6086956522,35.0427350427,49.9789421529
3ffc,22.2222222222,81.0055865922,32.4786324786,33.3333333333,45.3779305735
2e7l,33.3333333333,68.7150837989,26.0869565217,31.3043478261,43.5813564354
