pdb_id,pep_identity,mhc_identity,tcrA_identity,tcrB_identity,total_identity
3o4l,33.3333333333,100.0,32.7272727273,26.5486725664,54.3237686601
4mnq,22.2222222222,100.0,33.3333333333,32.4324324324,51.7017017017
3qeq,11.1111111111,100.0,51.376146789,28.5714285714,50.3616329304
5bs0,11.1111111111,86.5921787709,37.1681415929,36.9369369369,44.9186097157
3ffc,22.2222222222,81.0055865922,29.4642857143,33.3333333333,44.8755394461
