pdb_id,pep_identity,mhc_identity,tcrA_identity,tcrB_identity,total_identity
5eu6,11.1111111111,100.0,42.4778761062,91.1504424779,59.3084234677
3o4l,33.3333333333,100.0,39.4495412844,28.0701754386,55.6977305649
5men,22.2222222222,100.0,32.4324324324,34.8214285714,51.9497175747
3ffc,22.2222222222,81.0055865922,33.0357142857,54.7008547009,49.0320311026
3qeq,11.1111111111,100.0,34.8623853211,34.5132743363,48.5996469799
