pdb_id,pep_identity,mhc_identity,tcrA_identity,tcrB_identity,total_identity
3o4l,33.3333333333,100.0,32.7433628319,25.0,54.0683382498
4mnq,22.2222222222,100.0,29.203539823,36.8421052632,51.7483482551
4qrp,11.1111111111,81.0055865922,89.3805309735,31.5789473684,50.8654789581
3qdj,11.1111111111,100.0,36.2831858407,37.7192982456,49.3707843848
2e7l,33.3333333333,68.7150837989,52.6315789474,31.8584070796,48.0978033819
5bs0,11.1111111111,86.5921787709,30.0884955752,39.4736842105,44.161459925
