pdb_id,pep_identity,mhc_identity,tcrA_identity,tcrB_identity,total_identity
5men,22.2222222222,100.0,32.1739130435,74.7826086957,58.5668276973
3o4l,33.3333333333,100.0,38.3928571429,27.9661016949,55.5042709174
3qdj,11.1111111111,100.0,34.8214285714,62.6086956522,53.2753910743
5d2n,22.2222222222,99.4413407821,34.8214285714,32.7586206897,51.817862545
3ffc,22.2222222222,81.0055865922,61.9469026549,32.4786324786,50.1468587937
2e7l,33.3333333333,68.7150837989,35.3982300885,56.5217391304,49.3361339139
