pdb_id,pep_identity,mhc_identity,tcrA_identity,tcrB_identity,total_identity
3o4l,33.3333333333,100.0,37.8378378378,26.0869565217,55.0985768377
5eu6,11.1111111111,100.0,49.5575221239,48.6725663717,53.408718453
5men,22.2222222222,100.0,37.5,32.1428571429,52.3478835979
3ffc,22.2222222222,81.0055865922,32.7433628319,45.2991452991,47.4163542933
