pdb_id,pep_identity,mhc_identity,tcrA_identity,tcrB_identity,total_identity
3o4l,33.3333333333,100.0,58.0952380952,27.3504273504,58.6853886854
5d2n,22.2222222222,99.4413407821,21.8181818182,68.1034482759,55.5414593505
4mnq,22.2222222222,100.0,30.0,28.4482758621,50.4821200511
3qdj,11.1111111111,100.0,42.7272727273,32.7586206897,49.6180192732
3ffc,22.2222222222,81.0055865922,34.2342342342,56.4102564103,49.5166847122
