pdb_id,pep_identity,mhc_identity,tcrA_identity,tcrB_identity,total_identity
5d2n,22.2222222222,99.4413407821,51.8518518519,49.5652173913,57.4573658753
3o4l,33.3333333333,100.0,20.9090909091,28.9473684211,52.7538543328
5men,22.2222222222,100.0,25.4545454545,35.3982300885,50.8828699979
3qeq,11.1111111111,100.0,29.0909090909,35.3982300885,47.7852269003
3ffc,22.2222222222,81.0055865922,27.9279279279,46.1538461538,46.7562319518
