pdb_id,pep_identity,mhc_identity,tcrA_identity,tcrB_identity,total_identity
2bnq,11.1111111111,100.0,88.4955752212,51.3513513514,60.3448581325
3o4l,33.3333333333,100.0,38.3928571429,30.9734513274,56.0054958562
5bs0,11.1111111111,86.5921787709,86.7256637168,37.8378378378,53.3283468865
3qeq,11.1111111111,100.0,32.1428571429,51.7857142857,51.0251322751
5d2n,22.2222222222,99.4413407821,23.0088495575,33.9130434783,50.0415031741
2e7l,33.3333333333,68.7150837989,37.1681415929,49.0909090909,48.3926474914
