pdb_id,pep_identity,mhc_identity,tcrA_identity,tcrB_identity,total_identity
5men,22.2222222222,100.0,28.4482758621,75.2212389381,58.0189932074
3o4l,33.3333333333,100.0,30.1724137931,27.5862068966,54.0708812261
3qdj,11.1111111111,100.0,29.3103448276,62.8318584071,52.3940709095
5d2n,22.2222222222,99.4413407821,27.5862068966,33.0434782609,50.6594685277
2e7l,33.3333333333,68.7150837989,37.6068376068,58.407079646,50.0184585862
3ffc,22.2222222222,81.0055865922,53.4482758621,35.8974358974,49.3002215647
