pdb_id,pep_identity,mhc_identity,tcrA_identity,tcrB_identity,total_identity
4eup,11.1111111111,100.0,89.9082568807,36.9369369369,58.1779026733
3o4l,33.3333333333,100.0,41.2844036697,27.1929824561,55.8573421321
4mnq,22.2222222222,100.0,32.4324324324,34.8214285714,51.9497175747
5d2n,22.2222222222,99.4413407821,22.0183486239,40.8695652174,51.035839975
5bs0,11.1111111111,86.5921787709,39.8230088496,61.2612612613,49.4151416458
3ffc,22.2222222222,81.0055865922,33.9285714286,41.8803418803,47.0440884896
