pdb_id,pep_identity,mhc_identity,tcrA_identity,tcrB_identity,total_identity
5eu6,11.1111111111,100.0,87.610619469,50.0,59.9721402819
2p5e,11.1111111111,100.0,81.4159292035,34.5132743363,56.3585709603
3o4l,33.3333333333,100.0,37.6146788991,27.8260869565,55.3512387537
5bs0,11.1111111111,86.5921787709,79.6460176991,38.5964912281,52.2748481152
