pdb_id,pep_identity,mhc_identity,tcrA_identity,tcrB_identity,total_identity
3o4l,33.3333333333,100.0,34.2342342342,26.3157894737,54.5361150624
5eu6,11.1111111111,100.0,39.4736842105,53.0973451327,52.4655419276
5men,22.2222222222,100.0,34.8214285714,35.3982300885,52.4440171841
3ffc,22.2222222222,81.0055865922,27.4336283186,47.8632478632,46.9587489684
2e7l,33.3333333333,68.7150837989,26.9565217391,34.8214285714,44.3124640958
