pdb_id,pep_identity,mhc_identity,tcrA_identity,tcrB_identity,total_identity
4mnq,22.2222222222,100.0,29.0909090909,50.0,53.9225589226
3o4l,33.3333333333,100.0,26.1682242991,29.8245614035,53.7765753949
4eup,11.1111111111,100.0,27.5229357798,54.954954955,50.7833521595
2e7l,33.3333333333,68.7150837989,31.8584070796,50.4504504505,47.7342819658
3ffc,22.2222222222,81.0055865922,26.1261261261,34.188034188,44.4616296572
5bs0,11.1111111111,86.5921787709,29.203539823,35.7142857143,43.3874008836
