pdb_id,pep_identity,mhc_identity,tcrA_identity,tcrB_identity,total_identity
3o4l,33.3333333333,100.0,34.5794392523,31.5789473684,55.4708422146
5men,22.2222222222,100.0,34.2342342342,29.4642857143,51.3571607322
3qeq,11.1111111111,100.0,51.8867924528,29.4642857143,50.5955500649
5bs0,11.1111111111,86.5921787709,38.9380530973,62.5,49.4741054769
3ffc,22.2222222222,81.0055865922,28.1818181818,37.6068376068,45.3740455696
