pdb_id,pep_identity,mhc_identity,tcrA_identity,tcrB_identity,total_identity
3o4l,33.3333333333,100.0,30.3571428571,29.203539823,54.3712248911
4mnq,22.2222222222,100.0,30.0884955752,48.6486486486,53.8635981114
2e7l,33.3333333333,68.7150837989,60.7142857143,51.8181818182,52.7715502995
4eup,11.1111111111,100.0,33.9285714286,56.7567567568,52.1512584013
3ffc,22.2222222222,81.0055865922,28.0701754386,35.8974358974,45.0705381608
5bs0,11.1111111111,86.5921787709,35.0877192982,38.7387387387,44.8721729669
