pdb_id,pep_identity,mhc_identity,tcrA_identity,tcrB_identity,total_identity
3o4l,33.3333333333,100.0,30.6306306306,26.724137931,54.0035725381
5eu6,11.1111111111,100.0,30.701754386,56.1403508772,51.5107212476
4mnq,22.2222222222,100.0,27.1929824561,33.3333333333,50.828460039
2e7l,33.3333333333,68.7150837989,58.5585585586,34.2105263158,49.4776531898
4qrp,11.1111111111,81.0055865922,52.2522522523,57.0175438596,48.9171985864
