pdb_id,pep_identity,mhc_identity,tcrA_identity,tcrB_identity,total_identity
3gsn,22.2222222222,100.0,44.9541284404,54.8672566372,57.3776382537
2e7l,33.3333333333,68.7150837989,33.3333333333,54.5454545455,48.6626036905
3ffc,22.2222222222,81.0055865922,40.7079646018,29.0598290598,46.0372352151
