pdb_id,pep_identity,mhc_identity,tcrA_identity,tcrB_identity,total_identity
3o4l,33.3333333333,100.0,37.5,54.4642857143,59.7718253968
5men,22.2222222222,100.0,37.5,32.1428571429,52.3478835979
5eu6,11.1111111111,100.0,50.4424778761,34.2105263158,51.145871069
3qeq,11.1111111111,100.0,37.8378378378,28.9473684211,48.1679047469
