pdb_id,pep_identity,mhc_identity,tcrA_identity,tcrB_identity,total_identity
3gsn,22.2222222222,100.0,33.0275229358,56.6371681416,55.6848559203
2e7l,33.3333333333,68.7150837989,30.6306306306,55.8558558559,48.4305534585
3ffc,22.2222222222,81.0055865922,31.25,32.4786324786,45.0307083512
