pdb_id,pep_identity,mhc_identity,tcrA_identity,tcrB_identity,total_identity
5d2n,22.2222222222,99.4413407821,26.3636363636,76.5217391304,57.7020835838
3o4l,33.3333333333,100.0,34.8623853211,28.0701754386,54.9332045711
5men,22.2222222222,100.0,36.2831858407,33.3333333333,52.3434939364
3ffc,22.2222222222,81.0055865922,29.203539823,57.264957265,48.8206857861
3qdj,11.1111111111,100.0,38.1818181818,32.1428571429,48.7578162578
5bs0,11.1111111111,86.5921787709,40.7079646018,46.4285714286,47.0905192991
