pdb_id,pep_identity,mhc_identity,tcrA_identity,tcrB_identity,total_identity
3o4l,33.3333333333,100.0,38.7387387387,55.3571428571,60.1270913771
5eu6,11.1111111111,100.0,89.3805309735,35.0877192982,57.7817454157
2f54,11.1111111111,100.0,85.8407079646,33.6283185841,56.9485414618
5bs0,11.1111111111,86.5921787709,83.185840708,30.9734513274,51.5943119666
