pdb_id,pep_identity,mhc_identity,tcrA_identity,tcrB_identity,total_identity
3gsn,22.2222222222,100.0,38.8888888889,49.5575221239,55.4818092429
2e7l,33.3333333333,68.7150837989,27.9279279279,50.0,47.0041270321
5bs0,11.1111111111,86.5921787709,36.2831858407,40.0,45.2816276008
3ffc,22.2222222222,81.0055865922,30.0,35.0427350427,45.2497254453
