pdb_id,pep_identity,mhc_identity,tcrA_identity,tcrB_identity,total_identity
3gsn,22.2222222222,100.0,88.9908256881,50.0,63.9058783554
4eup,11.1111111111,100.0,41.8181818182,89.3805309735,58.903489169
4mnq,22.2222222222,100.0,36.6071428571,50.0,55.1752645503
3o4l,33.3333333333,100.0,34.8623853211,26.724137931,54.7088649865
2p5w,11.1111111111,100.0,41.592920354,50.8771929825,52.4487225931
