pdb_id,pep_identity,mhc_identity,tcrA_identity,tcrB_identity,total_identity
5men,22.2222222222,100.0,86.3636363636,30.3571428571,60.1942039442
3o4l,33.3333333333,100.0,32.7433628319,27.1929824561,54.4338353258
5d2n,22.2222222222,99.4413407821,24.1071428571,43.4782608696,51.8187549559
5bs0,11.1111111111,86.5921787709,39.8230088496,63.963963964,49.8655920963
3qdj,11.1111111111,100.0,35.7142857143,34.8214285714,48.792989418
