pdb_id,pep_identity,mhc_identity,tcrA_identity,tcrB_identity,total_identity
5d2n,22.2222222222,99.4413407821,22.8070175439,68.6956521739,55.8049659544
3o4l,33.3333333333,100.0,29.203539823,26.9565217391,53.8044547048
5men,22.2222222222,100.0,28.0701754386,27.1929824561,49.9512670565
2e7l,33.3333333333,68.7150837989,55.7522123894,33.6283185841,48.9128942063
3ffc,22.2222222222,81.0055865922,27.8260869565,57.264957265,48.5911103084
3qdj,11.1111111111,100.0,32.7433628319,31.5789473684,47.7574220704
5bs0,11.1111111111,86.5921787709,32.4561403509,46.4912280702,45.7256580309
