pdb_id,pep_identity,mhc_identity,tcrA_identity,tcrB_identity,total_identity
5men,22.2222222222,100.0,29.8245614035,77.1929824561,58.5769980507
3o4l,33.3333333333,100.0,31.8181818182,27.3504273504,54.3058793059
2e7l,33.3333333333,68.7150837989,61.2612612613,56.1403508772,53.5830744005
3qdj,11.1111111111,100.0,36.036036036,61.4035087719,53.2769611717
5d2n,22.2222222222,99.4413407821,26.1261261261,31.3043478261,50.1262666602
