pdb_id,pep_identity,mhc_identity,tcrA_identity,tcrB_identity,total_identity
3o4l,33.3333333333,100.0,58.2524271845,27.8260869565,58.7908634679
3gsn,22.2222222222,100.0,33.3333333333,34.5132743363,52.0485086857
5bs0,11.1111111111,86.5921787709,35.3982300885,63.7168141593,49.0869373353
