pdb_id,pep_identity,mhc_identity,tcrA_identity,tcrB_identity,total_identity
5d2n,22.2222222222,99.4413407821,25.8928571429,57.3913043478,54.4352145832
4qrp,11.1111111111,81.0055865922,52.2522522523,76.3157894737,52.1335728554
4mnq,22.2222222222,100.0,31.5789473684,31.5789473684,51.2670565302
2e7l,33.3333333333,68.7150837989,60.3603603604,30.701754386,49.1931581685
3qdj,11.1111111111,100.0,36.036036036,34.2105263158,48.744797429
5bs0,11.1111111111,86.5921787709,30.701754386,44.7368421053,45.1408627092
