pdb_id,pep_identity,mhc_identity,tcrA_identity,tcrB_identity,total_identity
3o4l,33.3333333333,100.0,34.5794392523,30.0884955752,55.2224335824
5men,22.2222222222,100.0,34.2342342342,50.4504504505,54.8548548549
3qeq,11.1111111111,100.0,51.8867924528,52.6785714286,54.4645976839
2e7l,33.3333333333,68.7150837989,27.9279279279,50.0,47.0041270321
5bs0,11.1111111111,86.5921787709,38.9380530973,40.0,45.7241054769
3ffc,22.2222222222,81.0055865922,28.1818181818,35.0427350427,44.9466951422
