pdb_id,pep_identity,mhc_identity,tcrA_identity,tcrB_identity,total_identity
5men,22.2222222222,100.0,39.2857142857,52.6785714286,56.0681216931
3o4l,33.3333333333,100.0,39.2857142857,23.6842105263,54.9394319131
3qeq,11.1111111111,100.0,36.9369369369,57.1428571429,52.717002717
5d2n,22.2222222222,99.4413407821,26.5486725664,28.6956521739,49.7619084582
2e7l,33.3333333333,68.7150837989,25.6637168142,54.954954955,47.4525843389
5bs0,11.1111111111,86.5921787709,45.1327433628,32.1428571429,45.447030045
