pdb_id,pep_identity,mhc_identity,tcrA_identity,tcrB_identity,total_identity
5men,22.2222222222,100.0,35.7142857143,47.7477477477,54.6510796511
3o4l,33.3333333333,100.0,29.203539823,29.203539823,54.1789577188
3qeq,11.1111111111,100.0,43.75,58.9285714286,54.1501322751
2e7l,33.3333333333,68.7150837989,25.6637168142,50.0,46.6267585131
3ffc,22.2222222222,81.0055865922,30.4347826087,34.188034188,45.1797390709
5bs0,11.1111111111,86.5921787709,35.9649122807,36.036036036,44.5679213468
