pdb_id,pep_identity,mhc_identity,tcrA_identity,tcrB_identity,total_identity
3o4l,33.3333333333,100.0,30.6306306306,24.3697478992,53.6111741994
5eu6,11.1111111111,100.0,32.7433628319,40.1709401709,49.1894208708
3ffc,22.2222222222,81.0055865922,33.6283185841,39.3162393162,46.5666959215
2e7l,33.3333333333,68.7150837989,31.8584070796,26.724137931,43.7798965459
