pdb_id,pep_identity,mhc_identity,tcrA_identity,tcrB_identity,total_identity
5d2n,22.2222222222,99.4413407821,49.5412844037,33.0434782609,54.3186481122
5men,22.2222222222,100.0,23.4234234234,33.0357142857,50.1505970256
3qdj,11.1111111111,100.0,21.6216216216,31.25,45.848973974
3ffc,22.2222222222,81.0055865922,28.5714285714,34.188034188,44.8691800647
2e7l,33.3333333333,68.7150837989,27.8260869565,29.7297297297,43.6087751584
