pdb_id,pep_identity,mhc_identity,tcrA_identity,tcrB_identity,total_identity
3gsn,22.2222222222,100.0,88.0733944954,55.7522123894,64.7116752215
5men,22.2222222222,100.0,39.6396396396,56.25,56.7223473473
3o4l,33.3333333333,100.0,33.0275229358,26.3157894737,54.3349965127
4eup,11.1111111111,100.0,36.3636363636,61.2612612613,53.3078533079
2p5w,11.1111111111,100.0,39.8230088496,56.25,53.0492051786
