pdb_id,pep_identity,mhc_identity,tcrA_identity,tcrB_identity,total_identity
3o4l,33.3333333333,100.0,46.7889908257,33.6283185841,57.8473293461
5men,22.2222222222,100.0,33.6283185841,60.3603603604,56.4055205648
3qeq,11.1111111111,100.0,38.5321100917,74.1071428571,55.8102458619
5d2n,22.2222222222,99.4413407821,26.3636363636,32.1739130435,50.310779236
2e7l,33.3333333333,68.7150837989,35.1351351351,60.9090909091,50.0235100514
