pdb_id,pep_identity,mhc_identity,tcrA_identity,tcrB_identity,total_identity
3o4l,33.3333333333,100.0,33.3333333333,27.1929824561,54.5321637427
3qdj,11.1111111111,100.0,62.962962963,34.2342342342,53.2365699032
4mnq,22.2222222222,100.0,30.0,30.6306306306,50.8458458458
5bs0,11.1111111111,86.5921787709,37.1681415929,64.8648648649,49.5732643703
3ffc,22.2222222222,81.0055865922,30.3571428571,38.4615384615,45.8790498246
2e7l,33.3333333333,68.7150837989,32.4324324324,27.9279279279,44.0761991041
