pdb_id,pep_identity,mhc_identity,tcrA_identity,tcrB_identity,total_identity
3o4l,33.3333333333,100.0,32.4324324324,53.5714285714,58.7784212784
5men,22.2222222222,100.0,40.0,30.0884955752,52.4221566699
3qeq,11.1111111111,100.0,42.7272727273,36.8421052632,50.2986000354
5d2n,22.2222222222,99.4413407821,20.5357142857,31.0344827586,49.1495538422
