pdb_id,pep_identity,mhc_identity,tcrA_identity,tcrB_identity,total_identity
3o4l,33.3333333333,100.0,58.6538461538,26.9565217391,58.7128390933
5d2n,22.2222222222,99.4413407821,22.9357798165,68.6956521739,55.8264263332
5men,22.2222222222,100.0,30.3571428571,27.1929824561,50.332428293
3ffc,22.2222222222,81.0055865922,38.1818181818,56.4102564103,50.1746153701
3qdj,11.1111111111,100.0,43.119266055,31.5789473684,49.4867392743
