pdb_id,pep_identity,mhc_identity,tcrA_identity,tcrB_identity,total_identity
3qdj,11.1111111111,100.0,90.7407407407,63.3928571429,62.7259700176
3gsn,22.2222222222,100.0,39.4495412844,75.2212389381,59.8525374445
5men,22.2222222222,100.0,36.9369369369,76.7857142857,59.6945159445
2pye,11.1111111111,100.0,42.4778761062,76.7857142857,56.9143021024
3o4l,33.3333333333,100.0,41.2844036697,28.6956521739,56.1077870851
