pdb_id,pep_identity,mhc_identity,tcrA_identity,tcrB_identity,total_identity
4eup,11.1111111111,100.0,37.2727272727,87.7192982456,57.8690412901
5men,22.2222222222,100.0,34.2342342342,53.0434782609,55.2870261566
3o4l,33.3333333333,100.0,33.0275229358,27.3504273504,54.5074361588
5d2n,22.2222222222,99.4413407821,27.2727272727,30.1724137931,50.1287111791
2e7l,33.3333333333,68.7150837989,29.203539823,54.3859649123,47.9477231666
