pdb_id,pep_identity,mhc_identity,tcrA_identity,tcrB_identity,total_identity
3o4l,33.3333333333,100.0,28.6956521739,28.9473684211,54.0516145436
4mnq,22.2222222222,100.0,30.0884955752,37.8378378378,52.0617963096
3qdj,11.1111111111,100.0,34.7826086957,40.5405405405,49.5908952431
5bs0,11.1111111111,86.5921787709,30.4347826087,66.6666666667,48.7513381732
2e7l,33.3333333333,68.7150837989,58.2608695652,29.7297297297,48.6812389266
4qrp,11.1111111111,81.0055865922,46.9565217391,42.1052631579,45.5491967173
