pdb_id,pep_identity,mhc_identity,tcrA_identity,tcrB_identity,total_identity
3o4l,33.3333333333,100.0,33.3333333333,27.3504273504,54.5584045584
5men,22.2222222222,100.0,30.6306306306,35.652173913,51.7878748314
3qdj,11.1111111111,100.0,38.3177570093,33.9130434783,49.075503785
3ffc,22.2222222222,81.0055865922,33.6363636364,32.4786324786,45.428435624
2e7l,33.3333333333,68.7150837989,35.1351351351,28.0701754386,44.550357473
