pdb_id,pep_identity,mhc_identity,tcrA_identity,tcrB_identity,total_identity
3o4l,33.3333333333,100.0,30.0884955752,29.5652173913,54.3867299389
5men,22.2222222222,100.0,30.701754386,48.6725663717,53.9697942003
2e7l,33.3333333333,68.7150837989,59.2920353982,50.8928571429,52.3802878009
4eup,11.1111111111,100.0,33.6283185841,57.1428571429,52.1655663249
3ffc,22.2222222222,81.0055865922,27.8260869565,38.4615384615,45.4572071745
5bs0,11.1111111111,86.5921787709,31.5789473684,39.8230088496,44.4680893304
