pdb_id,pep_identity,mhc_identity,tcrA_identity,tcrB_identity,total_identity
3o4l,33.3333333333,100.0,33.3333333333,27.3504273504,54.5584045584
5men,22.2222222222,100.0,33.0357142857,31.3043478261,51.464084426
3qeq,11.1111111111,100.0,48.1818181818,26.0869565217,49.4151661543
3ffc,22.2222222222,81.0055865922,26.5486725664,32.4786324786,44.247153779
5bs0,11.1111111111,86.5921787709,35.9649122807,33.9130434783,44.2140892538
