pdb_id,pep_identity,mhc_identity,tcrA_identity,tcrB_identity,total_identity
3o4l,33.3333333333,100.0,57.6923076923,27.4336283186,58.6321004463
5d2n,22.2222222222,99.4413407821,22.0183486239,48.6956521739,52.3401878011
4mnq,22.2222222222,100.0,28.5714285714,34.2342342342,51.2083512084
4eup,11.1111111111,100.0,47.7064220183,34.8214285714,50.791678802
3ffc,22.2222222222,81.0055865922,33.6363636364,46.1538461538,47.7076379032
