pdb_id,pep_identity,mhc_identity,tcrA_identity,tcrB_identity,total_identity
3o4l,33.3333333333,100.0,31.25,27.5862068966,54.2504789272
4mnq,22.2222222222,100.0,28.9473684211,32.4561403509,50.9746588694
5eu6,11.1111111111,100.0,35.0877192982,47.8260869565,50.8560047462
2e7l,33.3333333333,68.7150837989,58.9285714286,33.6283185841,49.4422873795
3ffc,22.2222222222,81.0055865922,31.5789473684,44.4444444444,47.0798349069
