pdb_id,pep_identity,mhc_identity,tcrA_identity,tcrB_identity,total_identity
3qeq,11.1111111111,100.0,94.4444444444,54.4642857143,61.8551587302
3gsn,22.2222222222,100.0,42.2018348624,49.5575221239,56.0339669051
4mnq,22.2222222222,100.0,33.9285714286,52.2522522523,55.1042113542
3o4l,33.3333333333,100.0,30.2752293578,30.9734513274,54.652557892
2p5w,11.1111111111,100.0,32.7433628319,51.7857142857,51.1252165566
