pdb_id,pep_identity,mhc_identity,tcrA_identity,tcrB_identity,total_identity
5d2n,22.2222222222,99.4413407821,50.0,55.652173913,58.1632166536
3o4l,33.3333333333,100.0,21.4285714286,30.701754386,53.1328320802
3ffc,22.2222222222,81.0055865922,26.5486725664,73.5042735043,51.0847606166
4mnq,22.2222222222,100.0,21.4285714286,33.0357142857,49.8181216931
3qeq,11.1111111111,100.0,29.4642857143,34.5132743363,47.6999637121
