pdb_id,pep_identity,mhc_identity,tcrA_identity,tcrB_identity,total_identity
5d2n,22.2222222222,99.4413407821,25.9259259259,67.8260869565,56.1798564819
3o4l,33.3333333333,100.0,34.8623853211,29.203539823,55.1220986351
3qdj,11.1111111111,100.0,64.8148148148,36.6071428571,53.940696649
4mnq,22.2222222222,100.0,30.9090909091,33.0357142857,51.3982082732
3ffc,22.2222222222,81.0055865922,31.25,52.9914529915,48.44951177
5bs0,11.1111111111,86.5921787709,37.1681415929,45.5357142857,46.3517392738
2e7l,33.3333333333,68.7150837989,35.1351351351,31.5315315315,45.1272501552
