pdb_id,pep_identity,mhc_identity,tcrA_identity,tcrB_identity,total_identity
4eup,11.1111111111,100.0,88.0733944954,33.3333333333,57.2714916752
3o4l,33.3333333333,100.0,48.1481481481,21.9298245614,56.1241065627
4mnq,22.2222222222,100.0,32.4324324324,29.4642857143,51.0568604319
5d2n,22.2222222222,99.4413407821,23.1481481481,36.5217391304,50.4995022145
2e7l,33.3333333333,68.7150837989,35.1351351351,37.8378378378,46.1783012062
