pdb_id,pep_identity,mhc_identity,tcrA_identity,tcrB_identity,total_identity
2bnq,11.1111111111,100.0,88.4955752212,50.4424778761,60.1933792199
3o4l,33.3333333333,100.0,38.3928571429,29.3103448276,55.7283114395
5bs0,11.1111111111,86.5921787709,86.7256637168,34.2105263158,52.7237949661
3qeq,11.1111111111,100.0,32.1428571429,51.7543859649,51.0199108883
2e7l,33.3333333333,68.7150837989,36.2831858407,55.7522123894,49.3553720824
5d2n,22.2222222222,99.4413407821,23.0088495575,29.5652173913,49.3168654929
