pdb_id,pep_identity,mhc_identity,tcrA_identity,tcrB_identity,total_identity
5d2n,22.2222222222,99.4413407821,89.8148148148,33.0434782609,61.0309031807
3o4l,33.3333333333,100.0,20.9090909091,30.0884955752,52.9440421918
5men,22.2222222222,100.0,22.7272727273,50.4504504505,52.937027937
3qeq,11.1111111111,100.0,28.1818181818,52.6785714286,50.5137686388
