pdb_id,pep_identity,mhc_identity,tcrA_identity,tcrB_identity,total_identity
3o4l,33.3333333333,100.0,35.1851851852,30.0884955752,55.3233912378
5men,22.2222222222,100.0,34.2342342342,50.4504504505,54.8548548549
3qeq,11.1111111111,100.0,51.4018691589,52.6785714286,54.3837771349
2e7l,33.3333333333,68.7150837989,26.7857142857,50.0,46.8137580917
5bs0,11.1111111111,86.5921787709,36.2831858407,40.0,45.2816276008
3ffc,22.2222222222,81.0055865922,29.0909090909,35.0427350427,45.0982102937
