pdb_id,pep_identity,mhc_identity,tcrA_identity,tcrB_identity,total_identity
3o4l,33.3333333333,100.0,33.0434782609,27.5862068966,54.5493919707
4mnq,22.2222222222,100.0,28.6956521739,32.4561403509,50.9327061615
3ffc,22.2222222222,81.0055865922,58.2608695652,30.7692307692,49.2476196605
5eu6,11.1111111111,100.0,36.5217391304,33.9130434783,48.7761674718
2e7l,33.3333333333,68.7150837989,32.7586206897,30.0884955752,44.4906584216
