pdb_id,pep_identity,mhc_identity,tcrA_identity,tcrB_identity,total_identity
3o4l,33.3333333333,100.0,29.3577981651,28.9473684211,54.1619722088
4mnq,22.2222222222,100.0,29.7297297297,37.8378378378,52.002002002
3qdj,11.1111111111,100.0,37.962962963,40.5405405405,50.1209542876
5bs0,11.1111111111,86.5921787709,30.9734513274,66.6666666667,48.841116293
3ffc,22.2222222222,81.0055865922,30.3571428571,41.0256410256,46.3064002519
2e7l,33.3333333333,68.7150837989,30.6306306306,29.7297297297,44.0761991041
