pdb_id,pep_identity,mhc_identity,tcrA_identity,tcrB_identity,total_identity
3o4l,33.3333333333,100.0,34.2342342342,26.9565217391,54.6429037733
4mnq,22.2222222222,100.0,28.0701754386,33.6283185841,51.0238230779
2e7l,33.3333333333,68.7150837989,70.2702702703,29.4642857143,50.6385650415
5eu6,11.1111111111,100.0,33.3333333333,36.8421052632,48.7329434698
3ffc,22.2222222222,81.0055865922,28.9473684211,35.0427350427,45.0742868488
