pdb_id,pep_identity,mhc_identity,tcrA_identity,tcrB_identity,total_identity
3qdj,11.1111111111,100.0,90.7407407407,31.8584070796,57.4702283404
3o4l,33.3333333333,100.0,39.8148148148,26.9565217391,55.5730005368
5men,22.2222222222,100.0,34.2342342342,34.5132743363,52.1986588358
5d2n,22.2222222222,99.4413407821,21.2962962963,46.0869565217,51.7850631378
5bs0,11.1111111111,86.5921787709,43.3628318584,44.6428571429,47.2353781276
3ffc,22.2222222222,81.0055865922,33.9285714286,42.735042735,47.1865386321
