pdb_id,pep_identity,mhc_identity,tcrA_identity,tcrB_identity,total_identity
3o4l,33.3333333333,100.0,84.7619047619,33.6206896552,64.1748768473
3ffc,22.2222222222,81.0055865922,33.0357142857,87.1794871795,54.4451365157
5eu6,11.1111111111,100.0,39.8230088496,57.8947368421,53.3233279856
3gsn,22.2222222222,100.0,34.2342342342,35.9649122807,52.4405984932
5men,22.2222222222,100.0,35.7142857143,31.5789473684,51.9562795879
