pdb_id,pep_identity,mhc_identity,tcrA_identity,tcrB_identity,total_identity
3o4l,33.3333333333,100.0,31.5315315315,25.641025641,53.9732039732
5bs0,11.1111111111,86.5921787709,29.8245614035,92.0353982301,52.8777565663
5men,22.2222222222,100.0,29.4642857143,32.4561403509,51.0608117516
2e7l,33.3333333333,68.7150837989,68.4684684685,28.9473684211,50.252111859
4eup,11.1111111111,100.0,28.5714285714,37.7192982456,48.0854915065
3ffc,22.2222222222,81.0055865922,26.3157894737,41.0256410256,45.6328413547
