pdb_id,pep_identity,mhc_identity,tcrA_identity,tcrB_identity,total_identity
5d2n,22.2222222222,99.4413407821,26.1261261261,76.5217391304,57.6624985442
3o4l,33.3333333333,100.0,33.6363636364,28.2051282051,54.7513597514
5men,22.2222222222,100.0,37.8378378378,32.1739130435,52.4093658876
3qeq,11.1111111111,100.0,50.4587155963,34.7826086957,51.243924419
3ffc,22.2222222222,81.0055865922,27.6785714286,64.1025641026,49.7061255267
5bs0,11.1111111111,86.5921787709,37.1681415929,48.6956521739,46.8783955885
