pdb_id,pep_identity,mhc_identity,tcrA_identity,tcrB_identity,total_identity
3o4l,33.3333333333,100.0,32.7272727273,27.8260869565,54.5366710584
5men,22.2222222222,100.0,45.871559633,35.3982300885,54.2857056943
5eu6,11.1111111111,100.0,40.7079646018,59.2920353982,53.7037037037
3ffc,22.2222222222,81.0055865922,29.4642857143,52.1367521368,48.00944258
2e7l,33.3333333333,68.7150837989,28.5714285714,36.2831858407,44.8252414461
