pdb_id,pep_identity,mhc_identity,tcrA_identity,tcrB_identity,total_identity
3o4l,33.3333333333,100.0,57.6923076923,25.641025641,58.3333333333
5bs0,11.1111111111,86.5921787709,36.2831858407,86.8421052632,53.0886451447
5d2n,22.2222222222,99.4413407821,22.0183486239,53.0434782609,53.0648254822
4mnq,22.2222222222,100.0,28.5714285714,30.701754386,50.619604567
4eup,11.1111111111,100.0,47.7064220183,31.5789473684,50.2512652682
