pdb_id,pep_identity,mhc_identity,tcrA_identity,tcrB_identity,total_identity
3o4l,33.3333333333,100.0,31.5315315315,28.6956521739,54.4823083954
5men,22.2222222222,100.0,30.9734513274,46.9026548673,53.7200917732
2e7l,33.3333333333,68.7150837989,62.1621621622,49.1071428571,52.561023214
3qeq,11.1111111111,100.0,27.027027027,58.407079646,51.2760548159
4qrp,11.1111111111,81.0055865922,48.6486486486,39.8230088496,45.4508421508
