pdb_id,pep_identity,mhc_identity,tcrA_identity,tcrB_identity,total_identity
5men,22.2222222222,100.0,37.8378378378,51.3513513514,55.6056056056
3o4l,33.3333333333,100.0,33.6363636364,30.9734513274,55.2127469384
3qeq,11.1111111111,100.0,50.4587155963,53.5714285714,54.3753943983
2e7l,33.3333333333,68.7150837989,26.3157894737,50.9090909091,46.8869524412
5bs0,11.1111111111,86.5921787709,37.1681415929,40.0,45.4291202262
3ffc,22.2222222222,81.0055865922,27.6785714286,35.0427350427,44.8628206834
