pdb_id,pep_identity,mhc_identity,tcrA_identity,tcrB_identity,total_identity
5men,22.2222222222,100.0,37.5,51.3513513514,55.5492992993
3o4l,33.3333333333,100.0,28.3185840708,30.0884955752,54.1789577188
3qeq,11.1111111111,100.0,41.9642857143,53.5714285714,52.9596560847
2e7l,33.3333333333,68.7150837989,25.6637168142,50.0,46.6267585131
3ffc,22.2222222222,81.0055865922,30.4347826087,35.8974358974,45.4646393558
5bs0,11.1111111111,86.5921787709,35.0877192982,38.7387387387,44.8721729669
