pdb_id,pep_identity,mhc_identity,tcrA_identity,tcrB_identity,total_identity
3o4l,33.3333333333,100.0,86.4077669903,29.8245614035,63.8164991767
3ffc,22.2222222222,81.0055865922,32.7272727273,88.0341880342,54.5361797317
5eu6,11.1111111111,100.0,40.7079646018,58.407079646,53.5562110783
5men,22.2222222222,100.0,33.9285714286,36.9369369369,52.5516588017
3gsn,22.2222222222,100.0,33.9449541284,30.701754386,51.5151921598
