pdb_id,pep_identity,mhc_identity,tcrA_identity,tcrB_identity,total_identity
3qdj,11.1111111111,100.0,89.8148148148,30.0884955752,57.020922102
3o4l,33.3333333333,100.0,40.7407407407,23.4782608696,55.1476113795
5men,22.2222222222,100.0,34.2342342342,30.0884955752,51.461195709
5d2n,22.2222222222,99.4413407821,23.1481481481,33.0434782609,49.9197920696
