pdb_id,pep_identity,mhc_identity,tcrA_identity,tcrB_identity,total_identity
3o4l,33.3333333333,100.0,85.2941176471,33.6206896552,64.2635789948
3ffc,22.2222222222,81.0055865922,30.9090909091,87.1794871795,54.0906992862
5eu6,11.1111111111,100.0,38.9380530973,57.8947368421,53.1758353603
3gsn,22.2222222222,100.0,32.4074074074,35.9649122807,52.1361273554
5men,22.2222222222,100.0,33.0357142857,31.5789473684,51.5098510164
