pdb_id,pep_identity,mhc_identity,tcrA_identity,tcrB_identity,total_identity
3gsn,22.2222222222,100.0,34.8214285714,89.3805309735,61.4410673316
5men,22.2222222222,100.0,31.5315315315,90.1785714286,61.0257579008
3o4l,33.3333333333,100.0,28.5714285714,28.6956521739,53.988957902
3qdj,11.1111111111,100.0,36.036036036,63.3928571429,53.6085192335
