pdb_id,pep_identity,mhc_identity,tcrA_identity,tcrB_identity,total_identity
3o4l,33.3333333333,100.0,44.9541284404,30.0884955752,56.951548447
5men,22.2222222222,100.0,33.3333333333,50.4504504505,54.7047047047
4eup,11.1111111111,100.0,44.1441441441,58.5585585586,54.1541541542
5d2n,22.2222222222,99.4413407821,23.6363636364,33.0434782609,50.0011613177
2e7l,33.3333333333,68.7150837989,34.2342342342,50.0,48.0551780831
3ffc,22.2222222222,81.0055865922,33.6283185841,35.0427350427,45.8544452093
