pdb_id,pep_identity,mhc_identity,tcrA_identity,tcrB_identity,total_identity
5d2n,22.2222222222,99.4413407821,50.9433962264,34.4827586207,54.792213476
4mnq,22.2222222222,100.0,20.7207207207,33.9130434783,49.8463681072
3qeq,11.1111111111,100.0,30.5555555556,30.4347826087,47.2020933977
3ffc,22.2222222222,81.0055865922,28.1818181818,35.0427350427,44.9466951422
2e7l,33.3333333333,68.7150837989,29.4642857143,33.3333333333,44.4824088853
