pdb_id,pep_identity,mhc_identity,tcrA_identity,tcrB_identity,total_identity
5d2n,22.2222222222,99.4413407821,50.0,56.5217391304,58.3081441899
3o4l,33.3333333333,100.0,20.0,30.1724137931,52.80651341
5men,22.2222222222,100.0,22.5225225225,35.0877192982,50.3424477109
3qeq,11.1111111111,100.0,29.0909090909,39.4736842105,48.4644692539
3ffc,22.2222222222,81.0055865922,27.027027027,52.9914529915,47.7456829412
