pdb_id,pep_identity,mhc_identity,tcrA_identity,tcrB_identity,total_identity
3gsn,22.2222222222,100.0,24.0740740741,94.7368421053,60.542560104
4mnq,22.2222222222,100.0,21.6216216216,85.0877192982,58.5256308941
3o4l,33.3333333333,100.0,22.4299065421,33.3333333333,53.738317757
