pdb_id,pep_identity,mhc_identity,tcrA_identity,tcrB_identity,total_identity
3o4l,33.3333333333,100.0,40.350877193,27.4336283186,55.7418620297
4mnq,22.2222222222,100.0,29.5652173913,35.4545454545,51.5773678817
5d2n,22.2222222222,99.4413407821,29.8245614035,33.0434782609,51.0325276122
3ffc,22.2222222222,81.0055865922,60.5263157895,34.188034188,50.1949946011
4eup,11.1111111111,100.0,32.4561403509,33.3333333333,48.0019493177
