pdb_id,pep_identity,mhc_identity,tcrA_identity,tcrB_identity,total_identity
3o4l,33.3333333333,100.0,26.8518518519,25.2173913043,53.1226516371
5eu6,11.1111111111,100.0,29.203539823,35.9649122807,47.898445721
3ffc,22.2222222222,81.0055865922,26.7857142857,33.3333333333,44.4291108746
2e7l,33.3333333333,68.7150837989,30.701754386,29.4642857143,44.0438123941
