pdb_id,pep_identity,mhc_identity,tcrA_identity,tcrB_identity,total_identity
4eup,11.1111111111,100.0,35.7798165138,89.2857142857,57.8812921703
5men,22.2222222222,100.0,30.2752293578,48.6725663717,53.8987066957
3o4l,33.3333333333,100.0,29.6296296296,26.0869565217,53.7305421363
5d2n,22.2222222222,99.4413407821,25.9259259259,30.4347826087,49.9479724239
2e7l,33.3333333333,68.7150837989,29.7297297297,58.0357142857,48.6437130466
