pdb_id,pep_identity,mhc_identity,tcrA_identity,tcrB_identity,total_identity
3o4l,33.3333333333,100.0,28.5714285714,55.3571428571,58.4325396825
5men,22.2222222222,100.0,33.6363636364,33.0357142857,51.8527537278
5d2n,22.2222222222,99.4413407821,24.1071428571,31.0344827586,49.7447919374
3qdj,11.1111111111,100.0,36.9369369369,35.3982300885,49.0928982079
