pdb_id,pep_identity,mhc_identity,tcrA_identity,tcrB_identity,total_identity
3qdj,11.1111111111,100.0,63.8888888889,51.3513513514,56.2437437437
3o4l,33.3333333333,100.0,33.0275229358,28.3185840708,54.6687956122
4mnq,22.2222222222,100.0,30.0,49.5495495495,53.998998999
5d2n,22.2222222222,99.4413407821,28.7037037037,32.1739130435,50.7007904593
2e7l,33.3333333333,68.7150837989,33.3333333333,54.5454545455,48.6626036905
