pdb_id,pep_identity,mhc_identity,tcrA_identity,tcrB_identity,total_identity
3o4l,33.3333333333,100.0,52.2935779817,26.9565217391,57.6527943979
5d2n,22.2222222222,99.4413407821,24.5454545455,67.8260869565,55.9497779184
5men,22.2222222222,100.0,36.036036036,28.0701754386,51.4251093198
3qdj,11.1111111111,100.0,50.4587155963,31.5789473684,50.7099808645
3ffc,22.2222222222,81.0055865922,33.0357142857,59.8290598291,49.8867319573
5bs0,11.1111111111,86.5921787709,36.2831858407,47.3684210526,46.5096977762
