pdb_id,pep_identity,mhc_identity,tcrA_identity,tcrB_identity,total_identity
3o4l,33.3333333333,100.0,29.3577981651,28.6956521739,54.120019501
4mnq,22.2222222222,100.0,29.7297297297,38.0530973451,52.0378785866
3qdj,11.1111111111,100.0,37.962962963,39.8230088496,50.0013656725
5bs0,11.1111111111,86.5921787709,30.9734513274,58.407079646,47.4645184563
3ffc,22.2222222222,81.0055865922,30.3571428571,39.3162393162,46.021499967
2e7l,33.3333333333,68.7150837989,30.6306306306,31.25,44.3295774825
