pdb_id,pep_identity,mhc_identity,tcrA_identity,tcrB_identity,total_identity
3o4l,33.3333333333,100.0,36.3636363636,34.7826086957,56.3021519543
5men,22.2222222222,100.0,39.0909090909,30.0884955752,52.2706415184
5eu6,11.1111111111,100.0,48.6725663717,31.5789473684,50.4122893271
