pdb_id,pep_identity,mhc_identity,tcrA_identity,tcrB_identity,total_identity
3o4l,33.3333333333,100.0,30.3571428571,24.7787610619,53.6337617643
2e7l,33.3333333333,68.7150837989,60.7142857143,38.8888888889,50.6166681446
5eu6,11.1111111111,100.0,30.701754386,39.8230088496,48.791164243
3ffc,22.2222222222,81.0055865922,29.8245614035,36.7521367521,45.5053859641
