pdb_id,pep_identity,mhc_identity,tcrA_identity,tcrB_identity,total_identity
3o4l,33.3333333333,100.0,51.8518518519,26.5486725664,57.5111985141
5d2n,22.2222222222,99.4413407821,22.9357798165,67.8260869565,55.681498797
5men,22.2222222222,100.0,40.0,25.8928571429,51.7228835979
3qdj,11.1111111111,100.0,47.7064220183,29.4642857143,49.8988216591
3ffc,22.2222222222,81.0055865922,32.1428571429,52.1367521368,48.4558711514
