pdb_id,pep_identity,mhc_identity,tcrA_identity,tcrB_identity,total_identity
5d2n,22.2222222222,99.4413407821,89.6226415094,29.3103448276,60.376685391
3o4l,33.3333333333,100.0,19.4444444444,54.4642857143,56.7625661376
5men,22.2222222222,100.0,22.9357798165,32.1428571429,49.9205135673
