pdb_id,pep_identity,mhc_identity,tcrA_identity,tcrB_identity,total_identity
3qdj,11.1111111111,100.0,89.8148148148,60.3448275862,62.0636441039
3gsn,22.2222222222,100.0,41.2844036697,73.275862069,59.8341183639
5men,22.2222222222,100.0,33.3333333333,73.275862069,58.5089399745
2pye,11.1111111111,100.0,48.6725663717,74.1379310345,57.5054532714
3o4l,33.3333333333,100.0,39.4495412844,28.5714285714,55.7812727537
