pdb_id,pep_identity,mhc_identity,tcrA_identity,tcrB_identity,total_identity
3qdj,11.1111111111,100.0,90.0,63.7168141593,62.6565060636
3gsn,22.2222222222,100.0,39.6396396396,90.2654867257,62.391595135
5men,22.2222222222,100.0,36.9369369369,91.1504424779,62.0886373099
2bnr,11.1111111111,100.0,43.3628318584,90.2654867257,59.3084234677
3o4l,33.3333333333,100.0,39.6396396396,28.4482758621,55.7924303614
