pdb_id,pep_identity,mhc_identity,tcrA_identity,tcrB_identity,total_identity
5men,22.2222222222,100.0,28.1818181818,76.9911504425,58.2695688448
3o4l,33.3333333333,100.0,34.9056603774,28.4482758621,55.0034338177
3qdj,11.1111111111,100.0,30.5555555556,62.8318584071,52.6016060308
5d2n,22.2222222222,99.4413407821,30.8411214953,32.1739130435,51.0570267579
2e7l,33.3333333333,68.7150837989,31.25,56.6371681416,48.664000401
