pdb_id,pep_identity,mhc_identity,tcrA_identity,tcrB_identity,total_identity
3gsn,22.2222222222,100.0,40.3669724771,71.9298245614,59.4568735805
3o4l,33.3333333333,100.0,51.376146789,27.3504273504,57.5655401343
2e7l,33.3333333333,68.7150837989,34.2342342342,57.8947368421,49.3709675568
