pdb_id,pep_identity,mhc_identity,tcrA_identity,tcrB_identity,total_identity
5d2n,22.2222222222,99.4413407821,29.4642857143,51.3043478261,54.0159599248
3ffc,22.2222222222,81.0055865922,53.0973451327,47.8632478632,51.2360351041
5men,22.2222222222,100.0,28.9473684211,33.0434782609,51.0725485211
3qdj,11.1111111111,100.0,32.1428571429,31.3043478261,47.6115711985
2e7l,33.3333333333,68.7150837989,36.2831858407,35.9649122807,46.057488731
5bs0,11.1111111111,86.5921787709,33.9130434783,38.2608695652,44.5967488013
