pdb_id,pep_identity,mhc_identity,tcrA_identity,tcrB_identity,total_identity
3o4l,33.3333333333,100.0,53.1531531532,24.1379310345,57.3262918091
4mnq,22.2222222222,100.0,33.9285714286,30.701754386,51.5124617098
4eup,11.1111111111,100.0,50.4504504505,33.6283185841,51.0501652095
5d2n,22.2222222222,99.4413407821,23.2142857143,34.7826086957,50.2206700698
