pdb_id,pep_identity,mhc_identity,tcrA_identity,tcrB_identity,total_identity
3o4l,33.3333333333,100.0,57.6923076923,29.8245614035,59.0305892937
5d2n,22.2222222222,99.4413407821,22.0183486239,88.6956521739,59.0068544677
4mnq,22.2222222222,100.0,28.5714285714,33.9285714286,51.1574074074
4eup,11.1111111111,100.0,47.7064220183,34.5132743363,50.7403197628
3ffc,22.2222222222,81.0055865922,33.6363636364,55.5555555556,49.2745894701
