pdb_id,pep_identity,mhc_identity,tcrA_identity,tcrB_identity,total_identity
3qdj,11.1111111111,100.0,89.0909090909,58.5585585586,61.6452816453
3gsn,22.2222222222,100.0,41.4414414414,59.2920353982,57.5296535474
5men,22.2222222222,100.0,35.1351351351,61.2612612613,56.8068068068
3o4l,33.3333333333,100.0,38.7387387387,26.3157894737,55.2868658132
2p5e,11.1111111111,100.0,41.592920354,57.1428571429,53.4929999532
2e7l,33.3333333333,68.7150837989,33.6283185841,61.2612612613,49.8310690183
