pdb_id,pep_identity,mhc_identity,tcrA_identity,tcrB_identity,total_identity
3o4l,33.3333333333,100.0,32.4074074074,30.9734513274,55.0079209003
4mnq,22.2222222222,100.0,32.4324324324,48.1818181818,54.1764491764
3qeq,11.1111111111,100.0,48.5981308411,50.0,53.4700588439
2e7l,33.3333333333,68.7150837989,25.0,49.0740740741,46.3618180564
5bs0,11.1111111111,86.5921787709,35.3982300885,36.3636363636,44.5280743694
3ffc,22.2222222222,81.0055865922,27.2727272727,31.6239316239,44.2253794209
