pdb_id,pep_identity,mhc_identity,tcrA_identity,tcrB_identity,total_identity
5eu6,11.1111111111,100.0,88.4955752212,45.2173913043,59.322531458
3o4l,33.3333333333,100.0,39.2857142857,28.2051282051,55.6929181929
5bs0,11.1111111111,86.5921787709,81.4159292035,55.2631578947,55.3476111437
5men,22.2222222222,100.0,38.9380530973,30.701754386,52.3473753213
3qeq,11.1111111111,100.0,31.25,34.2105263158,47.9471247563
3ffc,22.2222222222,81.0055865922,31.5789473684,47.8632478632,47.6496354767
