pdb_id,pep_identity,mhc_identity,tcrA_identity,tcrB_identity,total_identity
5men,22.2222222222,100.0,40.7079646018,77.3913043478,60.4239522323
3ffc,22.2222222222,81.0055865922,85.2173913043,35.8974358974,54.5950741384
3o4l,33.3333333333,100.0,30.4347826087,27.1186440678,54.0366822239
3qdj,11.1111111111,100.0,31.3043478261,62.6086956522,52.6892109501
5d2n,22.2222222222,99.4413407821,27.8260869565,31.0344827586,50.364615954
