pdb_id,pep_identity,mhc_identity,tcrA_identity,tcrB_identity,total_identity
5d2n,22.2222222222,99.4413407821,50.9090909091,34.7826086957,54.8364709356
5men,22.2222222222,100.0,24.1071428571,32.4561403509,50.1679546087
3qdj,11.1111111111,100.0,25.8928571429,35.0877192982,47.2004664439
2e7l,33.3333333333,68.7150837989,26.724137931,34.5132743363,44.222374422
3ffc,22.2222222222,81.0055865922,26.5486725664,31.6239316239,44.1047036365
