pdb_id,pep_identity,mhc_identity,tcrA_identity,tcrB_identity,total_identity
4eup,11.1111111111,100.0,89.9082568807,54.0540540541,61.0307555262
3o4l,33.3333333333,100.0,40.9090909091,29.8245614035,56.2333864965
4mnq,22.2222222222,100.0,30.6306306306,50.0,54.1791791792
2bnr,11.1111111111,100.0,39.8230088496,55.8558558559,52.9835144879
5d2n,22.2222222222,99.4413407821,20.0,34.7826086957,49.6849557841
