pdb_id,pep_identity,mhc_identity,tcrA_identity,tcrB_identity,total_identity
3qdj,11.1111111111,100.0,88.8888888889,32.4561403509,57.261208577
3o4l,33.3333333333,100.0,40.3669724771,28.4482758621,55.913652501
3ffc,22.2222222222,81.0055865922,33.0357142857,88.8888888889,54.7300368006
5d2n,22.2222222222,99.4413407821,27.5229357798,53.9130434783,54.1271842111
5men,22.2222222222,100.0,33.3333333333,31.5789473684,51.559454191
5bs0,11.1111111111,86.5921787709,39.8230088496,43.3628318584,46.4320700787
