pdb_id,pep_identity,mhc_identity,tcrA_identity,tcrB_identity,total_identity
3qdj,11.1111111111,100.0,90.0,37.1681415929,58.2317273025
3o4l,33.3333333333,100.0,38.7387387387,23.0088495575,54.7357091605
5men,22.2222222222,100.0,34.2342342342,35.3982300885,52.3461514612
5d2n,22.2222222222,99.4413407821,21.6216216216,31.8965517241,49.4742165591
