pdb_id,pep_identity,mhc_identity,tcrA_identity,tcrB_identity,total_identity
3qdj,11.1111111111,100.0,90.7407407407,36.6071428571,58.2616843034
3o4l,33.3333333333,100.0,48.1481481481,33.3333333333,58.024691358
5d2n,22.2222222222,99.4413407821,23.1481481481,55.652173913,53.6879080116
4mnq,22.2222222222,100.0,32.4324324324,36.6071428571,52.2473366223
3ffc,22.2222222222,81.0055865922,32.1428571429,50.4273504274,48.1709708665
