pdb_id,pep_identity,mhc_identity,tcrA_identity,tcrB_identity,total_identity
3gsn,22.2222222222,100.0,36.3636363636,56.6371681416,56.2408748249
2e7l,33.3333333333,68.7150837989,25.6637168142,54.0540540541,47.3024341888
