pdb_id,pep_identity,mhc_identity,tcrA_identity,tcrB_identity,total_identity
5d2n,22.2222222222,99.4413407821,24.1071428571,68.6956521739,56.0216535066
3o4l,33.3333333333,100.0,25.2252252252,26.3157894737,53.0346135609
5men,22.2222222222,100.0,30.0,27.4336283186,50.3130121272
3qeq,11.1111111111,100.0,37.2727272727,35.3982300885,49.1488632639
3ffc,22.2222222222,81.0055865922,23.0088495575,57.264957265,47.7882374085
5bs0,11.1111111111,86.5921787709,30.0884955752,48.6725663717,45.6946069518
