pdb_id,pep_identity,mhc_identity,tcrA_identity,tcrB_identity,total_identity
3o4l,33.3333333333,100.0,31.5789473684,25.6637168142,53.9848884749
4mnq,22.2222222222,100.0,29.8245614035,30.0,50.7115009747
2e7l,33.3333333333,68.7150837989,62.2807017544,30.2752293578,49.4421275628
5eu6,11.1111111111,100.0,34.2105263158,38.9380530973,49.2284669392
4qrp,11.1111111111,81.0055865922,50.0,46.9026548673,46.856008379
