pdb_id,pep_identity,mhc_identity,tcrA_identity,tcrB_identity,total_identity
3o4l,33.3333333333,100.0,31.5315315315,53.0434782609,58.5402794098
5men,22.2222222222,100.0,44.8598130841,31.0344827586,53.3897900479
5eu6,11.1111111111,100.0,41.592920354,38.7931034483,50.4347076707
