pdb_id,pep_identity,mhc_identity,tcrA_identity,tcrB_identity,total_identity
5men,22.2222222222,100.0,26.7857142857,76.3157894737,57.9243247006
3o4l,33.3333333333,100.0,30.0,27.3504273504,54.0028490028
3qdj,11.1111111111,100.0,31.5315315315,64.0350877193,52.9648069122
2e7l,33.3333333333,68.7150837989,56.7567567568,56.1403508772,52.8323236497
5d2n,22.2222222222,99.4413407821,24.3243243243,34.7826086957,50.4056765048
