pdb_id,pep_identity,mhc_identity,tcrA_identity,tcrB_identity,total_identity
3o4l,33.3333333333,100.0,60.7843137255,28.3185840708,59.2949274105
5d2n,22.2222222222,99.4413407821,26.1682242991,68.6956521739,56.3651670803
4mnq,22.2222222222,100.0,29.4642857143,33.9285714286,51.3062169312
3qdj,11.1111111111,100.0,42.5925925926,38.3928571429,50.5346119929
3ffc,22.2222222222,81.0055865922,35.4545454545,53.8461538462,49.2927194883
