pdb_id,pep_identity,mhc_identity,tcrA_identity,tcrB_identity,total_identity
3o4l,33.3333333333,100.0,31.8181818182,28.3185840708,54.4672387593
2e7l,33.3333333333,68.7150837989,68.4684684685,50.0,53.7608837888
5men,22.2222222222,100.0,29.8245614035,47.7477477477,53.6694589326
3qeq,11.1111111111,100.0,26.3636363636,58.9285714286,51.2524050024
4qrp,11.1111111111,81.0055865922,47.7477477477,38.9380530973,45.1531993753
5bs0,11.1111111111,86.5921787709,31.5789473684,36.036036036,43.8369271948
