pdb_id,pep_identity,mhc_identity,tcrA_identity,tcrB_identity,total_identity
3o4l,33.3333333333,100.0,58.8235294118,32.1739130435,59.6106848537
5d2n,22.2222222222,99.4413407821,23.3644859813,51.3043478261,52.999326636
5men,22.2222222222,100.0,30.3571428571,41.592920354,52.7324179426
3qdj,11.1111111111,100.0,41.6666666667,37.1681415929,50.176171747
3ffc,22.2222222222,81.0055865922,33.6363636364,49.5726495726,48.277438473
