pdb_id,pep_identity,mhc_identity,tcrA_identity,tcrB_identity,total_identity
3o4l,33.3333333333,100.0,40.0,26.5486725664,55.5358898722
3qdj,11.1111111111,100.0,67.8899082569,33.0357142857,53.8579741275
5men,22.2222222222,100.0,35.1351351351,35.1351351351,52.4524524525
3ffc,22.2222222222,81.0055865922,37.5,43.5897435897,47.9242268698
2e7l,33.3333333333,68.7150837989,39.2857142857,37.6146788991,46.8328712415
5bs0,11.1111111111,86.5921787709,44.2477876106,36.6071428571,46.0435850386
