pdb_id,pep_identity,mhc_identity,tcrA_identity,tcrB_identity,total_identity
5men,22.2222222222,100.0,28.0701754386,77.4774774775,58.3320162268
3o4l,33.3333333333,100.0,31.8584070796,32.4561403509,55.1635356829
2e7l,33.3333333333,68.7150837989,68.1415929204,56.7567567568,54.8325306569
3qdj,11.1111111111,100.0,30.9734513274,64.8648648649,53.0100897358
5d2n,22.2222222222,99.4413407821,25.4385964912,33.0434782609,50.3015334601
