pdb_id,pep_identity,mhc_identity,tcrA_identity,tcrB_identity,total_identity
3o4l,33.3333333333,100.0,31.8584070796,27.8260869565,54.3918601171
5men,22.2222222222,100.0,30.9734513274,33.6283185841,51.5077023927
4qrp,11.1111111111,81.0055865922,86.7256637168,32.7433628319,50.6170703259
5eu6,11.1111111111,100.0,33.6283185841,37.7192982456,48.9283065087
2e7l,33.3333333333,68.7150837989,49.1228070175,29.4642857143,47.1139878327
