pdb_id,pep_identity,mhc_identity,tcrA_identity,tcrB_identity,total_identity
3gsn,22.2222222222,100.0,35.3982300885,72.5663716814,58.7348410357
3o4l,33.3333333333,100.0,31.8584070796,25.8620689655,54.0645237853
2e7l,33.3333333333,68.7150837989,33.0434782609,57.5221238938,49.1104060699
