pdb_id,pep_identity,mhc_identity,tcrA_identity,tcrB_identity,total_identity
3o4l,33.3333333333,100.0,57.6923076923,25.4385964912,58.2995951417
4eup,11.1111111111,100.0,47.7064220183,61.2612612613,55.1983175836
4mnq,22.2222222222,100.0,28.5714285714,57.1428571429,55.0264550265
5d2n,22.2222222222,99.4413407821,22.0183486239,28.6956521739,49.0068544677
2e7l,33.3333333333,68.7150837989,33.9285714286,54.0540540541,48.6799099578
