pdb_id,pep_identity,mhc_identity,tcrA_identity,tcrB_identity,total_identity
3o4l,33.3333333333,100.0,40.3669724771,28.4482758621,55.913652501
5eu6,11.1111111111,100.0,45.1327433628,62.2807017544,54.9392778899
4mnq,22.2222222222,100.0,36.036036036,35.0877192982,52.5946999631
3ffc,22.2222222222,81.0055865922,37.5,56.4102564103,50.0609790065
2e7l,33.3333333333,68.7150837989,39.6396396396,35.9649122807,46.6168976975
