pdb_id,pep_identity,mhc_identity,tcrA_identity,tcrB_identity,total_identity
3qdj,11.1111111111,100.0,90.7407407407,34.2105263158,57.8622482131
3o4l,33.3333333333,100.0,41.6666666667,27.8260869565,56.0265700483
5d2n,22.2222222222,99.4413407821,23.1481481481,50.4347826087,52.8183427943
5men,22.2222222222,100.0,36.036036036,35.0877192982,52.5946999631
3ffc,22.2222222222,81.0055865922,33.0357142857,44.4444444444,47.3226293932
