pdb_id,pep_identity,mhc_identity,tcrA_identity,tcrB_identity,total_identity
3gsn,22.2222222222,100.0,85.5855855856,49.5575221239,63.2645920257
5men,22.2222222222,100.0,39.2857142857,55.8558558559,56.5976690977
3o4l,33.3333333333,100.0,34.2342342342,31.8584070796,55.4598846634
3qdj,11.1111111111,100.0,43.2432432432,55.8558558559,53.5535535536
2p5w,11.1111111111,100.0,41.592920354,50.8928571429,52.4513332865
