pdb_id,pep_identity,mhc_identity,tcrA_identity,tcrB_identity,total_identity
3gsn,22.2222222222,100.0,33.0357142857,53.982300885,55.2437432692
3ffc,22.2222222222,81.0055865922,61.0619469027,28.2051282051,49.2871154561
2e7l,33.3333333333,68.7150837989,36.2831858407,53.5714285714,48.9919081128
