pdb_id,pep_identity,mhc_identity,tcrA_identity,tcrB_identity,total_identity
3o4l,33.3333333333,100.0,51.8181818182,28.0701754386,57.7591706539
4mnq,22.2222222222,100.0,33.9285714286,34.8214285714,52.1990740741
4eup,11.1111111111,100.0,46.3636363636,35.1351351351,50.6201656202
5d2n,22.2222222222,99.4413407821,22.5225225225,33.0434782609,49.815521132
