pdb_id,pep_identity,mhc_identity,tcrA_identity,tcrB_identity,total_identity
5d2n,22.2222222222,99.4413407821,28.9473684211,76.5217391304,58.1327055934
3o4l,33.3333333333,100.0,30.9734513274,29.5652173913,54.5342225642
4mnq,22.2222222222,100.0,27.1929824561,37.1681415929,51.4675947489
4qrp,11.1111111111,81.0055865922,56.6371681416,57.8947368421,49.7942167317
2e7l,33.3333333333,68.7150837989,55.7522123894,31.8584070796,48.6179089556
3qdj,11.1111111111,100.0,32.7433628319,35.3982300885,48.3939691904
