pdb_id,pep_identity,mhc_identity,tcrA_identity,tcrB_identity,total_identity
3o4l,33.3333333333,100.0,40.0,28.6956521739,55.8937198068
4eup,11.1111111111,100.0,69.7247706422,35.7142857143,54.6102130965
4mnq,22.2222222222,100.0,36.036036036,33.0357142857,52.2526991277
5bs0,11.1111111111,86.5921787709,47.7876106195,69.3693693694,52.0939266255
5d2n,22.2222222222,99.4413407821,25.4545454545,42.6086956522,51.8983945192
3ffc,22.2222222222,81.0055865922,35.7142857143,43.5897435897,47.6266078221
2e7l,33.3333333333,68.7150837989,41.0714285714,30.3571428571,45.9209009488
