pdb_id,pep_identity,mhc_identity,tcrA_identity,tcrB_identity,total_identity
5d2n,22.2222222222,99.4413407821,87.8504672897,33.0434782609,60.7035119265
5men,22.2222222222,100.0,22.5225225225,50.4504504505,52.9029029029
3o4l,33.3333333333,100.0,19.2660550459,30.0884955752,52.6702028813
4eup,11.1111111111,100.0,22.0183486239,58.5585585586,50.4665215674
