pdb_id,pep_identity,mhc_identity,tcrA_identity,tcrB_identity,total_identity
5men,22.2222222222,100.0,39.2857142857,75.4385964912,59.8614592036
3o4l,33.3333333333,100.0,36.6071428571,28.2051282051,55.2464896215
3qeq,11.1111111111,100.0,37.8378378378,61.4035087719,53.577261472
5eu6,11.1111111111,100.0,57.5221238938,37.3913043478,52.855941744
