pdb_id,pep_identity,mhc_identity,tcrA_identity,tcrB_identity,total_identity
3qdj,11.1111111111,100.0,89.0909090909,33.6283185841,57.4902416495
3o4l,33.3333333333,100.0,40.5405405405,28.0701754386,55.8795637743
5d2n,22.2222222222,99.4413407821,21.6216216216,66.9565217391,55.3175448949
5men,22.2222222222,100.0,36.6972477064,30.0884955752,51.8716979543
3ffc,22.2222222222,81.0055865922,33.6283185841,55.5555555556,49.2732486281
5bs0,11.1111111111,86.5921787709,40.7079646018,48.2142857143,47.3881383467
