pdb_id,pep_identity,mhc_identity,tcrA_identity,tcrB_identity,total_identity
3o4l,33.3333333333,100.0,90.099009901,29.5652173913,64.3884823265
3ffc,22.2222222222,81.0055865922,31.8181818182,86.3247863248,54.0997642953
5eu6,11.1111111111,100.0,40.7079646018,58.407079646,53.5562110783
5men,22.2222222222,100.0,33.9285714286,35.3982300885,52.2952076603
3gsn,22.2222222222,100.0,33.6448598131,31.5789473684,51.611375271
