pdb_id,pep_identity,mhc_identity,tcrA_identity,tcrB_identity,total_identity
3o4l,33.3333333333,100.0,33.0275229358,23.8938053097,53.9313324854
3qdj,11.1111111111,100.0,62.962962963,34.2342342342,53.2365699032
4mnq,22.2222222222,100.0,30.0,33.3333333333,51.2962962963
5bs0,11.1111111111,86.5921787709,38.9380530973,38.7387387387,45.5138952667
2e7l,33.3333333333,68.7150837989,34.2342342342,34.5454545455,45.4794205074
3ffc,22.2222222222,81.0055865922,31.25,31.6239316239,44.8882582088
