pdb_id,pep_identity,mhc_identity,tcrA_identity,tcrB_identity,total_identity
3o4l,33.3333333333,100.0,59.8039215686,26.5486725664,58.8365434669
4mnq,22.2222222222,100.0,30.0,36.3636363636,51.8013468013
3qdj,11.1111111111,100.0,43.5185185185,36.036036036,50.2961294628
5d2n,22.2222222222,99.4413407821,22.4299065421,33.0434782609,49.8000851353
