pdb_id,pep_identity,mhc_identity,tcrA_identity,tcrB_identity,total_identity
3o4l,33.3333333333,100.0,32.0754716981,27.5862068966,54.3880575436
4mnq,22.2222222222,100.0,29.7297297297,39.1304347826,52.2174348261
5eu6,11.1111111111,100.0,30.0884955752,49.5652173913,50.3126558648
3ffc,22.2222222222,81.0055865922,41.8181818182,44.4444444444,48.7863739819
2e7l,33.3333333333,68.7150837989,32.1428571429,33.3333333333,44.9288374568
