pdb_id,pep_identity,mhc_identity,tcrA_identity,tcrB_identity,total_identity
3o4l,33.3333333333,100.0,31.4814814815,28.3185840708,54.4111220365
3qdj,11.1111111111,100.0,62.037037037,36.036036036,53.3825492159
5men,22.2222222222,100.0,30.9090909091,33.3333333333,51.4478114478
5bs0,11.1111111111,86.5921787709,37.1681415929,62.7272727273,49.2169990141
3ffc,22.2222222222,81.0055865922,28.5714285714,41.8803418803,46.1512313468
2e7l,33.3333333333,68.7150837989,33.3333333333,32.7272727273,45.0262400542
