pdb_id,pep_identity,mhc_identity,tcrA_identity,tcrB_identity,total_identity
5men,22.2222222222,100.0,37.5,52.2522522523,55.6994494494
3o4l,33.3333333333,100.0,30.6306306306,31.8584070796,54.8592840628
3qeq,11.1111111111,100.0,43.6363636364,54.4642857143,53.3871452621
5d2n,22.2222222222,99.4413407821,27.027027027,34.7826086957,50.8561269552
2e7l,33.3333333333,68.7150837989,27.9279279279,50.9090909091,47.1556421836
3ffc,22.2222222222,81.0055865922,31.5789473684,35.0427350427,45.51288334
5bs0,11.1111111111,86.5921787709,35.9649122807,38.7387387387,45.0183717973
