pdb_id,pep_identity,mhc_identity,tcrA_identity,tcrB_identity,total_identity
5d2n,22.2222222222,99.4413407821,31.25,76.5217391304,58.5164775232
3o4l,33.3333333333,100.0,34.8214285714,26.9565217391,54.7407694962
3ffc,22.2222222222,81.0055865922,61.9469026549,58.1196581197,54.4203630672
5men,22.2222222222,100.0,30.701754386,32.7433628319,51.3149269437
3qdj,11.1111111111,100.0,34.8214285714,31.8584070796,48.1503429789
