pdb_id,pep_identity,mhc_identity,tcrA_identity,tcrB_identity,total_identity
3o4l,33.3333333333,100.0,33.0434782609,22.6086956522,53.7198067633
3ffc,22.2222222222,81.0055865922,85.2173913043,29.9145299145,53.5979231413
5eu6,11.1111111111,100.0,35.652173913,34.2105263158,48.6808204085
2e7l,33.3333333333,68.7150837989,30.1724137931,29.4642857143,43.955588962
