pdb_id,pep_identity,mhc_identity,tcrA_identity,tcrB_identity,total_identity
3o4l,33.3333333333,100.0,29.4642857143,25.641025641,53.6286630037
5eu6,11.1111111111,100.0,31.5789473684,51.3043478261,50.8509195695
2e7l,33.3333333333,68.7150837989,58.9285714286,30.4347826087,48.9100313836
3ffc,22.2222222222,81.0055865922,29.8245614035,46.1538461538,47.072337531
