pdb_id,pep_identity,mhc_identity,tcrA_identity,tcrB_identity,total_identity
3o4l,33.3333333333,100.0,58.2524271845,23.6842105263,58.1005507296
5men,22.2222222222,100.0,35.4545454545,39.4736842105,53.2287790183
3qdj,11.1111111111,100.0,44.4444444444,41.2280701754,51.3157894737
5d2n,22.2222222222,99.4413407821,23.1481481481,31.8965517241,49.7286376468
