pdb_id,pep_identity,mhc_identity,tcrA_identity,tcrB_identity,total_identity
3qdj,11.1111111111,100.0,88.0733944954,40.5405405405,58.4726928764
3o4l,33.3333333333,100.0,39.0909090909,27.4336283186,55.531867346
4mnq,22.2222222222,100.0,30.6306306306,39.0909090909,52.360997361
5d2n,22.2222222222,99.4413407821,20.0,34.7826086957,49.6849557841
