pdb_id,pep_identity,mhc_identity,tcrA_identity,tcrB_identity,total_identity
3o4l,33.3333333333,100.0,85.4368932039,28.2051282051,63.3847813459
5bs0,11.1111111111,86.5921787709,39.8230088496,87.7192982456,53.8248144765
5men,22.2222222222,100.0,33.0357142857,35.9649122807,52.2408451685
3gsn,22.2222222222,100.0,34.8623853211,31.5789473684,51.814296189
