pdb_id,pep_identity,mhc_identity,tcrA_identity,tcrB_identity,total_identity
5men,22.2222222222,100.0,37.2727272727,55.7522123894,56.2448973511
3o4l,33.3333333333,100.0,28.5714285714,29.5652173913,54.1338854382
3qeq,11.1111111111,100.0,43.2432432432,50.4424778761,52.6513238903
5d2n,22.2222222222,99.4413407821,26.7857142857,28.6956521739,49.8014154114
2e7l,33.3333333333,68.7150837989,25.8928571429,53.5714285714,47.2601866631
