pdb_id,pep_identity,mhc_identity,tcrA_identity,tcrB_identity,total_identity
4eup,11.1111111111,100.0,83.4862385321,36.9369369369,57.1075662819
3o4l,33.3333333333,100.0,40.3669724771,23.8938053097,55.1545740756
4mnq,22.2222222222,100.0,31.5315315315,31.5315315315,51.2512512513
5d2n,22.2222222222,99.4413407821,25.6880733945,33.9130434783,50.4880404802
2e7l,33.3333333333,68.7150837989,32.4324324324,39.0909090909,45.9366959646
5bs0,11.1111111111,86.5921787709,38.9380530973,40.9090909091,45.8756206284
