pdb_id,pep_identity,mhc_identity,tcrA_identity,tcrB_identity,total_identity
3gsn,22.2222222222,100.0,48.623853211,91.1504424779,64.0364566889
5men,22.2222222222,100.0,33.9285714286,90.2654867257,61.4397504331
2bnr,11.1111111111,100.0,38.0530973451,89.3805309735,58.2759750901
3o4l,33.3333333333,100.0,53.2110091743,29.3103448276,58.1980034448
3qdj,11.1111111111,100.0,47.7064220183,63.7168141593,55.6075764
