pdb_id,pep_identity,mhc_identity,tcrA_identity,tcrB_identity,total_identity
3o4l,33.3333333333,100.0,30.9734513274,29.0598290598,54.4499911757
5eu6,11.1111111111,100.0,32.4561403509,54.7826086957,51.5768285448
5men,22.2222222222,100.0,30.701754386,32.1739130435,51.2200186456
2e7l,33.3333333333,68.7150837989,60.1769911504,32.1739130435,49.4079564097
4qrp,11.1111111111,81.0055865922,49.5575221239,56.5217391304,48.3854427768
