pdb_id,pep_identity,mhc_identity,tcrA_identity,tcrB_identity,total_identity
3o4l,33.3333333333,100.0,38.3928571429,28.9473684211,55.6678153718
4mnq,22.2222222222,100.0,37.5,37.8378378378,53.297047047
5eu6,11.1111111111,100.0,51.3274336283,41.592920354,52.5237627008
3ffc,22.2222222222,81.0055865922,33.3333333333,41.0256410256,46.802431998
