pdb_id,pep_identity,mhc_identity,tcrA_identity,tcrB_identity,total_identity
3qdj,11.1111111111,100.0,90.7407407407,38.0530973451,58.502676718
3o4l,33.3333333333,100.0,39.4495412844,29.5652173913,55.9469042237
5d2n,22.2222222222,99.4413407821,22.0183486239,57.3913043478,53.7894631634
5men,22.2222222222,100.0,34.2342342342,37.1681415929,52.6411367119
3ffc,22.2222222222,81.0055865922,33.9285714286,52.9914529915,48.8959403415
