pdb_id,pep_identity,mhc_identity,tcrA_identity,tcrB_identity,total_identity
3o4l,33.3333333333,100.0,30.6306306306,29.3103448276,54.4346070208
5eu6,11.1111111111,100.0,32.7433628319,58.7719298246,52.2895858131
4mnq,22.2222222222,100.0,30.6306306306,35.9649122807,51.8399978926
3ffc,22.2222222222,81.0055865922,35.3982300885,52.9914529915,49.1408834515
2e7l,33.3333333333,68.7150837989,31.8584070796,35.0877192982,45.1738267737
