pdb_id,pep_identity,mhc_identity,tcrA_identity,tcrB_identity,total_identity
3o4l,33.3333333333,100.0,34.5794392523,26.0869565217,54.5555104068
5bs0,11.1111111111,86.5921787709,38.9380530973,91.9642857143,54.3848197626
5men,22.2222222222,100.0,34.2342342342,32.1428571429,51.8035893036
3qeq,11.1111111111,100.0,51.8867924528,32.1428571429,51.0419786363
3ffc,22.2222222222,81.0055865922,28.1818181818,42.735042735,46.2287464243
2e7l,33.3333333333,68.7150837989,27.9279279279,32.1428571429,44.0279365559
