pdb_id,pep_identity,mhc_identity,tcrA_identity,tcrB_identity,total_identity
3o4l,33.3333333333,100.0,34.8623853211,52.1739130435,58.9504941719
3gsn,22.2222222222,100.0,37.6146788991,30.1724137931,52.0385895228
