pdb_id,pep_identity,mhc_identity,tcrA_identity,tcrB_identity,total_identity
3gsn,22.2222222222,100.0,36.036036036,86.7256637168,61.2010240329
4mnq,22.2222222222,100.0,29.0909090909,87.2727272727,60.1346801347
3qdj,11.1111111111,100.0,61.8181818182,63.0630630631,57.8505778506
2p5w,11.1111111111,100.0,37.1681415929,84.8214285714,57.3686320644
3o4l,33.3333333333,100.0,31.5315315315,28.0701754386,54.3780622728
2e7l,33.3333333333,68.7150837989,33.6283185841,56.3636363636,49.014798202
