pdb_id,pep_identity,mhc_identity,tcrA_identity,tcrB_identity,total_identity
5eu6,11.1111111111,100.0,41.592920354,61.9469026549,54.2936742052
3o4l,33.3333333333,100.0,32.4324324324,26.3157894737,54.2358147621
5men,22.2222222222,100.0,41.4414414414,28.5714285714,52.4095524096
3ffc,22.2222222222,81.0055865922,30.0884955752,76.9230769231,52.2445316879
2e7l,33.3333333333,68.7150837989,28.5714285714,33.0357142857,44.2839961869
