pdb_id,pep_identity,mhc_identity,tcrA_identity,tcrB_identity,total_identity
5d2n,22.2222222222,99.4413407821,60.5504587156,38.2608695652,57.0230757149
3o4l,33.3333333333,100.0,20.7207207207,26.0869565217,52.2457239849
4mnq,22.2222222222,100.0,22.5225225225,32.7433628319,49.9517216331
3qdj,11.1111111111,100.0,24.3243243243,30.0884955752,46.1058403536
