pdb_id,pep_identity,mhc_identity,tcrA_identity,tcrB_identity,total_identity
3o4l,33.3333333333,100.0,60.9523809524,26.3157894737,58.9891395155
5d2n,22.2222222222,99.4413407821,26.3636363636,44.347826087,52.3397647432
4mnq,22.2222222222,100.0,29.4642857143,30.6306306306,50.7565601316
3qdj,11.1111111111,100.0,42.7272727273,34.2342342342,49.863954864
3ffc,22.2222222222,81.0055865922,36.036036036,44.4444444444,47.8226830182
5bs0,11.1111111111,86.5921787709,34.5132743363,54.0540540541,47.3289846924
