pdb_id,pep_identity,mhc_identity,tcrA_identity,tcrB_identity,total_identity
5d2n,22.2222222222,99.4413407821,49.0909090909,65.2173913043,59.6059044007
3o4l,33.3333333333,100.0,19.6428571429,30.7692307692,52.8464590965
5men,22.2222222222,100.0,22.3214285714,33.0434782609,49.9682252128
3ffc,22.2222222222,81.0055865922,25.6637168142,58.1196581197,48.3731654271
3qeq,11.1111111111,100.0,28.5714285714,39.1304347826,48.3206809294
