pdb_id,pep_identity,mhc_identity,tcrA_identity,tcrB_identity,total_identity
3gsn,22.2222222222,100.0,38.5964912281,80.5309734513,60.5953181873
4mnq,22.2222222222,100.0,40.350877193,75.8928571429,60.1146964634
3o4l,33.3333333333,100.0,32.4561403509,32.1739130435,55.2161200102
