pdb_id,pep_identity,mhc_identity,tcrA_identity,tcrB_identity,total_identity
3qdj,11.1111111111,100.0,87.2727272727,64.8648648649,62.3933023933
3gsn,22.2222222222,100.0,38.7387387387,88.4955752212,61.9464597341
5men,22.2222222222,100.0,34.2342342342,91.8918918919,61.7617617618
2bnr,11.1111111111,100.0,43.3628318584,89.2857142857,59.1451280611
3o4l,33.3333333333,100.0,38.7387387387,31.5789473684,56.1640587956
