pdb_id,pep_identity,mhc_identity,tcrA_identity,tcrB_identity,total_identity
3qeq,11.1111111111,100.0,94.4444444444,38.0530973451,59.1199606686
5d2n,22.2222222222,99.4413407821,30.0,57.3913043478,55.1197383928
3o4l,33.3333333333,100.0,30.2752293578,27.8260869565,54.1279971635
4mnq,22.2222222222,100.0,33.9285714286,35.3982300885,52.2952076603
3ffc,22.2222222222,81.0055865922,38.9380530973,52.1367521368,49.5884038105
