pdb_id,pep_identity,mhc_identity,tcrA_identity,tcrB_identity,total_identity
5d2n,22.2222222222,99.4413407821,28.0701754386,68.6956521739,56.6821589369
3o4l,33.3333333333,100.0,29.8245614035,27.8260869565,54.0528858378
3ffc,22.2222222222,81.0055865922,53.5087719298,52.9914529915,52.1593070917
5men,22.2222222222,100.0,30.4347826087,33.3333333333,51.3687600644
3qdj,11.1111111111,100.0,29.8245614035,36.8421052632,48.1481481481
5bs0,11.1111111111,86.5921787709,34.7826086957,45.6140350877,45.9672039246
2e7l,33.3333333333,68.7150837989,37.3913043478,30.9734513274,45.4102649899
