pdb_id,pep_identity,mhc_identity,tcrA_identity,tcrB_identity,total_identity
5d2n,22.2222222222,99.4413407821,62.962962963,41.7391304348,58.0048699011
3qeq,11.1111111111,100.0,33.6363636364,88.3928571429,57.3752405002
5men,22.2222222222,100.0,23.4234234234,60.3603603604,54.7047047047
3o4l,33.3333333333,100.0,20.9090909091,28.0701754386,52.6076555024
2e7l,33.3333333333,68.7150837989,25.4385964912,63.0630630631,48.7664156365
