pdb_id,pep_identity,mhc_identity,tcrA_identity,tcrB_identity,total_identity
5d2n,22.2222222222,99.4413407821,88.785046729,31.3043478261,60.569420094
4eup,11.1111111111,100.0,24.7706422018,89.3805309735,56.0622325663
5men,22.2222222222,100.0,21.6216216216,50.8771929825,52.8238765081
3o4l,33.3333333333,100.0,20.1834862385,28.4482758621,52.5497381279
