pdb_id,pep_identity,mhc_identity,tcrA_identity,tcrB_identity,total_identity
3o4l,33.3333333333,100.0,32.7272727273,26.2711864407,54.2775209724
5men,22.2222222222,100.0,46.7889908257,32.7586206897,53.9986759933
5eu6,11.1111111111,100.0,41.592920354,45.2991452991,51.5190479792
3ffc,22.2222222222,81.0055865922,30.3571428571,44.4444444444,46.8762008217
2e7l,33.3333333333,68.7150837989,28.5714285714,31.3043478261,43.9954351103
