pdb_id,pep_identity,mhc_identity,tcrA_identity,tcrB_identity,total_identity
3gsn,22.2222222222,100.0,88.0733944954,33.6283185841,61.0243595873
3o4l,33.3333333333,100.0,32.1100917431,27.1929824561,54.3282901443
4mnq,22.2222222222,100.0,42.7272727273,32.1428571429,53.2190957191
2p5e,11.1111111111,100.0,41.592920354,34.2342342342,49.6748961351
5bs0,11.1111111111,86.5921787709,39.8230088496,58.0357142857,48.8775504832
