pdb_id,pep_identity,mhc_identity,tcrA_identity,tcrB_identity,total_identity
5d2n,22.2222222222,99.4413407821,24.7706422018,67.8260869565,55.9873091945
3o4l,33.3333333333,100.0,29.3577981651,27.4336283186,53.9096821917
4mnq,22.2222222222,100.0,30.6306306306,28.8288288288,50.6506506507
3ffc,22.2222222222,81.0055865922,32.1428571429,58.1196581197,49.4530221486
3qdj,11.1111111111,100.0,37.962962963,33.0357142857,48.8701499118
5bs0,11.1111111111,86.5921787709,32.7433628319,49.1071428571,46.2095142422
2e7l,33.3333333333,68.7150837989,31.5315315315,33.6363636364,44.8774549054
