pdb_id,pep_identity,mhc_identity,tcrA_identity,tcrB_identity,total_identity
3o4l,33.3333333333,100.0,32.7433628319,30.0884955752,54.9164208456
5men,22.2222222222,100.0,30.701754386,50.4504504505,54.2661082135
2e7l,33.3333333333,68.7150837989,70.796460177,50.0,54.1488824069
4eup,11.1111111111,100.0,31.8584070796,58.5585585586,52.1065313101
3ffc,22.2222222222,81.0055865922,26.9565217391,35.0427350427,44.7424790684
5bs0,11.1111111111,86.5921787709,32.4561403509,40.0,44.6437866858
