pdb_id,pep_identity,mhc_identity,tcrA_identity,tcrB_identity,total_identity
3o4l,33.3333333333,100.0,37.5,27.1929824561,55.2266081871
5eu6,11.1111111111,100.0,49.5575221239,52.2123893805,53.9986889544
5men,22.2222222222,100.0,41.9642857143,36.2831858407,53.7819859999
3ffc,22.2222222222,81.0055865922,35.9649122807,47.0085470085,48.2381794863
