pdb_id,pep_identity,mhc_identity,tcrA_identity,tcrB_identity,total_identity
3qdj,11.1111111111,100.0,90.7407407407,64.8648648649,62.971304638
3gsn,22.2222222222,100.0,42.2018348624,75.2212389381,60.3112530408
5men,22.2222222222,100.0,33.3333333333,78.3783783784,59.3593593594
2pye,11.1111111111,100.0,41.592920354,77.6785714286,56.9156190008
3o4l,33.3333333333,100.0,40.3669724771,30.701754386,56.2892322549
