pdb_id,pep_identity,mhc_identity,tcrA_identity,tcrB_identity,total_identity
5eu6,11.1111111111,100.0,90.2654867257,64.6017699115,62.8482464766
2bnr,11.1111111111,100.0,86.7256637168,28.5714285714,56.2532190851
3o4l,33.3333333333,100.0,40.1785714286,28.0701754386,55.819235589
5bs0,11.1111111111,86.5921787709,86.7256637168,47.3214285714,54.9089453421
5men,22.2222222222,100.0,39.8230088496,28.3185840708,52.0976728941
