pdb_id,pep_identity,mhc_identity,tcrA_identity,tcrB_identity,total_identity
5d2n,22.2222222222,99.4413407821,87.1559633028,57.3913043478,64.6457322765
3o4l,33.3333333333,100.0,20.7207207207,27.8260869565,52.5355790573
