pdb_id,pep_identity,mhc_identity,tcrA_identity,tcrB_identity,total_identity
3gsn,22.2222222222,100.0,33.9449541284,73.4513274336,58.6401210011
3o4l,33.3333333333,100.0,29.3577981651,27.5862068966,53.9351119547
2e7l,33.3333333333,68.7150837989,30.6306306306,57.5221238938,48.7082647981
