pdb_id,pep_identity,mhc_identity,tcrA_identity,tcrB_identity,total_identity
3o4l,33.3333333333,100.0,27.5229357798,31.5789473684,54.2947583025
5men,22.2222222222,100.0,31.25,40.1785714286,52.6455026455
5eu6,11.1111111111,100.0,33.6283185841,55.7522123894,51.9337921993
3ffc,22.2222222222,81.0055865922,24.7787610619,49.5726495726,46.8011713772
2e7l,33.3333333333,68.7150837989,25.2252252252,33.9285714286,43.875105153
