pdb_id,pep_identity,mhc_identity,tcrA_identity,tcrB_identity,total_identity
5d2n,22.2222222222,99.4413407821,87.7358490566,33.9130434783,60.8293364239
3o4l,33.3333333333,100.0,20.3703703704,30.0884955752,52.8542554354
4mnq,22.2222222222,100.0,21.6216216216,49.5495495495,52.6026026026
3qeq,11.1111111111,100.0,32.4074074074,53.5714285714,51.3668430335
