pdb_id,pep_identity,mhc_identity,tcrA_identity,tcrB_identity,total_identity
3o4l,33.3333333333,100.0,32.1100917431,28.0701754386,54.4744889747
4qrp,11.1111111111,81.0055865922,87.2727272727,41.592920354,52.1831738389
5men,22.2222222222,100.0,29.7297297297,33.9285714286,51.3504576005
5eu6,11.1111111111,100.0,30.0884955752,46.9026548673,49.8688954441
2e7l,33.3333333333,68.7150837989,48.6486486486,32.4324324324,47.5296525576
