pdb_id,pep_identity,mhc_identity,tcrA_identity,tcrB_identity,total_identity
5men,22.2222222222,100.0,28.0701754386,66.3716814159,56.4810502165
3qeq,11.1111111111,100.0,27.027027027,87.610619469,56.143311453
3o4l,33.3333333333,100.0,31.5315315315,29.3103448276,54.584757171
2e7l,33.3333333333,68.7150837989,63.963963964,59.2920353982,54.5588056044
5d2n,22.2222222222,99.4413407821,27.6785714286,36.5217391304,51.2545727613
