pdb_id,pep_identity,mhc_identity,tcrA_identity,tcrB_identity,total_identity
4eup,11.1111111111,100.0,29.5652173913,86.6071428571,56.3990970784
2e7l,33.3333333333,68.7150837989,67.8260869565,56.25,54.6954868702
3o4l,33.3333333333,100.0,33.0434782609,25.2173913043,54.154589372
5men,22.2222222222,100.0,29.5652173913,47.7876106195,53.6328787425
5d2n,22.2222222222,99.4413407821,25.8620689655,31.3043478261,50.0822571334
