pdb_id,pep_identity,mhc_identity,tcrA_identity,tcrB_identity,total_identity
3o4l,33.3333333333,100.0,32.1428571429,27.8260869565,54.439268461
4qrp,11.1111111111,81.0055865922,85.7142857143,50.8771929825,53.4708123506
5eu6,11.1111111111,100.0,31.8584070796,59.2920353982,52.22877745
4mnq,22.2222222222,100.0,28.3185840708,35.3982300885,51.3602097673
2e7l,33.3333333333,68.7150837989,50.4424778761,36.2831858407,48.4704163302
