pdb_id,pep_identity,mhc_identity,tcrA_identity,tcrB_identity,total_identity
3o4l,33.3333333333,100.0,45.045045045,26.3157894737,56.3379168642
4mnq,22.2222222222,100.0,31.8584070796,58.0357142857,55.7230943016
4eup,11.1111111111,100.0,50.4504504505,59.4594594595,55.3553553554
5d2n,22.2222222222,99.4413407821,22.3214285714,29.5652173913,49.2022953286
2e7l,33.3333333333,68.7150837989,35.7142857143,54.0540540541,48.9775290055
5bs0,11.1111111111,86.5921787709,39.8230088496,35.7142857143,45.157312388
