pdb_id,pep_identity,mhc_identity,tcrA_identity,tcrB_identity,total_identity
5men,22.2222222222,100.0,41.2844036697,92.7272727273,63.0760201402
3qdj,11.1111111111,100.0,87.2727272727,64.8648648649,62.3933023933
3gsn,22.2222222222,100.0,37.8378378378,92.0353982301,62.3862800854
2bnr,11.1111111111,100.0,43.3628318584,87.5,58.8475090134
3o4l,33.3333333333,100.0,37.8378378378,35.9649122807,56.7449027975
