pdb_id,pep_identity,mhc_identity,tcrA_identity,tcrB_identity,total_identity
3qdj,11.1111111111,100.0,90.7407407407,36.6071428571,58.2616843034
3o4l,33.3333333333,100.0,40.7407407407,27.8260869565,55.8722490607
5men,22.2222222222,100.0,36.036036036,32.1428571429,52.1038896039
5d2n,22.2222222222,99.4413407821,22.2222222222,45.2173913043,51.7944565892
5bs0,11.1111111111,86.5921787709,39.8230088496,67.5675675676,50.4661926969
3ffc,22.2222222222,81.0055865922,33.0357142857,41.8803418803,46.8952789658
