pdb_id,pep_identity,mhc_identity,tcrA_identity,tcrB_identity,total_identity
3o4l,33.3333333333,100.0,32.4324324324,29.3103448276,54.7349073211
5eu6,11.1111111111,100.0,38.9380530973,61.4035087719,53.7606306819
5men,22.2222222222,100.0,30.9090909091,34.2105263158,51.5940102782
3ffc,22.2222222222,81.0055865922,30.9734513274,54.7008547009,48.6883206095
2e7l,33.3333333333,68.7150837989,31.8584070796,35.9649122807,45.3200256041
