pdb_id,pep_identity,mhc_identity,tcrA_identity,tcrB_identity,total_identity
5d2n,22.2222222222,99.4413407821,50.0,28.6956521739,53.6704630304
5men,22.2222222222,100.0,22.3214285714,53.982300885,53.4580289835
3qdj,11.1111111111,100.0,21.4285714286,49.5575221239,48.8680526291
2e7l,33.3333333333,68.7150837989,30.1724137931,56.25,48.4198746763
3ffc,22.2222222222,81.0055865922,26.5486725664,29.0598290598,43.6773532092
