pdb_id,pep_identity,mhc_identity,tcrA_identity,tcrB_identity,total_identity
4eup,11.1111111111,100.0,81.25,54.0540540541,59.5877127127
3o4l,33.3333333333,100.0,38.0530973451,28.3185840708,55.5063913471
4mnq,22.2222222222,100.0,32.1428571429,46.8468468468,53.9056914057
5d2n,22.2222222222,99.4413407821,20.3539823009,33.9130434783,49.599025298
2e7l,33.3333333333,68.7150837989,33.0434782609,50.0,47.8567187542
