pdb_id,pep_identity,mhc_identity,tcrA_identity,tcrB_identity,total_identity
4eup,11.1111111111,100.0,42.9824561404,89.2857142857,59.081732108
5men,22.2222222222,100.0,39.2857142857,51.3274336283,55.8429320597
3o4l,33.3333333333,100.0,35.0877192982,27.8260869565,54.9300788202
5d2n,22.2222222222,99.4413407821,25.2173913043,31.3043478261,49.9748108565
2e7l,33.3333333333,68.7150837989,33.9130434783,56.25,49.0433129571
