pdb_id,pep_identity,mhc_identity,tcrA_identity,tcrB_identity,total_identity
3o4l,33.3333333333,100.0,32.4324324324,56.25,59.2248498498
3qdj,11.1111111111,100.0,62.7272727273,34.5132743363,53.243794881
4mnq,22.2222222222,100.0,30.0,32.1428571429,51.0978835979
5d2n,22.2222222222,99.4413407821,21.8181818182,29.3103448276,49.0759421091
