pdb_id,pep_identity,mhc_identity,tcrA_identity,tcrB_identity,total_identity
3qdj,11.1111111111,100.0,88.8888888889,39.8230088496,58.4890199934
3o4l,33.3333333333,100.0,38.5321100917,28.6956521739,55.6490714887
5men,22.2222222222,100.0,39.4495412844,37.1681415929,53.5103545536
5d2n,22.2222222222,99.4413407821,21.1009174312,42.6086956522,51.1727898487
5bs0,11.1111111111,86.5921787709,38.9380530973,58.407079646,48.7919520846
