pdb_id,pep_identity,mhc_identity,tcrA_identity,tcrB_identity,total_identity
3o4l,33.3333333333,100.0,35.7142857143,26.3157894737,54.7827903091
4mnq,22.2222222222,100.0,39.6396396396,33.9285714286,53.0021092521
5eu6,11.1111111111,100.0,41.592920354,47.7876106195,51.9337921993
3ffc,22.2222222222,81.0055865922,29.8245614035,42.735042735,46.5025369612
2e7l,33.3333333333,68.7150837989,28.9473684211,32.4324324324,44.246105853
