pdb_id,pep_identity,mhc_identity,tcrA_identity,tcrB_identity,total_identity
3o4l,33.3333333333,100.0,53.2110091743,29.0598290598,58.1562508168
5d2n,22.2222222222,99.4413407821,29.0909090909,58.2608695652,55.1131507775
4mnq,22.2222222222,100.0,33.9285714286,35.652173913,52.337531631
3qdj,11.1111111111,100.0,48.623853211,37.3913043478,51.3728966302
3ffc,22.2222222222,81.0055865922,33.9285714286,53.8461538462,49.0383904839
