pdb_id,pep_identity,mhc_identity,tcrA_identity,tcrB_identity,total_identity
3o4l,33.3333333333,100.0,29.8245614035,27.8260869565,54.0528858378
5bs0,11.1111111111,86.5921787709,33.3333333333,91.0714285714,53.3018902781
5men,22.2222222222,100.0,28.3185840708,37.5,51.7105047525
3qdj,11.1111111111,100.0,34.2105263158,36.6071428571,48.8399818992
2e7l,33.3333333333,68.7150837989,57.0175438596,28.5714285714,48.2809677826
3ffc,22.2222222222,81.0055865922,28.4482758621,40.1709401709,45.8458056103
