pdb_id,pep_identity,mhc_identity,tcrA_identity,tcrB_identity,total_identity
3o4l,33.3333333333,100.0,51.376146789,27.8260869565,57.6448167354
5d2n,22.2222222222,99.4413407821,22.7272727273,57.3913043478,53.9076171806
5men,22.2222222222,100.0,34.5454545455,35.3982300885,52.3980215131
3qdj,11.1111111111,100.0,46.7889908257,38.0530973451,51.1773850655
3ffc,22.2222222222,81.0055865922,31.25,52.1367521368,48.3070616276
