pdb_id,pep_identity,mhc_identity,tcrA_identity,tcrB_identity,total_identity
3o4l,33.3333333333,100.0,37.8378378378,26.3157894737,55.136715663
5eu6,11.1111111111,100.0,52.2123893805,47.7876106195,53.7037037037
5men,22.2222222222,100.0,38.3928571429,33.0357142857,52.6455026455
3ffc,22.2222222222,81.0055865922,32.7433628319,41.8803418803,46.8465537235
