pdb_id,pep_identity,mhc_identity,tcrA_identity,tcrB_identity,total_identity
5men,22.2222222222,100.0,29.8245614035,77.4774774775,58.6244138876
2e7l,33.3333333333,68.7150837989,69.0265486726,58.5585585586,55.2803235826
3o4l,33.3333333333,100.0,31.8584070796,28.9473684211,54.5787403612
3qdj,11.1111111111,100.0,30.9734513274,63.963963964,52.8599395856
5d2n,22.2222222222,99.4413407821,25.4385964912,33.0434782609,50.3015334601
