pdb_id,pep_identity,mhc_identity,tcrA_identity,tcrB_identity,total_identity
5men,22.2222222222,100.0,38.9380530973,60.7142857143,57.349463876
3o4l,33.3333333333,100.0,27.8260869565,26.3157894737,53.4680905161
3qdj,11.1111111111,100.0,29.5652173913,57.1428571429,51.4883827927
5d2n,22.2222222222,99.4413407821,26.9565217391,29.5652173913,49.9748108565
2e7l,33.3333333333,68.7150837989,33.6206896552,53.1531531532,48.4784461788
3ffc,22.2222222222,81.0055865922,53.0434782609,26.4957264957,47.6658037309
