pdb_id,pep_identity,mhc_identity,tcrA_identity,tcrB_identity,total_identity
5eu6,11.1111111111,100.0,32.7433628319,90.2654867257,57.5385119633
3o4l,33.3333333333,100.0,31.1926605505,34.2105263158,55.3449755888
5men,22.2222222222,100.0,31.5315315315,34.8214285714,51.7995674246
3ffc,22.2222222222,81.0055865922,32.1428571429,54.7008547009,48.8832215788
