pdb_id,pep_identity,mhc_identity,tcrA_identity,tcrB_identity,total_identity
3o4l,33.3333333333,100.0,85.5769230769,27.8260869565,63.3449461167
5d2n,22.2222222222,99.4413407821,20.0,70.4347826087,55.6269847696
5men,22.2222222222,100.0,34.8214285714,31.5789473684,51.807470064
