pdb_id,pep_identity,mhc_identity,tcrA_identity,tcrB_identity,total_identity
5d2n,22.2222222222,99.4413407821,24.1071428571,69.5652173913,56.1665810429
3o4l,33.3333333333,100.0,29.4642857143,26.0869565217,53.7029848171
4mnq,22.2222222222,100.0,31.5315315315,27.1929824561,50.5281597387
3ffc,22.2222222222,81.0055865922,32.4561403509,57.264957265,49.3627858741
4eup,11.1111111111,100.0,39.6396396396,30.9734513274,48.8058855315
5bs0,11.1111111111,86.5921787709,38.0530973451,47.3684210526,46.804683027
2e7l,33.3333333333,68.7150837989,32.4561403509,33.6283185841,45.0302155332
