pdb_id,pep_identity,mhc_identity,tcrA_identity,tcrB_identity,total_identity
3o4l,33.3333333333,100.0,39.6396396396,26.9565217391,55.5438046742
3qdj,11.1111111111,100.0,68.1818181818,36.2831858407,54.4478710408
5men,22.2222222222,100.0,35.4545454545,38.9380530973,53.1395071661
3ffc,22.2222222222,81.0055865922,35.3982300885,41.0256410256,47.1465814572
5bs0,11.1111111111,86.5921787709,44.2477876106,42.4778761062,47.0220405802
2e7l,33.3333333333,68.7150837989,38.9380530973,28.3185840708,45.2255785721
