pdb_id,pep_identity,mhc_identity,tcrA_identity,tcrB_identity,total_identity
4eup,11.1111111111,100.0,84.8214285714,56.7567567568,60.6334012584
4mnq,22.2222222222,100.0,33.0357142857,56.7567567568,55.7061525812
3o4l,33.3333333333,100.0,39.8230088496,26.5486725664,55.5063913471
5d2n,22.2222222222,99.4413407821,22.1238938053,30.4347826087,49.3143004038
2e7l,33.3333333333,68.7150837989,33.9130434783,54.5454545455,48.759222048
