pdb_id,pep_identity,mhc_identity,tcrA_identity,tcrB_identity,total_identity
3qdj,11.1111111111,100.0,88.0733944954,61.0619469027,61.89292727
3gsn,22.2222222222,100.0,40.0,61.0619469027,57.5843985578
5men,22.2222222222,100.0,34.2342342342,62.8318584071,56.9184228476
3o4l,33.3333333333,100.0,39.0909090909,28.4482758621,55.7009752699
2p5e,11.1111111111,100.0,47.7876106195,61.0619469027,55.1786299574
2e7l,33.3333333333,68.7150837989,34.8214285714,60.1769911504,49.8492089977
