pdb_id,pep_identity,mhc_identity,tcrA_identity,tcrB_identity,total_identity
5men,22.2222222222,100.0,41.9642857143,56.6371681416,57.1743163834
3o4l,33.3333333333,100.0,37.5,26.0869565217,55.0422705314
4eup,11.1111111111,100.0,33.9285714286,58.9285714286,52.5132275132
5d2n,22.2222222222,99.4413407821,24.7787610619,29.5652173913,49.6118507437
2e7l,33.3333333333,68.7150837989,25.6637168142,53.5714285714,47.2219966083
5bs0,11.1111111111,86.5921787709,45.1327433628,35.3982300885,45.9895922026
