pdb_id,pep_identity,mhc_identity,tcrA_identity,tcrB_identity,total_identity
3o4l,33.3333333333,100.0,85.5769230769,29.203539823,63.5745215944
5men,22.2222222222,100.0,36.036036036,48.6486486486,54.8548548549
3gsn,22.2222222222,100.0,31.8181818182,48.6725663717,54.1558654391
4eup,11.1111111111,100.0,38.1818181818,56.7567567568,52.8601328601
2bnr,11.1111111111,100.0,38.0530973451,48.6486486486,51.487328036
