pdb_id,pep_identity,mhc_identity,tcrA_identity,tcrB_identity,total_identity
3o4l,33.3333333333,100.0,32.7272727273,27.5862068966,54.4966910484
5bs0,11.1111111111,86.5921787709,30.0884955752,90.2654867257,52.6267603442
5men,22.2222222222,100.0,30.0884955752,38.0530973451,52.0976728941
4qrp,11.1111111111,81.0055865922,88.1818181818,37.7192982456,51.6890853057
3qdj,11.1111111111,100.0,35.4545454545,35.3982300885,48.8458329609
2e7l,33.3333333333,68.7150837989,49.5495495495,28.3185840708,46.9941613141
