pdb_id,pep_identity,mhc_identity,tcrA_identity,tcrB_identity,total_identity
5d2n,22.2222222222,99.4413407821,28.9719626168,67.8260869565,56.6875292637
3o4l,33.3333333333,100.0,34.9056603774,28.0701754386,54.9404170804
5men,22.2222222222,100.0,34.2342342342,33.6283185841,52.0511662105
3qeq,11.1111111111,100.0,54.2857142857,33.6283185841,51.6893758487
3ffc,22.2222222222,81.0055865922,30.9090909091,52.9914529915,48.3926935882
5bs0,11.1111111111,86.5921787709,37.1681415929,46.017699115,46.4320700787
