pdb_id,pep_identity,mhc_identity,tcrA_identity,tcrB_identity,total_identity
5d2n,22.2222222222,99.4413407821,86.1111111111,33.9130434783,60.5585467663
3o4l,33.3333333333,100.0,19.0909090909,35.3982300885,53.525967641
4mnq,22.2222222222,100.0,22.0183486239,50.9090909091,52.8953139962
3qeq,11.1111111111,100.0,27.2727272727,51.7857142857,50.2134439634
