pdb_id,pep_identity,mhc_identity,tcrA_identity,tcrB_identity,total_identity
5d2n,22.2222222222,99.4413407821,27.8260869565,74.7826086957,57.6559702768
3o4l,33.3333333333,100.0,30.4347826087,25.8620689655,53.8272530401
3ffc,22.2222222222,81.0055865922,52.1739130435,52.1367521368,51.7943804682
5men,22.2222222222,100.0,29.5652173913,26.9565217391,50.1610305958
3qdj,11.1111111111,100.0,36.5217391304,30.4347826087,48.1964573269
