pdb_id,pep_identity,mhc_identity,tcrA_identity,tcrB_identity,total_identity
4eup,11.1111111111,100.0,66.6666666667,56.7567567568,57.6076076076
3o4l,33.3333333333,100.0,40.1785714286,29.203539823,56.008129653
4mnq,22.2222222222,100.0,35.1351351351,48.6486486486,54.7047047047
5d2n,22.2222222222,99.4413407821,25.8928571429,34.7826086957,50.6670986412
2e7l,33.3333333333,68.7150837989,38.5964912281,51.8181818182,49.0852512184
5bs0,11.1111111111,86.5921787709,46.9026548673,38.7387387387,46.841328895
3ffc,22.2222222222,81.0055865922,35.0877192982,37.6068376068,46.525029089
