pdb_id,pep_identity,mhc_identity,tcrA_identity,tcrB_identity,total_identity
3gsn,22.2222222222,100.0,85.4545454545,47.7876106195,62.9477667531
3o4l,33.3333333333,100.0,34.5454545455,30.4347826087,55.2744839701
5men,22.2222222222,100.0,36.6071428571,49.5575221239,55.1015182376
4eup,11.1111111111,100.0,40.9090909091,54.4642857143,52.9325998076
2p5w,11.1111111111,100.0,40.7079646018,50.4424778761,52.22877745
