pdb_id,pep_identity,mhc_identity,tcrA_identity,tcrB_identity,total_identity
3gsn,22.2222222222,100.0,86.3636363636,35.9649122807,61.1288321815
3o4l,33.3333333333,100.0,34.5454545455,28.4482758621,54.9433995124
4mnq,22.2222222222,100.0,38.3928571429,31.5789473684,52.4027081593
3qdj,11.1111111111,100.0,43.6363636364,31.5789473684,49.5729222045
2p5e,11.1111111111,100.0,41.592920354,30.0884955752,48.9839396919
