pdb_id,pep_identity,mhc_identity,tcrA_identity,tcrB_identity,total_identity
5d2n,22.2222222222,99.4413407821,51.8867924528,33.0434782609,54.7095661204
5men,22.2222222222,100.0,22.0183486239,49.5575221239,52.670052532
3qeq,11.1111111111,100.0,29.6296296296,52.2123893805,50.6773735387
2e7l,33.3333333333,68.7150837989,27.6785714286,49.1071428571,46.8137580917
3ffc,22.2222222222,81.0055865922,26.3636363636,35.8974358974,44.7861149816
