pdb_id,pep_identity,mhc_identity,tcrA_identity,tcrB_identity,total_identity
2bnq,11.1111111111,100.0,87.610619469,49.5495495495,59.8970652068
3o4l,33.3333333333,100.0,38.0530973451,30.0884955752,55.8013765978
5bs0,11.1111111111,86.5921787709,84.9557522124,40.0,53.3937219961
3qeq,11.1111111111,100.0,32.7433628319,52.6785714286,51.2740260804
5d2n,22.2222222222,99.4413407821,22.8070175439,33.0434782609,49.8629369689
2e7l,33.3333333333,68.7150837989,34.2105263158,50.0,48.0512267634
