pdb_id,pep_identity,mhc_identity,tcrA_identity,tcrB_identity,total_identity
3o4l,33.3333333333,100.0,32.4324324324,27.8260869565,54.4875310093
4qrp,11.1111111111,81.0055865922,87.3873873874,53.5087719298,54.1882591206
5eu6,11.1111111111,100.0,30.9734513274,61.9469026549,52.5237627008
5men,22.2222222222,100.0,30.0884955752,33.6283185841,51.3602097673
2e7l,33.3333333333,68.7150837989,49.1071428571,38.0530973451,48.5428457445
