pdb_id,pep_identity,mhc_identity,tcrA_identity,tcrB_identity,total_identity
4eup,11.1111111111,100.0,88.9908256881,33.9285714286,57.5236032231
3o4l,33.3333333333,100.0,42.5925925926,27.1929824561,56.0753736192
5d2n,22.2222222222,99.4413407821,21.2962962963,47.8260869565,52.0749182103
4mnq,22.2222222222,100.0,30.6306306306,34.5132743363,51.5980582352
3ffc,22.2222222222,81.0055865922,32.1428571429,44.4444444444,47.1738198694
