pdb_id,pep_identity,mhc_identity,tcrA_identity,tcrB_identity,total_identity
5d2n,22.2222222222,99.4413407821,50.0,40.0,55.5545210014
4mnq,22.2222222222,100.0,20.7207207207,30.4347826087,49.2666579623
3ffc,22.2222222222,81.0055865922,26.3636363636,49.5726495726,47.0653172608
4eup,11.1111111111,100.0,26.6055045872,30.9734513274,46.6335296895
