pdb_id,pep_identity,mhc_identity,tcrA_identity,tcrB_identity,total_identity
3o4l,33.3333333333,100.0,86.2745098039,26.0504201681,63.1652661064
5d2n,22.2222222222,99.4413407821,18.5185185185,76.0683760684,56.3190034326
4mnq,22.2222222222,100.0,31.25,31.6239316239,51.2197293447
