pdb_id,pep_identity,mhc_identity,tcrA_identity,tcrB_identity,total_identity
3o4l,33.3333333333,100.0,34.2105263158,24.347826087,54.2041698449
4mnq,22.2222222222,100.0,28.9473684211,33.6283185841,51.1700219083
2e7l,33.3333333333,68.7150837989,69.298245614,33.0357142857,51.0717990274
5eu6,11.1111111111,100.0,34.2105263158,36.8421052632,48.8791423002
3ffc,22.2222222222,81.0055865922,27.5862068966,35.0427350427,44.8474265947
