pdb_id,pep_identity,mhc_identity,tcrA_identity,tcrB_identity,total_identity
3qdj,11.1111111111,100.0,89.8148148148,34.7826086957,57.8032742888
3o4l,33.3333333333,100.0,38.5321100917,26.9565217391,55.3592164163
5men,22.2222222222,100.0,33.9449541284,35.652173913,52.340262081
5d2n,22.2222222222,99.4413407821,19.2660550459,31.0344827586,48.9379439689
