pdb_id,pep_identity,mhc_identity,tcrA_identity,tcrB_identity,total_identity
3o4l,33.3333333333,100.0,51.376146789,55.3571428571,62.2333260521
3gsn,22.2222222222,100.0,40.3669724771,30.4347826087,52.541033255
5men,22.2222222222,100.0,34.5454545455,31.8584070796,51.8080510116
3qdj,11.1111111111,100.0,46.7889908257,34.5132743363,50.587414564
