pdb_id,pep_identity,mhc_identity,tcrA_identity,tcrB_identity,total_identity
3qdj,11.1111111111,100.0,89.8148148148,32.4324324324,57.4115782449
3o4l,33.3333333333,100.0,39.8148148148,24.7787610619,55.2100404239
4mnq,22.2222222222,100.0,33.3333333333,32.4324324324,51.7017017017
5d2n,22.2222222222,99.4413407821,23.1481481481,32.1739130435,49.7748645334
3ffc,22.2222222222,81.0055865922,39.2857142857,32.4786324786,46.3699940655
5bs0,11.1111111111,86.5921787709,41.592920354,40.0,46.166583353
