pdb_id,pep_identity,mhc_identity,tcrA_identity,tcrB_identity,total_identity
3o4l,33.3333333333,100.0,33.6283185841,31.8584070796,55.3588987217
4mnq,22.2222222222,100.0,34.8214285714,50.4504504505,54.9527205777
3qeq,11.1111111111,100.0,44.6428571429,52.6785714286,53.2572751323
2e7l,33.3333333333,68.7150837989,23.6842105263,50.0,46.2968407985
5bs0,11.1111111111,86.5921787709,38.9380530973,37.8378378378,45.3637451166
3ffc,22.2222222222,81.0055865922,29.5652173913,35.0427350427,45.1772616771
