pdb_id,pep_identity,mhc_identity,tcrA_identity,tcrB_identity,total_identity
4mnq,22.2222222222,100.0,30.0884955752,57.1428571429,55.2792995271
3o4l,33.3333333333,100.0,29.7297297297,29.8245614035,54.3701596333
2e7l,33.3333333333,68.7150837989,58.5585585586,53.1531531532,52.6347576627
3qdj,11.1111111111,100.0,36.036036036,52.6785714286,51.8228049478
