pdb_id,pep_identity,mhc_identity,tcrA_identity,tcrB_identity,total_identity
3o4l,33.3333333333,100.0,87.1287128713,28.6956521739,63.7485052853
3gsn,22.2222222222,100.0,32.7102803738,36.2831858407,52.2396517765
4mnq,22.2222222222,100.0,32.7272727273,31.8584070796,51.5050207086
