pdb_id,pep_identity,mhc_identity,tcrA_identity,tcrB_identity,total_identity
3o4l,33.3333333333,100.0,51.8181818182,26.0869565217,57.4286341678
5d2n,22.2222222222,99.4413407821,22.5225225225,68.6956521739,55.7575501175
5men,22.2222222222,100.0,34.8214285714,28.9473684211,51.3688735728
3qdj,11.1111111111,100.0,49.0909090909,32.4561403509,50.628211944
3ffc,22.2222222222,81.0055865922,34.8214285714,54.7008547009,49.3296501502
5bs0,11.1111111111,86.5921787709,38.0530973451,43.8596491228,46.2198877053
