pdb_id,pep_identity,mhc_identity,tcrA_identity,tcrB_identity,total_identity
3o4l,33.3333333333,100.0,34.5794392523,27.8260869565,54.8453654793
5eu6,11.1111111111,100.0,37.1681415929,59.2920353982,53.1137332022
5men,22.2222222222,100.0,33.3333333333,35.3982300885,52.196001311
3ffc,22.2222222222,81.0055865922,27.2727272727,52.1367521368,47.6441828397
2e7l,33.3333333333,68.7150837989,27.9279279279,36.2831858407,44.7179913388
