pdb_id,pep_identity,mhc_identity,tcrA_identity,tcrB_identity,total_identity
3o4l,33.3333333333,100.0,33.9285714286,24.347826087,54.1571773637
2e7l,33.3333333333,68.7150837989,68.75,34.8214285714,51.278043806
4mnq,22.2222222222,100.0,26.3157894737,33.6283185841,50.731425417
5eu6,11.1111111111,100.0,34.2105263158,34.2105263158,48.440545809
3ffc,22.2222222222,81.0055865922,26.3157894737,30.7692307692,43.9234396453
