pdb_id,pep_identity,mhc_identity,tcrA_identity,tcrB_identity,total_identity
5men,22.2222222222,100.0,39.0909090909,53.982300885,56.2529424034
3o4l,33.3333333333,100.0,29.4642857143,30.4347826087,54.4276224983
3qeq,11.1111111111,100.0,45.9459459459,52.2123893805,53.3967595914
5d2n,22.2222222222,99.4413407821,25.8928571429,33.9130434783,50.522171105
2e7l,33.3333333333,68.7150837989,26.7857142857,48.2142857143,46.5161390441
3ffc,22.2222222222,81.0055865922,33.3333333333,34.188034188,45.6628308584
