pdb_id,pep_identity,mhc_identity,tcrA_identity,tcrB_identity,total_identity
5d2n,22.2222222222,99.4413407821,26.1261261261,75.8620689655,57.5525535167
3o4l,33.3333333333,100.0,33.6363636364,27.9661016949,54.7115219997
5men,22.2222222222,100.0,35.1351351351,30.1724137931,51.6253322288
3qeq,11.1111111111,100.0,50.4587155963,31.8965517241,50.7629149238
3ffc,22.2222222222,81.0055865922,27.6785714286,57.264957265,48.5665243871
5bs0,11.1111111111,86.5921787709,40.7079646018,44.8275862069,46.8236884288
