pdb_id,pep_identity,mhc_identity,tcrA_identity,tcrB_identity,total_identity
2e7l,33.3333333333,68.7150837989,70.2702702703,60.7142857143,55.8468983748
5men,22.2222222222,100.0,28.9473684211,56.6371681416,55.0048301678
3o4l,33.3333333333,100.0,34.2342342342,28.6956521739,54.9327588458
3qeq,11.1111111111,100.0,30.6306306306,71.6814159292,54.089044797
5d2n,22.2222222222,99.4413407821,28.5714285714,32.1739130435,50.6787446039
