pdb_id,pep_identity,mhc_identity,tcrA_identity,tcrB_identity,total_identity
2bnq,11.1111111111,100.0,85.9649122807,48.6486486486,59.4726305253
3o4l,33.3333333333,100.0,37.7192982456,34.5132743363,56.4832065414
5bs0,11.1111111111,86.5921787709,82.4561403509,37.8378378378,52.6167596588
3qeq,11.1111111111,100.0,32.4561403509,51.7857142857,51.0773461431
5d2n,22.2222222222,99.4413407821,28.6956521739,33.9130434783,50.9893036101
2e7l,33.3333333333,68.7150837989,34.7826086957,49.5412844037,48.0701212273
