pdb_id,pep_identity,mhc_identity,tcrA_identity,tcrB_identity,total_identity
3ffc,22.2222222222,81.0055865922,59.2920353982,87.1794871795,58.8211900344
3o4l,33.3333333333,100.0,33.6283185841,33.6206896552,55.6526124843
5d2n,22.2222222222,99.4413407821,29.203539823,53.9130434783,54.407284885
5men,22.2222222222,100.0,29.5652173913,31.5789473684,50.9314348674
3qdj,11.1111111111,100.0,34.5132743363,32.4561403509,48.1986061516
