pdb_id,pep_identity,mhc_identity,tcrA_identity,tcrB_identity,total_identity
3qdj,11.1111111111,100.0,91.7431192661,32.4561403509,57.7369136399
5d2n,22.2222222222,99.4413407821,21.8181818182,78.2608695652,57.2343628987
3o4l,33.3333333333,100.0,41.8181818182,27.5862068966,56.0118425636
4mnq,22.2222222222,100.0,32.4324324324,33.3333333333,51.7017017017
3ffc,22.2222222222,81.0055865922,32.1428571429,58.1196581197,49.4530221486
5bs0,11.1111111111,86.5921787709,42.4778761062,44.7368421053,47.1035496626
