pdb_id,pep_identity,mhc_identity,tcrA_identity,tcrB_identity,total_identity
5men,22.2222222222,100.0,35.7142857143,54.8672566372,55.837664466
3o4l,33.3333333333,100.0,28.5714285714,26.0869565217,53.5541752933
3qeq,11.1111111111,100.0,43.2432432432,53.982300885,53.2412943917
5d2n,22.2222222222,99.4413407821,25.8928571429,30.4347826087,49.94246096
2e7l,33.3333333333,68.7150837989,25.8928571429,53.5714285714,47.2601866631
