pdb_id,pep_identity,mhc_identity,tcrA_identity,tcrB_identity,total_identity
3o4l,33.3333333333,100.0,33.3333333333,27.1929824561,54.5321637427
5bs0,11.1111111111,86.5921787709,30.9734513274,94.5454545455,53.4875809395
5men,22.2222222222,100.0,32.4324324324,33.3333333333,51.7017017017
3qdj,11.1111111111,100.0,40.0,32.4324324324,49.1091091091
3ffc,22.2222222222,81.0055865922,33.0357142857,41.0256410256,46.7528288234
2e7l,33.3333333333,68.7150837989,31.5789473684,29.7297297297,44.2342518938
