pdb_id,pep_identity,mhc_identity,tcrA_identity,tcrB_identity,total_identity
2bnq,11.1111111111,100.0,87.610619469,56.7567567568,61.098266408
4mnq,22.2222222222,100.0,38.9380530973,60.7142857143,57.349463876
3o4l,33.3333333333,100.0,37.5,27.1929824561,55.2266081871
5bs0,11.1111111111,86.5921787709,84.9557522124,33.9285714286,52.3818172342
3qeq,11.1111111111,100.0,32.1428571429,50.8928571429,50.8763227513
5d2n,22.2222222222,99.4413407821,23.0088495575,27.8260869565,49.0270104205
2e7l,33.3333333333,68.7150837989,36.2831858407,53.1531531532,48.922195543
