pdb_id,pep_identity,mhc_identity,tcrA_identity,tcrB_identity,total_identity
3o4l,33.3333333333,100.0,50.8928571429,31.5789473684,58.1897451963
5eu6,11.1111111111,100.0,40.7079646018,78.7610619469,56.9485414618
5men,22.2222222222,100.0,33.0357142857,34.2342342342,51.9523988274
3ffc,22.2222222222,81.0055865922,31.5789473684,58.1196581197,49.3590371861
