pdb_id,pep_identity,mhc_identity,tcrA_identity,tcrB_identity,total_identity
5d2n,22.2222222222,99.4413407821,51.4018691589,53.0434782609,57.9620789047
3o4l,33.3333333333,100.0,22.9357798165,28.4482758621,53.0084537242
4mnq,22.2222222222,100.0,21.6216216216,34.7826086957,50.1414457936
3qeq,11.1111111111,100.0,31.1926605505,34.7826086957,48.0329152447
3ffc,22.2222222222,81.0055865922,27.2727272727,46.1538461538,46.6470318426
