pdb_id,pep_identity,mhc_identity,tcrA_identity,tcrB_identity,total_identity
3o4l,33.3333333333,100.0,36.3636363636,25.8620689655,54.8153953326
5men,22.2222222222,100.0,46.3636363636,33.0434782609,53.9752598448
5eu6,11.1111111111,100.0,48.6725663717,50.4347826087,53.5549285338
3ffc,22.2222222222,81.0055865922,31.8584070796,45.2991452991,47.2688616679
