pdb_id,pep_identity,mhc_identity,tcrA_identity,tcrB_identity,total_identity
3o4l,33.3333333333,100.0,32.4324324324,26.9565217391,54.342603473
3qdj,11.1111111111,100.0,63.6363636364,34.2105263158,53.3448520291
5men,22.2222222222,100.0,32.7272727273,35.9649122807,52.1894382421
3ffc,22.2222222222,81.0055865922,29.203539823,47.8632478632,47.2537342192
2e7l,33.3333333333,68.7150837989,33.6283185841,35.3982300885,45.5205638228
5bs0,11.1111111111,86.5921787709,37.1681415929,38.5964912281,45.1952020975
