pdb_id,pep_identity,mhc_identity,tcrA_identity,tcrB_identity,total_identity
3qdj,11.1111111111,100.0,89.8148148148,30.3571428571,57.065696649
5d2n,22.2222222222,99.4413407821,21.1009174312,73.9130434783,56.390181153
3o4l,33.3333333333,100.0,39.4495412844,28.9473684211,55.8439293954
5men,22.2222222222,100.0,33.3333333333,32.1428571429,51.6534391534
3ffc,22.2222222222,81.0055865922,33.0357142857,57.264957265,49.4593815299
5bs0,11.1111111111,86.5921787709,43.3628318584,45.5357142857,47.3841876514
