pdb_id,pep_identity,mhc_identity,tcrA_identity,tcrB_identity,total_identity
2bnq,11.1111111111,100.0,87.610619469,55.7522123894,60.9308423468
3o4l,33.3333333333,100.0,37.2727272727,25.8620689655,54.9669104842
5bs0,11.1111111111,86.5921787709,83.185840708,36.2831858407,52.4792677188
3qeq,11.1111111111,100.0,33.6363636364,51.7543859649,51.2688286372
5d2n,22.2222222222,99.4413407821,22.5225225225,29.5652173913,49.2358109871
