pdb_id,pep_identity,mhc_identity,tcrA_identity,tcrB_identity,total_identity
2bnq,11.1111111111,100.0,85.8407079646,55.8558558559,60.6531310071
3o4l,33.3333333333,100.0,40.0,25.6637168142,55.3883972468
5bs0,11.1111111111,86.5921787709,81.4159292035,36.036036036,52.1430908339
3qeq,11.1111111111,100.0,30.9090909091,51.7857142857,50.8195045695
2e7l,33.3333333333,68.7150837989,36.9369369369,56.3636363636,49.5662345942
5d2n,22.2222222222,99.4413407821,22.5225225225,27.8260869565,48.9459559146
