pdb_id,pep_identity,mhc_identity,tcrA_identity,tcrB_identity,total_identity
4eup,11.1111111111,100.0,30.1724137931,87.3873873874,56.6303372338
5men,22.2222222222,100.0,29.3103448276,50.8928571429,54.1079410691
3o4l,33.3333333333,100.0,29.3103448276,26.3157894737,53.715466828
5d2n,22.2222222222,99.4413407821,27.5862068966,31.3043478261,50.3696134552
2e7l,33.3333333333,68.7150837989,35.8974358974,57.6576576577,49.6086546366
3ffc,22.2222222222,81.0055865922,51.724137931,29.9145299145,48.0157142457
