pdb_id,pep_identity,mhc_identity,tcrA_identity,tcrB_identity,total_identity
5men,22.2222222222,100.0,42.4778761062,53.0434782609,56.6609664686
3o4l,33.3333333333,100.0,34.5454545455,29.9145299145,55.1877751878
3qeq,11.1111111111,100.0,41.8181818182,50.4347826087,52.4125311082
5d2n,22.2222222222,99.4413407821,26.1261261261,34.4827586207,50.6560017926
2e7l,33.3333333333,68.7150837989,27.9279279279,47.3684210526,46.5655305408
3ffc,22.2222222222,81.0055865922,31.8584070796,35.8974358974,45.701910101
5bs0,11.1111111111,86.5921787709,40.7079646018,37.3913043478,45.584308119
