pdb_id,pep_identity,mhc_identity,tcrA_identity,tcrB_identity,total_identity
3gsn,22.2222222222,100.0,33.6363636364,53.982300885,55.3438514943
2e7l,33.3333333333,68.7150837989,56.7567567568,55.3571428571,52.7017889797
3ffc,22.2222222222,81.0055865922,35.0877192982,31.6239316239,45.5278780918
