pdb_id,pep_identity,mhc_identity,tcrA_identity,tcrB_identity,total_identity
3o4l,33.3333333333,100.0,84.6153846154,27.8260869565,63.1846897064
5eu6,11.1111111111,100.0,40.7079646018,59.2920353982,53.7037037037
4mnq,22.2222222222,100.0,31.25,35.3982300885,51.8487790888
2pye,11.1111111111,100.0,40.7079646018,41.592920354,50.7538511963
