pdb_id,pep_identity,mhc_identity,tcrA_identity,tcrB_identity,total_identity
4mnq,22.2222222222,100.0,31.0344827586,57.1428571429,55.4369640577
3o4l,33.3333333333,100.0,32.7586206897,26.3157894737,54.2901794717
4eup,11.1111111111,100.0,30.1724137931,61.2612612613,52.2759828794
3ffc,22.2222222222,81.0055865922,58.6206896552,29.9145299145,49.1651395331
2e7l,33.3333333333,68.7150837989,31.6239316239,54.0540540541,48.2958033237
5bs0,11.1111111111,86.5921787709,32.7586206897,38.7387387387,44.4839898654
