pdb_id,pep_identity,mhc_identity,tcrA_identity,tcrB_identity,total_identity
3o4l,33.3333333333,100.0,33.6363636364,27.4336283186,54.6227764369
4mnq,22.2222222222,100.0,30.701754386,33.3333333333,51.4132553606
2e7l,33.3333333333,68.7150837989,69.3693693694,31.8181818182,50.8807309087
5eu6,11.1111111111,100.0,34.2105263158,39.8230088496,49.3759595646
3ffc,22.2222222222,81.0055865922,28.0701754386,36.7521367521,45.2129883033
