pdb_id,pep_identity,mhc_identity,tcrA_identity,tcrB_identity,total_identity
3o4l,33.3333333333,100.0,59.8039215686,26.0869565217,58.7595907928
5bs0,11.1111111111,86.5921787709,36.2831858407,92.8571428571,54.0911514103
3gsn,22.2222222222,100.0,42.0560747664,31.8584070796,53.0598210484
3ffc,22.2222222222,81.0055865922,41.8181818182,44.4444444444,48.7863739819
