pdb_id,pep_identity,mhc_identity,tcrA_identity,tcrB_identity,total_identity
3o4l,33.3333333333,100.0,31.8181818182,29.0598290598,54.5907795908
3qdj,11.1111111111,100.0,63.3027522936,40.8695652174,54.3990899555
5men,22.2222222222,100.0,30.9090909091,39.1304347826,52.4139950227
3ffc,22.2222222222,81.0055865922,32.1428571429,52.1367521368,48.4558711514
5bs0,11.1111111111,86.5921787709,39.8230088496,43.4782608696,46.4513082472
2e7l,33.3333333333,68.7150837989,32.1428571429,33.9130434783,45.0254558143
