pdb_id,pep_identity,mhc_identity,tcrA_identity,tcrB_identity,total_identity
3qdj,11.1111111111,100.0,88.8888888889,59.649122807,61.7933723197
3gsn,22.2222222222,100.0,47.2222222222,71.9298245614,60.5994152047
5men,22.2222222222,100.0,33.3333333333,73.6842105263,58.5769980507
2p5e,11.1111111111,100.0,41.592920354,71.9298245614,55.9574945229
3o4l,33.3333333333,100.0,39.8148148148,26.4957264957,55.4962013295
