pdb_id,pep_identity,mhc_identity,tcrA_identity,tcrB_identity,total_identity
3o4l,33.3333333333,100.0,34.8214285714,23.9316239316,54.2366198616
5men,22.2222222222,100.0,46.3636363636,30.4347826087,53.5404772361
5eu6,11.1111111111,100.0,48.6725663717,38.7931034483,51.6146486737
3ffc,22.2222222222,81.0055865922,31.5789473684,36.7521367521,45.7977836249
