pdb_id,pep_identity,mhc_identity,tcrA_identity,tcrB_identity,total_identity
5d2n,22.2222222222,99.4413407821,62.6168224299,40.8695652174,57.802252276
5men,22.2222222222,100.0,27.9279279279,48.2142857143,53.4311096811
3o4l,33.3333333333,100.0,22.0183486239,28.9473684211,52.9387306186
3qeq,11.1111111111,100.0,27.5229357798,52.6785714286,50.4039549051
2e7l,33.3333333333,68.7150837989,25.6637168142,50.4504504505,46.7018335882
