pdb_id,pep_identity,mhc_identity,tcrA_identity,tcrB_identity,total_identity
3o4l,33.3333333333,100.0,37.2727272727,27.8260869565,55.294246816
5eu6,11.1111111111,100.0,48.6725663717,59.2920353982,55.031137332
5men,22.2222222222,100.0,39.0909090909,35.3982300885,53.1555972706
3ffc,22.2222222222,81.0055865922,30.9734513274,52.1367521368,48.2609701822
2e7l,33.3333333333,68.7150837989,26.1261261261,36.2831858407,44.4176910385
