pdb_id,pep_identity,mhc_identity,tcrA_identity,tcrB_identity,total_identity
3qdj,11.1111111111,100.0,87.3873873874,61.6071428571,61.8694587445
3gsn,22.2222222222,100.0,36.6071428571,58.407079646,56.5764444913
5men,22.2222222222,100.0,34.8623853211,58.0357142857,56.2237573419
3o4l,33.3333333333,100.0,37.5,28.0701754386,55.3728070175
2p5e,11.1111111111,100.0,40.7079646018,58.5585585586,53.5814575638
2e7l,33.3333333333,68.7150837989,32.4561403509,62.1621621622,49.7858561296
