pdb_id,pep_identity,mhc_identity,tcrA_identity,tcrB_identity,total_identity
3qdj,11.1111111111,100.0,89.9082568807,63.1578947368,62.5480623066
3gsn,22.2222222222,100.0,40.9090909091,88.5964912281,62.3250044303
5men,22.2222222222,100.0,35.1351351351,89.4736842105,61.5088772984
2bnr,11.1111111111,100.0,40.7079646018,89.4736842105,58.7339785058
3o4l,33.3333333333,100.0,40.0,28.2051282051,55.811965812
