pdb_id,pep_identity,mhc_identity,tcrA_identity,tcrB_identity,total_identity
3o4l,33.3333333333,100.0,52.2522522523,27.1186440678,57.6729271645
5men,22.2222222222,100.0,33.9285714286,32.7586206897,51.8552727604
3qdj,11.1111111111,100.0,48.6486486486,31.0344827586,50.3175589382
5d2n,22.2222222222,99.4413407821,24.1071428571,34.188034188,50.2703838423
