pdb_id,pep_identity,mhc_identity,tcrA_identity,tcrB_identity,total_identity
3qeq,11.1111111111,100.0,94.4444444444,32.1428571429,58.1349206349
3o4l,33.3333333333,100.0,30.2752293578,26.0869565217,53.838142091
5bs0,11.1111111111,86.5921787709,32.7433628319,91.9642857143,53.352371385
5d2n,22.2222222222,99.4413407821,30.0,46.0869565217,53.2356804217
4mnq,22.2222222222,100.0,33.9285714286,32.1428571429,51.7526455026
3ffc,22.2222222222,81.0055865922,38.9380530973,42.735042735,48.0214522435
