pdb_id,pep_identity,mhc_identity,tcrA_identity,tcrB_identity,total_identity
5men,22.2222222222,100.0,40.1785714286,55.7522123894,56.7292047104
3o4l,33.3333333333,100.0,38.0530973451,25.2173913043,54.989525886
4eup,11.1111111111,100.0,32.7433628319,61.6071428571,52.7621213185
5d2n,22.2222222222,99.4413407821,24.5614035088,27.8260869565,49.2857694123
2e7l,33.3333333333,68.7150837989,25.4385964912,53.5714285714,47.1844765545
5bs0,11.1111111111,86.5921787709,45.1327433628,37.5,46.3398871878
