pdb_id,pep_identity,mhc_identity,tcrA_identity,tcrB_identity,total_identity
3o4l,33.3333333333,100.0,28.8288288288,22.8070175439,53.0504188399
3qeq,11.1111111111,100.0,30.6306306306,41.0714285714,48.9873802374
2e7l,33.3333333333,68.7150837989,30.9734513274,37.8378378378,45.4846872383
3ffc,22.2222222222,81.0055865922,32.7433628319,33.3333333333,45.422052299
5bs0,11.1111111111,86.5921787709,34.5132743363,37.5,44.5699756834
