pdb_id,pep_identity,mhc_identity,tcrA_identity,tcrB_identity,total_identity
5d2n,22.2222222222,99.4413407821,89.5238095238,30.4347826087,60.5476196902
5men,22.2222222222,100.0,20.7207207207,56.25,53.5691941942
3o4l,33.3333333333,100.0,21.4953271028,24.5614035088,52.120566213
4eup,11.1111111111,100.0,25.6880733945,56.7567567568,50.7778420622
