pdb_id,pep_identity,mhc_identity,tcrA_identity,tcrB_identity,total_identity
3o4l,33.3333333333,100.0,40.0,24.1379310345,55.1340996169
4mnq,22.2222222222,100.0,28.0701754386,56.1403508772,54.77582846
2e7l,33.3333333333,68.7150837989,69.3693693694,53.982300885,54.5747507531
4eup,11.1111111111,100.0,32.1428571429,55.7522123894,51.6862152924
