pdb_id,pep_identity,mhc_identity,tcrA_identity,tcrB_identity,total_identity
3gsn,22.2222222222,100.0,88.9908256881,55.7522123894,64.8645804203
4mnq,22.2222222222,100.0,37.5,60.0,56.9907407407
3o4l,33.3333333333,100.0,34.8623853211,27.4336283186,54.8271133844
2p5w,11.1111111111,100.0,40.7079646018,54.4642857143,52.8990787564
4eup,11.1111111111,100.0,36.3636363636,57.6576576577,52.7072527073
