pdb_id,pep_identity,mhc_identity,tcrA_identity,tcrB_identity,total_identity
5d2n,22.2222222222,99.4413407821,53.3333333333,61.2068965517,59.6445593156
3o4l,33.3333333333,100.0,29.9065420561,27.3504273504,53.9872726789
3ffc,22.2222222222,81.0055865922,27.2727272727,75.2136752137,51.4903366859
4mnq,22.2222222222,100.0,20.7207207207,27.5862068966,48.7918953436
