pdb_id,pep_identity,mhc_identity,tcrA_identity,tcrB_identity,total_identity
3o4l,33.3333333333,100.0,34.8623853211,30.0884955752,55.2695912605
5men,22.2222222222,100.0,34.2342342342,50.4504504505,54.8548548549
3qeq,11.1111111111,100.0,50.9259259259,52.6785714286,54.3044532628
2e7l,33.3333333333,68.7150837989,28.3185840708,50.0,47.0692363892
3ffc,22.2222222222,81.0055865922,30.6306306306,35.0427350427,45.3548305504
5bs0,11.1111111111,86.5921787709,36.2831858407,40.0,45.2816276008
