pdb_id,pep_identity,mhc_identity,tcrA_identity,tcrB_identity,total_identity
5d2n,22.2222222222,99.4413407821,25.4545454545,68.1034482759,56.1475199565
3o4l,33.3333333333,100.0,36.3636363636,28.813559322,55.3073103921
5men,22.2222222222,100.0,29.7297297297,30.1724137931,50.7244313279
3qeq,11.1111111111,100.0,30.0,44.8275862069,49.5083014049
3ffc,22.2222222222,81.0055865922,33.0357142857,55.5555555556,49.174481245
