pdb_id,pep_identity,mhc_identity,tcrA_identity,tcrB_identity,total_identity
5d2n,22.2222222222,99.4413407821,50.4587155963,31.3043478261,54.1816982385
4mnq,22.2222222222,100.0,21.6216216216,50.0,52.6776776777
3qdj,11.1111111111,100.0,22.5225225225,52.6785714286,49.5705526956
2e7l,33.3333333333,68.7150837989,27.8260869565,54.954954955,47.8129793627
3ffc,22.2222222222,81.0055865922,28.5714285714,29.9145299145,44.1569293525
