pdb_id,pep_identity,mhc_identity,tcrA_identity,tcrB_identity,total_identity
5d2n,22.2222222222,99.4413407821,50.4672897196,35.3448275862,54.8565405524
4mnq,22.2222222222,100.0,21.6216216216,37.3913043478,50.5762284023
3qeq,11.1111111111,100.0,31.1926605505,26.9565217391,46.7285674186
3ffc,22.2222222222,81.0055865922,28.1818181818,31.6239316239,44.3768945724
