pdb_id,pep_identity,mhc_identity,tcrA_identity,tcrB_identity,total_identity
3qeq,11.1111111111,100.0,51.4018691589,58.9285714286,55.4254438016
3o4l,33.3333333333,100.0,34.2592592593,28.3185840708,54.8740849995
5men,22.2222222222,100.0,36.9369369369,47.7477477477,54.8548548549
2e7l,33.3333333333,68.7150837989,26.7857142857,50.0,46.8137580917
5bs0,11.1111111111,86.5921787709,37.1681415929,36.036036036,44.7684595655
3ffc,22.2222222222,81.0055865922,28.1818181818,32.4786324786,44.5193447149
