pdb_id,pep_identity,mhc_identity,tcrA_identity,tcrB_identity,total_identity
3qdj,11.1111111111,100.0,91.6666666667,37.8378378378,58.6211211211
3o4l,33.3333333333,100.0,40.3669724771,26.5486725664,55.5970519517
5men,22.2222222222,100.0,35.7798165138,36.9369369369,52.8601996492
5d2n,22.2222222222,99.4413407821,21.1009174312,34.7826086957,49.8684420226
