pdb_id,pep_identity,mhc_identity,tcrA_identity,tcrB_identity,total_identity
5d2n,22.2222222222,99.4413407821,30.0884955752,57.3913043478,55.1344876553
4mnq,22.2222222222,100.0,28.9473684211,39.1304347826,52.0870412747
2e7l,33.3333333333,68.7150837989,64.2857142857,33.9130434783,50.3825986714
3qdj,11.1111111111,100.0,35.7142857143,40.8695652174,49.8010121923
3ffc,22.2222222222,81.0055865922,30.701754386,52.1367521368,48.2156873586
5bs0,11.1111111111,86.5921787709,30.701754386,43.4782608696,44.9310991699
