pdb_id,pep_identity,mhc_identity,tcrA_identity,tcrB_identity,total_identity
3o4l,33.3333333333,100.0,32.7272727273,25.4385964912,54.1387559809
3qdj,11.1111111111,100.0,60.5504587156,33.9285714286,52.7835420611
4mnq,22.2222222222,100.0,30.9090909091,32.1428571429,51.2493987494
5bs0,11.1111111111,86.5921787709,37.1681415929,57.1428571429,48.2862630833
3ffc,22.2222222222,81.0055865922,38.3928571429,40.1709401709,47.5032358238
2e7l,33.3333333333,68.7150837989,32.1428571429,32.4324324324,44.7786873066
