pdb_id,pep_identity,mhc_identity,tcrA_identity,tcrB_identity,total_identity
3gsn,22.2222222222,100.0,33.6363636364,73.9130434783,58.6656419265
3o4l,33.3333333333,100.0,29.0909090909,27.1186440678,53.8127033042
2e7l,33.3333333333,68.7150837989,29.4642857143,55.652173913,48.2022156486
