pdb_id,pep_identity,mhc_identity,tcrA_identity,tcrB_identity,total_identity
5d2n,22.2222222222,99.4413407821,25.4545454545,66.9565217391,55.9563655337
3o4l,33.3333333333,100.0,32.1100917431,26.9565217391,54.2888800248
5men,22.2222222222,100.0,36.036036036,28.9473684211,51.5713081503
3qeq,11.1111111111,100.0,51.8518518519,34.2105263158,51.3807667316
3ffc,22.2222222222,81.0055865922,30.6306306306,56.4102564103,48.9160841116
5bs0,11.1111111111,86.5921787709,38.9380530973,47.7876106195,47.0220405802
