pdb_id,pep_identity,mhc_identity,tcrA_identity,tcrB_identity,total_identity
3ffc,22.2222222222,81.0055865922,84.347826087,55.5555555556,57.7264998786
5d2n,22.2222222222,99.4413407821,28.6956521739,54.7826086957,54.4675644797
3o4l,33.3333333333,100.0,31.3043478261,28.6956521739,54.4444444444
5men,22.2222222222,100.0,32.1739130435,34.5132743363,51.8552719707
3qeq,11.1111111111,100.0,33.0434782609,38.9380530973,49.0339589301
