pdb_id,pep_identity,mhc_identity,tcrA_identity,tcrB_identity,total_identity
3gsn,22.2222222222,100.0,40.1785714286,85.3448275862,61.6613072432
5men,22.2222222222,100.0,36.9369369369,86.2068965517,61.2647129889
3qdj,11.1111111111,100.0,65.7657657658,60.3448275862,58.0554692624
2p5e,11.1111111111,100.0,43.3628318584,81.0344827586,57.7699228065
3o4l,33.3333333333,100.0,38.3928571429,28.5714285714,55.6051587302
