pdb_id,pep_identity,mhc_identity,tcrA_identity,tcrB_identity,total_identity
5eu6,11.1111111111,100.0,88.4955752212,66.3716814159,62.8482464766
2bnr,11.1111111111,100.0,87.610619469,31.25,56.8471402819
3o4l,33.3333333333,100.0,38.9380530973,27.1929824561,55.4662837034
5bs0,11.1111111111,86.5921787709,84.0707964602,47.7876106195,54.544164474
5men,22.2222222222,100.0,40.7079646018,30.0884955752,52.5401507702
3qdj,11.1111111111,100.0,48.6725663717,33.6283185841,50.7538511963
