pdb_id,pep_identity,mhc_identity,tcrA_identity,tcrB_identity,total_identity
4eup,11.1111111111,100.0,20.7207207207,89.1891891892,55.3553553554
3o4l,33.3333333333,100.0,21.6216216216,31.5789473684,53.3112059428
5men,22.2222222222,100.0,24.3243243243,50.8928571429,53.2769376519
2e7l,33.3333333333,68.7150837989,26.9565217391,55.8558558559,47.8182019766
