pdb_id,pep_identity,mhc_identity,tcrA_identity,tcrB_identity,total_identity
5eu6,11.1111111111,100.0,33.3333333333,78.0701754386,55.604288499
3o4l,33.3333333333,100.0,29.8245614035,31.0344827586,54.5876184715
5men,22.2222222222,100.0,28.9473684211,33.3333333333,51.1208576998
2e7l,33.3333333333,68.7150837989,57.8947368421,35.9649122807,49.6594138979
3ffc,22.2222222222,81.0055865922,28.4482758621,58.1196581197,48.8372586018
