pdb_id,pep_identity,mhc_identity,tcrA_identity,tcrB_identity,total_identity
3o4l,33.3333333333,100.0,20.1834862385,25.6637168142,52.0856449532
5eu6,11.1111111111,100.0,24.5614035088,36.2831858407,47.1778019286
3ffc,22.2222222222,81.0055865922,32.7272727273,32.4786324786,45.2769204725
2e7l,33.3333333333,68.7150837989,25.6637168142,30.9090909091,43.4449403313
