pdb_id,pep_identity,mhc_identity,tcrA_identity,tcrB_identity,total_identity
3o4l,33.3333333333,100.0,30.3571428571,27.4336283186,54.0762396404
4mnq,22.2222222222,100.0,26.3157894737,35.1351351351,50.9825615089
5eu6,11.1111111111,100.0,31.5789473684,46.9026548673,50.1173040763
2e7l,33.3333333333,68.7150837989,57.1428571429,34.5454545455,49.2975243255
3ffc,22.2222222222,81.0055865922,28.0701754386,43.5897435897,46.3525894429
