pdb_id,pep_identity,mhc_identity,tcrA_identity,tcrB_identity,total_identity
3o4l,33.3333333333,100.0,61.1111111111,24.1379310345,58.6526181354
3gsn,22.2222222222,100.0,41.6666666667,31.5789473684,52.9483430799
