pdb_id,pep_identity,mhc_identity,tcrA_identity,tcrB_identity,total_identity
3o4l,33.3333333333,100.0,29.3103448276,31.5789473684,54.5926598104
5men,22.2222222222,100.0,30.1724137931,32.1428571429,51.1266192301
5eu6,11.1111111111,100.0,39.6551724138,43.3628318584,50.8733710824
3ffc,22.2222222222,81.0055865922,52.5862068966,38.4615384615,49.5838938311
2e7l,33.3333333333,68.7150837989,35.0427350427,32.4324324324,45.2620002899
