pdb_id,pep_identity,mhc_identity,tcrA_identity,tcrB_identity,total_identity
3qdj,11.1111111111,100.0,87.3873873874,61.0619469027,61.778592752
3gsn,22.2222222222,100.0,38.3928571429,66.3716814159,58.2014971672
5men,22.2222222222,100.0,35.7798165138,61.9469026549,57.0285272688
3o4l,33.3333333333,100.0,38.3928571429,31.8965517241,56.1593459223
2p5e,11.1111111111,100.0,40.7079646018,57.5221238938,53.408718453
2e7l,33.3333333333,68.7150837989,33.3333333333,59.2920353982,49.4537004993
