pdb_id,pep_identity,mhc_identity,tcrA_identity,tcrB_identity,total_identity
3qdj,11.1111111111,100.0,87.962962963,58.407079646,61.4320441385
3gsn,22.2222222222,100.0,39.8148148148,60.1769911504,57.406041735
5men,22.2222222222,100.0,33.3333333333,60.1769911504,56.3257948214
3o4l,33.3333333333,100.0,39.8148148148,26.724137931,55.5342699021
2e7l,33.3333333333,68.7150837989,35.1351351351,61.9469026549,50.1964786757
