pdb_id,pep_identity,mhc_identity,tcrA_identity,tcrB_identity,total_identity
3o4l,33.3333333333,100.0,31.8181818182,28.9473684211,54.572036151
4mnq,22.2222222222,100.0,27.1929824561,37.8378378378,51.5792107897
3qdj,11.1111111111,100.0,33.3333333333,40.5405405405,49.3493493493
5bs0,11.1111111111,86.5921787709,30.701754386,66.6666666667,48.7958334695
2e7l,33.3333333333,68.7150837989,56.7567567568,29.7297297297,48.4305534585
4qrp,11.1111111111,81.0055865922,56.7567567568,42.1052631579,47.1825692202
