pdb_id,pep_identity,mhc_identity,tcrA_identity,tcrB_identity,total_identity
5d2n,22.2222222222,99.4413407821,87.619047619,48.6956521739,63.2736376336
3o4l,33.3333333333,100.0,19.6261682243,24.7863247863,51.8465266129
