pdb_id,pep_identity,mhc_identity,tcrA_identity,tcrB_identity,total_identity
5men,22.2222222222,100.0,33.0434782609,55.7522123894,55.5400225158
3o4l,33.3333333333,100.0,34.2105263158,27.8260869565,54.7838799898
3qdj,11.1111111111,100.0,35.0877192982,53.0973451327,51.7345477755
3ffc,22.2222222222,81.0055865922,60.5263157895,28.2051282051,49.1978436039
2e7l,33.3333333333,68.7150837989,33.0434782609,52.6785714286,48.3031473256
