pdb_id,pep_identity,mhc_identity,tcrA_identity,tcrB_identity,total_identity
3o4l,33.3333333333,100.0,51.8181818182,31.5789473684,58.3439659755
5men,22.2222222222,100.0,34.8214285714,54.4642857143,55.6216931217
4eup,11.1111111111,100.0,47.2727272727,56.7567567568,54.3752843753
5d2n,22.2222222222,99.4413407821,22.5225225225,34.7826086957,50.1053762045
2e7l,33.3333333333,68.7150837989,33.9285714286,48.6486486486,47.7790090569
