pdb_id,pep_identity,mhc_identity,tcrA_identity,tcrB_identity,total_identity
3o4l,33.3333333333,100.0,28.4403669725,30.1724137931,54.2132412387
5eu6,11.1111111111,100.0,33.6283185841,56.1403508772,51.9984819472
5men,22.2222222222,100.0,26.7857142857,34.2105263158,50.906780841
3ffc,22.2222222222,81.0055865922,38.9380530973,51.2820512821,49.445953668
2e7l,33.3333333333,68.7150837989,46.8468468468,33.3333333333,47.3795024074
