pdb_id,pep_identity,mhc_identity,tcrA_identity,tcrB_identity,total_identity
3qdj,11.1111111111,100.0,90.0900900901,64.8648648649,62.8628628629
3gsn,22.2222222222,100.0,40.1785714286,77.8761061947,60.4165203446
5men,22.2222222222,100.0,32.4324324324,78.3783783784,59.2092092092
3o4l,33.3333333333,100.0,39.2857142857,34.2105263158,56.693817878
2pye,11.1111111111,100.0,42.4778761062,75.0,56.6166830547
