pdb_id,pep_identity,mhc_identity,tcrA_identity,tcrB_identity,total_identity
3o4l,33.3333333333,100.0,31.8584070796,58.9285714286,59.5756075291
3gsn,22.2222222222,100.0,34.5132743363,35.652173913,52.4349821156
