pdb_id,pep_identity,mhc_identity,tcrA_identity,tcrB_identity,total_identity
3o4l,33.3333333333,100.0,32.4324324324,30.0884955752,54.8645991124
5men,22.2222222222,100.0,28.3185840708,48.6486486486,53.5686128606
4eup,11.1111111111,100.0,36.036036036,56.7567567568,52.5025025025
2e7l,33.3333333333,68.7150837989,50.0,50.9090909091,50.8343208623
4qrp,11.1111111111,81.0055865922,86.4864864865,32.7433628319,50.5772074542
5bs0,11.1111111111,86.5921787709,31.8584070796,39.6396396396,44.4841044139
