pdb_id,pep_identity,mhc_identity,tcrA_identity,tcrB_identity,total_identity
4eup,11.1111111111,100.0,34.8623853211,89.1891891892,57.7122994554
3o4l,33.3333333333,100.0,31.7757009346,29.203539823,54.6076512374
5men,22.2222222222,100.0,30.9090909091,51.8181818182,54.5286195286
5d2n,22.2222222222,99.4413407821,22.9357798165,29.5652173913,49.3046872028
2e7l,33.3333333333,68.7150837989,31.8584070796,58.7155963303,49.1118062791
