pdb_id,pep_identity,mhc_identity,tcrA_identity,tcrB_identity,total_identity
3o4l,33.3333333333,100.0,84.6153846154,26.8907563025,63.0288012641
5d2n,22.2222222222,99.4413407821,19.0909090909,76.0683760684,56.4144018613
4mnq,22.2222222222,100.0,31.25,31.6239316239,51.2197293447
