pdb_id,pep_identity,mhc_identity,tcrA_identity,tcrB_identity,total_identity
3o4l,33.3333333333,100.0,32.7433628319,29.0598290598,54.7449764264
5eu6,11.1111111111,100.0,42.4778761062,59.1304347826,53.9717555185
5men,22.2222222222,100.0,37.1681415929,36.5217391304,53.022387528
3ffc,22.2222222222,81.0055865922,26.9565217391,53.8461538462,47.8763822023
2e7l,33.3333333333,68.7150837989,26.3157894737,34.7826086957,44.1992054056
