pdb_id,pep_identity,mhc_identity,tcrA_identity,tcrB_identity,total_identity
5men,22.2222222222,100.0,37.5,89.4736842105,61.9030214425
2p5w,11.1111111111,100.0,41.592920354,84.2105263158,58.0042781487
3o4l,33.3333333333,100.0,33.3333333333,32.4786324786,55.4131054131
3qdj,11.1111111111,100.0,39.4495412844,63.1578947368,54.1382763739
5d2n,22.2222222222,99.4413407821,23.8532110092,32.1739130435,49.8923750102
