pdb_id,pep_identity,mhc_identity,tcrA_identity,tcrB_identity,total_identity
3gsn,22.2222222222,100.0,43.2432432432,49.5575221239,56.2075349686
2e7l,33.3333333333,68.7150837989,33.0357142857,49.5495495495,47.7803496833
5bs0,11.1111111111,86.5921787709,46.017699115,39.6396396396,46.8439864198
3ffc,22.2222222222,81.0055865922,30.9734513274,35.8974358974,45.5544174756
