pdb_id,pep_identity,mhc_identity,tcrA_identity,tcrB_identity,total_identity
3ffc,22.2222222222,81.0055865922,82.6086956522,58.9743589744,58.0064453759
5eu6,11.1111111111,100.0,36.5217391304,80.701754386,56.5742859564
3o4l,33.3333333333,100.0,32.1739130435,31.0344827586,54.9791770781
5men,22.2222222222,100.0,33.9130434783,33.3333333333,51.9484702093
