pdb_id,pep_identity,mhc_identity,tcrA_identity,tcrB_identity,total_identity
5d2n,22.2222222222,99.4413407821,51.4285714286,68.6956521739,60.5752249352
3o4l,33.3333333333,100.0,20.5607476636,27.1929824561,52.4033994644
5men,22.2222222222,100.0,26.6055045872,30.0884955752,50.1897407678
3ffc,22.2222222222,81.0055865922,27.2727272727,57.264957265,48.4988836944
