pdb_id,pep_identity,mhc_identity,tcrA_identity,tcrB_identity,total_identity
3o4l,33.3333333333,100.0,30.9734513274,23.275862069,53.4859966772
2e7l,33.3333333333,68.7150837989,60.1769911504,34.5132743363,49.7978499585
5eu6,11.1111111111,100.0,33.3333333333,37.3913043478,48.8244766506
3ffc,22.2222222222,81.0055865922,26.0869565217,35.8974358974,44.7400016747
