pdb_id,pep_identity,mhc_identity,tcrA_identity,tcrB_identity,total_identity
3o4l,33.3333333333,100.0,84.7619047619,24.347826087,62.6293995859
5men,22.2222222222,100.0,35.7142857143,32.7433628319,52.1503488318
3gsn,22.2222222222,100.0,34.2342342342,30.9734513274,51.6086883344
