pdb_id,pep_identity,mhc_identity,tcrA_identity,tcrB_identity,total_identity
5eu6,11.1111111111,100.0,51.3274336283,59.2920353982,55.4736152081
3o4l,33.3333333333,100.0,36.6071428571,27.8260869565,55.1833160801
5men,22.2222222222,100.0,38.3928571429,35.3982300885,53.0392552793
3ffc,22.2222222222,81.0055865922,33.3333333333,52.1367521368,48.6542838498
2e7l,33.3333333333,68.7150837989,26.5486725664,36.2831858407,44.4881154453
