pdb_id,pep_identity,mhc_identity,tcrA_identity,tcrB_identity,total_identity
5d2n,22.2222222222,99.4413407821,26.6055045872,66.9565217391,56.1481920558
3o4l,33.3333333333,100.0,31.1926605505,32.7586206897,55.1029913178
5men,22.2222222222,100.0,34.2342342342,34.2105263158,52.1482008324
3qdj,11.1111111111,100.0,39.8148148148,36.8421052632,49.8131903834
3ffc,22.2222222222,81.0055865922,33.0357142857,58.9743589744,49.7442818148
2e7l,33.3333333333,68.7150837989,30.6306306306,35.9649122807,45.115396196
5bs0,11.1111111111,86.5921787709,32.7433628319,42.1052631579,45.0425342923
