pdb_id,pep_identity,mhc_identity,tcrA_identity,tcrB_identity,total_identity
5men,22.2222222222,100.0,37.5,91.2280701754,62.1954191033
2bnq,11.1111111111,100.0,40.7079646018,87.7192982456,58.4415808449
3o4l,33.3333333333,100.0,33.3333333333,32.4786324786,55.4131054131
3qdj,11.1111111111,100.0,40.3669724771,63.1578947368,54.2911815727
5d2n,22.2222222222,99.4413407821,23.8532110092,32.1739130435,49.8923750102
