pdb_id,pep_identity,mhc_identity,tcrA_identity,tcrB_identity,total_identity
3qdj,11.1111111111,100.0,88.8888888889,61.0619469027,62.0288430023
3gsn,22.2222222222,100.0,37.962962963,61.9469026549,57.3923850104
5men,22.2222222222,100.0,34.2342342342,61.9469026549,56.7709302223
3o4l,33.3333333333,100.0,38.8888888889,28.4482758621,55.6673052363
2f53,11.1111111111,100.0,39.8230088496,61.9469026549,53.9986889544
