pdb_id,pep_identity,mhc_identity,tcrA_identity,tcrB_identity,total_identity
5d2n,22.2222222222,99.4413407821,23.0088495575,68.6956521739,55.8386046234
3o4l,33.3333333333,100.0,29.4642857143,25.8620689655,53.6655035577
5men,22.2222222222,100.0,27.6785714286,28.6956521739,50.1364446745
2e7l,33.3333333333,68.7150837989,58.0357142857,32.4561403509,49.0981148168
4qrp,11.1111111111,81.0055865922,50.8928571429,52.6315789474,47.9596385828
3qdj,11.1111111111,100.0,31.25,32.1739130435,47.607689211
