pdb_id,pep_identity,mhc_identity,tcrA_identity,tcrB_identity,total_identity
5men,22.2222222222,100.0,36.6071428571,50.4504504505,55.2503396253
3o4l,33.3333333333,100.0,30.0884955752,29.203539823,54.3264503441
3qeq,11.1111111111,100.0,44.6428571429,51.7857142857,53.1084656085
2e7l,33.3333333333,68.7150837989,28.3185840708,50.9090909091,47.2207515407
3ffc,22.2222222222,81.0055865922,31.3043478261,33.3333333333,45.1822164647
5bs0,11.1111111111,86.5921787709,36.8421052632,36.036036036,44.7141201772
