pdb_id,pep_identity,mhc_identity,tcrA_identity,tcrB_identity,total_identity
5men,22.2222222222,100.0,36.9369369369,59.0909090909,56.7453817454
3qeq,11.1111111111,100.0,51.376146789,53.5714285714,54.5282995971
3o4l,33.3333333333,100.0,31.8181818182,27.4336283186,54.3197461339
5d2n,22.2222222222,99.4413407821,26.1261261261,29.5652173913,49.8364115877
2e7l,33.3333333333,68.7150837989,26.3157894737,56.4814814815,47.8156842033
