pdb_id,pep_identity,mhc_identity,tcrA_identity,tcrB_identity,total_identity
3o4l,33.3333333333,100.0,58.4905660377,26.724137931,58.6468951059
5eu6,11.1111111111,100.0,46.9026548673,45.6140350877,52.4564853629
5men,22.2222222222,100.0,30.3571428571,30.0884955752,50.8150138128
5bs0,11.1111111111,86.5921787709,36.2831858407,58.0357142857,48.2875799818
3ffc,22.2222222222,81.0055865922,34.8214285714,47.0085470085,48.0475988681
