pdb_id,pep_identity,mhc_identity,tcrA_identity,tcrB_identity,total_identity
3gsn,22.2222222222,100.0,36.6972477064,55.7522123894,56.14898409
2e7l,33.3333333333,68.7150837989,31.5315315315,54.4642857143,48.3487752517
