pdb_id,pep_identity,mhc_identity,tcrA_identity,tcrB_identity,total_identity
3o4l,33.3333333333,100.0,29.5652173913,23.8938053097,53.3542815613
5eu6,11.1111111111,100.0,37.3913043478,38.9380530973,49.7585966112
3ffc,22.2222222222,81.0055865922,51.3043478261,35.8974358974,48.9429002254
2e7l,33.3333333333,68.7150837989,35.3448275862,41.8181818182,46.8766406115
