pdb_id,pep_identity,mhc_identity,tcrA_identity,tcrB_identity,total_identity
4eup,11.1111111111,100.0,87.3873873874,54.8672566372,60.7461443745
3o4l,33.3333333333,100.0,40.1785714286,33.6206896552,56.7443212917
5men,22.2222222222,100.0,33.3333333333,49.1228070175,54.4834307992
5d2n,22.2222222222,99.4413407821,20.5357142857,36.5217391304,50.0640965708
