pdb_id,pep_identity,mhc_identity,tcrA_identity,tcrB_identity,total_identity
3qdj,11.1111111111,100.0,88.0733944954,37.1681415929,57.9106263851
3o4l,33.3333333333,100.0,39.0909090909,26.0869565217,55.3074220466
4mnq,22.2222222222,100.0,32.4324324324,34.5132743363,51.8983585355
5d2n,22.2222222222,99.4413407821,20.0,41.7391304348,50.8443760739
5bs0,11.1111111111,86.5921787709,41.592920354,56.6371681416,48.9394447099
