pdb_id,pep_identity,mhc_identity,tcrA_identity,tcrB_identity,total_identity
3o4l,33.3333333333,100.0,51.8181818182,32.4561403509,58.490164806
3gsn,22.2222222222,100.0,42.7272727273,35.3982300885,53.7616578767
5bs0,11.1111111111,86.5921787709,38.0530973451,67.5675675676,50.1712074461
3ffc,22.2222222222,81.0055865922,34.8214285714,41.0256410256,47.050447871
