pdb_id,pep_identity,mhc_identity,tcrA_identity,tcrB_identity,total_identity
5eu6,11.1111111111,100.0,91.2280701754,66.3793103448,63.3049337904
2bnr,11.1111111111,100.0,88.5964912281,29.5652173913,56.7306551403
3o4l,33.3333333333,100.0,39.4736842105,26.4957264957,55.4393462288
5bs0,11.1111111111,86.5921787709,82.4561403509,46.5517241379,54.0690740422
5men,22.2222222222,100.0,38.5964912281,27.5862068966,51.7711904282
