pdb_id,pep_identity,mhc_identity,tcrA_identity,tcrB_identity,total_identity
5men,22.2222222222,100.0,37.5,50.4504504505,55.3991491491
3o4l,33.3333333333,100.0,29.203539823,30.0884955752,54.3264503441
3qeq,11.1111111111,100.0,47.3214285714,52.6785714286,53.7037037037
2e7l,33.3333333333,68.7150837989,27.4336283186,50.0,46.9217437638
3ffc,22.2222222222,81.0055865922,33.0434782609,35.0427350427,45.7569718221
5bs0,11.1111111111,86.5921787709,37.7192982456,40.0,45.5209796683
