pdb_id,pep_identity,mhc_identity,tcrA_identity,tcrB_identity,total_identity
4eup,11.1111111111,100.0,88.0733944954,58.5585585586,61.4756958794
4mnq,22.2222222222,100.0,30.6306306306,57.1428571429,55.3696553697
3o4l,33.3333333333,100.0,39.0909090909,25.4385964912,55.1993620415
2bnr,11.1111111111,100.0,40.7079646018,58.5585585586,53.5814575638
2e7l,33.3333333333,68.7150837989,38.3928571429,55.8558558559,49.7242578772
