pdb_id,pep_identity,mhc_identity,tcrA_identity,tcrB_identity,total_identity
4eup,11.1111111111,100.0,33.9130434783,87.610619469,57.2909808616
5men,22.2222222222,100.0,31.3043478261,50.0,54.2914653784
2e7l,33.3333333333,68.7150837989,63.4782608696,56.6371681416,54.0353772126
3o4l,33.3333333333,100.0,30.4347826087,25.8620689655,53.8272530401
5d2n,22.2222222222,99.4413407821,26.724137931,31.3043478261,50.2259352943
