pdb_id,pep_identity,mhc_identity,tcrA_identity,tcrB_identity,total_identity
3gsn,22.2222222222,100.0,86.3636363636,49.5575221239,63.3942671553
3o4l,33.3333333333,100.0,40.9090909091,31.8584070796,56.5723607759
4mnq,22.2222222222,100.0,36.6071428571,52.2522522523,55.5506399256
4eup,11.1111111111,100.0,39.0909090909,58.5585585586,53.3119483119
2p5w,11.1111111111,100.0,40.7079646018,51.7857142857,52.452650185
