pdb_id,pep_identity,mhc_identity,tcrA_identity,tcrB_identity,total_identity
3o4l,33.3333333333,100.0,25.2252252252,26.2711864407,53.0271797221
5eu6,11.1111111111,100.0,33.6283185841,42.2413793103,49.6819866861
3ffc,22.2222222222,81.0055865922,23.0088495575,44.4444444444,45.6514852718
2e7l,33.3333333333,68.7150837989,25.0,33.0434782609,43.6900520876
