pdb_id,pep_identity,mhc_identity,tcrA_identity,tcrB_identity,total_identity
3gsn,22.2222222222,100.0,40.3669724771,73.275862069,59.6812131651
3o4l,33.3333333333,100.0,40.3669724771,27.731092437,55.7941219301
2e7l,33.3333333333,68.7150837989,39.6396396396,56.8965517241,50.1055042714
