pdb_id,pep_identity,mhc_identity,tcrA_identity,tcrB_identity,total_identity
4eup,11.1111111111,100.0,84.4036697248,36.9369369369,57.2604714807
3o4l,33.3333333333,100.0,39.8148148148,25.4385964912,55.3200129955
5men,22.2222222222,100.0,34.8623853211,32.1428571429,51.9082811514
5d2n,22.2222222222,99.4413407821,20.3703703704,33.9130434783,49.6017566429
