pdb_id,pep_identity,mhc_identity,tcrA_identity,tcrB_identity,total_identity
3o4l,33.3333333333,100.0,37.1681415929,55.3571428571,59.8653251861
5eu6,11.1111111111,100.0,58.407079646,35.0877192982,52.6195035277
5men,22.2222222222,100.0,39.2857142857,31.8584070796,52.5980943016
3qeq,11.1111111111,100.0,36.6071428571,29.8245614035,48.1089877471
