pdb_id,pep_identity,mhc_identity,tcrA_identity,tcrB_identity,total_identity
5d2n,22.2222222222,99.4413407821,27.027027027,69.5652173913,56.6532284045
3o4l,33.3333333333,100.0,40.0,26.0869565217,55.4589371981
2e7l,33.3333333333,68.7150837989,69.3693693694,32.7433628319,51.0349277443
4mnq,22.2222222222,100.0,28.0701754386,28.9473684211,50.2436647173
3qdj,11.1111111111,100.0,32.4324324324,34.2105263158,48.1441968284
4qrp,11.1111111111,81.0055865922,48.6486486486,55.7522123894,48.1057094074
