pdb_id,pep_identity,mhc_identity,tcrA_identity,tcrB_identity,total_identity
5eu6,11.1111111111,100.0,88.4955752212,46.017699115,59.4559160931
5bs0,11.1111111111,86.5921787709,80.5309734513,61.8181818182,56.2926225056
3o4l,33.3333333333,100.0,37.6146788991,27.4336283186,55.2858289807
5men,22.2222222222,100.0,40.5405405405,34.2342342342,53.2032032032
3qeq,11.1111111111,100.0,31.1926605505,34.8214285714,48.039385224
