pdb_id,pep_identity,mhc_identity,tcrA_identity,tcrB_identity,total_identity
3o4l,33.3333333333,100.0,57.6923076923,29.5652173913,58.9873652917
3ffc,22.2222222222,81.0055865922,33.6363636364,86.3247863248,54.4027945983
5d2n,22.2222222222,99.4413407821,22.0183486239,54.7826086957,53.3546805547
4mnq,22.2222222222,100.0,28.5714285714,34.5132743363,51.254857892
4eup,11.1111111111,100.0,47.7064220183,30.9734513274,50.1503492613
