pdb_id,pep_identity,mhc_identity,tcrA_identity,tcrB_identity,total_identity
4eup,11.1111111111,100.0,85.4545454545,58.0357142857,60.9520803271
3o4l,33.3333333333,100.0,39.6396396396,30.4347826087,56.1235148192
4mnq,22.2222222222,100.0,34.2342342342,48.6725663717,54.5585408417
2pye,11.1111111111,100.0,43.3628318584,50.4424778761,52.6712553261
5d2n,22.2222222222,99.4413407821,23.4234234234,33.9130434783,50.1105988184
