pdb_id,pep_identity,mhc_identity,tcrA_identity,tcrB_identity,total_identity
4eup,11.1111111111,100.0,59.6330275229,53.9130434783,55.9613822039
3o4l,33.3333333333,100.0,34.2592592593,29.6610169492,55.0978238125
4mnq,22.2222222222,100.0,30.0,49.1379310345,53.9303959132
5d2n,22.2222222222,99.4413407821,30.8411214953,31.6239316239,50.965363188
2e7l,33.3333333333,68.7150837989,32.4324324324,51.3043478261,47.9722690872
3ffc,22.2222222222,81.0055865922,32.1428571429,31.6239316239,45.0370677326
5bs0,11.1111111111,86.5921787709,38.0530973451,35.3448275862,44.8007507826
