pdb_id,pep_identity,mhc_identity,tcrA_identity,tcrB_identity,total_identity
3o4l,33.3333333333,100.0,33.6363636364,28.0701754386,54.7288676236
3qdj,11.1111111111,100.0,64.2201834862,36.6071428571,53.8415914276
4mnq,22.2222222222,100.0,30.9090909091,34.8214285714,51.6958273208
3ffc,22.2222222222,81.0055865922,31.25,50.4273504274,48.0221613427
2e7l,33.3333333333,68.7150837989,34.8214285714,36.6071428571,45.9209009488
5bs0,11.1111111111,86.5921787709,37.1681415929,41.0714285714,45.6076916547
