pdb_id,pep_identity,mhc_identity,tcrA_identity,tcrB_identity,total_identity
5d2n,22.2222222222,99.4413407821,64.1509433962,43.4782608696,58.4927217124
3o4l,33.3333333333,100.0,21.2962962963,27.3504273504,52.5522317189
5men,22.2222222222,100.0,25.4545454545,30.701754386,50.1001240475
3qeq,11.1111111111,100.0,27.7777777778,35.0877192982,47.514619883
3ffc,22.2222222222,81.0055865922,30.0,47.0085470085,47.2440274396
