pdb_id,pep_identity,mhc_identity,tcrA_identity,tcrB_identity,total_identity
5d2n,22.2222222222,99.4413407821,26.0869565217,76.5217391304,57.6559702768
3o4l,33.3333333333,100.0,28.6956521739,27.5862068966,53.8247542895
3ffc,22.2222222222,81.0055865922,51.3043478261,60.6837606838,53.0739543564
4mnq,22.2222222222,100.0,29.203539823,31.5789473684,50.8711552726
3qeq,11.1111111111,100.0,26.9565217391,34.2105263158,47.2315450462
5bs0,11.1111111111,86.5921787709,34.7826086957,47.3684210526,46.2596015854
