pdb_id,pep_identity,mhc_identity,tcrA_identity,tcrB_identity,total_identity
5d2n,22.2222222222,99.4413407821,52.7777777778,51.724137931,57.9715069529
3o4l,33.3333333333,100.0,21.8181818182,29.6610169492,53.0243109057
5men,22.2222222222,100.0,24.3243243243,33.6206896552,50.3982430707
3qeq,11.1111111111,100.0,30.9090909091,33.6206896552,47.7920004644
3ffc,22.2222222222,81.0055865922,27.9279279279,48.7179487179,47.1835823791
