pdb_id,pep_identity,mhc_identity,tcrA_identity,tcrB_identity,total_identity
3o4l,33.3333333333,100.0,85.2941176471,25.6637168142,62.9374168546
4mnq,22.2222222222,100.0,32.1428571429,36.9369369369,52.254039754
3gsn,22.2222222222,100.0,35.1851851852,31.8584070796,51.9146727849
