pdb_id,pep_identity,mhc_identity,tcrA_identity,tcrB_identity,total_identity
4eup,11.1111111111,100.0,88.0733944954,34.8214285714,57.5195075482
3o4l,33.3333333333,100.0,40.7407407407,31.3043478261,56.4519592056
4mnq,22.2222222222,100.0,32.4324324324,32.7433628319,51.6033732848
5d2n,22.2222222222,99.4413407821,21.2962962963,34.7826086957,49.9010051668
