pdb_id,pep_identity,mhc_identity,tcrA_identity,tcrB_identity,total_identity
3o4l,33.3333333333,100.0,25.2252252252,26.724137931,53.1026716372
5eu6,11.1111111111,100.0,33.6283185841,47.3684210526,50.5364936432
3ffc,22.2222222222,81.0055865922,23.0088495575,40.1709401709,44.9392345595
2e7l,33.3333333333,68.7150837989,25.0,28.0701754386,42.8611682838
