pdb_id,pep_identity,mhc_identity,tcrA_identity,tcrB_identity,total_identity
3qdj,11.1111111111,100.0,89.8148148148,33.6283185841,57.6108926035
5d2n,22.2222222222,99.4413407821,22.9357798165,69.5652173913,55.9713538694
3o4l,33.3333333333,100.0,40.3669724771,26.3157894737,55.5582381029
5men,22.2222222222,100.0,33.3333333333,29.203539823,51.1635529335
3ffc,22.2222222222,81.0055865922,33.0357142857,53.8461538462,48.8895809601
5bs0,11.1111111111,86.5921787709,38.0530973451,44.2477876106,46.2845774533
