pdb_id,pep_identity,mhc_identity,tcrA_identity,tcrB_identity,total_identity
3o4l,33.3333333333,100.0,34.5794392523,56.25,59.5826843198
3gsn,22.2222222222,100.0,37.037037037,31.3043478261,52.1309715513
