pdb_id,pep_identity,mhc_identity,tcrA_identity,tcrB_identity,total_identity
5d2n,22.2222222222,99.4413407821,52.3364485981,49.5652173913,57.5381319997
3o4l,33.3333333333,100.0,22.0183486239,29.8245614035,53.084929449
5men,22.2222222222,100.0,21.6216216216,34.2342342342,50.0500500501
3qeq,11.1111111111,100.0,32.1100917431,30.9734513274,47.5509608821
3ffc,22.2222222222,81.0055865922,30.0,47.8632478632,47.386477582
