pdb_id,pep_identity,mhc_identity,tcrA_identity,tcrB_identity,total_identity
3qdj,11.1111111111,100.0,89.8148148148,33.6283185841,57.6108926035
3o4l,33.3333333333,100.0,39.8148148148,28.6956521739,55.8628556092
3ffc,22.2222222222,81.0055865922,39.2857142857,87.1794871795,55.4868031823
5d2n,22.2222222222,99.4413407821,23.1481481481,55.652173913,53.6879080116
5men,22.2222222222,100.0,33.3333333333,31.8584070796,51.6060308096
5bs0,11.1111111111,86.5921787709,41.592920354,39.8230088496,46.1370848279
