pdb_id,pep_identity,mhc_identity,tcrA_identity,tcrB_identity,total_identity
4eup,11.1111111111,100.0,85.3211009174,34.7826086957,57.0543219726
3o4l,33.3333333333,100.0,41.8181818182,26.2711864407,55.7926724876
5men,22.2222222222,100.0,34.2342342342,31.3043478261,51.6638377508
5d2n,22.2222222222,99.4413407821,22.7272727273,42.2413793103,51.3826296744
5bs0,11.1111111111,86.5921787709,41.592920354,67.5438596491,50.7572266279
3ffc,22.2222222222,81.0055865922,33.9285714286,44.4444444444,47.471438917
