pdb_id,pep_identity,mhc_identity,tcrA_identity,tcrB_identity,total_identity
3o4l,33.3333333333,100.0,31.5315315315,23.9316239316,53.6883036883
2e7l,33.3333333333,68.7150837989,57.6576576577,34.2105263158,49.3275030396
5eu6,11.1111111111,100.0,31.5789473684,40.5172413793,49.053068495
3ffc,22.2222222222,81.0055865922,29.8245614035,38.4615384615,45.790286249
