pdb_id,pep_identity,mhc_identity,tcrA_identity,tcrB_identity,total_identity
5d2n,22.2222222222,99.4413407821,86.3636363636,31.0344827586,60.1208741885
3o4l,33.3333333333,100.0,19.6428571429,55.3571428571,56.9444444444
5men,22.2222222222,100.0,22.3214285714,33.9285714286,50.1157407407
