pdb_id,pep_identity,mhc_identity,tcrA_identity,tcrB_identity,total_identity
3o4l,33.3333333333,100.0,53.2110091743,28.0701754386,57.9913085466
4mnq,22.2222222222,100.0,33.0357142857,38.3928571429,52.6455026455
3qdj,11.1111111111,100.0,48.623853211,40.1785714286,51.8374411436
5d2n,22.2222222222,99.4413407821,22.7272727273,40.8695652174,51.1539939922
5bs0,11.1111111111,86.5921787709,37.1681415929,58.9285714286,48.5838821309
3ffc,22.2222222222,81.0055865922,33.0357142857,39.3162393162,46.4679285385
