pdb_id,pep_identity,mhc_identity,tcrA_identity,tcrB_identity,total_identity
3qdj,11.1111111111,100.0,62.962962963,63.963963964,58.1915248582
5men,22.2222222222,100.0,28.1818181818,62.7272727273,55.8922558923
3o4l,33.3333333333,100.0,32.1100917431,29.8245614035,54.7668866355
2e7l,33.3333333333,68.7150837989,34.2342342342,61.8181818182,50.0248750528
5d2n,22.2222222222,99.4413407821,21.2962962963,34.7826086957,49.9010051668
