pdb_id,pep_identity,mhc_identity,tcrA_identity,tcrB_identity,total_identity
3o4l,33.3333333333,100.0,30.0884955752,30.0884955752,54.4739429695
5men,22.2222222222,100.0,30.9734513274,50.4504504505,54.3113910371
4eup,11.1111111111,100.0,30.0884955752,58.5585585586,51.8115460593
2e7l,33.3333333333,68.7150837989,55.7522123894,50.0,51.6415077756
3ffc,22.2222222222,81.0055865922,29.5652173913,35.0427350427,45.1772616771
5bs0,11.1111111111,86.5921787709,33.3333333333,40.0,44.7899855162
