pdb_id,pep_identity,mhc_identity,tcrA_identity,tcrB_identity,total_identity
3o4l,33.3333333333,100.0,51.8181818182,33.3333333333,58.6363636364
3gsn,22.2222222222,100.0,42.7272727273,38.5964912281,54.2947014
3ffc,22.2222222222,81.0055865922,34.8214285714,50.4273504274,48.6173994379
