pdb_id,pep_identity,mhc_identity,tcrA_identity,tcrB_identity,total_identity
3gsn,22.2222222222,100.0,87.2727272727,56.6371681416,64.7257233098
4mnq,22.2222222222,100.0,37.5,58.0357142857,56.6633597884
3o4l,33.3333333333,100.0,34.5454545455,27.1929824561,54.7341839447
2p5w,11.1111111111,100.0,40.7079646018,58.0357142857,53.4943168516
4eup,11.1111111111,100.0,39.0909090909,59.4594594595,53.4620984621
