pdb_id,pep_identity,mhc_identity,tcrA_identity,tcrB_identity,total_identity
5eu6,11.1111111111,100.0,88.4955752212,61.9469026549,62.1107833497
2pye,11.1111111111,100.0,85.8407079646,27.4336283186,55.9160930842
3o4l,33.3333333333,100.0,39.6396396396,28.6956521739,55.8336597467
5bs0,11.1111111111,86.5921787709,82.3008849558,48.2142857143,54.320291739
3ffc,22.2222222222,81.0055865922,34.5132743363,76.9230769231,52.9819948147
5men,22.2222222222,100.0,42.4778761062,29.203539823,52.6876433956
3qdj,11.1111111111,100.0,44.1441441441,31.8584070796,49.7041289077
