pdb_id,pep_identity,mhc_identity,tcrA_identity,tcrB_identity,total_identity
3o4l,33.3333333333,100.0,33.6363636364,33.6206896552,55.6539533264
5d2n,22.2222222222,99.4413407821,26.1261261261,53.9130434783,53.8943826022
3ffc,22.2222222222,81.0055865922,27.6785714286,87.1794871795,53.5522793728
5men,22.2222222222,100.0,36.9369369369,31.5789473684,52.1600547916
3qeq,11.1111111111,100.0,50.4587155963,33.3333333333,51.0023785253
5bs0,11.1111111111,86.5921787709,37.1681415929,41.2280701754,45.6337985887
