pdb_id,pep_identity,mhc_identity,tcrA_identity,tcrB_identity,total_identity
3o4l,33.3333333333,100.0,33.3333333333,30.4347826087,55.0724637681
3ffc,22.2222222222,81.0055865922,26.724137931,88.8888888889,53.6781074081
5eu6,11.1111111111,100.0,38.5964912281,61.0619469027,53.6467767255
5men,22.2222222222,100.0,30.701754386,31.8584070796,51.1674343183
2e7l,33.3333333333,68.7150837989,68.4210526316,30.9734513274,50.5818897039
