pdb_id,pep_identity,mhc_identity,tcrA_identity,tcrB_identity,total_identity
5d2n,22.2222222222,99.4413407821,53.7735849057,66.0869565217,60.531277906
3o4l,33.3333333333,100.0,22.2222222222,31.8965517241,53.4642401022
5men,22.2222222222,100.0,21.6216216216,33.3333333333,49.8998998999
3ffc,22.2222222222,81.0055865922,30.9090909091,59.8290598291,49.5322947278
3qeq,11.1111111111,100.0,35.1851851852,39.4736842105,49.4801819363
