pdb_id,pep_identity,mhc_identity,tcrA_identity,tcrB_identity,total_identity
3o4l,33.3333333333,100.0,58.2524271845,28.4482758621,58.8945616189
3qeq,11.1111111111,100.0,32.0754716981,90.2654867257,57.4271967743
5men,22.2222222222,100.0,30.3571428571,62.8318584071,56.2722409514
5d2n,22.2222222222,99.4413407821,23.1481481481,37.3913043478,50.6444297508
2e7l,33.3333333333,68.7150837989,31.5315315315,60.1769911504,49.3008928244
