pdb_id,pep_identity,mhc_identity,tcrA_identity,tcrB_identity,total_identity
5eu6,11.1111111111,100.0,88.4955752212,77.8761061947,64.7656506064
2bnq,11.1111111111,100.0,87.610619469,30.9734513274,56.8010488364
3o4l,33.3333333333,100.0,37.8378378378,29.5652173913,55.6782869826
5bs0,11.1111111111,86.5921787709,84.9557522124,39.8230088496,53.364223471
5men,22.2222222222,100.0,41.9642857143,30.9734513274,52.8970302477
