pdb_id,pep_identity,mhc_identity,tcrA_identity,tcrB_identity,total_identity
3o4l,33.3333333333,100.0,28.1818181818,26.5486725664,53.5661929025
5eu6,11.1111111111,100.0,34.5132743363,48.6725663717,50.9013438217
3ffc,22.2222222222,81.0055865922,23.8938053097,44.4444444444,45.7989778972
2e7l,33.3333333333,68.7150837989,26.1261261261,34.5454545455,44.128069156
