pdb_id,pep_identity,mhc_identity,tcrA_identity,tcrB_identity,total_identity
3o4l,33.3333333333,100.0,51.8181818182,27.1929824561,57.6129718235
5d2n,22.2222222222,99.4413407821,22.5225225225,66.9565217391,55.4676950451
5men,22.2222222222,100.0,34.8214285714,29.203539823,51.4115688065
3qdj,11.1111111111,100.0,49.0909090909,32.7433628319,50.6760823575
3ffc,22.2222222222,81.0055865922,34.8214285714,56.4102564103,49.6145504351
5bs0,11.1111111111,86.5921787709,38.0530973451,49.1071428571,47.0944699944
