pdb_id,pep_identity,mhc_identity,tcrA_identity,tcrB_identity,total_identity
3o4l,33.3333333333,100.0,57.6923076923,26.9565217391,58.552582683
5d2n,22.2222222222,99.4413407821,22.0183486239,67.8260869565,55.5285935982
4eup,11.1111111111,100.0,47.7064220183,31.8584070796,50.2978418867
4mnq,22.2222222222,100.0,28.5714285714,28.0701754386,50.1810080757
3ffc,22.2222222222,81.0055865922,33.6363636364,59.8290598291,49.9868401824
