pdb_id,pep_identity,mhc_identity,tcrA_identity,tcrB_identity,total_identity
5d2n,22.2222222222,99.4413407821,53.3333333333,34.7826086957,55.2405113396
4mnq,22.2222222222,100.0,20.7207207207,50.8928571429,52.6763370513
3qeq,11.1111111111,100.0,30.8411214953,54.4642857143,51.2546049053
2e7l,33.3333333333,68.7150837989,27.6785714286,49.5495495495,46.8874925404
3ffc,22.2222222222,81.0055865922,28.1818181818,35.0427350427,44.9466951422
