pdb_id,pep_identity,mhc_identity,tcrA_identity,tcrB_identity,total_identity
3o4l,33.3333333333,100.0,34.5454545455,27.8260869565,54.8397013614
5eu6,11.1111111111,100.0,41.592920354,59.2920353982,53.8511963291
5men,22.2222222222,100.0,42.4778761062,35.3982300885,53.7200917732
3ffc,22.2222222222,81.0055865922,31.8584070796,52.1367521368,48.4084628075
2e7l,33.3333333333,68.7150837989,28.8288288288,36.2831858407,44.868141489
