pdb_id,pep_identity,mhc_identity,tcrA_identity,tcrB_identity,total_identity
5d2n,22.2222222222,99.4413407821,24.1071428571,67.8260869565,55.8767259704
4qrp,11.1111111111,81.0055865922,89.1891891892,56.6371681416,55.0099587896
3o4l,33.3333333333,100.0,33.3333333333,26.9565217391,54.4927536232
4mnq,22.2222222222,100.0,32.7433628319,28.0701754386,50.8763304525
4eup,11.1111111111,100.0,36.9369369369,31.8584070796,48.5029277065
2e7l,33.3333333333,68.7150837989,50.8928571429,33.6283185841,48.1030016652
5bs0,11.1111111111,86.5921787709,31.8584070796,47.3684210526,45.7722346494
