pdb_id,pep_identity,mhc_identity,tcrA_identity,tcrB_identity,total_identity
5d2n,22.2222222222,99.4413407821,21.2389380531,70.4347826087,55.8334744451
3o4l,33.3333333333,100.0,33.9285714286,28.3185840708,54.818970361
5men,22.2222222222,100.0,35.7142857143,31.5315315315,51.9483769484
3qeq,11.1111111111,100.0,42.3423423423,35.3982300885,49.9937991088
3ffc,22.2222222222,81.0055865922,26.3157894737,56.4102564103,48.1969439188
5bs0,11.1111111111,86.5921787709,37.1681415929,47.3214285714,46.6493583214
