pdb_id,pep_identity,mhc_identity,tcrA_identity,tcrB_identity,total_identity
5eu6,11.1111111111,100.0,88.4955752212,44.2477876106,59.1609308423
5bs0,11.1111111111,86.5921787709,84.9557522124,54.0540540541,55.7360643384
3o4l,33.3333333333,100.0,38.0530973451,26.3157894737,55.1725922476
5men,22.2222222222,100.0,41.592920354,30.6306306306,52.7779992382
3qeq,11.1111111111,100.0,32.7433628319,33.0357142857,48.0002165566
3ffc,22.2222222222,81.0055865922,33.9130434783,44.4444444444,47.4688509253
