pdb_id,pep_identity,mhc_identity,tcrA_identity,tcrB_identity,total_identity
3o4l,33.3333333333,100.0,30.701754386,25.2173913043,53.7643020595
5men,22.2222222222,100.0,37.5,35.0877192982,52.8386939571
5eu6,11.1111111111,100.0,33.3333333333,51.7543859649,51.2183235867
2e7l,33.3333333333,68.7150837989,65.7894736842,35.3982300885,50.8807563395
3ffc,22.2222222222,81.0055865922,25.8620689655,45.2991452991,46.2694719822
