pdb_id,pep_identity,mhc_identity,tcrA_identity,tcrB_identity,total_identity
3o4l,33.3333333333,100.0,49.5575221239,26.724137931,57.1580544536
4mnq,22.2222222222,100.0,33.6283185841,32.7433628319,51.8026876434
5d2n,22.2222222222,99.4413407821,21.9298245614,44.347826087,51.6007961095
3qdj,11.1111111111,100.0,46.9026548673,34.5132743363,50.606358571
5bs0,11.1111111111,86.5921787709,35.0877192982,64.6017699115,49.1826781623
3ffc,22.2222222222,81.0055865922,30.4347826087,42.735042735,46.6042404954
