pdb_id,pep_identity,mhc_identity,tcrA_identity,tcrB_identity,total_identity
4eup,11.1111111111,100.0,23.8532110092,91.8918918919,56.3278875205
5d2n,22.2222222222,99.4413407821,52.380952381,28.6956521739,54.0672884273
3o4l,33.3333333333,100.0,28.9719626168,28.3185840708,53.9928688924
4mnq,22.2222222222,100.0,20.7207207207,52.7272727273,52.9820729821
2e7l,33.3333333333,68.7150837989,27.6785714286,58.7155963303,48.4151670039
