pdb_id,pep_identity,mhc_identity,tcrA_identity,tcrB_identity,total_identity
5d2n,22.2222222222,99.4413407821,25.8928571429,76.5217391304,57.6236203803
3o4l,33.3333333333,100.0,27.6785714286,31.5789473684,54.3206975773
5men,22.2222222222,100.0,43.6363636364,33.3333333333,53.569023569
3qeq,11.1111111111,100.0,45.045045045,32.7433628319,50.0017716832
3ffc,22.2222222222,81.0055865922,31.5789473684,57.264957265,49.2165870437
