pdb_id,pep_identity,mhc_identity,tcrA_identity,tcrB_identity,total_identity
3o4l,33.3333333333,100.0,30.3571428571,28.6956521739,54.2865769496
5bs0,11.1111111111,86.5921787709,35.3982300885,91.0714285714,53.6460397373
4mnq,22.2222222222,100.0,30.6306306306,36.6071428571,51.947036322
3qdj,11.1111111111,100.0,40.5405405405,35.7142857143,49.7461747462
3ffc,22.2222222222,81.0055865922,30.701754386,38.4615384615,45.9364850794
2e7l,33.3333333333,68.7150837989,31.5789473684,29.4642857143,44.1900112245
