pdb_id,pep_identity,mhc_identity,tcrA_identity,tcrB_identity,total_identity
3o4l,33.3333333333,100.0,33.6283185841,33.6283185841,55.6538839725
4mnq,22.2222222222,100.0,31.3043478261,54.0540540541,54.9671410541
3qeq,11.1111111111,100.0,38.0530973451,50.8928571429,51.861362785
5d2n,22.2222222222,99.4413407821,30.9734513274,34.7826086957,51.5138643386
3ffc,22.2222222222,81.0055865922,69.9115044248,31.6239316239,51.3318422796
2e7l,33.3333333333,68.7150837989,33.3333333333,49.0909090909,47.7535127814
