pdb_id,pep_identity,mhc_identity,tcrA_identity,tcrB_identity,total_identity
5d2n,22.2222222222,99.4413407821,52.3364485981,33.0434782609,54.7845088113
4mnq,22.2222222222,100.0,20.7207207207,33.3333333333,49.7497497497
3qeq,11.1111111111,100.0,30.2752293578,30.701754386,47.199867661
3ffc,22.2222222222,81.0055865922,28.1818181818,35.0427350427,44.9466951422
2e7l,33.3333333333,68.7150837989,27.4336283186,33.6283185841,44.1931301945
