pdb_id,pep_identity,mhc_identity,tcrA_identity,tcrB_identity,total_identity
3o4l,33.3333333333,100.0,30.4347826087,22.8813559322,53.3304675346
2e7l,33.3333333333,68.7150837989,65.2173913043,35.652173913,50.827733247
5eu6,11.1111111111,100.0,33.0434782609,38.4615384615,48.9545398241
3ffc,22.2222222222,81.0055865922,25.641025641,36.7521367521,44.8081300037
