pdb_id,pep_identity,mhc_identity,tcrA_identity,tcrB_identity,total_identity
3o4l,33.3333333333,100.0,28.8288288288,33.6206896552,54.8526975251
3ffc,22.2222222222,81.0055865922,32.7433628319,87.1794871795,54.3964112734
5eu6,11.1111111111,100.0,35.3982300885,57.8947368421,52.5858648588
5men,22.2222222222,100.0,32.4324324324,31.5789473684,51.4093040409
2e7l,33.3333333333,68.7150837989,30.9734513274,29.8245614035,44.1491411659
