pdb_id,pep_identity,mhc_identity,tcrA_identity,tcrB_identity,total_identity
3gsn,22.2222222222,100.0,45.1327433628,53.0973451327,57.1124221567
2e7l,33.3333333333,68.7150837989,33.3333333333,49.5412844037,47.8285753336
5bs0,11.1111111111,86.5921787709,46.9026548673,37.8378378378,46.6911787449
