pdb_id,pep_identity,mhc_identity,tcrA_identity,tcrB_identity,total_identity
5d2n,22.2222222222,99.4413407821,23.8938053097,67.8260869565,55.8411697125
3o4l,33.3333333333,100.0,38.0530973451,28.0701754386,55.4649899084
4eup,11.1111111111,100.0,65.1785714286,33.9285714286,53.5548941799
5men,22.2222222222,100.0,33.9285714286,29.203539823,51.2627592827
3ffc,22.2222222222,81.0055865922,33.0434782609,55.5555555556,49.1757752409
5bs0,11.1111111111,86.5921787709,43.8596491228,48.2142857143,47.9134191002
2e7l,33.3333333333,68.7150837989,38.2608695652,32.1428571429,45.7500934954
