pdb_id,pep_identity,mhc_identity,tcrA_identity,tcrB_identity,total_identity
3o4l,33.3333333333,100.0,32.4324324324,28.813559322,54.6521097369
4qrp,11.1111111111,81.0055865922,87.3873873874,50.8620689655,53.7471419599
5eu6,11.1111111111,100.0,30.9734513274,58.6206896552,51.9693938675
5men,22.2222222222,100.0,30.0884955752,33.6206896552,51.3589382791
2e7l,33.3333333333,68.7150837989,49.1071428571,37.9310344828,48.5225019341
