pdb_id,pep_identity,mhc_identity,tcrA_identity,tcrB_identity,total_identity
3o4l,33.3333333333,100.0,84.6153846154,30.7692307692,63.6752136752
5men,22.2222222222,100.0,33.3333333333,39.1304347826,52.8180354267
5eu6,11.1111111111,100.0,40.7079646018,53.9130434783,52.8072050504
3gsn,22.2222222222,100.0,32.7272727273,35.652173913,52.1373151808
