pdb_id,pep_identity,mhc_identity,tcrA_identity,tcrB_identity,total_identity
3ffc,22.2222222222,81.0055865922,29.8245614035,91.452991453,54.6221950809
3o4l,33.3333333333,100.0,30.6306306306,28.4482758621,54.2909288599
5eu6,11.1111111111,100.0,30.701754386,61.4035087719,52.38791423
5men,22.2222222222,100.0,27.1929824561,29.8245614035,50.2436647173
2e7l,33.3333333333,68.7150837989,58.5585585586,32.4561403509,49.185255529
