pdb_id,pep_identity,mhc_identity,tcrA_identity,tcrB_identity,total_identity
4eup,11.1111111111,100.0,33.6363636364,88.3928571429,57.3752405002
5men,22.2222222222,100.0,44.0366972477,50.4424778761,56.487269928
3o4l,33.3333333333,100.0,30.6306306306,31.3043478261,54.7669408539
5d2n,22.2222222222,99.4413407821,24.5454545455,30.4347826087,49.7178938605
2e7l,33.3333333333,68.7150837989,27.4336283186,55.3571428571,47.8146009067
