pdb_id,pep_identity,mhc_identity,tcrA_identity,tcrB_identity,total_identity
3qdj,11.1111111111,100.0,87.3873873874,36.2831858407,57.6487992417
3o4l,33.3333333333,100.0,39.2857142857,31.3043478261,56.2094547964
5men,22.2222222222,100.0,34.2342342342,39.8230088496,53.083614588
5d2n,22.2222222222,99.4413407821,20.5357142857,52.1739130435,52.672792223
3ffc,22.2222222222,81.0055865922,33.3333333333,48.7179487179,48.08448328
5bs0,11.1111111111,86.5921787709,46.017699115,40.7079646018,47.0220405802
