pdb_id,pep_identity,mhc_identity,tcrA_identity,tcrB_identity,total_identity
3gsn,22.2222222222,100.0,37.037037037,90.2654867257,61.9578280345
5men,22.2222222222,100.0,34.2342342342,91.9642857143,61.7738273988
2pye,11.1111111111,100.0,35.3982300885,88.3928571429,57.6688849089
3qeq,11.1111111111,100.0,51.8867924528,60.7142857143,55.8038833982
3o4l,33.3333333333,100.0,34.5794392523,29.5652173913,55.1352205517
