pdb_id,pep_identity,mhc_identity,tcrA_identity,tcrB_identity,total_identity
5men,22.2222222222,100.0,37.2727272727,53.5087719298,55.8709906078
3o4l,33.3333333333,100.0,29.203539823,31.0344827586,54.4841148747
3qeq,11.1111111111,100.0,42.8571428571,50.8771929825,52.6594263436
5d2n,22.2222222222,99.4413407821,25.6637168142,35.652173913,50.7738361226
2e7l,33.3333333333,68.7150837989,25.6637168142,47.7876106195,46.2580269497
3ffc,22.2222222222,81.0055865922,31.3043478261,34.188034188,45.3246666072
