pdb_id,pep_identity,mhc_identity,tcrA_identity,tcrB_identity,total_identity
3o4l,33.3333333333,100.0,33.3333333333,26.9565217391,54.4927536232
4qrp,11.1111111111,81.0055865922,94.5945945946,32.7433628319,51.9285588055
4mnq,22.2222222222,100.0,29.203539823,33.6283185841,51.2127171419
5eu6,11.1111111111,100.0,32.7433628319,37.7192982456,48.7808138833
2e7l,33.3333333333,68.7150837989,50.8928571429,29.4642857143,47.4089961869
