pdb_id,pep_identity,mhc_identity,tcrA_identity,tcrB_identity,total_identity
5eu6,11.1111111111,100.0,40.7079646018,79.6460176991,57.0960340872
3o4l,33.3333333333,100.0,33.3333333333,30.4347826087,55.0724637681
5men,22.2222222222,100.0,37.5,31.8584070796,52.300475254
3ffc,22.2222222222,81.0055865922,33.9285714286,59.8290598291,50.0355414811
5bs0,11.1111111111,86.5921787709,41.592920354,42.4778761062,46.579562704
