pdb_id,pep_identity,mhc_identity,tcrA_identity,tcrB_identity,total_identity
3gsn,22.2222222222,100.0,88.0733944954,35.9649122807,61.4137918701
3o4l,33.3333333333,100.0,34.8623853211,28.4482758621,54.9962213083
4mnq,22.2222222222,100.0,36.6071428571,31.5789473684,52.1050891117
