pdb_id,pep_identity,mhc_identity,tcrA_identity,tcrB_identity,total_identity
5d2n,22.2222222222,99.4413407821,27.8260869565,68.6956521739,56.6414775232
3o4l,33.3333333333,100.0,29.5652173913,26.3157894737,53.7579455886
3ffc,22.2222222222,81.0055865922,53.9130434783,56.4102564103,52.7964862529
5men,22.2222222222,100.0,32.1739130435,27.4336283186,50.6753309678
3qeq,11.1111111111,100.0,29.5652173913,34.5132743363,47.7167856583
5bs0,11.1111111111,86.5921787709,34.7826086957,46.9026548673,46.1819738878
2e7l,33.3333333333,68.7150837989,35.3448275862,33.9285714286,45.5617055465
