pdb_id,pep_identity,mhc_identity,tcrA_identity,tcrB_identity,total_identity
3o4l,33.3333333333,100.0,53.2110091743,26.3157894737,57.6989108858
4mnq,22.2222222222,100.0,33.0357142857,33.9285714286,51.9014550265
5eu6,11.1111111111,100.0,38.9380530973,47.7876106195,51.4913143232
5bs0,11.1111111111,86.5921787709,37.1681415929,61.2612612613,48.9726637697
3ffc,22.2222222222,81.0055865922,33.0357142857,42.735042735,47.0377291083
