pdb_id,pep_identity,mhc_identity,tcrA_identity,tcrB_identity,total_identity
3o4l,33.3333333333,100.0,30.701754386,30.0884955752,54.5761527713
5men,22.2222222222,100.0,27.4336283186,50.9090909091,53.797860612
2e7l,33.3333333333,68.7150837989,56.1403508772,52.2935779817,52.0884605205
4eup,11.1111111111,100.0,31.5789473684,57.6576576577,51.9098045414
3ffc,22.2222222222,81.0055865922,29.3103448276,34.188034188,44.9923327741
5bs0,11.1111111111,86.5921787709,32.4561403509,37.8378378378,44.2834263255
