pdb_id,pep_identity,mhc_identity,tcrA_identity,tcrB_identity,total_identity
5d2n,22.2222222222,99.4413407821,50.4587155963,44.347826087,56.355611282
5bs0,11.1111111111,86.5921787709,26.3157894737,92.8571428571,52.4299186825
3o4l,33.3333333333,100.0,20.7207207207,25.8620689655,52.2082427255
5men,22.2222222222,100.0,23.4234234234,32.7433628319,50.1018717833
3qeq,11.1111111111,100.0,32.4324324324,30.9734513274,47.6046843303
3ffc,22.2222222222,81.0055865922,28.5714285714,41.0256410256,46.0087812043
