pdb_id,pep_identity,mhc_identity,tcrA_identity,tcrB_identity,total_identity
3o4l,33.3333333333,100.0,34.6153846154,27.8260869565,54.8513563731
5eu6,11.1111111111,100.0,25.2173913043,59.2920353982,51.1219414875
5men,22.2222222222,100.0,26.7857142857,35.3982300885,51.1047314698
3ffc,22.2222222222,81.0055865922,26.7857142857,52.1367521368,47.5630140085
2e7l,33.3333333333,68.7150837989,33.9285714286,36.2831858407,45.718098589
