pdb_id,pep_identity,mhc_identity,tcrA_identity,tcrB_identity,total_identity
3o4l,33.3333333333,100.0,30.2752293578,55.3571428571,58.7165064803
3qeq,11.1111111111,100.0,94.4444444444,29.8245614035,57.7485380117
4mnq,22.2222222222,100.0,33.9285714286,31.8584070796,51.7052371588
5d2n,22.2222222222,99.4413407821,30.0,29.3103448276,50.4395784727
