pdb_id,pep_identity,mhc_identity,tcrA_identity,tcrB_identity,total_identity
3o4l,33.3333333333,100.0,34.5794392523,28.9473684211,55.0322457233
4mnq,22.2222222222,100.0,33.3333333333,37.8378378378,52.6026026026
3qeq,11.1111111111,100.0,50.9433962264,32.1428571429,50.8847459319
5bs0,11.1111111111,86.5921787709,38.9380530973,66.6666666667,50.1685499214
3ffc,22.2222222222,81.0055865922,28.1818181818,41.0256410256,45.9438461394
