pdb_id,pep_identity,mhc_identity,tcrA_identity,tcrB_identity,total_identity
5eu6,11.1111111111,100.0,43.8596491228,76.3157894737,57.0662768031
3o4l,33.3333333333,100.0,33.3333333333,36.2068965517,56.0344827586
5men,22.2222222222,100.0,41.2280701754,33.3333333333,53.1676413255
3ffc,22.2222222222,81.0055865922,31.8965517241,56.4102564103,49.1270709605
5bs0,11.1111111111,86.5921787709,42.9824561404,41.2280701754,46.6028510133
