pdb_id,pep_identity,mhc_identity,tcrA_identity,tcrB_identity,total_identity
5d2n,22.2222222222,99.4413407821,90.5660377358,33.9130434783,61.3010345371
5men,22.2222222222,100.0,23.6363636364,53.0973451327,53.5296922023
3o4l,33.3333333333,100.0,19.4444444444,30.4347826087,52.7576489533
3qeq,11.1111111111,100.0,27.7777777778,51.3274336283,50.2212389381
