pdb_id,pep_identity,mhc_identity,tcrA_identity,tcrB_identity,total_identity
3o4l,33.3333333333,100.0,30.0,26.724137931,53.898467433
4mnq,22.2222222222,100.0,31.5315315315,34.2105263158,51.697750382
5eu6,11.1111111111,100.0,33.6283185841,45.2173913043,50.1779886851
3ffc,22.2222222222,81.0055865922,35.7142857143,41.8803418803,47.3417075372
2e7l,33.3333333333,68.7150837989,30.3571428571,31.8584070796,44.3853973669
