pdb_id,pep_identity,mhc_identity,tcrA_identity,tcrB_identity,total_identity
3o4l,33.3333333333,100.0,30.0884955752,29.8245614035,54.4299539409
5eu6,11.1111111111,100.0,35.9649122807,60.1769911504,53.0606876089
5men,22.2222222222,100.0,30.701754386,35.7142857143,51.8100807574
2e7l,33.3333333333,68.7150837989,59.2920353982,37.5,50.1481449438
3ffc,22.2222222222,81.0055865922,28.6956521739,53.8461538462,48.1662372748
