pdb_id,pep_identity,mhc_identity,tcrA_identity,tcrB_identity,total_identity
3qdj,11.1111111111,100.0,67.8899082569,85.3448275862,62.5761596776
3gsn,22.2222222222,100.0,39.0909090909,60.3448275862,57.3133635203
3o4l,33.3333333333,100.0,46.3636363636,28.5714285714,56.9336219336
5men,22.2222222222,100.0,34.2342342342,61.2068965517,56.6475958717
2pye,11.1111111111,100.0,43.3628318584,61.2068965517,54.4653251054
