pdb_id,pep_identity,mhc_identity,tcrA_identity,tcrB_identity,total_identity
3o4l,33.3333333333,100.0,36.8421052632,28.4482758621,55.326174632
5eu6,11.1111111111,100.0,50.0,56.1403508772,54.7270955166
5men,22.2222222222,100.0,37.1681415929,35.0877192982,52.7833842226
3ffc,22.2222222222,81.0055865922,31.0344827586,49.5726495726,47.84379166
2e7l,33.3333333333,68.7150837989,26.0869565217,35.9649122807,44.3581171778
