pdb_id,pep_identity,mhc_identity,tcrA_identity,tcrB_identity,total_identity
3o4l,33.3333333333,100.0,30.0884955752,28.9473684211,54.2837551105
4mnq,22.2222222222,100.0,35.7142857143,37.8378378378,52.9994279994
5eu6,11.1111111111,100.0,35.9649122807,41.592920354,49.9633424762
3ffc,22.2222222222,81.0055865922,31.3043478261,41.0256410256,46.4642677468
