pdb_id,pep_identity,mhc_identity,tcrA_identity,tcrB_identity,total_identity
3o4l,33.3333333333,100.0,85.5769230769,30.0884955752,63.7220142198
3gsn,22.2222222222,100.0,36.3636363636,49.5575221239,55.060933822
5men,22.2222222222,100.0,34.8214285714,50.4504504505,54.9527205777
4eup,11.1111111111,100.0,40.0,58.5585585586,53.4634634635
2bnr,11.1111111111,100.0,38.9380530973,49.5495495495,51.7849708115
