pdb_id,pep_identity,mhc_identity,tcrA_identity,tcrB_identity,total_identity
3o4l,33.3333333333,100.0,33.9449541284,28.3185840708,54.821700811
3qdj,11.1111111111,100.0,63.8888888889,37.5,53.9351851852
5men,22.2222222222,100.0,30.0,39.2857142857,52.2883597884
3ffc,22.2222222222,81.0055865922,32.1428571429,43.5897435897,47.0313697269
2e7l,33.3333333333,68.7150837989,34.2342342342,35.1351351351,45.5777006056
5bs0,11.1111111111,86.5921787709,38.0530973451,36.6071428571,45.0111366611
