pdb_id,pep_identity,mhc_identity,tcrA_identity,tcrB_identity,total_identity
3qeq,11.1111111111,100.0,83.0357142857,52.6785714286,59.6560846561
4mnq,22.2222222222,100.0,33.9285714286,50.4504504505,54.8039110539
3o4l,33.3333333333,100.0,30.9734513274,30.0884955752,54.6214355949
5d2n,22.2222222222,99.4413407821,28.0701754386,33.0434782609,50.7401299514
