pdb_id,pep_identity,mhc_identity,tcrA_identity,tcrB_identity,total_identity
3gsn,22.2222222222,100.0,42.5925925926,73.4513274336,60.0813940784
3o4l,33.3333333333,100.0,53.7037037037,28.6956521739,58.177670424
2e7l,33.3333333333,68.7150837989,33.3333333333,58.9285714286,49.3931231711
