pdb_id,pep_identity,mhc_identity,tcrA_identity,tcrB_identity,total_identity
3o4l,33.3333333333,100.0,32.0754716981,27.8260869565,54.4280375536
4mnq,22.2222222222,100.0,30.2752293578,33.6283185841,51.3913320644
3qdj,11.1111111111,100.0,37.962962963,31.8584070796,48.6739320441
3ffc,22.2222222222,81.0055865922,33.6363636364,35.0427350427,45.8557860513
2e7l,33.3333333333,68.7150837989,32.1428571429,29.4642857143,44.2839961869
5bs0,11.1111111111,86.5921787709,31.8584070796,38.3928571429,44.2763073311
