pdb_id,pep_identity,mhc_identity,tcrA_identity,tcrB_identity,total_identity
4eup,11.1111111111,100.0,32.7433628319,86.8421052632,56.9679483862
3o4l,33.3333333333,100.0,31.8584070796,27.3504273504,54.3125835161
2e7l,33.3333333333,68.7150837989,58.407079646,57.0175438596,53.253576295
4mnq,22.2222222222,100.0,27.1929824561,47.8260869565,53.2439189762
5d2n,22.2222222222,99.4413407821,25.4385964912,28.4482758621,49.5356663937
