pdb_id,pep_identity,mhc_identity,tcrA_identity,tcrB_identity,total_identity
3qdj,11.1111111111,100.0,85.4545454545,32.1739130435,56.64178012
5d2n,22.2222222222,99.4413407821,21.6216216216,68.6956521739,55.6073999674
3o4l,33.3333333333,100.0,37.8378378378,26.724137931,55.2047737393
5men,22.2222222222,100.0,33.3333333333,28.6956521739,51.0789049919
3ffc,22.2222222222,81.0055865922,34.5132743363,56.4102564103,49.5631913959
5bs0,11.1111111111,86.5921787709,39.8230088496,47.3684210526,47.0996682777
