pdb_id,pep_identity,mhc_identity,tcrA_identity,tcrB_identity,total_identity
4eup,11.1111111111,100.0,88.0733944954,37.5,57.9659361196
3o4l,33.3333333333,100.0,39.0909090909,26.0869565217,55.3074220466
5bs0,11.1111111111,86.5921787709,38.9380530973,93.6936936937,54.6730544259
4mnq,22.2222222222,100.0,30.6306306306,33.0357142857,51.3517982268
5d2n,22.2222222222,99.4413407821,20.0,43.4782608696,51.1342311464
3ffc,22.2222222222,81.0055865922,32.1428571429,41.0256410256,46.6040192996
