pdb_id,pep_identity,mhc_identity,tcrA_identity,tcrB_identity,total_identity
3o4l,33.3333333333,100.0,51.8181818182,33.6206896552,58.6842563567
3ffc,22.2222222222,81.0055865922,34.8214285714,87.1794871795,54.7427555633
3gsn,22.2222222222,100.0,42.7272727273,35.9649122807,53.8561049087
