pdb_id,pep_identity,mhc_identity,tcrA_identity,tcrB_identity,total_identity
3o4l,33.3333333333,100.0,53.6363636364,26.724137931,57.8378613723
5d2n,22.2222222222,99.4413407821,25.2252252252,67.8260869565,56.0630730317
4mnq,22.2222222222,100.0,30.9734513274,28.6956521739,50.6855913243
3qdj,11.1111111111,100.0,46.3636363636,33.0434782609,50.2715561411
3ffc,22.2222222222,81.0055865922,34.5132743363,55.5555555556,49.4207412534
5bs0,11.1111111111,86.5921787709,38.0530973451,47.3684210526,46.804683027
