pdb_id,pep_identity,mhc_identity,tcrA_identity,tcrB_identity,total_identity
3o4l,33.3333333333,100.0,33.3333333333,26.724137931,54.4540229885
4mnq,22.2222222222,100.0,41.592920354,34.2105263158,53.374648519
5eu6,11.1111111111,100.0,40.7079646018,45.2173913043,51.3579296881
3ffc,22.2222222222,81.0055865922,39.8230088496,43.5897435897,48.3113950114
2e7l,33.3333333333,68.7150837989,28.5714285714,31.8584070796,44.0877783193
