pdb_id,pep_identity,mhc_identity,tcrA_identity,tcrB_identity,total_identity
3o4l,33.3333333333,100.0,34.5794392523,24.1379310345,54.2306728256
5men,22.2222222222,100.0,35.1351351351,32.4561403509,52.0059533217
3qeq,11.1111111111,100.0,52.8301886792,29.8245614035,50.8128287175
5bs0,11.1111111111,86.5921787709,36.2831858407,40.350877193,45.340107133
3ffc,22.2222222222,81.0055865922,30.0,35.0427350427,45.2497254453
2e7l,33.3333333333,68.7150837989,26.1261261261,33.6283185841,43.9752131624
