pdb_id,pep_identity,mhc_identity,tcrA_identity,tcrB_identity,total_identity
3o4l,33.3333333333,100.0,33.9449541284,23.7288135593,54.0567390591
5men,22.2222222222,100.0,32.4324324324,31.8965517241,51.4622381002
5eu6,11.1111111111,100.0,38.0530973451,34.188034188,49.0772256259
3ffc,22.2222222222,81.0055865922,26.5486725664,31.6239316239,44.1047036365
2e7l,33.3333333333,68.7150837989,23.4234234234,33.9130434783,43.572216861
