pdb_id,pep_identity,mhc_identity,tcrA_identity,tcrB_identity,total_identity
3o4l,33.3333333333,100.0,37.5,55.3571428571,59.9206349206
5men,22.2222222222,100.0,40.1785714286,31.8584070796,52.7469038254
5eu6,11.1111111111,100.0,57.5221238938,35.9649122807,52.6182097328
3qeq,11.1111111111,100.0,37.8378378378,29.8245614035,48.3141035773
