pdb_id,pep_identity,mhc_identity,tcrA_identity,tcrB_identity,total_identity
5d2n,22.2222222222,99.4413407821,87.8504672897,45.2173913043,62.7324974338
3o4l,33.3333333333,100.0,19.2660550459,25.641025641,51.9289578923
5bs0,11.1111111111,86.5921787709,22.8070175439,92.0353982301,51.708165923
5men,22.2222222222,100.0,24.7706422018,32.4561403509,50.2785378329
