pdb_id,pep_identity,mhc_identity,tcrA_identity,tcrB_identity,total_identity
3o4l,33.3333333333,100.0,33.9622641509,56.25,59.4798218029
3gsn,22.2222222222,100.0,38.3177570093,31.3043478261,52.34442488
