pdb_id,pep_identity,mhc_identity,tcrA_identity,tcrB_identity,total_identity
4eup,11.1111111111,100.0,66.6666666667,54.0540540541,57.1571571572
3o4l,33.3333333333,100.0,41.0714285714,28.3185840708,56.0094465515
4mnq,22.2222222222,100.0,36.036036036,47.7477477477,54.7047047047
5d2n,22.2222222222,99.4413407821,26.7857142857,33.9130434783,50.6709806288
2e7l,33.3333333333,68.7150837989,38.5964912281,50.0,48.7822209154
5bs0,11.1111111111,86.5921787709,47.7876106195,36.036036036,46.5383710699
