pdb_id,pep_identity,mhc_identity,tcrA_identity,tcrB_identity,total_identity
3o4l,33.3333333333,100.0,85.4368932039,27.8260869565,63.3216078045
3gsn,22.2222222222,100.0,34.8623853211,35.3982300885,52.450843309
4mnq,22.2222222222,100.0,32.1428571429,33.6283185841,51.7026033619
