pdb_id,pep_identity,mhc_identity,tcrA_identity,tcrB_identity,total_identity
3o4l,33.3333333333,100.0,30.701754386,26.4957264957,53.9773579247
5men,22.2222222222,100.0,32.4561403509,30.4347826087,51.222561234
5eu6,11.1111111111,100.0,35.9649122807,43.1034482759,50.2150971298
2e7l,33.3333333333,68.7150837989,60.5263157895,31.5789473684,49.3670162371
3ffc,22.2222222222,81.0055865922,28.4482758621,45.2991452991,46.700506465
