pdb_id,pep_identity,mhc_identity,tcrA_identity,tcrB_identity,total_identity
3o4l,33.3333333333,100.0,83.8095238095,31.5789473684,63.6758563074
5eu6,11.1111111111,100.0,42.4778761062,56.6371681416,53.5562110783
5men,22.2222222222,100.0,31.25,35.7142857143,51.9014550265
3gsn,22.2222222222,100.0,32.4324324324,33.3333333333,51.7017017017
