pdb_id,pep_identity,mhc_identity,tcrA_identity,tcrB_identity,total_identity
5men,22.2222222222,100.0,32.1428571429,52.5862068966,54.862251414
3o4l,33.3333333333,100.0,30.0884955752,24.5762711864,53.5552389047
2e7l,33.3333333333,68.7150837989,61.9469026549,54.7826086957,53.4710576025
4eup,11.1111111111,100.0,35.3982300885,55.652173913,52.2121043706
