pdb_id,pep_identity,mhc_identity,tcrA_identity,tcrB_identity,total_identity
3o4l,33.3333333333,100.0,85.4368932039,27.1186440678,63.2037006564
5d2n,22.2222222222,99.4413407821,19.2660550459,76.0683760684,56.4435928538
5men,22.2222222222,100.0,33.0357142857,26.4957264957,50.6626475376
