pdb_id,pep_identity,mhc_identity,tcrA_identity,tcrB_identity,total_identity
4eup,11.1111111111,100.0,59.6330275229,53.1531531532,55.8347338164
3o4l,33.3333333333,100.0,34.2592592593,29.203539823,55.0215776248
4mnq,22.2222222222,100.0,30.0,48.6486486486,53.8488488488
5d2n,22.2222222222,99.4413407821,30.8411214953,33.0434782609,51.2019542941
2e7l,33.3333333333,68.7150837989,32.4324324324,50.0,47.7548777828
3ffc,22.2222222222,81.0055865922,31.25,32.4786324786,45.0307083512
