pdb_id,pep_identity,mhc_identity,tcrA_identity,tcrB_identity,total_identity
4eup,11.1111111111,100.0,34.2342342342,90.0900900901,57.7577577578
3o4l,33.3333333333,100.0,32.7272727273,27.1929824561,54.4311536417
5men,22.2222222222,100.0,30.0884955752,49.1071428571,53.9400138128
2e7l,33.3333333333,68.7150837989,49.5495495495,55.8558558559,51.5837066116
4qrp,11.1111111111,81.0055865922,88.1818181818,27.4336283186,49.9748069845
5d2n,22.2222222222,99.4413407821,24.3243243243,27.8260869565,49.2462562149
