pdb_id,pep_identity,mhc_identity,tcrA_identity,tcrB_identity,total_identity
4mnq,22.2222222222,100.0,26.3157894737,62.1621621622,55.4870660134
3o4l,33.3333333333,100.0,30.0884955752,26.5486725664,53.883972468
2e7l,33.3333333333,68.7150837989,56.6371681416,53.6363636364,52.3950610071
4eup,11.1111111111,100.0,30.0884955752,58.5585585586,51.8115460593
