pdb_id,pep_identity,mhc_identity,tcrA_identity,tcrB_identity,total_identity
4eup,11.1111111111,100.0,88.9908256881,57.5221238938,61.4558619674
3o4l,33.3333333333,100.0,41.2844036697,30.1724137931,56.3539140216
5men,22.2222222222,100.0,32.4324324324,49.1228070175,54.3332806491
5d2n,22.2222222222,99.4413407821,21.1009174312,33.0434782609,49.5785869501
