pdb_id,pep_identity,mhc_identity,tcrA_identity,tcrB_identity,total_identity
3o4l,33.3333333333,100.0,33.3333333333,27.5862068966,54.5977011494
3ffc,22.2222222222,81.0055865922,26.3157894737,90.5982905983,53.8949496168
5eu6,11.1111111111,100.0,32.4561403509,59.649122807,52.38791423
2e7l,33.3333333333,68.7150837989,68.4684684685,33.3333333333,50.983106011
5men,22.2222222222,100.0,27.1929824561,28.9473684211,50.0974658869
