pdb_id,pep_identity,mhc_identity,tcrA_identity,tcrB_identity,total_identity
3o4l,33.3333333333,100.0,33.3333333333,31.3043478261,55.2173913043
5men,22.2222222222,100.0,34.2342342342,32.7433628319,51.9036735851
3qeq,11.1111111111,100.0,53.2710280374,28.3185840708,50.6353057217
3ffc,22.2222222222,81.0055865922,30.9090909091,32.4786324786,44.9738901694
5bs0,11.1111111111,86.5921787709,37.1681415929,36.2831858407,44.8096511996
