pdb_id,pep_identity,mhc_identity,tcrA_identity,tcrB_identity,total_identity
4eup,11.1111111111,100.0,63.3027522936,58.407079646,57.322009027
5men,22.2222222222,100.0,30.0,56.1403508772,55.0974658869
3o4l,33.3333333333,100.0,32.7272727273,25.8620689655,54.2093347266
5d2n,22.2222222222,99.4413407821,22.9357798165,31.3043478261,49.5945422752
2e7l,33.3333333333,68.7150837989,33.0357142857,53.0973451327,48.3716489471
