pdb_id,pep_identity,mhc_identity,tcrA_identity,tcrB_identity,total_identity
5d2n,22.2222222222,99.4413407821,26.724137931,57.3913043478,54.5737613813
3ffc,22.2222222222,81.0055865922,53.4482758621,52.1367521368,52.0067742713
4mnq,22.2222222222,100.0,29.3103448276,35.3982300885,51.5255032268
3qdj,11.1111111111,100.0,30.1724137931,38.0530973451,48.4079555601
2e7l,33.3333333333,68.7150837989,35.8974358974,36.2831858407,46.0462426671
5bs0,11.1111111111,86.5921787709,34.4827586207,42.4778761062,45.3945357485
