pdb_id,pep_identity,mhc_identity,tcrA_identity,tcrB_identity,total_identity
3o4l,33.3333333333,100.0,30.4347826087,25.641025641,53.7904124861
5eu6,11.1111111111,100.0,35.652173913,48.275862069,51.025043034
4mnq,22.2222222222,100.0,27.8260869565,32.1739130435,50.7407407407
2e7l,33.3333333333,68.7150837989,58.2608695652,33.3333333333,49.2818395272
3ffc,22.2222222222,81.0055865922,27.3504273504,47.0085470085,46.802431998
