pdb_id,pep_identity,mhc_identity,tcrA_identity,tcrB_identity,total_identity
5men,22.2222222222,100.0,27.8260869565,82.8828828829,59.192235714
3o4l,33.3333333333,100.0,29.5652173913,29.8245614035,54.3427409102
3qdj,11.1111111111,100.0,32.1739130435,68.4684684685,53.810767289
2e7l,33.3333333333,68.7150837989,58.2608695652,56.7567567568,53.1857434311
5d2n,22.2222222222,99.4413407821,25.0,33.0434782609,50.2284340449
