pdb_id,pep_identity,mhc_identity,tcrA_identity,tcrB_identity,total_identity
5d2n,22.2222222222,99.4413407821,21.6216216216,65.2173913043,55.0276898224
5men,22.2222222222,100.0,27.6785714286,33.6283185841,50.9585557428
2e7l,33.3333333333,68.7150837989,55.8558558559,36.2831858407,49.3726459935
3ffc,22.2222222222,81.0055865922,26.3157894737,60.6837606838,48.909194631
3qdj,11.1111111111,100.0,31.5315315315,34.5132743363,48.0445046817
5bs0,11.1111111111,86.5921787709,28.9473684211,44.2477876106,44.766955966
