pdb_id,pep_identity,mhc_identity,tcrA_identity,tcrB_identity,total_identity
3o4l,33.3333333333,100.0,85.4368932039,32.4786324786,64.0970320582
3gsn,22.2222222222,100.0,34.8623853211,92.1052631579,61.9020154872
5men,22.2222222222,100.0,32.1428571429,87.7192982456,60.7177666388
2bnr,11.1111111111,100.0,46.017699115,85.9649122807,59.0341389363
3qdj,11.1111111111,100.0,40.3669724771,61.4035087719,53.9987839119
