pdb_id,pep_identity,mhc_identity,tcrA_identity,tcrB_identity,total_identity
3o4l,33.3333333333,100.0,31.8584070796,24.347826087,53.8121499722
4mnq,22.2222222222,100.0,29.8245614035,33.6283185841,51.3162207387
2e7l,33.3333333333,68.7150837989,67.2566371681,34.8214285714,51.0291500007
5eu6,11.1111111111,100.0,34.2105263158,34.2105263158,48.440545809
3ffc,22.2222222222,81.0055865922,28.6956521739,30.7692307692,44.3200834287
