pdb_id,pep_identity,mhc_identity,tcrA_identity,tcrB_identity,total_identity
4eup,11.1111111111,100.0,30.4347826087,90.0900900901,57.1245158202
3o4l,33.3333333333,100.0,31.3043478261,28.3185840708,54.3815997606
4mnq,22.2222222222,100.0,27.8260869565,52.2522522523,54.0871306089
5d2n,22.2222222222,99.4413407821,27.8260869565,31.3043478261,50.4095934652
2e7l,33.3333333333,68.7150837989,37.0689655172,57.2727272727,49.7397545091
3ffc,22.2222222222,81.0055865922,53.9130434783,31.6239316239,48.6654321218
