pdb_id,pep_identity,mhc_identity,tcrA_identity,tcrB_identity,total_identity
5men,22.2222222222,100.0,33.3333333333,79.8245614035,59.6003898635
3qdj,11.1111111111,100.0,39.0909090909,67.5438596491,54.8094984937
3o4l,33.3333333333,100.0,29.7297297297,28.2051282051,54.1002541003
5d2n,22.2222222222,99.4413407821,27.027027027,33.9130434783,50.711199419
2e7l,33.3333333333,68.7150837989,30.0884955752,55.2631578947,48.2414146224
