pdb_id,pep_identity,mhc_identity,tcrA_identity,tcrB_identity,total_identity
5d2n,22.2222222222,99.4413407821,86.3636363636,34.7826086957,60.7455618447
5men,22.2222222222,100.0,22.3214285714,51.3513513514,53.0195373945
3o4l,33.3333333333,100.0,19.6428571429,30.9734513274,52.8804958562
3qeq,11.1111111111,100.0,28.5714285714,53.5714285714,50.7275132275
