pdb_id,pep_identity,mhc_identity,tcrA_identity,tcrB_identity,total_identity
4eup,11.1111111111,100.0,87.1559633028,89.2857142857,66.4439833018
3gsn,22.2222222222,100.0,38.1818181818,49.5575221239,55.363964125
3o4l,33.3333333333,100.0,39.0909090909,26.0869565217,55.3074220466
4mnq,22.2222222222,100.0,29.7297297297,48.6725663717,53.807790091
