pdb_id,pep_identity,mhc_identity,tcrA_identity,tcrB_identity,total_identity
3o4l,33.3333333333,100.0,36.6071428571,27.8260869565,55.1833160801
5eu6,11.1111111111,100.0,47.7876106195,51.7543859649,53.6273698011
5men,22.2222222222,100.0,36.6071428571,35.0877192982,52.6898844333
3ffc,22.2222222222,81.0055865922,31.5789473684,47.8632478632,47.6496354767
