pdb_id,pep_identity,mhc_identity,tcrA_identity,tcrB_identity,total_identity
3o4l,33.3333333333,100.0,34.5794392523,27.5862068966,54.8053854693
5men,22.2222222222,100.0,34.2342342342,33.3333333333,52.002002002
3qeq,11.1111111111,100.0,51.8867924528,28.9473684211,50.5093971827
5bs0,11.1111111111,86.5921787709,38.9380530973,36.8421052632,45.1977896874
3ffc,22.2222222222,81.0055865922,28.1818181818,34.188034188,44.8042449998
