pdb_id,pep_identity,mhc_identity,tcrA_identity,tcrB_identity,total_identity
3o4l,33.3333333333,100.0,31.7757009346,29.203539823,54.6076512374
5men,22.2222222222,100.0,30.9090909091,48.6486486486,54.0003640004
4eup,11.1111111111,100.0,34.8623853211,53.1531531532,51.7062934494
2e7l,33.3333333333,68.7150837989,31.8584070796,50.9090909091,47.8107220422
3ffc,22.2222222222,81.0055865922,33.3333333333,32.4786324786,45.3779305735
5bs0,11.1111111111,86.5921787709,34.5132743363,35.1351351351,44.1758315393
