pdb_id,pep_identity,mhc_identity,tcrA_identity,tcrB_identity,total_identity
5d2n,22.2222222222,99.4413407821,30.9734513274,69.5652173913,57.3109657879
3o4l,33.3333333333,100.0,35.3982300885,28.0701754386,55.0225120323
3ffc,22.2222222222,81.0055865922,61.0619469027,52.9914529915,53.4181695872
5men,22.2222222222,100.0,30.4347826087,28.3185840708,50.5329685207
3qdj,11.1111111111,100.0,34.5132743363,32.7433628319,48.2464765651
5bs0,11.1111111111,86.5921787709,36.5217391304,45.5357142857,46.24400553
