pdb_id,pep_identity,mhc_identity,tcrA_identity,tcrB_identity,total_identity
3qdj,11.1111111111,100.0,89.8148148148,91.2280701754,67.2108512021
3gsn,22.2222222222,100.0,38.8888888889,62.2807017544,57.6023391813
5men,22.2222222222,100.0,32.4324324324,64.9122807018,56.9648595964
3o4l,33.3333333333,100.0,45.3703703704,29.0598290598,56.8494776828
2pye,11.1111111111,100.0,41.592920354,64.0350877193,54.6417050493
