pdb_id,pep_identity,mhc_identity,tcrA_identity,tcrB_identity,total_identity
5men,22.2222222222,100.0,42.4778761062,50.0,56.1537200918
3o4l,33.3333333333,100.0,32.1428571429,34.2105263158,55.5033416876
3qeq,11.1111111111,100.0,37.5,54.4642857143,52.3644179894
5d2n,22.2222222222,99.4413407821,24.7787610619,32.1739130435,50.0466333524
2e7l,33.3333333333,68.7150837989,27.4336283186,52.2522522523,47.2971191392
5bs0,11.1111111111,86.5921787709,38.9380530973,35.7142857143,45.0098197626
