pdb_id,pep_identity,mhc_identity,tcrA_identity,tcrB_identity,total_identity
3o4l,33.3333333333,100.0,32.7102803738,35.3982300885,55.7958628548
5men,22.2222222222,100.0,32.4324324324,50.9090909091,54.630994631
4eup,11.1111111111,100.0,35.7798165138,55.8558558559,52.3096490986
5d2n,22.2222222222,99.4413407821,23.8532110092,33.9130434783,50.1822300827
2e7l,33.3333333333,68.7150837989,31.8584070796,49.5412844037,47.5827542913
3ffc,22.2222222222,81.0055865922,34.2342342342,32.4786324786,45.5280807236
