pdb_id,pep_identity,mhc_identity,tcrA_identity,tcrB_identity,total_identity
3gsn,22.2222222222,100.0,45.045045045,49.5575221239,56.5078352689
2e7l,33.3333333333,68.7150837989,34.8214285714,50.0,48.153043806
5bs0,11.1111111111,86.5921787709,47.7876106195,40.0,47.1990317306
3ffc,22.2222222222,81.0055865922,33.6283185841,35.0427350427,45.8544452093
