pdb_id,pep_identity,mhc_identity,tcrA_identity,tcrB_identity,total_identity
3o4l,33.3333333333,100.0,30.0884955752,30.701754386,54.5761527713
5eu6,11.1111111111,100.0,34.2105263158,56.6371681416,52.1783194466
5men,22.2222222222,100.0,28.0701754386,34.8214285714,51.2226747424
2e7l,33.3333333333,68.7150837989,61.0619469027,36.6071428571,50.2943206707
3ffc,22.2222222222,81.0055865922,29.5652173913,51.2820512821,47.8838143837
