pdb_id,pep_identity,mhc_identity,tcrA_identity,tcrB_identity,total_identity
5d2n,22.2222222222,99.4413407821,21.9298245614,88.6956521739,58.9921004573
3o4l,33.3333333333,100.0,31.8584070796,29.8245614035,54.7249391916
5men,22.2222222222,100.0,25.4385964912,37.8378378378,51.2868131289
2e7l,33.3333333333,68.7150837989,56.6371681416,33.3333333333,49.0112226232
3qdj,11.1111111111,100.0,30.0884955752,39.2857142857,48.5994053472
3ffc,22.2222222222,81.0055865922,28.6956521739,52.9914529915,48.0237871324
