pdb_id,pep_identity,mhc_identity,tcrA_identity,tcrB_identity,total_identity
3o4l,33.3333333333,100.0,51.8181818182,23.6842105263,57.0281765019
5men,22.2222222222,100.0,34.8214285714,31.25,51.7526455026
5d2n,22.2222222222,99.4413407821,22.5225225225,40.8695652174,51.1198689581
3qdj,11.1111111111,100.0,49.0909090909,33.0357142857,50.7248075998
2e7l,33.3333333333,68.7150837989,33.0357142857,39.6396396396,46.1286980316
3ffc,22.2222222222,81.0055865922,34.8214285714,32.4786324786,45.6259464465
