pdb_id,pep_identity,mhc_identity,tcrA_identity,tcrB_identity,total_identity
3gsn,22.2222222222,100.0,37.2727272727,53.982300885,55.9499121004
2e7l,33.3333333333,68.7150837989,27.4336283186,49.1071428571,46.77293424
5bs0,11.1111111111,86.5921787709,40.7079646018,37.1681415929,45.5471143265
3ffc,22.2222222222,81.0055865922,27.9279279279,35.0427350427,44.9043800999
