pdb_id,pep_identity,mhc_identity,tcrA_identity,tcrB_identity,total_identity
3o4l,33.3333333333,100.0,32.1428571429,25.2173913043,54.0044858523
5men,22.2222222222,100.0,43.119266055,32.7433628319,53.3845122219
5eu6,11.1111111111,100.0,45.1327433628,35.9649122807,50.5533129776
3ffc,22.2222222222,81.0055865922,28.9473684211,33.3333333333,44.7893865639
2e7l,33.3333333333,68.7150837989,28.9473684211,29.4642857143,43.7514147333
