pdb_id,pep_identity,mhc_identity,tcrA_identity,tcrB_identity,total_identity
5eu6,11.1111111111,100.0,87.610619469,48.6725663717,59.7509013438
5bs0,11.1111111111,86.5921787709,83.185840708,70.2702702703,58.1437817904
2p5e,11.1111111111,100.0,82.3008849558,31.25,55.9621845297
3o4l,33.3333333333,100.0,39.0909090909,26.0869565217,55.3074220466
3qeq,11.1111111111,100.0,37.2727272727,33.0357142857,48.7551106301
3ffc,22.2222222222,81.0055865922,36.2831858407,45.2991452991,48.0063247948
