pdb_id,pep_identity,mhc_identity,tcrA_identity,tcrB_identity,total_identity
5men,22.2222222222,100.0,32.1428571429,58.1818181818,55.7948532949
3o4l,33.3333333333,100.0,27.6785714286,26.5486725664,53.4823184436
4eup,11.1111111111,100.0,31.25,59.4594594595,52.1552802803
5d2n,22.2222222222,99.4413407821,24.7787610619,29.5652173913,49.6118507437
2e7l,33.3333333333,68.7150837989,24.7787610619,55.0458715596,47.320244481
