pdb_id,pep_identity,mhc_identity,tcrA_identity,tcrB_identity,total_identity
3o4l,33.3333333333,100.0,59.6153846154,31.5789473684,59.6434997751
3gsn,22.2222222222,100.0,33.9449541284,35.3982300885,52.2979381102
5bs0,11.1111111111,86.5921787709,36.2831858407,67.5675675676,49.8762221954
