pdb_id,pep_identity,mhc_identity,tcrA_identity,tcrB_identity,total_identity
3qdj,11.1111111111,100.0,89.8148148148,61.9469026549,62.3306566153
3gsn,22.2222222222,100.0,40.3669724771,86.7256637168,61.9228467731
5men,22.2222222222,100.0,34.2342342342,87.610619469,61.048216358
2bnr,11.1111111111,100.0,42.4778761062,86.7256637168,58.5709603409
3o4l,33.3333333333,100.0,41.2844036697,28.4482758621,56.0665576997
