pdb_id,pep_identity,mhc_identity,tcrA_identity,tcrB_identity,total_identity
3gsn,22.2222222222,100.0,35.1851851852,76.1061946903,59.2893040533
3o4l,33.3333333333,100.0,37.962962963,31.0344827586,55.9440187314
2e7l,33.3333333333,68.7150837989,29.7297297297,58.407079646,48.7056072734
