pdb_id,pep_identity,mhc_identity,tcrA_identity,tcrB_identity,total_identity
3o4l,33.3333333333,100.0,40.0,26.5486725664,55.5358898722
3qdj,11.1111111111,100.0,68.8073394495,36.036036036,54.5109329513
4mnq,22.2222222222,100.0,35.1351351351,34.5454545455,52.3541723542
5bs0,11.1111111111,86.5921787709,46.017699115,57.6576576577,49.8469894228
3ffc,22.2222222222,81.0055865922,35.7142857143,39.3162393162,46.9143571099
2e7l,33.3333333333,68.7150837989,39.2857142857,33.9449541284,46.2212504464
