pdb_id,pep_identity,mhc_identity,tcrA_identity,tcrB_identity,total_identity
3o4l,33.3333333333,100.0,83.6538461538,27.1929824561,62.9189158794
5men,22.2222222222,100.0,32.7272727273,76.3636363636,58.9225589226
3gsn,22.2222222222,100.0,31.8181818182,74.3362831858,58.4331515747
2f53,11.1111111111,100.0,37.1681415929,76.7857142857,56.0293463501
3qdj,11.1111111111,100.0,39.0909090909,63.0630630631,54.0626990627
