pdb_id,pep_identity,mhc_identity,tcrA_identity,tcrB_identity,total_identity
3o4l,33.3333333333,100.0,34.5794392523,25.8620689655,54.5180291474
5men,22.2222222222,100.0,34.2342342342,32.4561403509,51.8558031716
3qeq,11.1111111111,100.0,50.9433962264,33.3333333333,51.0831586303
5bs0,11.1111111111,86.5921787709,38.9380530973,60.1769911504,49.0869373353
3ffc,22.2222222222,81.0055865922,28.1818181818,43.5897435897,46.3711965667
2e7l,33.3333333333,68.7150837989,27.9279279279,31.8584070796,43.980528212
