pdb_id,pep_identity,mhc_identity,tcrA_identity,tcrB_identity,total_identity
3o4l,33.3333333333,100.0,28.0701754386,25.2173913043,53.3257055683
2e7l,33.3333333333,68.7150837989,56.1403508772,33.9285714286,49.027626095
5eu6,11.1111111111,100.0,33.3333333333,37.7192982456,48.8791423002
3ffc,22.2222222222,81.0055865922,28.4482758621,34.188034188,44.8486546132
