pdb_id,pep_identity,mhc_identity,tcrA_identity,tcrB_identity,total_identity
3o4l,33.3333333333,100.0,34.2592592593,54.8672566372,59.2988637605
3gsn,22.2222222222,100.0,38.5321100917,30.4347826087,52.2352228575
