pdb_id,pep_identity,mhc_identity,tcrA_identity,tcrB_identity,total_identity
3o4l,33.3333333333,100.0,33.6283185841,26.5486725664,54.4739429695
5men,22.2222222222,100.0,29.8245614035,37.8378378378,52.017807281
2e7l,33.3333333333,68.7150837989,68.1415929204,30.0,50.3730711975
3qdj,11.1111111111,100.0,33.6283185841,37.8378378378,48.9480631074
5bs0,11.1111111111,86.5921787709,32.4561403509,37.8378378378,44.2834263255
3ffc,22.2222222222,81.0055865922,27.8260869565,29.9145299145,44.03270575
