pdb_id,pep_identity,mhc_identity,tcrA_identity,tcrB_identity,total_identity
3o4l,33.3333333333,100.0,57.6923076923,28.9473684211,58.8843904633
4mnq,22.2222222222,100.0,28.5714285714,37.8378378378,51.808951809
5d2n,22.2222222222,99.4413407821,22.0183486239,44.347826087,51.6155501199
4eup,11.1111111111,100.0,47.7064220183,34.8214285714,50.791678802
5bs0,11.1111111111,86.5921787709,36.2831858407,66.6666666667,49.7260720452
