pdb_id,pep_identity,mhc_identity,tcrA_identity,tcrB_identity,total_identity
2bnq,11.1111111111,100.0,86.7256637168,58.9285714286,61.3127428946
4mnq,22.2222222222,100.0,38.9380530973,60.3603603604,57.290476317
3o4l,33.3333333333,100.0,38.7387387387,26.3157894737,55.2868658132
3qdj,11.1111111111,100.0,42.3423423423,58.5585585586,53.8538538539
5d2n,22.2222222222,99.4413407821,29.4642857143,35.652173913,51.4072642727
5bs0,11.1111111111,86.5921787709,82.3008849558,30.6306306306,51.3896825584
2e7l,33.3333333333,68.7150837989,35.7142857143,61.2612612613,50.1787302067
