pdb_id,pep_identity,mhc_identity,tcrA_identity,tcrB_identity,total_identity
3qdj,11.1111111111,100.0,68.1818181818,45.9459459459,56.0583310583
3o4l,33.3333333333,100.0,33.3333333333,29.203539823,54.8672566372
5men,22.2222222222,100.0,30.9090909091,45.9459459459,53.5499135499
5d2n,22.2222222222,99.4413407821,22.7272727273,33.0434782609,49.8496461661
2e7l,33.3333333333,68.7150837989,33.6283185841,50.0,47.9541921414
