pdb_id,pep_identity,mhc_identity,tcrA_identity,tcrB_identity,total_identity
5d2n,22.2222222222,99.4413407821,24.0740740741,83.4782608696,58.4799101587
3o4l,33.3333333333,100.0,32.1100917431,27.5862068966,54.3938275511
4mnq,22.2222222222,100.0,41.2844036697,32.4561403509,53.0308314108
3qeq,11.1111111111,100.0,39.8148148148,35.9649122807,49.666991553
3ffc,22.2222222222,81.0055865922,27.6785714286,53.8461538462,47.9967238173
