pdb_id,pep_identity,mhc_identity,tcrA_identity,tcrB_identity,total_identity
3o4l,33.3333333333,100.0,31.5789473684,25.2173913043,53.9105008899
5men,22.2222222222,100.0,31.5789473684,30.0884955752,51.018647898
5eu6,11.1111111111,100.0,33.3333333333,43.8596491228,49.9025341131
2e7l,33.3333333333,68.7150837989,60.5263157895,32.1428571429,49.4610011995
4qrp,11.1111111111,81.0055865922,50.0,47.7876106195,47.0035010043
