pdb_id,pep_identity,mhc_identity,tcrA_identity,tcrB_identity,total_identity
4mnq,22.2222222222,100.0,43.119266055,57.6576576577,57.5368946929
3o4l,33.3333333333,100.0,32.7272727273,25.6637168142,54.1762760347
4eup,11.1111111111,100.0,37.6146788991,60.3603603604,53.3662102469
5d2n,22.2222222222,99.4413407821,24.7706422018,29.5652173913,49.6104976003
2e7l,33.3333333333,68.7150837989,30.3571428571,54.5454545455,48.1665719445
