pdb_id,pep_identity,mhc_identity,tcrA_identity,tcrB_identity,total_identity
3o4l,33.3333333333,100.0,38.0530973451,28.9473684211,55.6111887388
5eu6,11.1111111111,100.0,51.3274336283,59.2920353982,55.4736152081
3ffc,22.2222222222,81.0055865922,31.3043478261,88.8888888889,54.441475724
5men,22.2222222222,100.0,37.5,31.5315315315,52.245995996
