pdb_id,pep_identity,mhc_identity,tcrA_identity,tcrB_identity,total_identity
3o4l,33.3333333333,100.0,21.4285714286,53.982300885,57.0129231634
5d2n,22.2222222222,99.4413407821,50.0,31.0344827586,54.0602681279
5men,22.2222222222,100.0,24.1071428571,31.5789473684,50.0217557783
3qeq,11.1111111111,100.0,30.3571428571,29.8245614035,47.0673210805
