pdb_id,pep_identity,mhc_identity,tcrA_identity,tcrB_identity,total_identity
3o4l,33.3333333333,100.0,52.7272727273,27.3504273504,57.7907277907
5d2n,22.2222222222,99.4413407821,23.4234234234,57.3913043478,54.0236422967
4mnq,22.2222222222,100.0,36.6071428571,33.9130434783,52.49410513
3qdj,11.1111111111,100.0,50.0,34.7826086957,51.1674718196
3ffc,22.2222222222,81.0055865922,33.9285714286,54.7008547009,49.1808406264
