pdb_id,pep_identity,mhc_identity,tcrA_identity,tcrB_identity,total_identity
3o4l,33.3333333333,100.0,30.9734513274,31.6239316239,54.877341603
4mnq,22.2222222222,100.0,29.8245614035,33.9130434783,51.3636748877
2e7l,33.3333333333,68.7150837989,62.8318584071,28.9473684211,49.3126768488
5eu6,11.1111111111,100.0,34.2105263158,34.4827586207,48.4859178598
3ffc,22.2222222222,81.0055865922,27.8260869565,32.4786324786,44.4600561773
