pdb_id,pep_identity,mhc_identity,tcrA_identity,tcrB_identity,total_identity
5d2n,22.2222222222,99.4413407821,23.2142857143,66.6666666667,55.5346797316
5men,22.2222222222,100.0,30.701754386,29.0598290598,50.7010046484
2e7l,33.3333333333,68.7150837989,60.3603603604,31.8965517241,49.3922910582
3qdj,11.1111111111,100.0,35.1351351351,33.3333333333,48.4484484484
3ffc,22.2222222222,81.0055865922,26.3157894737,56.4102564103,48.1969439188
5bs0,11.1111111111,86.5921787709,29.8245614035,46.5517241379,45.2971442176
