pdb_id,pep_identity,mhc_identity,tcrA_identity,tcrB_identity,total_identity
5eu6,11.1111111111,100.0,33.3333333333,93.8053097345,58.2268108817
3o4l,33.3333333333,100.0,32.7272727273,29.8245614035,54.8697501329
2e7l,33.3333333333,68.7150837989,69.3693693694,36.6071428571,51.6788910818
5men,22.2222222222,100.0,27.1929824561,36.6071428571,51.3740949596
3ffc,22.2222222222,81.0055865922,25.4385964912,57.264957265,48.1931952308
