pdb_id,pep_identity,mhc_identity,tcrA_identity,tcrB_identity,total_identity
3o4l,33.3333333333,100.0,82.8571428571,23.4782608696,62.1670117322
5men,22.2222222222,100.0,32.7272727273,30.0884955752,51.2100354578
3gsn,22.2222222222,100.0,31.5315315315,30.0884955752,51.0107452585
