pdb_id,pep_identity,mhc_identity,tcrA_identity,tcrB_identity,total_identity
3gsn,22.2222222222,100.0,33.9449541284,48.6725663717,54.5103274908
2e7l,33.3333333333,68.7150837989,30.6306306306,50.0,47.4545774825
3ffc,22.2222222222,81.0055865922,30.3571428571,35.0427350427,45.3092492548
