pdb_id,pep_identity,mhc_identity,tcrA_identity,tcrB_identity,total_identity
3o4l,33.3333333333,100.0,57.6923076923,24.7863247863,58.1908831909
5d2n,22.2222222222,99.4413407821,22.0183486239,46.0869565217,51.9054051924
4mnq,22.2222222222,100.0,28.5714285714,29.8245614035,50.4734057366
4eup,11.1111111111,100.0,47.7064220183,30.701754386,50.1050664378
5bs0,11.1111111111,86.5921787709,36.2831858407,64.0350877193,49.287475554
3ffc,22.2222222222,81.0055865922,33.6363636364,42.735042735,47.1378373334
