pdb_id,pep_identity,mhc_identity,tcrA_identity,tcrB_identity,total_identity
3gsn,22.2222222222,100.0,34.5132743363,50.4424778761,54.9000327761
2e7l,33.3333333333,68.7150837989,28.6956521739,49.5495495495,47.057005998
3ffc,22.2222222222,81.0055865922,30.4347826087,35.8974358974,45.4646393558
