pdb_id,pep_identity,mhc_identity,tcrA_identity,tcrB_identity,total_identity
3gsn,22.2222222222,100.0,37.037037037,55.7522123894,56.2056156451
2e7l,33.3333333333,68.7150837989,27.9279279279,54.4642857143,47.7481746511
