pdb_id,pep_identity,mhc_identity,tcrA_identity,tcrB_identity,total_identity
4eup,11.1111111111,100.0,86.2385321101,60.3603603604,61.4701857821
4mnq,22.2222222222,100.0,33.3333333333,57.6576576577,55.9059059059
3o4l,33.3333333333,100.0,39.8148148148,26.5486725664,55.5050256746
2bnr,11.1111111111,100.0,42.4778761062,55.8558558559,53.425992364
