pdb_id,pep_identity,mhc_identity,tcrA_identity,tcrB_identity,total_identity
3o4l,33.3333333333,100.0,31.8181818182,26.724137931,54.201497736
4eup,11.1111111111,100.0,60.5504587156,35.3982300885,53.0284851711
5men,22.2222222222,100.0,30.9090909091,29.203539823,50.7595125294
5bs0,11.1111111111,86.5921787709,39.8230088496,56.6371681416,48.6444594592
3ffc,22.2222222222,81.0055865922,32.1428571429,49.5726495726,48.0285207241
2e7l,33.3333333333,68.7150837989,32.1428571429,35.3982300885,45.272986916
