pdb_id,pep_identity,mhc_identity,tcrA_identity,tcrB_identity,total_identity
5men,22.2222222222,100.0,29.4642857143,75.8928571429,58.3002645503
3o4l,33.3333333333,100.0,29.7297297297,26.9565217391,53.8921530226
2e7l,33.3333333333,68.7150837989,58.5585585586,58.9285714286,53.5973273753
3qdj,11.1111111111,100.0,34.2342342342,63.3928571429,53.3082189332
5d2n,22.2222222222,99.4413407821,24.1071428571,33.0434782609,50.0796245211
