pdb_id,pep_identity,mhc_identity,tcrA_identity,tcrB_identity,total_identity
5d2n,22.2222222222,99.4413407821,27.1929824561,50.8620689655,53.5636962384
5men,22.2222222222,100.0,29.8245614035,31.8965517241,51.0275929287
3ffc,22.2222222222,81.0055865922,52.6315789474,45.2991452991,50.7310569792
3qdj,11.1111111111,100.0,29.8245614035,30.1724137931,47.0365329031
2e7l,33.3333333333,68.7150837989,34.7826086957,33.9130434783,45.4654144064
5bs0,11.1111111111,86.5921787709,37.3913043478,35.3448275862,44.6904519497
