pdb_id,pep_identity,mhc_identity,tcrA_identity,tcrB_identity,total_identity
3ffc,22.2222222222,81.0055865922,25.4385964912,94.8717948718,54.4610014986
3o4l,33.3333333333,100.0,29.4642857143,29.3103448276,54.2402162014
5eu6,11.1111111111,100.0,32.4561403509,64.0350877193,53.1189083821
5men,22.2222222222,100.0,30.3571428571,30.701754386,50.9172236146
2e7l,33.3333333333,68.7150837989,59.8214285714,32.4561403509,49.3957338645
