pdb_id,pep_identity,mhc_identity,tcrA_identity,tcrB_identity,total_identity
5men,22.2222222222,100.0,27.6785714286,77.2727272727,58.2326238576
3o4l,33.3333333333,100.0,29.4642857143,27.1929824561,53.8873224728
2e7l,33.3333333333,68.7150837989,57.1428571429,59.0909090909,53.3884334164
3qdj,11.1111111111,100.0,31.25,63.963963964,52.906031031
5d2n,22.2222222222,99.4413407821,23.0088495575,33.0434782609,49.8965756378
