pdb_id,pep_identity,mhc_identity,tcrA_identity,tcrB_identity,total_identity
4eup,11.1111111111,100.0,33.9285714286,84.9557522124,56.8510909772
3o4l,33.3333333333,100.0,30.6306306306,27.5862068966,54.147250699
2e7l,33.3333333333,68.7150837989,58.5585585586,57.5221238938,53.3629194528
4mnq,22.2222222222,100.0,27.1929824561,48.2456140351,53.3138401559
5d2n,22.2222222222,99.4413407821,23.2142857143,34.7826086957,50.2206700698
