pdb_id,pep_identity,mhc_identity,tcrA_identity,tcrB_identity,total_identity
5men,22.2222222222,100.0,30.0884955752,87.8260869565,60.3931711627
3o4l,33.3333333333,100.0,31.5315315315,28.813559322,54.5019595867
3qdj,11.1111111111,100.0,36.036036036,60.8695652174,53.1879705793
2e7l,33.3333333333,68.7150837989,49.1071428571,53.9130434783,51.1861701
4qrp,11.1111111111,81.0055865922,86.4864864865,29.3103448276,50.0050377868
5d2n,22.2222222222,99.4413407821,22.3214285714,30.1724137931,49.3034947289
