pdb_id,pep_identity,mhc_identity,tcrA_identity,tcrB_identity,total_identity
3gsn,22.2222222222,100.0,50.9259259259,75.4385964912,61.8014944769
5men,22.2222222222,100.0,35.1351351351,75.4385964912,59.1696960118
3qdj,11.1111111111,100.0,68.5185185185,63.1578947368,58.9831059129
2p5e,11.1111111111,100.0,43.3628318584,75.4385964912,56.8372750953
3o4l,33.3333333333,100.0,39.8148148148,29.0598290598,55.9235517569
2e7l,33.3333333333,68.7150837989,37.8378378378,56.1403508772,49.6791704966
