pdb_id,pep_identity,mhc_identity,tcrA_identity,tcrB_identity,total_identity
3qdj,11.1111111111,100.0,88.3928571429,33.6283185841,57.3738996582
3o4l,33.3333333333,100.0,38.9380530973,25.2173913043,55.1370185114
5men,22.2222222222,100.0,33.9285714286,30.9734513274,51.5577445334
5d2n,22.2222222222,99.4413407821,21.2389380531,41.7391304348,51.0508657494
5bs0,11.1111111111,86.5921787709,42.1052631579,59.2920353982,49.4673130534
3ffc,22.2222222222,81.0055865922,32.1739130435,43.5897435897,47.0365457103
