pdb_id,pep_identity,mhc_identity,tcrA_identity,tcrB_identity,total_identity
5men,22.2222222222,100.0,36.9369369369,50.4504504505,55.3053053053
3o4l,33.3333333333,100.0,34.2592592593,30.0884955752,55.1690702502
3qeq,11.1111111111,100.0,51.4018691589,52.6785714286,54.3837771349
2e7l,33.3333333333,68.7150837989,26.7857142857,50.0,46.8137580917
5bs0,11.1111111111,86.5921787709,37.1681415929,40.9090909091,45.5806353777
3ffc,22.2222222222,81.0055865922,28.1818181818,35.8974358974,45.0891452847
