pdb_id,pep_identity,mhc_identity,tcrA_identity,tcrB_identity,total_identity
3o4l,33.3333333333,100.0,35.3982300885,30.701754386,55.4611085235
5eu6,11.1111111111,100.0,43.3628318584,57.5221238938,53.8511963291
5men,22.2222222222,100.0,36.2831858407,34.8214285714,52.5915098094
3ffc,22.2222222222,81.0055865922,28.6956521739,52.1367521368,47.8813369899
2e7l,33.3333333333,68.7150837989,28.0701754386,36.6071428571,44.7956920934
