pdb_id,pep_identity,mhc_identity,tcrA_identity,tcrB_identity,total_identity
5men,22.2222222222,100.0,37.2727272727,54.7826086957,56.0832967355
3o4l,33.3333333333,100.0,27.6785714286,24.7863247863,53.1885938136
3qeq,11.1111111111,100.0,42.3423423423,50.4347826087,52.4998911955
5d2n,22.2222222222,99.4413407821,24.1071428571,28.4482758621,49.3137574547
2e7l,33.3333333333,68.7150837989,25.0,52.6315789474,46.9547355353
