pdb_id,pep_identity,mhc_identity,tcrA_identity,tcrB_identity,total_identity
5d2n,22.2222222222,99.4413407821,27.1929824561,69.5652173913,56.6808876427
3o4l,33.3333333333,100.0,32.7433628319,27.1929824561,54.4338353258
2e7l,33.3333333333,68.7150837989,68.1415929204,32.1428571429,50.7302140546
5men,22.2222222222,100.0,30.0884955752,29.203539823,50.6227466404
4qrp,11.1111111111,81.0055865922,48.6725663717,57.5221238938,48.4046809453
3qdj,11.1111111111,100.0,32.7433628319,33.6283185841,48.0989839397
5bs0,11.1111111111,86.5921787709,31.5789473684,46.9026548673,45.6480303333
