pdb_id,pep_identity,mhc_identity,tcrA_identity,tcrB_identity,total_identity
5men,22.2222222222,100.0,83.6363636364,34.7826086957,60.4772361294
3o4l,33.3333333333,100.0,39.6396396396,29.0598290598,55.8943558944
5d2n,22.2222222222,99.4413407821,23.6363636364,57.3913043478,54.0591323321
3qeq,11.1111111111,100.0,35.4545454545,40.0,49.6127946128
