pdb_id,pep_identity,mhc_identity,tcrA_identity,tcrB_identity,total_identity
3o4l,33.3333333333,100.0,86.2745098039,27.5862068966,63.4212305612
5bs0,11.1111111111,86.5921787709,38.9380530973,88.4955752212,53.8067013471
5men,22.2222222222,100.0,34.2342342342,31.8584070796,51.7561809597
5d2n,22.2222222222,99.4413407821,21.2962962963,44.347826087,51.4952080653
