pdb_id,pep_identity,mhc_identity,tcrA_identity,tcrB_identity,total_identity
3qdj,11.1111111111,100.0,89.1891891892,29.4642857143,56.8126161876
3o4l,33.3333333333,100.0,39.2857142857,26.3157894737,55.3780284043
5men,22.2222222222,100.0,36.036036036,31.25,51.9550800801
5d2n,22.2222222222,99.4413407821,21.4285714286,33.9130434783,49.7781234859
