pdb_id,pep_identity,mhc_identity,tcrA_identity,tcrB_identity,total_identity
3qdj,11.1111111111,100.0,89.8148148148,52.2522522523,60.7148815482
3o4l,33.3333333333,100.0,40.7407407407,29.203539823,56.1018245384
4mnq,22.2222222222,100.0,33.3333333333,50.4504504505,54.7047047047
5eu6,11.1111111111,100.0,46.017699115,34.5132743363,50.4588659456
2e7l,33.3333333333,68.7150837989,36.036036036,54.5454545455,49.113054141
