pdb_id,pep_identity,mhc_identity,tcrA_identity,tcrB_identity,total_identity
3o4l,33.3333333333,100.0,57.6923076923,27.9661016949,58.720846009
3ffc,22.2222222222,81.0055865922,33.6363636364,88.0341880342,54.6876948832
5d2n,22.2222222222,99.4413407821,22.0183486239,56.0344827586,53.5633262319
4mnq,22.2222222222,100.0,28.5714285714,30.1724137931,50.5313811348
4eup,11.1111111111,100.0,47.7064220183,28.4482758621,49.7294866838
