pdb_id,pep_identity,mhc_identity,tcrA_identity,tcrB_identity,total_identity
3qdj,11.1111111111,100.0,90.0,37.5,58.287037037
3o4l,33.3333333333,100.0,39.6396396396,31.5789473684,56.3142089458
5d2n,22.2222222222,99.4413407821,22.5225225225,66.0869565217,55.3227675088
5men,22.2222222222,100.0,33.3333333333,33.9285714286,51.9510582011
3ffc,22.2222222222,81.0055865922,32.7433628319,58.1196581197,49.5531064301
5bs0,11.1111111111,86.5921787709,39.8230088496,45.045045045,46.7124389431
