pdb_id,pep_identity,mhc_identity,tcrA_identity,tcrB_identity,total_identity
3o4l,33.3333333333,100.0,36.036036036,32.4561403509,55.8598071756
5d2n,22.2222222222,99.4413407821,36.9369369369,53.0434782609,55.5512568677
3ffc,22.2222222222,81.0055865922,61.9469026549,48.7179487179,52.8534115003
5men,22.2222222222,100.0,31.3043478261,40.1785714286,52.6545606165
3qdj,11.1111111111,100.0,33.0357142857,37.5,48.792989418
5bs0,11.1111111111,86.5921787709,33.9130434783,41.0714285714,45.0651753023
2e7l,33.3333333333,68.7150837989,32.7433628319,32.1428571429,44.8305090399
