pdb_id,pep_identity,mhc_identity,tcrA_identity,tcrB_identity,total_identity
3o4l,33.3333333333,100.0,84.7619047619,31.0344827586,63.7438423645
5eu6,11.1111111111,100.0,43.3628318584,76.3157894737,56.9834739257
5men,22.2222222222,100.0,33.0357142857,34.2105263158,51.9484475077
3gsn,22.2222222222,100.0,34.2342342342,31.5789473684,51.7096043412
