pdb_id,pep_identity,mhc_identity,tcrA_identity,tcrB_identity,total_identity
4eup,11.1111111111,100.0,86.2385321101,57.3913043478,60.9753431134
3o4l,33.3333333333,100.0,49.0740740741,24.5762711864,56.7195019879
4mnq,22.2222222222,100.0,32.4324324324,54.3103448276,55.1978702841
2pye,11.1111111111,100.0,40.7079646018,54.3103448276,52.8734219419
5d2n,22.2222222222,99.4413407821,24.0740740741,29.0598290598,49.4101715238
