pdb_id,pep_identity,mhc_identity,tcrA_identity,tcrB_identity,total_identity
3o4l,33.3333333333,100.0,31.5315315315,54.3859649123,58.7640271851
5men,22.2222222222,100.0,36.6071428571,30.4347826087,51.914394985
5d2n,22.2222222222,99.4413407821,28.8288288288,29.3103448276,50.2443832775
3qeq,11.1111111111,100.0,46.3636363636,28.6956521739,49.54691846
