pdb_id,pep_identity,mhc_identity,tcrA_identity,tcrB_identity,total_identity
3o4l,33.3333333333,100.0,32.4074074074,23.6842105263,53.7930474334
4eup,11.1111111111,100.0,59.6330275229,37.8378378378,53.2821812638
4mnq,22.2222222222,100.0,30.0,32.1428571429,51.0978835979
3ffc,22.2222222222,81.0055865922,36.6071428571,35.8974358974,46.4933660639
5bs0,11.1111111111,86.5921787709,38.0530973451,41.4414414414,45.8168530918
2e7l,33.3333333333,68.7150837989,32.4324324324,37.8378378378,45.7278507558
