pdb_id,pep_identity,mhc_identity,tcrA_identity,tcrB_identity,total_identity
3o4l,33.3333333333,100.0,35.5140186916,30.0884955752,55.3781968222
5men,22.2222222222,100.0,35.1351351351,50.4504504505,55.005005005
3qeq,11.1111111111,100.0,50.9433962264,52.6785714286,54.3073649795
2e7l,33.3333333333,68.7150837989,27.027027027,50.0,46.8539768819
5bs0,11.1111111111,86.5921787709,36.2831858407,40.0,45.2816276008
3ffc,22.2222222222,81.0055865922,28.1818181818,35.0427350427,44.9466951422
