pdb_id,pep_identity,mhc_identity,tcrA_identity,tcrB_identity,total_identity
3gsn,22.2222222222,100.0,87.1559633028,30.701754386,60.3836936889
3o4l,33.3333333333,100.0,32.1100917431,28.4482758621,54.537505712
3ffc,22.2222222222,81.0055865922,25.8928571429,59.8290598291,48.6962557668
