pdb_id,pep_identity,mhc_identity,tcrA_identity,tcrB_identity,total_identity
3o4l,33.3333333333,100.0,38.0530973451,25.8620689655,55.0969721629
3qdj,11.1111111111,100.0,66.0714285714,33.6283185841,53.653661563
5men,22.2222222222,100.0,36.6071428571,30.0884955752,51.8566804795
5bs0,11.1111111111,86.5921787709,44.7368421053,67.2566371681,51.2333431729
3ffc,22.2222222222,81.0055865922,33.9130434783,44.4444444444,47.4688509253
2e7l,33.3333333333,68.7150837989,39.1304347826,30.9734513274,45.7001200624
