pdb_id,pep_identity,mhc_identity,tcrA_identity,tcrB_identity,total_identity
3qdj,11.1111111111,100.0,87.962962963,37.5,57.9475308642
3o4l,33.3333333333,100.0,38.8888888889,32.1739130435,56.2882447665
5men,22.2222222222,100.0,33.3333333333,32.1428571429,51.6534391534
5d2n,22.2222222222,99.4413407821,21.2962962963,44.347826087,51.4952080653
5bs0,11.1111111111,86.5921787709,38.9380530973,67.8571428571,50.3669626198
