pdb_id,pep_identity,mhc_identity,tcrA_identity,tcrB_identity,total_identity
3qdj,11.1111111111,100.0,89.8148148148,33.9285714286,57.6609347443
3o4l,33.3333333333,100.0,40.7407407407,23.6842105263,55.1819363223
4mnq,22.2222222222,100.0,35.1351351351,33.0357142857,52.1025489775
5d2n,22.2222222222,99.4413407821,27.7777777778,34.7826086957,50.9812520804
