pdb_id,pep_identity,mhc_identity,tcrA_identity,tcrB_identity,total_identity
3o4l,33.3333333333,100.0,34.5794392523,28.3185840708,54.9274483316
4mnq,22.2222222222,100.0,33.3333333333,40.9090909091,53.1144781145
3qeq,11.1111111111,100.0,51.8867924528,33.9285714286,51.3395976839
5bs0,11.1111111111,86.5921787709,38.9380530973,59.4594594595,48.9673487202
3ffc,22.2222222222,81.0055865922,28.1818181818,40.1709401709,45.8013959969
2e7l,33.3333333333,68.7150837989,27.9279279279,33.0275229358,44.1753808547
