pdb_id,pep_identity,mhc_identity,tcrA_identity,tcrB_identity,total_identity
3o4l,33.3333333333,100.0,45.045045045,30.9734513274,57.1141938399
4mnq,22.2222222222,100.0,32.7433628319,49.5495495495,54.4562261376
4eup,11.1111111111,100.0,45.9459459459,57.6576576577,54.3043043043
5d2n,22.2222222222,99.4413407821,25.0,33.9130434783,50.3733615812
2e7l,33.3333333333,68.7150837989,34.8214285714,50.0,48.153043806
3ffc,22.2222222222,81.0055865922,42.4778761062,34.188034188,47.1869213205
