pdb_id,pep_identity,mhc_identity,tcrA_identity,tcrB_identity,total_identity
3gsn,22.2222222222,100.0,35.4545454545,77.8761061947,59.6291826823
3o4l,33.3333333333,100.0,33.6363636364,28.0701754386,54.7288676236
2e7l,33.3333333333,68.7150837989,33.9285714286,56.7567567568,49.1303604083
