pdb_id,pep_identity,mhc_identity,tcrA_identity,tcrB_identity,total_identity
3qdj,11.1111111111,100.0,34.2342342342,86.2068965517,57.1105588347
5men,22.2222222222,100.0,28.9473684211,60.3448275862,55.6227734086
3o4l,33.3333333333,100.0,31.5315315315,27.731092437,54.3215484392
2e7l,33.3333333333,68.7150837989,61.2612612613,50.8620689655,52.7033607485
5d2n,22.2222222222,99.4413407821,27.6785714286,29.9145299145,50.1533712253
