pdb_id,pep_identity,mhc_identity,tcrA_identity,tcrB_identity,total_identity
3qdj,11.1111111111,100.0,85.7142857143,32.7433628319,56.7799784614
3o4l,33.3333333333,100.0,38.0530973451,25.8620689655,55.0969721629
5men,22.2222222222,100.0,33.9285714286,30.0884955752,51.410251908
5d2n,22.2222222222,99.4413407821,20.3539823009,42.6086956522,51.0483006603
5bs0,11.1111111111,86.5921787709,40.350877193,53.0973451327,48.142467015
3ffc,22.2222222222,81.0055865922,32.1739130435,44.4444444444,47.1789958528
