pdb_id,pep_identity,mhc_identity,tcrA_identity,tcrB_identity,total_identity
3o4l,33.3333333333,100.0,33.3333333333,24.7787610619,54.1297935103
4eup,11.1111111111,100.0,62.3853211009,37.8378378378,53.7408968602
5men,22.2222222222,100.0,32.7272727273,32.4324324324,51.6006916007
2e7l,33.3333333333,68.7150837989,34.2342342342,39.0909090909,46.2369962649
5bs0,11.1111111111,86.5921787709,37.1681415929,42.7272727273,45.8836656807
3ffc,22.2222222222,81.0055865922,30.3571428571,35.8974358974,45.4516993972
