pdb_id,pep_identity,mhc_identity,tcrA_identity,tcrB_identity,total_identity
3qdj,11.1111111111,100.0,87.962962963,64.2857142857,62.4118165785
3gsn,22.2222222222,100.0,37.962962963,80.5309734513,60.4897301431
5men,22.2222222222,100.0,31.5315315315,77.6785714286,58.9424245674
3o4l,33.3333333333,100.0,40.7407407407,34.7826086957,57.0316693505
2pye,11.1111111111,100.0,41.592920354,75.0,56.4691904294
