pdb_id,pep_identity,mhc_identity,tcrA_identity,tcrB_identity,total_identity
5d2n,22.2222222222,99.4413407821,88.785046729,31.0344827586,60.5244425827
3o4l,33.3333333333,100.0,20.1834862385,53.0973451327,56.6579163397
5men,22.2222222222,100.0,24.3243243243,31.5789473684,50.0579526895
