pdb_id,pep_identity,mhc_identity,tcrA_identity,tcrB_identity,total_identity
3qdj,11.1111111111,100.0,93.5185185185,37.1681415929,58.8181470556
3o4l,33.3333333333,100.0,41.6666666667,28.6956521739,56.1714975845
5d2n,22.2222222222,99.4413407821,22.2222222222,54.7826086957,53.3886594878
5men,22.2222222222,100.0,34.2342342342,37.1681415929,52.6411367119
3ffc,22.2222222222,81.0055865922,32.1428571429,52.9914529915,48.5983212939
