pdb_id,pep_identity,mhc_identity,tcrA_identity,tcrB_identity,total_identity
3o4l,33.3333333333,100.0,30.701754386,56.25,58.9364035088
3gsn,22.2222222222,100.0,28.0701754386,32.1739130435,50.7814221544
2e7l,33.3333333333,68.7150837989,56.1403508772,31.8181818182,48.6758944933
