pdb_id,pep_identity,mhc_identity,tcrA_identity,tcrB_identity,total_identity
3o4l,33.3333333333,100.0,30.4347826087,25.4385964912,53.7566742944
4mnq,22.2222222222,100.0,29.5652173913,33.9285714286,51.3230388774
5eu6,11.1111111111,100.0,41.7391304348,38.0530973451,50.335741667
2e7l,33.3333333333,68.7150837989,61.7391304348,34.2342342342,50.0116998222
3ffc,22.2222222222,81.0055865922,28.2051282051,35.8974358974,45.0930302886
