pdb_id,pep_identity,mhc_identity,tcrA_identity,tcrB_identity,total_identity
3o4l,33.3333333333,100.0,33.0357142857,24.7863247863,54.0814509565
5men,22.2222222222,100.0,43.119266055,32.1739130435,53.2896039238
5eu6,11.1111111111,100.0,41.592920354,37.0689655172,50.1473513489
3ffc,22.2222222222,81.0055865922,28.9473684211,35.0427350427,45.0742868488
2e7l,33.3333333333,68.7150837989,28.9473684211,32.4561403509,44.2500571727
