pdb_id,pep_identity,mhc_identity,tcrA_identity,tcrB_identity,total_identity
3qdj,11.1111111111,100.0,90.7407407407,50.4504504505,60.5689022356
3o4l,33.3333333333,100.0,41.2844036697,29.203539823,56.1924350266
5men,22.2222222222,100.0,36.036036036,48.6486486486,54.8548548549
5eu6,11.1111111111,100.0,43.3628318584,32.7433628319,49.7214028187
2e7l,33.3333333333,68.7150837989,34.2342342342,54.5454545455,48.8127538407
