pdb_id,pep_identity,mhc_identity,tcrA_identity,tcrB_identity,total_identity
4eup,11.1111111111,100.0,86.2385321101,87.3873873874,65.9746902866
3gsn,22.2222222222,100.0,40.7407407407,48.6725663717,55.6429585928
3o4l,33.3333333333,100.0,40.7407407407,25.4385964912,55.4743339831
5men,22.2222222222,100.0,33.6363636364,48.2142857143,54.3825156325
