pdb_id,pep_identity,mhc_identity,tcrA_identity,tcrB_identity,total_identity
3ffc,22.2222222222,81.0055865922,86.9565217391,51.2820512821,57.449031775
3o4l,33.3333333333,100.0,32.1739130435,35.0877192982,55.6547165014
5d2n,22.2222222222,99.4413407821,29.5652173913,51.3043478261,54.032781871
5men,22.2222222222,100.0,31.3043478261,35.3982300885,51.8578370598
3qeq,11.1111111111,100.0,35.652173913,37.1681415929,49.173756288
