pdb_id,pep_identity,mhc_identity,tcrA_identity,tcrB_identity,total_identity
3o4l,33.3333333333,100.0,31.25,26.724137931,54.1068007663
4mnq,22.2222222222,100.0,28.9473684211,32.7433628319,51.0225292829
5eu6,11.1111111111,100.0,35.9649122807,44.7368421053,50.4873294347
2e7l,33.3333333333,68.7150837989,63.3928571429,29.203539823,49.4488718717
3ffc,22.2222222222,81.0055865922,28.0701754386,43.5897435897,46.3525894429
