pdb_id,pep_identity,mhc_identity,tcrA_identity,tcrB_identity,total_identity
3o4l,33.3333333333,100.0,27.4336283186,31.0344827586,54.189129624
5men,22.2222222222,100.0,44.5454545455,32.4561403509,53.5743398901
5eu6,11.1111111111,100.0,33.3333333333,42.6086956522,49.694041868
3ffc,22.2222222222,81.0055865922,32.1739130435,40.1709401709,46.4667451405
