pdb_id,pep_identity,mhc_identity,tcrA_identity,tcrB_identity,total_identity
2bnq,11.1111111111,100.0,87.610619469,56.7567567568,61.098266408
4mnq,22.2222222222,100.0,39.8230088496,50.0,55.7112422157
3o4l,33.3333333333,100.0,38.0530973451,28.0701754386,55.4649899084
5bs0,11.1111111111,86.5921787709,84.9557522124,33.9285714286,52.3818172342
3qeq,11.1111111111,100.0,32.7433628319,54.4642857143,51.5716451281
5d2n,22.2222222222,99.4413407821,22.8070175439,32.1739130435,49.7180094327
