pdb_id,pep_identity,mhc_identity,tcrA_identity,tcrB_identity,total_identity
3o4l,33.3333333333,100.0,32.4324324324,27.1929824561,54.3820135925
4qrp,11.1111111111,81.0055865922,90.990990991,33.6283185841,51.4754508303
4mnq,22.2222222222,100.0,30.3571428571,33.0357142857,51.3062169312
5eu6,11.1111111111,100.0,30.9734513274,40.7079646018,48.9839396919
2e7l,33.3333333333,68.7150837989,50.0,31.5315315315,47.6047276327
