pdb_id,pep_identity,mhc_identity,tcrA_identity,tcrB_identity,total_identity
4eup,11.1111111111,100.0,88.9908256881,37.5,58.1188413184
3o4l,33.3333333333,100.0,40.9090909091,27.8260869565,55.900307422
5bs0,11.1111111111,86.5921787709,40.7079646018,91.9642857143,54.6798050134
4mnq,22.2222222222,100.0,32.4324324324,34.8214285714,51.9497175747
5d2n,22.2222222222,99.4413407821,21.8181818182,46.0869565217,51.8720440581
3ffc,22.2222222222,81.0055865922,33.9285714286,41.0256410256,46.9016383472
