pdb_id,pep_identity,mhc_identity,tcrA_identity,tcrB_identity,total_identity
3o4l,33.3333333333,100.0,51.8518518519,54.4642857143,62.1638007055
3gsn,22.2222222222,100.0,40.7407407407,30.4347826087,52.6033279656
5men,22.2222222222,100.0,34.5454545455,33.0357142857,52.0042688793
3qdj,11.1111111111,100.0,46.7889908257,35.3982300885,50.7349071894
