pdb_id,pep_identity,mhc_identity,tcrA_identity,tcrB_identity,total_identity
3o4l,33.3333333333,100.0,40.5405405405,30.1724137931,56.2299368334
5eu6,11.1111111111,100.0,45.1327433628,59.649122807,54.5006813987
5men,22.2222222222,100.0,38.7387387387,34.2105263158,52.8989515832
3ffc,22.2222222222,81.0055865922,36.2831858407,54.7008547009,49.5732763617
2e7l,33.3333333333,68.7150837989,38.0530973451,34.2105263158,46.0600763209
