pdb_id,pep_identity,mhc_identity,tcrA_identity,tcrB_identity,total_identity
3o4l,33.3333333333,100.0,85.2941176471,31.5789473684,63.9232886137
3gsn,22.2222222222,100.0,32.4074074074,36.2831858407,52.1891729488
4mnq,22.2222222222,100.0,32.1428571429,33.9285714286,51.7526455026
