pdb_id,pep_identity,mhc_identity,tcrA_identity,tcrB_identity,total_identity
5d2n,22.2222222222,99.4413407821,28.3185840708,67.8260869565,56.5786328393
3o4l,33.3333333333,100.0,31.25,27.4336283186,54.2250491642
5men,22.2222222222,100.0,30.701754386,29.7297297297,50.81265476
2e7l,33.3333333333,68.7150837989,65.1785714286,33.6363636364,50.4852948882
3qdj,11.1111111111,100.0,34.8214285714,32.1428571429,48.1977513228
3ffc,22.2222222222,81.0055865922,28.9473684211,52.1367521368,47.9232896978
