pdb_id,pep_identity,mhc_identity,tcrA_identity,tcrB_identity,total_identity
3qdj,11.1111111111,100.0,88.0733944954,28.5714285714,56.4778408815
3o4l,33.3333333333,100.0,40.0,29.203539823,55.9783677483
5d2n,22.2222222222,99.4413407821,21.8181818182,57.3913043478,53.7561020291
3ffc,22.2222222222,81.0055865922,32.1428571429,73.5042735043,52.0171247127
4mnq,22.2222222222,100.0,33.6363636364,27.027027027,50.8513058513
5bs0,11.1111111111,86.5921787709,43.3628318584,39.2857142857,46.3425209847
