pdb_id,pep_identity,mhc_identity,tcrA_identity,tcrB_identity,total_identity
5men,22.2222222222,100.0,86.3636363636,76.1061946903,67.8190459164
3gsn,22.2222222222,100.0,38.3928571429,76.9911504425,59.9714086716
2f54,11.1111111111,100.0,50.4424778761,75.2212389381,57.9809898394
3o4l,33.3333333333,100.0,31.25,28.4482758621,54.3941570881
