pdb_id,pep_identity,mhc_identity,tcrA_identity,tcrB_identity,total_identity
5men,22.2222222222,100.0,85.4545454545,32.1428571429,60.3403078403
3o4l,33.3333333333,100.0,32.1100917431,28.9473684211,54.6206878051
5d2n,22.2222222222,99.4413407821,22.2222222222,34.7826086957,50.0553261544
3qeq,11.1111111111,100.0,33.3333333333,35.7142857143,48.544973545
