pdb_id,pep_identity,mhc_identity,tcrA_identity,tcrB_identity,total_identity
5d2n,22.2222222222,99.4413407821,87.2727272727,31.8965517241,60.4160675009
5men,22.2222222222,100.0,25.0,46.9565217391,52.7334943639
3o4l,33.3333333333,100.0,20.5357142857,28.2051282051,52.5679181929
3qeq,11.1111111111,100.0,29.4642857143,54.7826086957,51.0781861054
