pdb_id,pep_identity,mhc_identity,tcrA_identity,tcrB_identity,total_identity
3o4l,33.3333333333,100.0,31.8584070796,24.5614035088,53.8477462092
4eup,11.1111111111,100.0,58.0357142857,40.5405405405,53.4664128414
5men,22.2222222222,100.0,33.3333333333,32.1428571429,51.6534391534
5bs0,11.1111111111,86.5921787709,39.4736842105,43.2432432432,46.3539178696
2e7l,33.3333333333,68.7150837989,33.0434782609,37.8378378378,45.8296917272
3ffc,22.2222222222,81.0055865922,30.4347826087,37.6068376068,45.7495396407
