pdb_id,pep_identity,mhc_identity,tcrA_identity,tcrB_identity,total_identity
3gsn,22.2222222222,100.0,33.3333333333,74.3362831858,58.6856768273
3o4l,33.3333333333,100.0,30.6306306306,28.4482758621,54.2909288599
2e7l,33.3333333333,68.7150837989,63.0630630631,57.5221238938,54.1136702036
