pdb_id,pep_identity,mhc_identity,tcrA_identity,tcrB_identity,total_identity
5eu6,11.1111111111,100.0,88.4955752212,45.1327433628,59.3084234677
5bs0,11.1111111111,86.5921787709,84.9557522124,70.2702702703,58.4387670411
3o4l,33.3333333333,100.0,38.0530973451,28.6956521739,55.569236031
5men,22.2222222222,100.0,41.592920354,33.0357142857,53.178846514
3qeq,11.1111111111,100.0,32.7433628319,33.0357142857,48.0002165566
3ffc,22.2222222222,81.0055865922,33.9130434783,44.4444444444,47.4688509253
