pdb_id,pep_identity,mhc_identity,tcrA_identity,tcrB_identity,total_identity
3qeq,11.1111111111,100.0,94.4444444444,52.6785714286,61.5575396825
3gsn,22.2222222222,100.0,42.2018348624,49.5575221239,56.0339669051
4mnq,22.2222222222,100.0,33.9285714286,50.4504504505,54.8039110539
3o4l,33.3333333333,100.0,30.2752293578,30.0884955752,54.5050652666
2p5w,11.1111111111,100.0,32.7433628319,50.0,50.827597509
