pdb_id,pep_identity,mhc_identity,tcrA_identity,tcrB_identity,total_identity
3o4l,33.3333333333,100.0,33.3333333333,26.4957264957,54.415954416
3qdj,11.1111111111,100.0,65.4545454545,33.9130434783,53.5983018592
5men,22.2222222222,100.0,31.8181818182,31.3043478261,51.2611623481
5bs0,11.1111111111,86.5921787709,37.1681415929,57.0175438596,48.2653775361
3ffc,22.2222222222,81.0055865922,29.203539823,39.3162393162,45.8292327947
2e7l,33.3333333333,68.7150837989,32.7433628319,31.5789473684,44.7365240775
