pdb_id,pep_identity,mhc_identity,tcrA_identity,tcrB_identity,total_identity
3o4l,33.3333333333,100.0,54.128440367,26.0869565217,57.8136772592
5d2n,22.2222222222,99.4413407821,23.6363636364,50.4347826087,52.8997120423
4mnq,22.2222222222,100.0,33.9285714286,35.0877192982,52.2434558619
3qdj,11.1111111111,100.0,51.376146789,33.3333333333,51.1552837241
3ffc,22.2222222222,81.0055865922,32.1428571429,44.4444444444,47.1738198694
