pdb_id,pep_identity,mhc_identity,tcrA_identity,tcrB_identity,total_identity
3o4l,33.3333333333,100.0,34.2342342342,31.3043478261,55.3675414545
4qrp,11.1111111111,81.0055865922,87.3873873874,50.4424778761,53.6772101117
5eu6,11.1111111111,100.0,30.9734513274,55.2631578947,51.4098052407
5men,22.2222222222,100.0,28.3185840708,31.5789473684,50.7236626473
2e7l,33.3333333333,68.7150837989,50.8928571429,38.0530973451,48.8404647921
