pdb_id,pep_identity,mhc_identity,tcrA_identity,tcrB_identity,total_identity
3o4l,33.3333333333,100.0,31.8181818182,27.8260869565,54.3851559069
5men,22.2222222222,100.0,31.5315315315,33.0357142857,51.5019483769
3qdj,11.1111111111,100.0,44.9541284404,36.6071428571,50.6305822533
5bs0,11.1111111111,86.5921787709,32.7433628319,67.8571428571,49.3345142422
3ffc,22.2222222222,81.0055865922,32.1428571429,43.5897435897,47.0313697269
2e7l,33.3333333333,68.7150837989,31.25,29.4642857143,44.1351866631
