pdb_id,pep_identity,mhc_identity,tcrA_identity,tcrB_identity,total_identity
3o4l,33.3333333333,100.0,31.25,27.4336283186,54.2250491642
4mnq,22.2222222222,100.0,26.3157894737,34.2342342342,50.8324113587
2e7l,33.3333333333,68.7150837989,66.9642857143,30.0,50.1768533298
5eu6,11.1111111111,100.0,31.5789473684,36.2831858407,48.3473925719
3ffc,22.2222222222,81.0055865922,25.4385964912,33.3333333333,44.2045912422
