pdb_id,pep_identity,mhc_identity,tcrA_identity,tcrB_identity,total_identity
3o4l,33.3333333333,100.0,84.7619047619,27.3504273504,63.1298331298
5eu6,11.1111111111,100.0,39.8230088496,59.1304347826,53.5292776424
5men,22.2222222222,100.0,35.7142857143,33.9130434783,52.3452956062
