pdb_id,pep_identity,mhc_identity,tcrA_identity,tcrB_identity,total_identity
5d2n,22.2222222222,99.4413407821,26.724137931,56.8965517241,54.4913026106
5men,22.2222222222,100.0,32.4561403509,36.2068965517,52.1845802245
3ffc,22.2222222222,81.0055865922,53.4482758621,52.9914529915,52.1492244137
3qeq,11.1111111111,100.0,28.4482758621,38.7931034483,48.2439335888
2e7l,33.3333333333,68.7150837989,35.8974358974,33.6206896552,45.6024933028
5bs0,11.1111111111,86.5921787709,33.6206896552,42.2413793103,45.2114414549
