pdb_id,pep_identity,mhc_identity,tcrA_identity,tcrB_identity,total_identity
3qdj,11.1111111111,100.0,91.6666666667,54.0540540541,61.3238238238
5men,22.2222222222,100.0,36.3636363636,58.5585585586,56.5611065611
3gsn,22.2222222222,100.0,38.5321100917,55.7522123894,56.4547944876
3o4l,33.3333333333,100.0,39.4495412844,28.3185840708,55.7391320036
