pdb_id,pep_identity,mhc_identity,tcrA_identity,tcrB_identity,total_identity
3o4l,33.3333333333,100.0,33.9285714286,25.2173913043,54.3021048999
4mnq,22.2222222222,100.0,26.3157894737,32.7433628319,50.5839327917
2e7l,33.3333333333,68.7150837989,68.75,29.4642857143,50.3851866631
5eu6,11.1111111111,100.0,34.2105263158,35.9649122807,48.7329434698
3ffc,22.2222222222,81.0055865922,26.3157894737,33.3333333333,44.3507900726
