pdb_id,pep_identity,mhc_identity,tcrA_identity,tcrB_identity,total_identity
3o4l,33.3333333333,100.0,60.1941747573,30.701754386,59.5937659683
3gsn,22.2222222222,100.0,34.2592592593,49.5575221239,54.7102043046
2e7l,33.3333333333,68.7150837989,33.3333333333,49.5495495495,47.8299528579
