pdb_id,pep_identity,mhc_identity,tcrA_identity,tcrB_identity,total_identity
5men,22.2222222222,100.0,85.4545454545,34.2342342342,60.6888706889
3o4l,33.3333333333,100.0,31.8181818182,28.9473684211,54.572036151
5eu6,11.1111111111,100.0,40.7079646018,60.1769911504,53.8511963291
3qeq,11.1111111111,100.0,41.2844036697,38.9380530973,50.4074464982
3ffc,22.2222222222,81.0055865922,39.8230088496,53.8461538462,50.0207967208
