pdb_id,pep_identity,mhc_identity,tcrA_identity,tcrB_identity,total_identity
5d2n,22.2222222222,99.4413407821,52.2935779817,50.4347826087,57.6759144332
3o4l,33.3333333333,100.0,21.6216216216,31.5789473684,53.3112059428
5men,22.2222222222,100.0,24.3243243243,36.9369369369,50.950950951
3qeq,11.1111111111,100.0,30.6306306306,34.5132743363,47.8943545315
3ffc,22.2222222222,81.0055865922,27.6785714286,51.2820512821,47.5693733899
