pdb_id,pep_identity,mhc_identity,tcrA_identity,tcrB_identity,total_identity
5eu6,11.1111111111,100.0,91.1504424779,59.2920353982,62.1107833497
2bnr,11.1111111111,100.0,87.610619469,41.592920354,58.5709603409
3o4l,33.3333333333,100.0,38.7387387387,27.8260869565,55.5385820603
5bs0,11.1111111111,86.5921787709,84.0707964602,42.4778761062,53.6592087217
5men,22.2222222222,100.0,38.9380530973,35.3982300885,53.1301212717
3qdj,11.1111111111,100.0,42.3423423423,38.0530973451,50.4362769849
