pdb_id,pep_identity,mhc_identity,tcrA_identity,tcrB_identity,total_identity
3qdj,11.1111111111,100.0,91.6666666667,30.1724137931,57.343550447
3o4l,33.3333333333,100.0,41.2844036697,25.4237288136,55.562466525
5d2n,22.2222222222,99.4413407821,22.0183486239,62.0689655172,54.5690733583
3ffc,22.2222222222,81.0055865922,33.0357142857,72.6495726496,52.023484094
4mnq,22.2222222222,100.0,32.4324324324,28.4482758621,50.8875254565
5bs0,11.1111111111,86.5921787709,42.4778761062,41.3793103448,46.5439610359
