pdb_id,pep_identity,mhc_identity,tcrA_identity,tcrB_identity,total_identity
3o4l,33.3333333333,100.0,34.2342342342,28.9473684211,54.9747115537
3ffc,22.2222222222,81.0055865922,28.9473684211,88.8888888889,54.0486458231
5eu6,11.1111111111,100.0,33.3333333333,60.1769911504,52.6220911177
2e7l,33.3333333333,68.7150837989,70.2702702703,32.4324324324,51.1332561612
5men,22.2222222222,100.0,28.9473684211,33.3333333333,51.1208576998
