pdb_id,pep_identity,mhc_identity,tcrA_identity,tcrB_identity,total_identity
5eu6,11.1111111111,100.0,88.4955752212,92.9203539823,67.2730252376
2bnq,11.1111111111,100.0,87.610619469,33.6283185841,57.2435267126
3o4l,33.3333333333,100.0,38.5321100917,33.0434782609,56.3737091699
5d2n,22.2222222222,99.4413407821,24.5454545455,65.2173913043,55.5149953097
