pdb_id,pep_identity,mhc_identity,tcrA_identity,tcrB_identity,total_identity
2bnq,11.1111111111,100.0,87.610619469,56.7567567568,61.098266408
4mnq,22.2222222222,100.0,39.8230088496,56.25,56.7529088823
3o4l,33.3333333333,100.0,40.0,25.4385964912,55.350877193
5bs0,11.1111111111,86.5921787709,82.3008849558,38.3928571429,52.6833869771
3qeq,11.1111111111,100.0,32.7272727273,53.5714285714,51.4201539202
5d2n,22.2222222222,99.4413407821,25.2252252252,29.5652173913,49.6862614375
2e7l,33.3333333333,68.7150837989,37.8378378378,55.8558558559,49.6317546597
