pdb_id,pep_identity,mhc_identity,tcrA_identity,tcrB_identity,total_identity
5men,22.2222222222,100.0,28.0701754386,51.7857142857,54.0500556948
3o4l,33.3333333333,100.0,29.8245614035,27.1929824561,53.9473684211
2e7l,33.3333333333,68.7150837989,57.0175438596,54.0540540541,52.5280720297
4eup,11.1111111111,100.0,31.5789473684,54.0540540541,51.3092039408
3ffc,22.2222222222,81.0055865922,29.3103448276,29.9145299145,44.2800820618
5bs0,11.1111111111,86.5921787709,35.0877192982,35.1351351351,44.2715723663
