pdb_id,pep_identity,mhc_identity,tcrA_identity,tcrB_identity,total_identity
3o4l,33.3333333333,100.0,30.9734513274,24.7863247863,53.7377404634
3ffc,22.2222222222,81.0055865922,83.185840708,31.6239316239,53.5442316601
5eu6,11.1111111111,100.0,34.7826086957,35.3448275862,48.724943084
2e7l,33.3333333333,68.7150837989,28.9473684211,33.3333333333,44.3962560031
