pdb_id,pep_identity,mhc_identity,tcrA_identity,tcrB_identity,total_identity
4eup,11.1111111111,100.0,32.4561403509,90.0900900901,57.4614087772
3o4l,33.3333333333,100.0,30.701754386,28.9473684211,54.3859649123
5men,22.2222222222,100.0,29.8245614035,51.7857142857,54.3424533556
2e7l,33.3333333333,68.7150837989,57.0175438596,57.6576576577,53.1286726303
5d2n,22.2222222222,99.4413407821,23.4782608696,29.5652173913,49.3951007116
