pdb_id,pep_identity,mhc_identity,tcrA_identity,tcrB_identity,total_identity
5eu6,11.1111111111,100.0,48.6725663717,63.7168141593,55.7686004589
3ffc,22.2222222222,81.0055865922,35.9649122807,91.452991453,55.6455868937
3o4l,33.3333333333,100.0,36.6071428571,28.9473684211,55.3701963241
5men,22.2222222222,100.0,40.1785714286,30.3571428571,52.4966931217
