pdb_id,pep_identity,mhc_identity,tcrA_identity,tcrB_identity,total_identity
5eu6,11.1111111111,100.0,37.1681415929,92.9203539823,58.7184529662
3o4l,33.3333333333,100.0,53.7037037037,27.8260869565,58.0327428878
5men,22.2222222222,100.0,33.9285714286,35.3982300885,52.2952076603
3ffc,22.2222222222,81.0055865922,34.8214285714,55.5555555556,49.4721002926
