pdb_id,pep_identity,mhc_identity,tcrA_identity,tcrB_identity,total_identity
5men,22.2222222222,100.0,34.8623853211,71.5517241379,58.4764256506
3o4l,33.3333333333,100.0,28.5714285714,26.0504201681,53.548085901
3qdj,11.1111111111,100.0,36.9369369369,58.6206896552,52.9633081357
5d2n,22.2222222222,99.4413407821,24.1071428571,33.3333333333,50.1279336999
2e7l,33.3333333333,68.7150837989,29.8245614035,55.1724137931,48.1823015768
