pdb_id,pep_identity,mhc_identity,tcrA_identity,tcrB_identity,total_identity
5men,22.2222222222,100.0,49.5327102804,36.9369369369,55.1523486103
3o4l,33.3333333333,100.0,30.9090909091,28.9473684211,54.4205209995
5eu6,11.1111111111,100.0,41.592920354,41.592920354,50.9013438217
3ffc,22.2222222222,81.0055865922,28.5714285714,41.0256410256,46.0087812043
