pdb_id,pep_identity,mhc_identity,tcrA_identity,tcrB_identity,total_identity
3o4l,33.3333333333,100.0,27.2727272727,27.1929824561,53.5220627326
5eu6,11.1111111111,100.0,34.5132743363,48.6725663717,50.9013438217
3ffc,22.2222222222,81.0055865922,23.0088495575,42.735042735,45.3665849869
2e7l,33.3333333333,68.7150837989,25.2252252252,34.8214285714,44.0239146768
