pdb_id,pep_identity,mhc_identity,tcrA_identity,tcrB_identity,total_identity
5eu6,11.1111111111,100.0,84.9557522124,46.9026548673,59.013438217
5bs0,11.1111111111,86.5921787709,82.3008849558,68.75,57.7429107866
3o4l,33.3333333333,100.0,38.1818181818,26.0869565217,55.155906895
4mnq,22.2222222222,100.0,38.0530973451,30.3571428571,52.1424474411
3qeq,11.1111111111,100.0,31.8181818182,32.1428571429,47.6972101972
