pdb_id,pep_identity,mhc_identity,tcrA_identity,tcrB_identity,total_identity
4mnq,22.2222222222,100.0,28.9473684211,57.0175438596,55.0682261209
2e7l,33.3333333333,68.7150837989,68.4684684685,53.0973451327,54.2771079776
3o4l,33.3333333333,100.0,32.7272727273,25.8620689655,54.2093347266
4eup,11.1111111111,100.0,30.3571428571,58.407079646,51.8310741209
3ffc,22.2222222222,81.0055865922,33.3333333333,29.9145299145,44.9505801461
