pdb_id,pep_identity,mhc_identity,tcrA_identity,tcrB_identity,total_identity
3o4l,33.3333333333,100.0,87.3786407767,25.6637168142,63.2848373763
4mnq,22.2222222222,100.0,32.1428571429,36.9369369369,52.254039754
3gsn,22.2222222222,100.0,33.9449541284,31.8584070796,51.7079676088
3qdj,11.1111111111,100.0,44.9541284404,36.9369369369,50.6855479333
