pdb_id,pep_identity,mhc_identity,tcrA_identity,tcrB_identity,total_identity
3o4l,33.3333333333,100.0,85.7142857143,30.9734513274,63.8924006181
4mnq,22.2222222222,100.0,32.1428571429,51.3513513514,54.6564421564
3gsn,22.2222222222,100.0,34.2342342342,48.6725663717,54.5585408417
4eup,11.1111111111,100.0,41.4414414414,59.4594594595,53.8538538539
2bnr,11.1111111111,100.0,38.9380530973,50.4504504505,51.9351209617
