pdb_id,pep_identity,mhc_identity,tcrA_identity,tcrB_identity,total_identity
4mnq,22.2222222222,100.0,29.5652173913,53.5087719298,54.5864056276
3o4l,33.3333333333,100.0,30.0884955752,23.275862069,53.3385040518
3qeq,11.1111111111,100.0,30.9734513274,57.0175438596,51.7022029016
2e7l,33.3333333333,68.7150837989,35.9649122807,53.0973451327,48.859848613
3ffc,22.2222222222,81.0055865922,53.0973451327,26.4957264957,47.6747815429
5bs0,11.1111111111,86.5921787709,38.2608695652,32.4561403509,44.3539316134
