pdb_id,pep_identity,mhc_identity,tcrA_identity,tcrB_identity,total_identity
3o4l,33.3333333333,100.0,51.8181818182,33.9130434783,58.7329819939
3gsn,22.2222222222,100.0,42.7272727273,34.2105263158,53.5637072479
3ffc,22.2222222222,81.0055865922,34.8214285714,48.7179487179,48.332499153
