pdb_id,pep_identity,mhc_identity,tcrA_identity,tcrB_identity,total_identity
3o4l,33.3333333333,100.0,33.9130434783,31.3043478261,55.3140096618
2e7l,33.3333333333,68.7150837989,67.8260869565,33.9285714286,50.9752487749
4mnq,22.2222222222,100.0,28.6956521739,30.3571428571,50.5828732459
5eu6,11.1111111111,100.0,35.652173913,45.1327433628,50.5011899163
3ffc,22.2222222222,81.0055865922,25.641025641,44.4444444444,46.0901812857
