pdb_id,pep_identity,mhc_identity,tcrA_identity,tcrB_identity,total_identity
5d2n,22.2222222222,99.4413407821,50.0,33.0434782609,54.3951007116
5men,22.2222222222,100.0,22.5225225225,32.4561403509,49.9038512196
3qeq,11.1111111111,100.0,29.0909090909,29.8245614035,46.8562821194
3ffc,22.2222222222,81.0055865922,26.1261261261,35.0427350427,44.6040797996
2e7l,33.3333333333,68.7150837989,26.3157894737,33.6283185841,44.0068237204
