pdb_id,pep_identity,mhc_identity,tcrA_identity,tcrB_identity,total_identity
3gsn,22.2222222222,100.0,33.9449541284,75.2212389381,58.9351062518
3o4l,33.3333333333,100.0,29.3577981651,26.724137931,53.7914337938
2e7l,33.3333333333,68.7150837989,30.6306306306,58.407079646,48.8557574235
