pdb_id,pep_identity,mhc_identity,tcrA_identity,tcrB_identity,total_identity
3o4l,33.3333333333,100.0,28.4482758621,53.982300885,58.1828739023
5men,22.2222222222,100.0,30.1724137931,30.701754386,50.8864354373
5d2n,22.2222222222,99.4413407821,26.724137931,30.1724137931,50.0372796221
3ffc,22.2222222222,81.0055865922,52.5862068966,33.0508474576,48.6821119972
3qdj,11.1111111111,100.0,28.4482758621,34.2105263158,47.4801707333
