pdb_id,pep_identity,mhc_identity,tcrA_identity,tcrB_identity,total_identity
5d2n,22.2222222222,99.4413407821,25.0,67.8260869565,56.0255354942
3o4l,33.3333333333,100.0,36.9369369369,25.2173913043,54.8034991513
5men,22.2222222222,100.0,38.3928571429,26.3157894737,51.5255151768
3qeq,11.1111111111,100.0,37.2727272727,39.4736842105,49.8281056176
3ffc,22.2222222222,81.0055865922,31.8584070796,52.9914529915,48.55091295
5bs0,11.1111111111,86.5921787709,46.9026548673,43.8596491228,47.694813959
