pdb_id,pep_identity,mhc_identity,tcrA_identity,tcrB_identity,total_identity
5d2n,22.2222222222,99.4413407821,25.2252252252,66.9565217391,55.9181454955
3o4l,33.3333333333,100.0,29.7297297297,26.724137931,53.8534223879
5men,22.2222222222,100.0,33.3333333333,28.6956521739,51.0789049919
3ffc,22.2222222222,81.0055865922,31.8584070796,58.1196581197,49.4056138047
3qdj,11.1111111111,100.0,39.0909090909,32.1739130435,48.9145073928
5bs0,11.1111111111,86.5921787709,32.7433628319,48.2456140351,46.0659261052
