pdb_id,pep_identity,mhc_identity,tcrA_identity,tcrB_identity,total_identity
3o4l,33.3333333333,100.0,53.5714285714,30.701754386,58.4899749373
3gsn,22.2222222222,100.0,41.0714285714,62.8318584071,58.0579552372
2e7l,33.3333333333,68.7150837989,35.9649122807,53.1531531532,48.8691499497
