pdb_id,pep_identity,mhc_identity,tcrA_identity,tcrB_identity,total_identity
4eup,11.1111111111,100.0,85.5855855856,54.954954955,60.4604604605
3o4l,33.3333333333,100.0,41.0714285714,28.9473684211,56.1142439432
4mnq,22.2222222222,100.0,33.3333333333,47.3214285714,54.1832010582
5d2n,22.2222222222,99.4413407821,22.3214285714,31.3043478261,49.492150401
2e7l,33.3333333333,68.7150837989,34.2105263158,54.954954955,48.8770525892
