pdb_id,pep_identity,mhc_identity,tcrA_identity,tcrB_identity,total_identity
3gsn,22.2222222222,100.0,42.2018348624,79.8245614035,61.0784734517
4mnq,22.2222222222,100.0,40.7079646018,74.5614035088,59.9523020925
2p5e,11.1111111111,100.0,40.7079646018,72.8070175439,55.956200728
3o4l,33.3333333333,100.0,35.7798165138,32.4786324786,55.8208526098
3qdj,11.1111111111,100.0,38.1818181818,63.1578947368,53.9269891901
