pdb_id,pep_identity,mhc_identity,tcrA_identity,tcrB_identity,total_identity
4mnq,22.2222222222,100.0,28.9473684211,57.5221238938,55.1523227932
3o4l,33.3333333333,100.0,30.3571428571,26.9565217391,53.9967218772
4eup,11.1111111111,100.0,34.8214285714,61.6071428571,53.1084656085
2e7l,33.3333333333,68.7150837989,58.9285714286,54.4642857143,52.9149485679
5bs0,11.1111111111,86.5921787709,33.3333333333,36.6071428571,44.2245093258
3ffc,22.2222222222,81.0055865922,29.8245614035,29.0598290598,44.223334682
