pdb_id,pep_identity,mhc_identity,tcrA_identity,tcrB_identity,total_identity
3qdj,11.1111111111,100.0,88.8888888889,91.0714285714,67.0304232804
3gsn,22.2222222222,100.0,39.8148148148,63.7168141593,57.9960122364
5men,22.2222222222,100.0,33.3333333333,64.2857142857,57.0105820106
3o4l,33.3333333333,100.0,40.7407407407,29.5652173913,56.1621041331
2pye,11.1111111111,100.0,41.592920354,62.5,54.385857096
