pdb_id,pep_identity,mhc_identity,tcrA_identity,tcrB_identity,total_identity
4eup,11.1111111111,100.0,61.4678899083,55.7522123894,56.5737207533
3o4l,33.3333333333,100.0,31.8181818182,30.1724137931,54.7762103797
5men,22.2222222222,100.0,30.9090909091,47.3684210526,53.7869927344
5d2n,22.2222222222,99.4413407821,22.9357798165,33.0434782609,49.8843973477
2e7l,33.3333333333,68.7150837989,32.1428571429,50.4424778761,47.7803615472
3ffc,22.2222222222,81.0055865922,28.5714285714,37.6068376068,45.4389806345
