pdb_id,pep_identity,mhc_identity,tcrA_identity,tcrB_identity,total_identity
3o4l,33.3333333333,100.0,83.8095238095,27.8260869565,63.0503795721
5eu6,11.1111111111,100.0,41.592920354,46.9026548673,51.7862995739
5men,22.2222222222,100.0,33.9285714286,30.3571428571,51.455026455
