pdb_id,pep_identity,mhc_identity,tcrA_identity,tcrB_identity,total_identity
2pye,11.1111111111,100.0,86.7256637168,76.1061946903,64.1756801049
5men,22.2222222222,100.0,38.9380530973,79.6460176991,60.5047525402
3gsn,22.2222222222,100.0,41.2844036697,76.9911504425,60.4533330928
5eu6,11.1111111111,100.0,89.3805309735,34.2105263158,57.6355465852
3o4l,33.3333333333,100.0,39.4495412844,29.3103448276,55.9044254631
3qdj,11.1111111111,100.0,42.7272727273,66.3716814159,55.2201960609
5bs0,11.1111111111,86.5921787709,83.185840708,32.7433628319,51.8892972173
