pdb_id,pep_identity,mhc_identity,tcrA_identity,tcrB_identity,total_identity
3o4l,33.3333333333,100.0,29.5652173913,30.4347826087,54.4444444444
4mnq,22.2222222222,100.0,29.5652173913,32.7433628319,51.1255041113
5eu6,11.1111111111,100.0,40.0,33.3333333333,49.2592592593
3ffc,22.2222222222,81.0055865922,53.0434782609,30.7692307692,48.3780544432
2e7l,33.3333333333,68.7150837989,36.2068965517,29.4642857143,44.9613360884
