pdb_id,pep_identity,mhc_identity,tcrA_identity,tcrB_identity,total_identity
3o4l,33.3333333333,100.0,33.3333333333,27.5862068966,54.5977011494
5men,22.2222222222,100.0,32.4561403509,44.7368421053,53.6062378168
2e7l,33.3333333333,68.7150837989,62.1621621622,47.7876106195,52.3411011743
3qeq,11.1111111111,100.0,28.8288288288,57.0175438596,51.3447658185
4qrp,11.1111111111,81.0055865922,49.5495495495,36.8421052632,45.1041750365
