pdb_id,pep_identity,mhc_identity,tcrA_identity,tcrB_identity,total_identity
3o4l,33.3333333333,100.0,39.6396396396,25.2173913043,55.2539496018
3qdj,11.1111111111,100.0,68.1818181818,33.6283185841,54.0053931647
5men,22.2222222222,100.0,40.0,29.203539823,52.2746640446
5bs0,11.1111111111,86.5921787709,44.2477876106,61.9469026549,50.2668783383
3ffc,22.2222222222,81.0055865922,35.3982300885,40.1709401709,47.0041313147
2e7l,33.3333333333,68.7150837989,37.1681415929,30.3571428571,45.2703531191
