pdb_id,pep_identity,mhc_identity,tcrA_identity,tcrB_identity,total_identity
3qdj,11.1111111111,100.0,90.0,31.8584070796,57.3467715503
3o4l,33.3333333333,100.0,39.6396396396,26.9565217391,55.5438046742
5men,22.2222222222,100.0,34.5454545455,34.5132743363,52.2505288877
5d2n,22.2222222222,99.4413407821,22.5225225225,46.9565217391,52.1343617117
3ffc,22.2222222222,81.0055865922,32.7433628319,43.5897435897,47.1314540084
5bs0,11.1111111111,86.5921787709,40.7079646018,44.6428571429,46.7929002515
