pdb_id,pep_identity,mhc_identity,tcrA_identity,tcrB_identity,total_identity
3o4l,33.3333333333,100.0,33.0357142857,28.3185840708,54.6701608372
2e7l,33.3333333333,68.7150837989,67.8571428571,50.0,53.6589961869
4mnq,22.2222222222,100.0,28.9473684211,47.7477477477,53.5232601022
3qeq,11.1111111111,100.0,31.25,58.9285714286,52.0667989418
4qrp,11.1111111111,81.0055865922,50.0,38.9380530973,45.5285747507
5bs0,11.1111111111,86.5921787709,32.4561403509,36.9369369369,44.1332761753
