pdb_id,pep_identity,mhc_identity,tcrA_identity,tcrB_identity,total_identity
3o4l,33.3333333333,100.0,30.9734513274,29.6610169492,54.5501891572
5men,22.2222222222,100.0,33.0357142857,49.1379310345,54.4363482941
2e7l,33.3333333333,68.7150837989,61.9469026549,47.8260869565,52.3116373126
4eup,11.1111111111,100.0,34.5132743363,55.652173913,52.0646117453
3ffc,22.2222222222,81.0055865922,30.4347826087,35.8974358974,45.4646393558
5bs0,11.1111111111,86.5921787709,33.3333333333,37.0689655172,44.3014797691
