pdb_id,pep_identity,mhc_identity,tcrA_identity,tcrB_identity,total_identity
5d2n,22.2222222222,99.4413407821,49.0909090909,49.5652173913,56.9972087485
3o4l,33.3333333333,100.0,21.4285714286,26.724137931,52.4698960044
5men,22.2222222222,100.0,22.3214285714,35.652173913,50.4030078215
3qeq,11.1111111111,100.0,31.25,37.3913043478,48.4772544283
3ffc,22.2222222222,81.0055865922,28.3185840708,47.0085470085,46.9637914514
