pdb_id,pep_identity,mhc_identity,tcrA_identity,tcrB_identity,total_identity
3qdj,11.1111111111,100.0,30.701754386,89.3805309735,57.0507512636
5men,22.2222222222,100.0,25.4385964912,62.8318584071,55.4524832238
3o4l,33.3333333333,100.0,31.5789473684,28.4482758621,54.4489816495
2e7l,33.3333333333,68.7150837989,58.7719298246,54.8672566372,52.9560034544
5d2n,22.2222222222,99.4413407821,23.4782608696,32.1739130435,49.8298833203
