pdb_id,pep_identity,mhc_identity,tcrA_identity,tcrB_identity,total_identity
3qdj,11.1111111111,100.0,41.2844036697,91.1504424779,59.109511395
3o4l,33.3333333333,100.0,57.6923076923,30.1724137931,59.088564692
5men,22.2222222222,100.0,27.6785714286,63.7168141593,55.9733050054
5d2n,22.2222222222,99.4413407821,22.0183486239,33.0434782609,49.7314921489
2e7l,33.3333333333,68.7150837989,33.9285714286,52.2123893805,48.3729658456
