pdb_id,pep_identity,mhc_identity,tcrA_identity,tcrB_identity,total_identity
3o4l,33.3333333333,100.0,32.4074074074,25.6637168142,54.122965148
3qdj,11.1111111111,100.0,63.8888888889,35.1351351351,53.541041041
5men,22.2222222222,100.0,30.9090909091,34.5454545455,51.6498316498
5bs0,11.1111111111,86.5921787709,39.8230088496,38.7387387387,45.6613878921
3ffc,22.2222222222,81.0055865922,31.25,32.4786324786,45.0307083512
2e7l,33.3333333333,68.7150837989,32.4324324324,31.1926605505,44.6203212079
