pdb_id,pep_identity,mhc_identity,tcrA_identity,tcrB_identity,total_identity
3o4l,33.3333333333,100.0,58.2524271845,25.6637168142,58.4304684442
4mnq,22.2222222222,100.0,30.3571428571,34.2342342342,51.505970256
5d2n,22.2222222222,99.4413407821,23.1481481481,41.7391304348,51.3690674319
3qdj,11.1111111111,100.0,42.5925925926,36.036036036,50.1418084751
5bs0,11.1111111111,86.5921787709,34.5132743363,57.6576576577,47.929585293
