pdb_id,pep_identity,mhc_identity,tcrA_identity,tcrB_identity,total_identity
5bs0,11.1111111111,86.5921787709,38.9380530973,93.6936936937,54.6730544259
3o4l,33.3333333333,100.0,32.7272727273,26.3157894737,54.2849548113
4eup,11.1111111111,100.0,62.3853211009,36.6071428571,53.53578103
4mnq,22.2222222222,100.0,31.8181818182,34.2342342342,51.7494767495
3ffc,22.2222222222,81.0055865922,33.0357142857,41.0256410256,46.7528288234
2e7l,33.3333333333,68.7150837989,33.0357142857,29.7297297297,44.47704638
