pdb_id,pep_identity,mhc_identity,tcrA_identity,tcrB_identity,total_identity
5d2n,22.2222222222,99.4413407821,50.0,39.1304347826,55.4095934652
4mnq,22.2222222222,100.0,22.3214285714,28.9473684211,49.2855402395
3qeq,11.1111111111,100.0,29.4642857143,40.350877193,48.6728975216
5bs0,11.1111111111,86.5921787709,25.2173913043,54.3859649123,45.8349893301
3ffc,22.2222222222,81.0055865922,27.4336283186,37.6068376068,45.249347259
