pdb_id,pep_identity,mhc_identity,tcrA_identity,tcrB_identity,total_identity
5men,22.2222222222,100.0,28.6956521739,49.1071428571,53.7078732459
3qeq,11.1111111111,100.0,28.0701754386,60.7142857143,51.8344472292
2e7l,33.3333333333,68.7150837989,36.5217391304,54.0540540541,49.1121045748
3ffc,22.2222222222,81.0055865922,52.6315789474,27.3504273504,47.7396039878
5bs0,11.1111111111,86.5921787709,35.652173913,31.25,43.7181256129
