pdb_id,pep_identity,mhc_identity,tcrA_identity,tcrB_identity,total_identity
3o4l,33.3333333333,100.0,30.6306306306,31.5789473684,54.8127074443
4mnq,22.2222222222,100.0,28.9473684211,50.0,53.8986354776
4eup,11.1111111111,100.0,35.7142857143,59.4594594595,52.8993278993
2e7l,33.3333333333,68.7150837989,60.3603603604,49.5495495495,52.3344573624
3ffc,22.2222222222,81.0055865922,29.8245614035,35.0427350427,45.2204856792
5bs0,11.1111111111,86.5921787709,33.3333333333,39.6396396396,44.7299254562
