pdb_id,pep_identity,mhc_identity,tcrA_identity,tcrB_identity,total_identity
3o4l,33.3333333333,100.0,36.6972477064,28.4482758621,55.3020317059
5eu6,11.1111111111,100.0,32.7433628319,57.0175438596,51.9971881523
4mnq,22.2222222222,100.0,29.7297297297,35.0877192982,51.5436489121
3ffc,22.2222222222,81.0055865922,32.1428571429,50.4273504274,48.1709708665
2e7l,33.3333333333,68.7150837989,30.6306306306,35.9649122807,45.115396196
