pdb_id,pep_identity,mhc_identity,tcrA_identity,tcrB_identity,total_identity
3o4l,33.3333333333,100.0,85.5769230769,35.3982300885,64.606969972
3gsn,22.2222222222,100.0,32.7272727273,54.8672566372,55.3398289681
5men,22.2222222222,100.0,31.25,50.9090909091,54.4339225589
4eup,11.1111111111,100.0,43.6363636364,55.8558558559,53.6190736191
