pdb_id,pep_identity,mhc_identity,tcrA_identity,tcrB_identity,total_identity
3gsn,22.2222222222,100.0,29.7297297297,88.5964912281,60.461777567
2e7l,33.3333333333,68.7150837989,69.3693693694,55.2631578947,54.7882269214
3o4l,33.3333333333,100.0,32.4324324324,29.0598290598,54.6931546932
