pdb_id,pep_identity,mhc_identity,tcrA_identity,tcrB_identity,total_identity
4eup,11.1111111111,100.0,91.7431192661,55.8558558559,61.636866224
3o4l,33.3333333333,100.0,39.0909090909,35.3982300885,56.8593009743
4mnq,22.2222222222,100.0,32.4324324324,50.9090909091,54.630994631
2bnr,11.1111111111,100.0,42.4778761062,48.6486486486,52.2247911628
5d2n,22.2222222222,99.4413407821,20.0,33.9130434783,49.5400282478
