pdb_id,pep_identity,mhc_identity,tcrA_identity,tcrB_identity,total_identity
3qdj,11.1111111111,100.0,88.8888888889,35.1351351351,57.7077077077
3o4l,33.3333333333,100.0,40.3669724771,28.0701754386,55.8506357637
5d2n,22.2222222222,99.4413407821,22.0183486239,43.4782608696,51.4706225837
4mnq,22.2222222222,100.0,32.4324324324,31.8181818182,51.4491764492
5bs0,11.1111111111,86.5921787709,39.8230088496,56.7567567568,48.6643908951
3ffc,22.2222222222,81.0055865922,32.1428571429,46.1538461538,47.4587201543
