pdb_id,pep_identity,mhc_identity,tcrA_identity,tcrB_identity,total_identity
3o4l,33.3333333333,100.0,31.4814814815,28.0701754386,54.3697205978
5men,22.2222222222,100.0,31.5315315315,36.036036036,52.002002002
3qdj,11.1111111111,100.0,36.3636363636,41.4414414414,50.0045500045
5bs0,11.1111111111,86.5921787709,34.5132743363,68.4684684685,49.7313870948
3ffc,22.2222222222,81.0055865922,33.0357142857,39.3162393162,46.4679285385
2e7l,33.3333333333,68.7150837989,33.3333333333,27.027027027,44.0761991041
