pdb_id,pep_identity,mhc_identity,tcrA_identity,tcrB_identity,total_identity
3o4l,33.3333333333,100.0,58.8235294118,25.8620689655,58.5587108407
5d2n,22.2222222222,99.4413407821,23.3644859813,44.347826087,51.8399063462
5men,22.2222222222,100.0,29.4642857143,30.9734513274,50.8136969144
5bs0,11.1111111111,86.5921787709,37.1681415929,69.9115044248,50.4143709636
3qdj,11.1111111111,100.0,41.6666666667,34.5132743363,49.7336938709
3ffc,22.2222222222,81.0055865922,35.4545454545,47.0085470085,48.1531183486
