pdb_id,pep_identity,mhc_identity,tcrA_identity,tcrB_identity,total_identity
5d2n,22.2222222222,99.4413407821,27.5229357798,83.4782608696,59.054720443
3o4l,33.3333333333,100.0,33.3333333333,29.0598290598,54.8433048433
3qeq,11.1111111111,100.0,51.4018691589,38.2608695652,51.9808268244
5men,22.2222222222,100.0,34.2342342342,33.0434782609,51.9536928233
3ffc,22.2222222222,81.0055865922,30.0,57.264957265,48.953429149
