pdb_id,pep_identity,mhc_identity,tcrA_identity,tcrB_identity,total_identity
4eup,11.1111111111,100.0,89.0909090909,34.2342342342,57.5912275912
3o4l,33.3333333333,100.0,38.7387387387,31.8584070796,56.2106354142
4mnq,22.2222222222,100.0,32.4324324324,35.1351351351,52.002002002
5d2n,22.2222222222,99.4413407821,19.8198198198,41.7391304348,50.8143460439
5bs0,11.1111111111,86.5921787709,41.592920354,59.4594594595,49.4098265963
3ffc,22.2222222222,81.0055865922,30.9734513274,39.3162393162,46.1242180454
