pdb_id,pep_identity,mhc_identity,tcrA_identity,tcrB_identity,total_identity
5men,22.2222222222,100.0,34.8623853211,50.8928571429,55.0332811514
3o4l,33.3333333333,100.0,33.0188679245,29.8245614035,54.9183493325
3qeq,11.1111111111,100.0,49.5238095238,55.3571428571,54.5171957672
2e7l,33.3333333333,68.7150837989,27.027027027,54.954954955,47.6798027077
