pdb_id,pep_identity,mhc_identity,tcrA_identity,tcrB_identity,total_identity
5men,22.2222222222,100.0,37.5,89.4736842105,61.9030214425
2p5w,11.1111111111,100.0,41.592920354,83.3333333333,57.8580793183
3o4l,33.3333333333,100.0,33.3333333333,33.3333333333,55.5555555556
3qdj,11.1111111111,100.0,40.3669724771,64.0350877193,54.4373804031
5d2n,22.2222222222,99.4413407821,23.8532110092,32.1739130435,49.8923750102
