pdb_id,pep_identity,mhc_identity,tcrA_identity,tcrB_identity,total_identity
5d2n,22.2222222222,99.4413407821,52.7777777778,52.1739130435,58.0464694717
3o4l,33.3333333333,100.0,22.7272727273,25.6637168142,52.509609368
4mnq,22.2222222222,100.0,21.6216216216,36.036036036,50.3503503504
3qeq,11.1111111111,100.0,30.0,34.5132743363,47.7892494264
3ffc,22.2222222222,81.0055865922,28.8288288288,44.4444444444,46.621481817
