pdb_id,pep_identity,mhc_identity,tcrA_identity,tcrB_identity,total_identity
5d2n,22.2222222222,99.4413407821,27.027027027,57.3913043478,54.6242428973
4mnq,22.2222222222,100.0,30.6306306306,35.3982300885,51.7455508606
3qdj,11.1111111111,100.0,39.0909090909,38.0530973451,49.894371443
3ffc,22.2222222222,81.0055865922,33.6283185841,52.1367521368,48.7034480583
2e7l,33.3333333333,68.7150837989,31.8584070796,36.2831858407,45.3730711975
5bs0,11.1111111111,86.5921787709,32.7433628319,42.4778761062,45.1046364504
