pdb_id,pep_identity,mhc_identity,tcrA_identity,tcrB_identity,total_identity
5men,22.2222222222,100.0,38.5321100917,55.7522123894,56.4547944876
3qeq,11.1111111111,100.0,52.3364485981,53.982300885,54.7568286176
3o4l,33.3333333333,100.0,32.4074074074,26.0869565217,54.1935050993
5d2n,22.2222222222,99.4413407821,25.6880733945,29.5652173913,49.7634027991
2e7l,33.3333333333,68.7150837989,26.7857142857,56.25,47.8554247584
