pdb_id,pep_identity,mhc_identity,tcrA_identity,tcrB_identity,total_identity
3qdj,11.1111111111,100.0,88.8888888889,64.2857142857,62.5661375661
3gsn,22.2222222222,100.0,40.7407407407,83.185840708,61.3951709822
5men,22.2222222222,100.0,34.2342342342,80.3571428571,59.8393035893
2bnr,11.1111111111,100.0,41.592920354,78.5714285714,57.0644285246
3o4l,33.3333333333,100.0,39.8148148148,33.0434782609,56.5874932904
