pdb_id,pep_identity,mhc_identity,tcrA_identity,tcrB_identity,total_identity
3o4l,33.3333333333,100.0,33.0357142857,27.1929824561,54.4825605681
5bs0,11.1111111111,86.5921787709,33.3333333333,92.7927927928,53.588784315
4mnq,22.2222222222,100.0,28.9473684211,34.2342342342,51.27100785
2e7l,33.3333333333,68.7150837989,69.6428571429,29.7297297297,50.5782368562
4eup,11.1111111111,100.0,29.4642857143,36.6071428571,48.0489417989
3ffc,22.2222222222,81.0055865922,28.0701754386,41.0256410256,45.9252390155
