pdb_id,pep_identity,mhc_identity,tcrA_identity,tcrB_identity,total_identity
3o4l,33.3333333333,100.0,51.8181818182,26.9565217391,57.573561704
5men,22.2222222222,100.0,34.8214285714,31.8584070796,51.8540466826
5d2n,22.2222222222,99.4413407821,22.5225225225,35.652173913,50.2503037407
3qdj,11.1111111111,100.0,49.0909090909,30.0884955752,50.2336044814
