pdb_id,pep_identity,mhc_identity,tcrA_identity,tcrB_identity,total_identity
3gsn,22.2222222222,100.0,44.5454545455,54.8672566372,57.3095259378
2e7l,33.3333333333,68.7150837989,34.2342342342,55.4545454545,48.9642689922
5bs0,11.1111111111,86.5921787709,47.7876106195,36.036036036,46.5383710699
