pdb_id,pep_identity,mhc_identity,tcrA_identity,tcrB_identity,total_identity
4mnq,22.2222222222,100.0,30.4347826087,58.0357142857,55.4858235565
3o4l,33.3333333333,100.0,30.0884955752,27.1929824561,53.9913574497
4eup,11.1111111111,100.0,30.0884955752,59.4594594595,51.9616962095
2e7l,33.3333333333,68.7150837989,35.0877192982,54.0540540541,48.8731012695
3ffc,22.2222222222,81.0055865922,53.0973451327,29.9145299145,48.2445821127
5bs0,11.1111111111,86.5921787709,35.652173913,35.7142857143,44.4621732319
