pdb_id,pep_identity,mhc_identity,tcrA_identity,tcrB_identity,total_identity
3o4l,33.3333333333,100.0,32.4074074074,25.8620689655,54.1560238399
3qdj,11.1111111111,100.0,61.1111111111,34.2105263158,52.9239766082
5men,22.2222222222,100.0,30.5555555556,31.5789473684,51.0964912281
5bs0,11.1111111111,86.5921787709,35.3982300885,60.5263157895,48.555187607
3ffc,22.2222222222,81.0055865922,29.4642857143,45.2991452991,46.8698414404
2e7l,33.3333333333,68.7150837989,33.3333333333,33.6283185841,45.1764143636
