pdb_id,pep_identity,mhc_identity,tcrA_identity,tcrB_identity,total_identity
3o4l,33.3333333333,100.0,28.4403669725,26.724137931,53.638528595
5eu6,11.1111111111,100.0,33.6283185841,45.6140350877,50.2440959823
3ffc,22.2222222222,81.0055865922,38.9380530973,46.1538461538,48.5912528133
2e7l,33.3333333333,68.7150837989,46.8468468468,33.6283185841,47.4286666159
