pdb_id,pep_identity,mhc_identity,tcrA_identity,tcrB_identity,total_identity
4eup,11.1111111111,100.0,60.5504587156,58.5585585586,56.8885399161
3o4l,33.3333333333,100.0,32.1100917431,30.0884955752,54.8108756642
4mnq,22.2222222222,100.0,31.4814814815,50.4504504505,54.3960627294
5d2n,22.2222222222,99.4413407821,21.2962962963,33.0434782609,49.6111500943
2e7l,33.3333333333,68.7150837989,33.3333333333,50.0,47.905027933
5bs0,11.1111111111,86.5921787709,38.0530973451,40.0,45.5766128515
