pdb_id,pep_identity,mhc_identity,tcrA_identity,tcrB_identity,total_identity
4mnq,22.2222222222,100.0,27.1929824561,55.2631578947,54.4834307992
3o4l,33.3333333333,100.0,30.0884955752,25.0,53.6258603736
2e7l,33.3333333333,68.7150837989,57.5221238938,54.8672566372,52.7477024659
4eup,11.1111111111,100.0,31.8584070796,58.407079646,52.0812848246
3ffc,22.2222222222,81.0055865922,29.5652173913,31.6239316239,44.6074611073
5bs0,11.1111111111,86.5921787709,32.4561403509,36.8421052632,44.1174708964
