pdb_id,pep_identity,mhc_identity,tcrA_identity,tcrB_identity,total_identity
3qdj,11.1111111111,100.0,91.6666666667,33.6283185841,57.9195345788
3o4l,33.3333333333,100.0,41.6666666667,23.4782608696,55.3019323671
5men,22.2222222222,100.0,32.4324324324,31.8584070796,51.4558806594
5d2n,22.2222222222,99.4413407821,21.2962962963,34.7826086957,49.9010051668
