pdb_id,pep_identity,mhc_identity,tcrA_identity,tcrB_identity,total_identity
4mnq,22.2222222222,100.0,42.2018348624,50.0,56.1077132178
3o4l,33.3333333333,100.0,32.4324324324,30.701754386,54.9668089142
3qeq,11.1111111111,100.0,37.2727272727,53.5714285714,52.1777296777
5d2n,22.2222222222,99.4413407821,25.4545454545,35.652173913,50.7389742294
2e7l,33.3333333333,68.7150837989,28.3185840708,48.6486486486,46.844011164
5bs0,11.1111111111,86.5921787709,38.0530973451,38.3928571429,45.3087557087
