pdb_id,pep_identity,mhc_identity,tcrA_identity,tcrB_identity,total_identity
5d2n,22.2222222222,99.4413407821,24.3243243243,66.9565217391,55.7679953454
3o4l,33.3333333333,100.0,40.9090909091,26.5486725664,55.6874050237
5men,22.2222222222,100.0,35.0877192982,27.6785714286,51.2017891952
3qdj,11.1111111111,100.0,44.1441441441,31.25,49.6027277277
3ffc,22.2222222222,81.0055865922,31.5789473684,52.1367521368,48.361886189
5bs0,11.1111111111,86.5921787709,39.4736842105,42.8571428571,46.2895678053
2e7l,33.3333333333,68.7150837989,33.9285714286,33.3333333333,45.2264565044
