pdb_id,pep_identity,mhc_identity,tcrA_identity,tcrB_identity,total_identity
3o4l,33.3333333333,100.0,86.5384615385,28.3185840708,63.5872853793
5d2n,22.2222222222,99.4413407821,20.9090909091,68.6956521739,55.4886448486
5men,22.2222222222,100.0,33.9285714286,30.6306306306,51.5006077506
