pdb_id,pep_identity,mhc_identity,tcrA_identity,tcrB_identity,total_identity
4eup,11.1111111111,100.0,88.0733944954,61.2612612613,61.9261463298
4mnq,22.2222222222,100.0,30.6306306306,57.1428571429,55.3696553697
3o4l,33.3333333333,100.0,39.0909090909,26.3157894737,55.3455608719
2bnr,11.1111111111,100.0,40.7079646018,55.8558558559,53.1310071133
