pdb_id,pep_identity,mhc_identity,tcrA_identity,tcrB_identity,total_identity
5d2n,22.2222222222,99.4413407821,28.3185840708,57.3913043478,54.8395024046
5men,22.2222222222,100.0,29.5652173913,39.1304347826,52.1900161031
3ffc,22.2222222222,81.0055865922,51.3274336283,52.1367521368,51.6533005656
3qdj,11.1111111111,100.0,30.0884955752,40.8695652174,48.8633805025
5bs0,11.1111111111,86.5921787709,33.9130434783,43.4782608696,45.4663140187
2e7l,33.3333333333,68.7150837989,34.2105263158,33.9130434783,45.3700673431
