pdb_id,pep_identity,mhc_identity,tcrA_identity,tcrB_identity,total_identity
3o4l,33.3333333333,100.0,57.6923076923,27.8260869565,58.6975102192
5d2n,22.2222222222,99.4413407821,22.0183486239,57.3913043478,53.7894631634
4mnq,22.2222222222,100.0,28.5714285714,35.3982300885,51.4023505174
4eup,11.1111111111,100.0,47.7064220183,31.8584070796,50.2978418867
3ffc,22.2222222222,81.0055865922,33.6363636364,52.1367521368,48.7047889003
