pdb_id,pep_identity,mhc_identity,tcrA_identity,tcrB_identity,total_identity
3o4l,33.3333333333,100.0,50.4504504505,31.3043478261,58.0702441572
5eu6,11.1111111111,100.0,37.1681415929,79.6460176991,56.5060635857
5men,22.2222222222,100.0,34.8214285714,33.6283185841,52.1490319333
3ffc,22.2222222222,81.0055865922,31.8584070796,58.9743589744,49.5480639471
