pdb_id,pep_identity,mhc_identity,tcrA_identity,tcrB_identity,total_identity
5d2n,22.2222222222,99.4413407821,37.1681415929,66.9565217391,57.9086315568
3o4l,33.3333333333,100.0,35.3982300885,26.9565217391,54.8369030824
3ffc,22.2222222222,81.0055865922,62.8318584071,57.264957265,54.4254055501
4mnq,22.2222222222,100.0,31.3043478261,26.3157894737,50.3440969574
3qeq,11.1111111111,100.0,32.7433628319,34.2105263158,48.1960185616
