pdb_id,pep_identity,mhc_identity,tcrA_identity,tcrB_identity,total_identity
3o4l,33.3333333333,100.0,90.099009901,30.0884955752,64.4756953571
3gsn,22.2222222222,100.0,35.5140186916,48.6725663717,54.7718382513
4mnq,22.2222222222,100.0,33.0357142857,49.5495495495,54.50495138
4eup,11.1111111111,100.0,41.2844036697,57.6576576577,53.5273805916
2bnr,11.1111111111,100.0,38.9380530973,50.4504504505,51.9351209617
