pdb_id,pep_identity,mhc_identity,tcrA_identity,tcrB_identity,total_identity
3o4l,33.3333333333,100.0,38.1818181818,26.4957264957,55.224035224
5bs0,11.1111111111,86.5921787709,44.2477876106,90.350877193,55.0008740946
5men,22.2222222222,100.0,36.6071428571,33.3333333333,52.3974867725
4eup,11.1111111111,100.0,36.9369369369,35.9649122807,49.18734524
3ffc,22.2222222222,81.0055865922,30.9734513274,41.0256410256,46.4091183303
