pdb_id,pep_identity,mhc_identity,tcrA_identity,tcrB_identity,total_identity
3qdj,11.1111111111,100.0,88.8888888889,62.5,62.2685185185
3gsn,22.2222222222,100.0,37.962962963,61.0619469027,57.244892385
5men,22.2222222222,100.0,33.3333333333,61.6071428571,56.5641534392
3o4l,33.3333333333,100.0,38.8888888889,28.6956521739,55.7085346216
2bnr,11.1111111111,100.0,39.8230088496,59.8214285714,53.6444432739
