pdb_id,pep_identity,mhc_identity,tcrA_identity,tcrB_identity,total_identity
3o4l,33.3333333333,100.0,29.8245614035,28.0701754386,54.0935672515
5men,22.2222222222,100.0,28.0701754386,51.7857142857,54.0500556948
2e7l,33.3333333333,68.7150837989,57.0175438596,54.0540540541,52.5280720297
4eup,11.1111111111,100.0,31.5789473684,54.954954955,51.4593540909
3ffc,22.2222222222,81.0055865922,29.3103448276,29.9145299145,44.2800820618
5bs0,11.1111111111,86.5921787709,32.4561403509,35.1351351351,43.832975875
