pdb_id,pep_identity,mhc_identity,tcrA_identity,tcrB_identity,total_identity
5d2n,22.2222222222,99.4413407821,85.3211009174,34.7826086957,60.571805937
3o4l,33.3333333333,100.0,18.9189189189,24.347826087,51.6555686121
4mnq,22.2222222222,100.0,20.7207207207,31.8584070796,49.5039287075
