pdb_id,pep_identity,mhc_identity,tcrA_identity,tcrB_identity,total_identity
4eup,11.1111111111,100.0,83.0357142857,37.5,57.1263227513
3o4l,33.3333333333,100.0,38.0530973451,26.3157894737,55.1725922476
5bs0,11.1111111111,86.5921787709,40.350877193,94.5454545455,55.0504852504
5men,22.2222222222,100.0,33.9285714286,33.3333333333,51.9510582011
5d2n,22.2222222222,99.4413407821,20.3539823009,45.2173913043,51.483083269
3ffc,22.2222222222,81.0055865922,32.1739130435,41.8803418803,46.7516454254
