pdb_id,pep_identity,mhc_identity,tcrA_identity,tcrB_identity,total_identity
5men,22.2222222222,100.0,36.6071428571,49.5495495495,55.1001894752
3o4l,33.3333333333,100.0,30.0884955752,30.0884955752,54.4739429695
3qeq,11.1111111111,100.0,44.6428571429,53.5714285714,53.4060846561
2e7l,33.3333333333,68.7150837989,27.4336283186,50.0,46.9217437638
3ffc,22.2222222222,81.0055865922,31.3043478261,32.4786324786,45.0397663223
5bs0,11.1111111111,86.5921787709,36.8421052632,37.2727272727,44.9202353833
