pdb_id,pep_identity,mhc_identity,tcrA_identity,tcrB_identity,total_identity
4eup,11.1111111111,100.0,91.7431192661,88.4955752212,67.0768194516
3gsn,22.2222222222,100.0,39.0909090909,49.1228070175,55.4430267588
3o4l,33.3333333333,100.0,39.0909090909,25.8620689655,55.2699407872
4mnq,22.2222222222,100.0,32.4324324324,48.2456140351,54.1870818187
