pdb_id,pep_identity,mhc_identity,tcrA_identity,tcrB_identity,total_identity
3o4l,33.3333333333,100.0,33.3333333333,25.4385964912,54.2397660819
5bs0,11.1111111111,86.5921787709,37.1681415929,89.1891891892,53.6273184244
3qdj,11.1111111111,100.0,62.962962963,30.6306306306,52.6359693026
4mnq,22.2222222222,100.0,30.0,32.4324324324,51.1461461461
3ffc,22.2222222222,81.0055865922,32.1428571429,38.4615384615,46.1766688722
2e7l,33.3333333333,68.7150837989,32.4324324324,30.6306306306,44.5266495546
