pdb_id,pep_identity,mhc_identity,tcrA_identity,tcrB_identity,total_identity
3qdj,11.1111111111,100.0,87.962962963,32.7586206897,57.1573009791
3o4l,33.3333333333,100.0,40.7407407407,27.9661016949,55.8955848504
5d2n,22.2222222222,99.4413407821,28.7037037037,56.0344827586,54.6775520785
3ffc,22.2222222222,81.0055865922,33.0357142857,88.0341880342,54.5875866581
5men,22.2222222222,100.0,32.4324324324,31.0344827586,51.3185599392
