pdb_id,pep_identity,mhc_identity,tcrA_identity,tcrB_identity,total_identity
3o4l,33.3333333333,100.0,53.7037037037,25.2173913043,57.5979602791
4mnq,22.2222222222,100.0,33.0357142857,36.2831858407,52.2938907618
3qdj,11.1111111111,100.0,48.623853211,36.2831858407,51.1882102123
5d2n,22.2222222222,99.4413407821,22.9357798165,34.7826086957,50.1742524201
