pdb_id,pep_identity,mhc_identity,tcrA_identity,tcrB_identity,total_identity
5men,22.2222222222,100.0,42.8571428571,76.5765765766,60.6463606464
3o4l,33.3333333333,100.0,32.4561403509,29.8245614035,54.8245614035
3qdj,11.1111111111,100.0,35.0877192982,63.0630630631,53.3955007639
5eu6,11.1111111111,100.0,42.9824561404,37.1681415929,50.3954699926
