pdb_id,pep_identity,mhc_identity,tcrA_identity,tcrB_identity,total_identity
3o4l,33.3333333333,100.0,30.9734513274,30.0884955752,54.6214355949
5men,22.2222222222,100.0,29.8245614035,50.4504504505,54.1199093831
4eup,11.1111111111,100.0,33.6283185841,58.5585585586,52.4015165608
2e7l,33.3333333333,68.7150837989,56.6371681416,50.9090909091,51.9405155525
3ffc,22.2222222222,81.0055865922,33.0434782609,35.8974358974,45.8994219645
5bs0,11.1111111111,86.5921787709,34.2105263158,40.0,44.9361843467
