pdb_id,pep_identity,mhc_identity,tcrA_identity,tcrB_identity,total_identity
3qdj,11.1111111111,100.0,85.5855855856,69.3693693694,62.8628628629
5men,22.2222222222,100.0,32.4324324324,82.8828828829,59.95995996
3gsn,22.2222222222,100.0,36.6071428571,75.2212389381,59.3788043733
2pye,11.1111111111,100.0,43.3628318584,76.7857142857,57.0617947277
3o4l,33.3333333333,100.0,38.3928571429,31.5789473684,56.106411863
