pdb_id,pep_identity,mhc_identity,tcrA_identity,tcrB_identity,total_identity
3o4l,33.3333333333,100.0,85.7142857143,27.1929824561,63.2623224728
3gsn,22.2222222222,100.0,34.2342342342,30.0884955752,51.461195709
4mnq,22.2222222222,100.0,32.1428571429,32.1428571429,51.455026455
