pdb_id,pep_identity,mhc_identity,tcrA_identity,tcrB_identity,total_identity
5men,22.2222222222,100.0,40.3669724771,49.5575221239,55.7281565076
3o4l,33.3333333333,100.0,35.1351351351,30.4347826087,55.3727640684
4eup,11.1111111111,100.0,38.7387387387,58.9285714286,53.3149220649
5d2n,22.2222222222,99.4413407821,25.8928571429,33.9130434783,50.522171105
2e7l,33.3333333333,68.7150837989,28.3185840708,51.7857142857,47.3668554368
5bs0,11.1111111111,86.5921787709,38.9380530973,38.9380530973,45.5471143265
3ffc,22.2222222222,81.0055865922,27.4336283186,38.4615384615,45.3917974015
