pdb_id,pep_identity,mhc_identity,tcrA_identity,tcrB_identity,total_identity
3o4l,33.3333333333,100.0,39.4495412844,26.9565217391,55.512121615
3qdj,11.1111111111,100.0,67.5925925926,33.6283185841,53.9071888998
4mnq,22.2222222222,100.0,34.2342342342,31.8584070796,51.7561809597
5bs0,11.1111111111,86.5921787709,44.2477876106,38.9380530973,46.4320700787
2e7l,33.3333333333,68.7150837989,39.6396396396,34.8214285714,46.4263170793
3ffc,22.2222222222,81.0055865922,33.0357142857,30.7692307692,45.043427114
