pdb_id,pep_identity,mhc_identity,tcrA_identity,tcrB_identity,total_identity
3o4l,33.3333333333,100.0,44.2477876106,26.3157894737,56.2050406252
5men,22.2222222222,100.0,34.5132743363,32.1428571429,51.8500959873
5d2n,22.2222222222,99.4413407821,24.5614035088,40.8695652174,51.4596824558
3qdj,11.1111111111,100.0,45.1327433628,34.8214285714,50.3627323594
5bs0,11.1111111111,86.5921787709,38.0530973451,56.25,48.2849461849
3ffc,22.2222222222,81.0055865922,34.7826086957,38.4615384615,46.6166274643
2e7l,33.3333333333,68.7150837989,35.0877192982,33.3333333333,45.419647816
