pdb_id,pep_identity,mhc_identity,tcrA_identity,tcrB_identity,total_identity
3o4l,33.3333333333,100.0,51.3513513514,30.0884955752,58.0177522655
4eup,11.1111111111,100.0,47.7477477477,58.5585585586,54.7547547548
4mnq,22.2222222222,100.0,31.25,50.4504504505,54.3574824825
5d2n,22.2222222222,99.4413407821,21.4285714286,33.0434782609,49.6331959497
2e7l,33.3333333333,68.7150837989,37.1681415929,50.0,48.5441626429
