pdb_id,pep_identity,mhc_identity,tcrA_identity,tcrB_identity,total_identity
5d2n,22.2222222222,99.4413407821,50.9259259259,64.9572649573,59.8683861486
3o4l,33.3333333333,100.0,22.7272727273,28.5714285714,52.9942279942
5men,22.2222222222,100.0,20.7207207207,34.188034188,49.8921998922
3ffc,22.2222222222,81.0055865922,28.8288288288,58.1196581197,48.9006840962
3qeq,11.1111111111,100.0,31.8181818182,35.0427350427,48.1805231805
