pdb_id,pep_identity,mhc_identity,tcrA_identity,tcrB_identity,total_identity
3o4l,33.3333333333,100.0,39.8148148148,31.5789473684,56.3434048083
3qdj,11.1111111111,100.0,63.8888888889,36.6071428571,53.7863756614
5d2n,22.2222222222,99.4413407821,23.3644859813,51.3043478261,52.999326636
5men,22.2222222222,100.0,29.0909090909,40.1785714286,52.2856541607
3ffc,22.2222222222,81.0055865922,29.4642857143,48.7179487179,47.4396420102
5bs0,11.1111111111,86.5921787709,37.1681415929,41.0714285714,45.6076916547
