pdb_id,pep_identity,mhc_identity,tcrA_identity,tcrB_identity,total_identity
3qeq,11.1111111111,100.0,94.4444444444,89.5652173913,67.7053140097
3gsn,22.2222222222,100.0,42.2018348624,60.8695652174,57.9193074207
5men,22.2222222222,100.0,33.9285714286,62.6086956522,56.8302852542
3o4l,33.3333333333,100.0,30.2752293578,28.813559322,54.2925758911
