pdb_id,pep_identity,mhc_identity,tcrA_identity,tcrB_identity,total_identity
3o4l,33.3333333333,100.0,37.2727272727,30.0884955752,55.6713149191
5men,22.2222222222,100.0,38.3928571429,50.4504504505,55.547958673
4eup,11.1111111111,100.0,34.2342342342,58.5585585586,52.5025025025
5d2n,22.2222222222,99.4413407821,25.2252252252,33.0434782609,50.2659715825
5bs0,11.1111111111,86.5921787709,46.017699115,40.0,46.9040464799
2e7l,33.3333333333,68.7150837989,25.2252252252,50.0,46.5536765816
3ffc,22.2222222222,81.0055865922,31.8584070796,35.0427350427,45.5594599585
