pdb_id,pep_identity,mhc_identity,tcrA_identity,tcrB_identity,total_identity
3o4l,33.3333333333,100.0,33.6363636364,29.0598290598,54.8938098938
5eu6,11.1111111111,100.0,39.8230088496,56.5217391304,53.0944950337
5men,22.2222222222,100.0,34.2342342342,39.1304347826,52.9681855769
3ffc,22.2222222222,81.0055865922,27.6785714286,52.1367521368,47.7118235324
2e7l,33.3333333333,68.7150837989,28.0701754386,33.9130434783,44.3466755302
