pdb_id,pep_identity,mhc_identity,tcrA_identity,tcrB_identity,total_identity
3gsn,22.2222222222,100.0,38.8888888889,89.3805309735,62.1189773845
5men,22.2222222222,100.0,32.7272727273,92.7927927928,61.6607516608
3qdj,11.1111111111,100.0,64.8148148148,66.6666666667,58.950617284
2bnr,11.1111111111,100.0,36.2831858407,89.2857142857,57.9651870581
3o4l,33.3333333333,100.0,33.3333333333,29.8245614035,54.9707602339
