pdb_id,pep_identity,mhc_identity,tcrA_identity,tcrB_identity,total_identity
5eu6,11.1111111111,100.0,45.1327433628,76.5217391304,57.3127841192
3o4l,33.3333333333,100.0,39.0909090909,29.0598290598,55.8029008029
5men,22.2222222222,100.0,35.4545454545,30.4347826087,51.7222954179
3ffc,22.2222222222,81.0055865922,34.8214285714,56.4102564103,49.6145504351
5bs0,11.1111111111,86.5921787709,46.017699115,39.1304347826,46.7591189436
2e7l,33.3333333333,68.7150837989,38.3928571429,34.7826086957,46.2120500172
