pdb_id,pep_identity,mhc_identity,tcrA_identity,tcrB_identity,total_identity
3o4l,33.3333333333,100.0,34.2342342342,30.9734513274,55.3123920381
4mnq,22.2222222222,100.0,28.9473684211,50.4504504505,53.9737105527
2e7l,33.3333333333,68.7150837989,70.2702702703,49.0909090909,53.9096689376
4eup,11.1111111111,100.0,32.1428571429,56.7567567568,51.8536393536
5bs0,11.1111111111,86.5921787709,34.2105263158,38.7387387387,44.7259741364
3ffc,22.2222222222,81.0055865922,26.3157894737,34.188034188,44.4932402151
