pdb_id,pep_identity,mhc_identity,tcrA_identity,tcrB_identity,total_identity
3o4l,33.3333333333,100.0,29.4642857143,30.4347826087,54.4276224983
4mnq,22.2222222222,100.0,28.6956521739,49.5575221239,53.782936457
4eup,11.1111111111,100.0,29.203539823,57.1428571429,51.428103198
3ffc,22.2222222222,81.0055865922,53.982300885,35.0427350427,49.2467755927
2e7l,33.3333333333,68.7150837989,36.2831858407,50.0,48.3966700175
5bs0,11.1111111111,86.5921787709,34.7826086957,37.1681415929,44.5595550088
