pdb_id,pep_identity,mhc_identity,tcrA_identity,tcrB_identity,total_identity
3o4l,33.3333333333,100.0,33.6363636364,30.0884955752,55.065254313
5men,22.2222222222,100.0,34.2342342342,51.3513513514,55.005005005
3qeq,11.1111111111,100.0,49.5412844037,53.5714285714,54.2224891996
2e7l,33.3333333333,68.7150837989,27.1929824561,50.0,46.8816361201
5bs0,11.1111111111,86.5921787709,39.8230088496,38.7387387387,45.6613878921
3ffc,22.2222222222,81.0055865922,28.5714285714,35.0427350427,45.0116302072
