pdb_id,pep_identity,mhc_identity,tcrA_identity,tcrB_identity,total_identity
3o4l,33.3333333333,100.0,51.8181818182,30.1724137931,58.109543713
5d2n,22.2222222222,99.4413407821,22.5225225225,58.2608695652,54.0184196827
5men,22.2222222222,100.0,34.8214285714,35.9649122807,52.5384642161
3qdj,11.1111111111,100.0,49.0909090909,38.5964912281,51.6516037569
3ffc,22.2222222222,81.0055865922,34.8214285714,53.8461538462,49.1872000077
