pdb_id,pep_identity,mhc_identity,tcrA_identity,tcrB_identity,total_identity
3o4l,33.3333333333,100.0,31.8584070796,27.8260869565,54.3918601171
4mnq,22.2222222222,100.0,30.701754386,38.0530973451,52.1998826959
5eu6,11.1111111111,100.0,34.2105263158,42.9824561404,49.9025341131
2e7l,33.3333333333,68.7150837989,63.7168141593,31.25,49.843941404
3ffc,22.2222222222,81.0055865922,28.6956521739,40.1709401709,45.8870349956
