pdb_id,pep_identity,mhc_identity,tcrA_identity,tcrB_identity,total_identity
5d2n,22.2222222222,99.4413407821,27.6785714286,67.8260869565,56.4719640656
3o4l,33.3333333333,100.0,30.6306306306,31.0344827586,54.7219633427
5men,22.2222222222,100.0,30.3571428571,31.5789473684,51.063422445
2e7l,33.3333333333,68.7150837989,63.0630630631,36.8421052632,50.6670004318
3ffc,22.2222222222,81.0055865922,27.1929824561,59.8290598291,48.912943319
3qeq,11.1111111111,100.0,27.9279279279,41.2280701754,48.5630367209
