pdb_id,pep_identity,mhc_identity,tcrA_identity,tcrB_identity,total_identity
3qdj,11.1111111111,100.0,89.8148148148,64.8648648649,62.8169836503
3gsn,22.2222222222,100.0,41.6666666667,89.3805309735,62.5819403474
5men,22.2222222222,100.0,33.3333333333,91.8918918919,61.6116116116
2bnr,11.1111111111,100.0,41.592920354,89.2857142857,58.8501428103
3o4l,33.3333333333,100.0,40.7407407407,28.9473684211,56.0591293047
