pdb_id,pep_identity,mhc_identity,tcrA_identity,tcrB_identity,total_identity
5men,22.2222222222,100.0,21.6216216216,79.1304347826,57.5327501414
5d2n,22.2222222222,99.4413407821,50.4672897196,34.4827586207,54.7128623915
3o4l,33.3333333333,100.0,21.1009174312,27.9661016949,52.6222809655
3qdj,11.1111111111,100.0,22.0183486239,66.9565217391,51.8661820975
2e7l,33.3333333333,68.7150837989,28.3185840708,54.7826086957,47.8663378385
