pdb_id,pep_identity,mhc_identity,tcrA_identity,tcrB_identity,total_identity
3o4l,33.3333333333,100.0,29.3577981651,29.8245614035,54.3081710392
5eu6,11.1111111111,100.0,33.6283185841,58.407079646,52.3762700754
4mnq,22.2222222222,100.0,29.7297297297,36.6071428571,51.7968861719
3ffc,22.2222222222,81.0055865922,30.3571428571,52.1367521368,48.1582521038
2e7l,33.3333333333,68.7150837989,30.6306306306,35.7142857143,45.0736251016
