pdb_id,pep_identity,mhc_identity,tcrA_identity,tcrB_identity,total_identity
5d2n,22.2222222222,99.4413407821,87.962962963,33.9130434783,60.8671887417
3o4l,33.3333333333,100.0,20.0,28.3185840708,52.4975417896
5men,22.2222222222,100.0,22.5225225225,47.7477477477,52.4524524525
3qeq,11.1111111111,100.0,29.0909090909,58.9285714286,51.706950457
