pdb_id,pep_identity,mhc_identity,tcrA_identity,tcrB_identity,total_identity
5eu6,11.1111111111,100.0,86.7256637168,56.0344827586,60.8303947829
2bnr,11.1111111111,100.0,86.7256637168,38.7931034483,57.9568315646
3o4l,33.3333333333,100.0,37.1681415929,27.1186440678,55.1589087212
5bs0,11.1111111111,86.5921787709,80.5309734513,40.5172413793,52.7424657658
3qdj,11.1111111111,100.0,40.7079646018,35.3448275862,49.7125024017
