pdb_id,pep_identity,mhc_identity,tcrA_identity,tcrB_identity,total_identity
3o4l,33.3333333333,100.0,87.2549019608,30.0884955752,64.0016773671
3gsn,22.2222222222,100.0,40.7407407407,48.6725663717,55.6429585928
4mnq,22.2222222222,100.0,32.1428571429,49.5495495495,54.3561418561
4eup,11.1111111111,100.0,38.5321100917,57.6576576577,53.0686649953
2bnr,11.1111111111,100.0,39.8230088496,49.5495495495,51.9324634369
