pdb_id,pep_identity,mhc_identity,tcrA_identity,tcrB_identity,total_identity
3o4l,33.3333333333,100.0,32.4324324324,24.7787610619,53.9796433602
5men,22.2222222222,100.0,30.701754386,30.6306306306,50.9628049102
2e7l,33.3333333333,68.7150837989,63.0630630631,31.8181818182,49.8296798576
5eu6,11.1111111111,100.0,34.2105263158,38.0530973451,49.0809743139
3ffc,22.2222222222,81.0055865922,28.9473684211,33.3333333333,44.7893865639
