pdb_id,pep_identity,mhc_identity,tcrA_identity,tcrB_identity,total_identity
5d2n,22.2222222222,99.4413407821,23.6842105263,78.2608695652,57.5453676834
3o4l,33.3333333333,100.0,30.9734513274,27.3504273504,54.1650908908
5men,22.2222222222,100.0,30.701754386,32.1739130435,51.2200186456
3ffc,22.2222222222,81.0055865922,29.5652173913,58.1196581197,49.0234155233
2e7l,33.3333333333,68.7150837989,56.6371681416,33.0434782609,48.9629134445
3qdj,11.1111111111,100.0,33.6283185841,31.3043478261,47.8591481054
