pdb_id,pep_identity,mhc_identity,tcrA_identity,tcrB_identity,total_identity
5men,22.2222222222,100.0,29.0909090909,80.3571428571,58.9820827321
3o4l,33.3333333333,100.0,26.8518518519,27.8260869565,53.5574342458
3qdj,11.1111111111,100.0,29.0909090909,64.2857142857,52.5998075998
5d2n,22.2222222222,99.4413407821,28.4403669725,31.3043478261,50.5119734679
2e7l,33.3333333333,68.7150837989,30.701754386,57.1428571429,48.6569076322
