pdb_id,pep_identity,mhc_identity,tcrA_identity,tcrB_identity,total_identity
5d2n,22.2222222222,99.4413407821,26.3636363636,68.6956521739,56.3977357577
3o4l,33.3333333333,100.0,33.9449541284,27.8260869565,54.7396179586
5men,22.2222222222,100.0,34.2342342342,29.8245614035,51.4172066804
3qeq,11.1111111111,100.0,50.9259259259,35.0877192982,51.3726445744
3ffc,22.2222222222,81.0055865922,27.9279279279,55.5555555556,48.3231835187
5bs0,11.1111111111,86.5921787709,40.7079646018,46.4912280702,47.1009620727
