pdb_id,pep_identity,mhc_identity,tcrA_identity,tcrB_identity,total_identity
3qdj,11.1111111111,100.0,90.8256880734,35.7142857143,58.1270326683
5d2n,22.2222222222,99.4413407821,23.6363636364,81.7391304348,58.1171033466
3o4l,33.3333333333,100.0,40.9090909091,28.9473684211,56.0871876661
4mnq,22.2222222222,100.0,33.3333333333,33.0357142857,51.8022486772
3ffc,22.2222222222,81.0055865922,33.9285714286,57.264957265,49.6081910537
5bs0,11.1111111111,86.5921787709,40.7079646018,49.5495495495,47.6106823192
