pdb_id,pep_identity,mhc_identity,tcrA_identity,tcrB_identity,total_identity
3o4l,33.3333333333,100.0,34.2592592593,53.5087719298,59.0724496426
3qdj,11.1111111111,100.0,62.037037037,34.7826086957,53.1736446592
4mnq,22.2222222222,100.0,30.0,32.1739130435,51.1030595813
5d2n,22.2222222222,99.4413407821,30.8411214953,31.8965517241,51.0107998714
