pdb_id,pep_identity,mhc_identity,tcrA_identity,tcrB_identity,total_identity
3o4l,33.3333333333,100.0,33.3333333333,35.3982300885,55.8997050147
4mnq,22.2222222222,100.0,32.1428571429,50.9090909091,54.5827320827
3qeq,11.1111111111,100.0,42.7272727273,51.7857142857,52.7892015392
5d2n,22.2222222222,99.4413407821,21.4285714286,33.9130434783,49.7781234859
2e7l,33.3333333333,68.7150837989,25.8928571429,49.5412844037,46.5884959685
5bs0,11.1111111111,86.5921787709,38.0530973451,37.8378378378,45.2162524912
