pdb_id,pep_identity,mhc_identity,tcrA_identity,tcrB_identity,total_identity
3qdj,11.1111111111,100.0,92.5925925926,31.3043478261,57.6865271068
3o4l,33.3333333333,100.0,39.4495412844,34.188034188,56.7173736899
5d2n,22.2222222222,99.4413407821,22.9357798165,52.1739130435,53.0728031448
5men,22.2222222222,100.0,35.4545454545,34.7826086957,52.4469330991
3ffc,22.2222222222,81.0055865922,32.1428571429,48.7179487179,47.8860705816
