pdb_id,pep_identity,mhc_identity,tcrA_identity,tcrB_identity,total_identity
5men,22.2222222222,100.0,27.9279279279,84.8214285714,59.5323001573
3o4l,33.3333333333,100.0,41.3461538462,29.5652173913,56.2630063174
3qdj,11.1111111111,100.0,36.4485981308,66.0714285714,54.1237081541
5d2n,22.2222222222,99.4413407821,25.4716981132,31.3043478261,50.0171953247
2e7l,33.3333333333,68.7150837989,31.5315315315,56.25,48.6463942993
