pdb_id,pep_identity,mhc_identity,tcrA_identity,tcrB_identity,total_identity
3o4l,33.3333333333,100.0,20.3703703704,28.9473684211,52.6640675763
5eu6,11.1111111111,100.0,22.8070175439,41.592920354,47.77036002
3ffc,22.2222222222,81.0055865922,33.6363636364,41.0256410256,46.8529370485
2e7l,33.3333333333,68.7150837989,25.0,29.7297297297,43.1377606657
