pdb_id,pep_identity,mhc_identity,tcrA_identity,tcrB_identity,total_identity
3o4l,33.3333333333,100.0,85.8490566038,30.0884955752,63.7673698076
4mnq,22.2222222222,100.0,33.6283185841,50.0,54.6787938381
3gsn,22.2222222222,100.0,32.1428571429,48.6725663717,54.2099779932
4eup,11.1111111111,100.0,40.1785714286,55.8558558559,53.0427749178
2bnr,11.1111111111,100.0,38.5964912281,50.4504504505,51.8781939835
