pdb_id,pep_identity,mhc_identity,tcrA_identity,tcrB_identity,total_identity
3o4l,33.3333333333,100.0,29.3577981651,24.7787610619,53.4672043156
3qdj,11.1111111111,100.0,37.962962963,34.2342342342,49.0699032366
3ffc,22.2222222222,81.0055865922,31.25,34.188034188,45.3156086361
5bs0,11.1111111111,86.5921787709,31.8584070796,42.7272727273,44.9987099285
2e7l,33.3333333333,68.7150837989,30.6306306306,33.6363636364,44.7273047552
