pdb_id,pep_identity,mhc_identity,tcrA_identity,tcrB_identity,total_identity
3o4l,33.3333333333,100.0,31.8181818182,27.1929824561,54.2796384902
4eup,11.1111111111,100.0,59.6330275229,37.5,53.2258749575
4mnq,22.2222222222,100.0,30.0,37.1681415929,51.9354310062
3ffc,22.2222222222,81.0055865922,33.0357142857,47.0085470085,47.7499798205
5bs0,11.1111111111,86.5921787709,39.8230088496,40.1785714286,45.901360007
2e7l,33.3333333333,68.7150837989,33.9285714286,35.7142857143,45.6232819012
