pdb_id,pep_identity,mhc_identity,tcrA_identity,tcrB_identity,total_identity
3o4l,33.3333333333,100.0,29.203539823,25.641025641,53.5852053551
5eu6,11.1111111111,100.0,36.8421052632,48.275862069,51.2233649257
2e7l,33.3333333333,68.7150837989,58.407079646,33.3333333333,49.306207874
3ffc,22.2222222222,81.0055865922,28.6956521739,45.2991452991,46.7417358503
