pdb_id,pep_identity,mhc_identity,tcrA_identity,tcrB_identity,total_identity
3o4l,33.3333333333,100.0,51.3274336283,24.7863247863,57.1300708469
5d2n,22.2222222222,99.4413407821,23.6842105263,48.6956521739,52.6178314515
5men,22.2222222222,100.0,33.9285714286,33.9130434783,52.0476765585
3qdj,11.1111111111,100.0,48.6725663717,31.3043478261,50.3665227367
3ffc,22.2222222222,81.0055865922,32.1739130435,41.8803418803,46.7516454254
