pdb_id,pep_identity,mhc_identity,tcrA_identity,tcrB_identity,total_identity
4eup,11.1111111111,100.0,84.6846846847,58.5585585586,60.9109109109
3o4l,33.3333333333,100.0,40.1785714286,30.0884955752,56.1556222784
5men,22.2222222222,100.0,34.2342342342,50.4504504505,54.8548548549
5d2n,22.2222222222,99.4413407821,21.4285714286,33.0434782609,49.6331959497
