pdb_id,pep_identity,mhc_identity,tcrA_identity,tcrB_identity,total_identity
3o4l,33.3333333333,100.0,33.0275229358,36.5217391304,56.0359881221
3qdj,11.1111111111,100.0,62.962962963,33.6283185841,53.1355839615
5d2n,22.2222222222,99.4413407821,22.2222222222,52.1739130435,52.9538768791
5men,22.2222222222,100.0,29.0909090909,36.2831858407,51.6364232293
3ffc,22.2222222222,81.0055865922,29.4642857143,48.7179487179,47.4396420102
5bs0,11.1111111111,86.5921787709,39.8230088496,40.7079646018,45.9895922026
2e7l,33.3333333333,68.7150837989,35.1351351351,32.7433628319,45.3292220386
