pdb_id,pep_identity,mhc_identity,tcrA_identity,tcrB_identity,total_identity
3o4l,33.3333333333,100.0,57.6923076923,28.0701754386,58.7381916329
5men,22.2222222222,100.0,29.7297297297,77.2727272727,58.5744835745
3qdj,11.1111111111,100.0,41.2844036697,63.963963964,54.5784316427
5d2n,22.2222222222,99.4413407821,22.9357798165,31.3043478261,49.5945422752
2e7l,33.3333333333,68.7150837989,31.25,58.1818181818,48.9214420744
