pdb_id,pep_identity,mhc_identity,tcrA_identity,tcrB_identity,total_identity
3o4l,33.3333333333,100.0,51.7857142857,25.8620689655,57.385741653
5men,22.2222222222,100.0,36.6071428571,56.1403508772,56.1986563631
4eup,11.1111111111,100.0,47.3214285714,59.2920353982,54.8059476986
5d2n,22.2222222222,99.4413407821,24.7787610619,29.5652173913,49.6118507437
2e7l,33.3333333333,68.7150837989,34.2105263158,53.0973451327,48.5674509522
