pdb_id,pep_identity,mhc_identity,tcrA_identity,tcrB_identity,total_identity
5d2n,22.2222222222,99.4413407821,49.5412844037,34.4827586207,54.5585281722
4mnq,22.2222222222,100.0,22.5225225225,33.0434782609,50.0017408713
3qeq,11.1111111111,100.0,32.4324324324,28.6956521739,47.2250511381
3ffc,22.2222222222,81.0055865922,28.5714285714,32.4786324786,44.5842797798
2e7l,33.3333333333,68.7150837989,28.6956521739,34.2105263158,44.5005021257
5bs0,11.1111111111,86.5921787709,29.8245614035,37.3913043478,43.7704075859
