pdb_id,pep_identity,mhc_identity,tcrA_identity,tcrB_identity,total_identity
3o4l,33.3333333333,100.0,45.3703703704,29.8245614035,56.9769330734
5d2n,22.2222222222,99.4413407821,28.4403669725,57.3913043478,54.8597995548
4mnq,22.2222222222,100.0,38.7387387387,37.8378378378,53.5035035035
3qdj,11.1111111111,100.0,40.3669724771,39.2857142857,50.3124848308
3ffc,22.2222222222,81.0055865922,28.5714285714,52.9914529915,48.0030831986
5bs0,11.1111111111,86.5921787709,40.7079646018,44.6428571429,46.7929002515
