pdb_id,pep_identity,mhc_identity,tcrA_identity,tcrB_identity,total_identity
3o4l,33.3333333333,100.0,52.6785714286,31.8584070796,58.5339408625
3gsn,22.2222222222,100.0,41.9642857143,48.6725663717,55.8468827551
2e7l,33.3333333333,68.7150837989,35.0877192982,50.9090909091,48.3489407453
