pdb_id,pep_identity,mhc_identity,tcrA_identity,tcrB_identity,total_identity
4eup,11.1111111111,100.0,84.4036697248,60.3603603604,61.1643753846
4mnq,22.2222222222,100.0,33.3333333333,58.1818181818,55.9932659933
3o4l,33.3333333333,100.0,40.7407407407,26.5486725664,55.6593466623
2bnr,11.1111111111,100.0,42.4778761062,54.954954955,53.2758422139
5d2n,22.2222222222,99.4413407821,27.7777777778,26.9565217391,49.6769042543
2e7l,33.3333333333,68.7150837989,33.3333333333,56.880733945,49.0518169238
