pdb_id,pep_identity,mhc_identity,tcrA_identity,tcrB_identity,total_identity
5d2n,22.2222222222,99.4413407821,26.3157894737,81.7391304348,58.5636743195
3o4l,33.3333333333,100.0,30.0884955752,28.2051282051,54.1600484078
5men,22.2222222222,100.0,32.1428571429,31.3043478261,51.3152749022
2e7l,33.3333333333,68.7150837989,61.9469026549,34.7826086957,50.1377242692
3ffc,22.2222222222,81.0055865922,27.8260869565,58.9743589744,48.8760105933
4eup,11.1111111111,100.0,35.3982300885,32.1739130435,48.2990608924
