pdb_id,pep_identity,mhc_identity,tcrA_identity,tcrB_identity,total_identity
3o4l,33.3333333333,100.0,33.3333333333,24.7863247863,54.1310541311
5eu6,11.1111111111,100.0,46.4912280702,46.0869565217,52.466734469
5men,22.2222222222,100.0,33.6283185841,33.9130434783,51.9976344178
3ffc,22.2222222222,81.0055865922,26.724137931,41.0256410256,45.7008994309
