pdb_id,pep_identity,mhc_identity,tcrA_identity,tcrB_identity,total_identity
3o4l,33.3333333333,100.0,85.5769230769,27.3504273504,63.2656695157
5d2n,22.2222222222,99.4413407821,21.8181818182,62.0689655172,54.535712224
3ffc,22.2222222222,81.0055865922,32.4324324324,75.2136752137,52.3502875458
5men,22.2222222222,100.0,36.036036036,27.5862068966,51.3444478962
