pdb_id,pep_identity,mhc_identity,tcrA_identity,tcrB_identity,total_identity
3o4l,33.3333333333,100.0,52.7777777778,28.9473684211,58.0653021442
5d2n,22.2222222222,99.4413407821,24.7706422018,61.7391304348,54.9728164409
4mnq,22.2222222222,100.0,33.9285714286,33.9285714286,52.0502645503
3qdj,11.1111111111,100.0,47.7064220183,35.7142857143,50.9404883258
3ffc,22.2222222222,81.0055865922,39.2857142857,48.7179487179,49.0765467721
