pdb_id,pep_identity,mhc_identity,tcrA_identity,tcrB_identity,total_identity
5eu6,11.1111111111,100.0,88.4955752212,33.3333333333,57.3418551295
3o4l,33.3333333333,100.0,38.9380530973,28.6956521739,55.7167286563
5men,22.2222222222,100.0,42.4778761062,31.8584070796,53.1301212717
5bs0,11.1111111111,86.5921787709,84.9557522124,37.1681415929,52.9217455949
