pdb_id,pep_identity,mhc_identity,tcrA_identity,tcrB_identity,total_identity
3o4l,33.3333333333,100.0,51.8181818182,30.4347826087,58.1532718489
5d2n,22.2222222222,99.4413407821,22.5225225225,50.4347826087,52.7140718567
5men,22.2222222222,100.0,34.8214285714,30.701754386,51.6612712336
3qdj,11.1111111111,100.0,49.0909090909,30.701754386,50.3358142832
3ffc,22.2222222222,81.0055865922,34.8214285714,47.8632478632,48.1900490106
