pdb_id,pep_identity,mhc_identity,tcrA_identity,tcrB_identity,total_identity
3o4l,33.3333333333,100.0,35.1351351351,27.3504273504,54.8587048587
5men,22.2222222222,100.0,39.6396396396,32.4561403509,52.7567040725
5eu6,11.1111111111,100.0,48.6725663717,45.2173913043,52.6853633164
3ffc,22.2222222222,81.0055865922,33.6283185841,45.2991452991,47.5638469187
2e7l,33.3333333333,68.7150837989,33.9285714286,30.701754386,44.7878600132
