pdb_id,pep_identity,mhc_identity,tcrA_identity,tcrB_identity,total_identity
5d2n,22.2222222222,99.4413407821,61.6822429907,69.5652173913,62.4290977318
3o4l,33.3333333333,100.0,20.1834862385,28.3185840708,52.5281228293
5men,22.2222222222,100.0,23.8532110092,33.9285714286,50.3710378137
