pdb_id,pep_identity,mhc_identity,tcrA_identity,tcrB_identity,total_identity
3o4l,33.3333333333,100.0,59.4339622642,31.8584070796,59.6598393351
4mnq,22.2222222222,100.0,29.4642857143,55.8558558559,54.9607643358
3qdj,11.1111111111,100.0,45.9459459459,55.8558558559,54.004004004
5d2n,22.2222222222,99.4413407821,23.4234234234,33.9130434783,50.1105988184
2e7l,33.3333333333,68.7150837989,32.4561403509,50.0,47.7588291026
