pdb_id,pep_identity,mhc_identity,tcrA_identity,tcrB_identity,total_identity
3o4l,33.3333333333,100.0,51.8181818182,26.0869565217,57.4286341678
5d2n,22.2222222222,99.4413407821,22.5225225225,67.8260869565,55.6126225813
5men,22.2222222222,100.0,34.8214285714,26.3157894737,50.9302770816
4eup,11.1111111111,100.0,47.2727272727,31.8584070796,50.2255594291
3ffc,22.2222222222,81.0055865922,34.8214285714,55.5555555556,49.4721002926
5bs0,11.1111111111,86.5921787709,38.0530973451,45.6140350877,46.5122853662
