pdb_id,pep_identity,mhc_identity,tcrA_identity,tcrB_identity,total_identity
3o4l,33.3333333333,100.0,91.0891089109,26.9565217391,64.1187162194
5d2n,22.2222222222,99.4413407821,29.9065420561,40.8695652174,52.3505388804
4mnq,22.2222222222,100.0,33.0357142857,34.5132743363,51.9989055111
