pdb_id,pep_identity,mhc_identity,tcrA_identity,tcrB_identity,total_identity
3o4l,33.3333333333,100.0,58.2524271845,30.0884955752,59.1679315711
3gsn,22.2222222222,100.0,31.4814814815,49.5575221239,54.2472413416
2e7l,33.3333333333,68.7150837989,31.5315315315,50.0,47.6047276327
