pdb_id,pep_identity,mhc_identity,tcrA_identity,tcrB_identity,total_identity
3o4l,33.3333333333,100.0,36.036036036,27.8260869565,55.0881316099
5men,22.2222222222,100.0,31.3043478261,51.3274336283,54.5127043165
3qdj,11.1111111111,100.0,39.2857142857,48.6725663717,51.6967504799
3ffc,22.2222222222,81.0055865922,60.1769911504,29.9145299145,49.4245231156
2e7l,33.3333333333,68.7150837989,33.6283185841,53.5714285714,48.5494302367
