pdb_id,pep_identity,mhc_identity,tcrA_identity,tcrB_identity,total_identity
3o4l,33.3333333333,100.0,89.1089108911,22.8070175439,63.0970991836
3gsn,22.2222222222,100.0,35.5140186916,30.9734513274,51.8219857439
4mnq,22.2222222222,100.0,32.1428571429,32.1428571429,51.455026455
