pdb_id,pep_identity,mhc_identity,tcrA_identity,tcrB_identity,total_identity
3o4l,33.3333333333,100.0,31.8584070796,26.0869565217,54.1020050447
5eu6,11.1111111111,100.0,33.3333333333,48.6725663717,50.7046869879
2e7l,33.3333333333,68.7150837989,63.7168141593,35.7142857143,50.587989023
5men,22.2222222222,100.0,28.9473684211,28.5714285714,50.3272069062
3ffc,22.2222222222,81.0055865922,29.5652173913,47.8632478632,47.3140138139
