pdb_id,pep_identity,mhc_identity,tcrA_identity,tcrB_identity,total_identity
3o4l,33.3333333333,100.0,28.6956521739,27.1186440678,53.7468271514
5eu6,11.1111111111,100.0,42.6086956522,33.3333333333,49.694041868
3ffc,22.2222222222,81.0055865922,32.4786324786,30.7692307692,44.9505801461
2e7l,33.3333333333,68.7150837989,26.0869565217,30.4347826087,43.4364288991
