pdb_id,pep_identity,mhc_identity,tcrA_identity,tcrB_identity,total_identity
3qdj,11.1111111111,100.0,94.4444444444,34.2342342342,58.4834834835
3o4l,33.3333333333,100.0,41.6666666667,28.9473684211,56.2134502924
5men,22.2222222222,100.0,34.2342342342,31.8181818182,51.7494767495
5d2n,22.2222222222,99.4413407821,22.2222222222,40.8695652174,51.0698189081
5bs0,11.1111111111,86.5921787709,39.8230088496,54.954954955,48.3640905948
3ffc,22.2222222222,81.0055865922,32.1428571429,43.5897435897,47.0313697269
