pdb_id,pep_identity,mhc_identity,tcrA_identity,tcrB_identity,total_identity
4mnq,22.2222222222,100.0,26.9565217391,91.1504424779,60.4252347769
3o4l,33.3333333333,100.0,28.6956521739,29.3103448276,54.1121106114
3qdj,11.1111111111,100.0,31.3043478261,68.1415929204,53.6113604948
2e7l,33.3333333333,68.7150837989,58.2608695652,53.0973451327,52.5758414937
5d2n,22.2222222222,99.4413407821,24.1379310345,31.3043478261,49.7949008115
