pdb_id,pep_identity,mhc_identity,tcrA_identity,tcrB_identity,total_identity
3o4l,33.3333333333,100.0,31.25,26.3157894737,54.0387426901
5bs0,11.1111111111,86.5921787709,33.3333333333,94.5454545455,53.8808946072
4mnq,22.2222222222,100.0,28.9473684211,33.3333333333,51.1208576998
2e7l,33.3333333333,68.7150837989,63.3928571429,30.6306306306,49.6867203397
4eup,11.1111111111,100.0,36.6071428571,37.5,49.3882275132
3ffc,22.2222222222,81.0055865922,28.0701754386,41.8803418803,46.067689158
