pdb_id,pep_identity,mhc_identity,tcrA_identity,tcrB_identity,total_identity
3o4l,33.3333333333,100.0,30.4347826087,23.9316239316,53.5055122012
2e7l,33.3333333333,68.7150837989,65.2173913043,28.9473684211,49.710265665
5eu6,11.1111111111,100.0,33.0434782609,36.2068965517,48.5787661725
3ffc,22.2222222222,81.0055865922,25.641025641,33.3333333333,44.2383294339
