pdb_id,pep_identity,mhc_identity,tcrA_identity,tcrB_identity,total_identity
5men,22.2222222222,100.0,30.701754386,50.4504504505,54.2661082135
3o4l,33.3333333333,100.0,28.6956521739,30.0884955752,54.2418024026
4eup,11.1111111111,100.0,28.6956521739,58.5585585586,51.5794054924
3ffc,22.2222222222,81.0055865922,52.1739130435,35.0427350427,48.9453776192
2e7l,33.3333333333,68.7150837989,34.4827586207,50.0,48.0965988142
5bs0,11.1111111111,86.5921787709,37.3913043478,40.0,45.4663140187
