pdb_id,pep_identity,mhc_identity,tcrA_identity,tcrB_identity,total_identity
3o4l,33.3333333333,100.0,57.6923076923,23.8938053097,58.0421299448
4mnq,22.2222222222,100.0,28.5714285714,27.9279279279,50.1573001573
4eup,11.1111111111,100.0,47.7064220183,28.8288288288,49.7929121782
5d2n,22.2222222222,99.4413407821,22.0183486239,32.1739130435,49.5865646127
