pdb_id,pep_identity,mhc_identity,tcrA_identity,tcrB_identity,total_identity
3qdj,11.1111111111,100.0,89.0909090909,32.4561403509,57.2948786107
3o4l,33.3333333333,100.0,41.4414414414,31.3043478261,56.5687426557
5d2n,22.2222222222,99.4413407821,24.3243243243,68.6956521739,56.0578504178
4mnq,22.2222222222,100.0,33.3333333333,28.9473684211,51.1208576998
3ffc,22.2222222222,81.0055865922,33.6283185841,53.8461538462,48.9883483432
5bs0,11.1111111111,86.5921787709,40.7079646018,45.6140350877,46.9547632423
