pdb_id,pep_identity,mhc_identity,tcrA_identity,tcrB_identity,total_identity
3o4l,33.3333333333,100.0,34.2592592593,25.641025641,54.4278252612
3qdj,11.1111111111,100.0,62.037037037,36.5217391304,53.4634997316
4mnq,22.2222222222,100.0,29.0909090909,33.9130434783,51.2413995023
3ffc,22.2222222222,81.0055865922,30.3571428571,35.0427350427,45.3092492548
5bs0,11.1111111111,86.5921787709,36.2831858407,40.0,45.2816276008
2e7l,33.3333333333,68.7150837989,33.3333333333,33.3333333333,45.1272501552
