pdb_id,pep_identity,mhc_identity,tcrA_identity,tcrB_identity,total_identity
5men,22.2222222222,100.0,29.8245614035,57.8947368421,55.3606237817
3o4l,33.3333333333,100.0,29.4642857143,27.3504273504,53.9135632886
3qeq,11.1111111111,100.0,29.4642857143,68.4210526316,53.3512600947
2e7l,33.3333333333,68.7150837989,34.5132743363,61.4035087719,50.0022695621
3ffc,22.2222222222,81.0055865922,52.2123893805,35.8974358974,49.0942404845
5bs0,11.1111111111,86.5921787709,37.3913043478,33.3333333333,44.3552029075
