pdb_id,pep_identity,mhc_identity,tcrA_identity,tcrB_identity,total_identity
3ffc,22.2222222222,81.0055865922,67.2566371681,88.0341880342,60.2910738052
5d2n,22.2222222222,99.4413407821,32.4324324324,54.7008547009,55.0767355237
3o4l,33.3333333333,100.0,35.1351351351,28.5714285714,55.0622050622
5men,22.2222222222,100.0,30.4347826087,35.0427350427,51.6536603493
4qrp,11.1111111111,81.0055865922,32.1428571429,85.4700854701,50.3077230033
3qeq,11.1111111111,100.0,40.5405405405,31.6239316239,49.0644490644
