pdb_id,pep_identity,mhc_identity,tcrA_identity,tcrB_identity,total_identity
3o4l,33.3333333333,100.0,84.9056603774,23.7288135593,62.5501901006
3gsn,22.2222222222,100.0,32.1428571429,30.1724137931,51.1266192301
4mnq,22.2222222222,100.0,31.8584070796,30.1724137931,51.0792108862
