pdb_id,pep_identity,mhc_identity,tcrA_identity,tcrB_identity,total_identity
4eup,11.1111111111,100.0,46.8468468468,90.0900900901,59.8598598599
3o4l,33.3333333333,100.0,51.3513513514,27.4336283186,57.5752743894
5men,22.2222222222,100.0,35.7142857143,50.4504504505,55.1015301015
2e7l,33.3333333333,68.7150837989,33.6283185841,59.0909090909,49.4693436566
5d2n,22.2222222222,99.4413407821,22.3214285714,30.4347826087,49.3472228648
