pdb_id,pep_identity,mhc_identity,tcrA_identity,tcrB_identity,total_identity
5eu6,11.1111111111,100.0,88.5964912281,56.6371681416,61.242646932
2bnr,11.1111111111,100.0,91.2280701754,33.6283185841,57.8464351636
3o4l,33.3333333333,100.0,36.8421052632,34.2105263158,56.2865497076
5bs0,11.1111111111,86.5921787709,84.2105263158,42.8571428571,53.7457081562
4mnq,22.2222222222,100.0,37.7192982456,36.9369369369,53.1834466045
3qdj,11.1111111111,100.0,40.350877193,36.6071428571,49.8633737121
