pdb_id,pep_identity,mhc_identity,tcrA_identity,tcrB_identity,total_identity
5d2n,22.2222222222,99.4413407821,27.7777777778,67.5213675214,56.4377118846
3o4l,33.3333333333,100.0,39.8148148148,27.1186440678,55.6000209249
3qdj,11.1111111111,100.0,69.4444444444,29.9145299145,53.5968660969
5men,22.2222222222,100.0,37.2727272727,26.4957264957,51.3688163688
3ffc,22.2222222222,81.0055865922,33.0357142857,53.8461538462,48.8895809601
5bs0,11.1111111111,86.5921787709,44.2477876106,43.5897435897,47.2073518274
2e7l,33.3333333333,68.7150837989,36.9369369369,31.8965517241,45.4883871543
