pdb_id,pep_identity,mhc_identity,tcrA_identity,tcrB_identity,total_identity
3gsn,22.2222222222,100.0,34.5454545455,53.4482758621,55.4063624753
2e7l,33.3333333333,68.7150837989,30.3571428571,54.7826086957,48.2060976362
3ffc,22.2222222222,81.0055865922,32.1428571429,29.9145299145,44.7521674477
