pdb_id,pep_identity,mhc_identity,tcrA_identity,tcrB_identity,total_identity
5d2n,22.2222222222,99.4413407821,28.6956521739,68.6956521739,56.7864050594
3o4l,33.3333333333,100.0,29.5652173913,28.3185840708,54.0917446881
3ffc,22.2222222222,81.0055865922,53.9130434783,56.4102564103,52.7964862529
4mnq,22.2222222222,100.0,29.5652173913,28.5714285714,50.4301817345
3qdj,11.1111111111,100.0,32.1739130435,32.1428571429,47.7564987348
5bs0,11.1111111111,86.5921787709,34.7826086957,47.3214285714,46.2517695052
2e7l,33.3333333333,68.7150837989,37.9310344828,35.1351351351,46.1938339804
