pdb_id,pep_identity,mhc_identity,tcrA_identity,tcrB_identity,total_identity
3gsn,22.2222222222,100.0,41.6666666667,49.5575221239,55.9447722058
2e7l,33.3333333333,68.7150837989,27.027027027,50.0,46.8539768819
3ffc,22.2222222222,81.0055865922,31.8181818182,35.8974358974,45.6952058907
5bs0,11.1111111111,86.5921787709,38.0530973451,40.0,45.5766128515
