pdb_id,pep_identity,mhc_identity,tcrA_identity,tcrB_identity,total_identity
3gsn,22.2222222222,100.0,32.1100917431,75.652173913,58.7011183501
3o4l,33.3333333333,100.0,57.6923076923,27.1186440678,58.5796030711
2e7l,33.3333333333,68.7150837989,33.9285714286,55.652173913,48.9462632677
