pdb_id,pep_identity,mhc_identity,tcrA_identity,tcrB_identity,total_identity
3gsn,22.2222222222,100.0,43.3628318584,49.5575221239,56.2274664045
2e7l,33.3333333333,68.7150837989,33.3333333333,50.0,47.905027933
5bs0,11.1111111111,86.5921787709,46.9026548673,40.0,47.0515391052
3ffc,22.2222222222,81.0055865922,33.0434782609,35.0427350427,45.7569718221
