pdb_id,pep_identity,mhc_identity,tcrA_identity,tcrB_identity,total_identity
3o4l,33.3333333333,100.0,31.25,30.0884955752,54.6675270403
4mnq,22.2222222222,100.0,28.9473684211,50.0,53.8986354776
2e7l,33.3333333333,68.7150837989,57.1428571429,49.5412844037,51.7968293018
4eup,11.1111111111,100.0,32.1428571429,54.0540540541,51.4031889032
3ffc,22.2222222222,81.0055865922,33.3333333333,32.4786324786,45.3779305735
5bs0,11.1111111111,86.5921787709,33.3333333333,38.7387387387,44.579775306
