pdb_id,pep_identity,mhc_identity,tcrA_identity,tcrB_identity,total_identity
2bnq,11.1111111111,100.0,86.7256637168,51.3513513514,60.0498728817
3o4l,33.3333333333,100.0,37.1681415929,30.9734513274,55.8013765978
5bs0,11.1111111111,86.5921787709,84.0707964602,38.7387387387,53.0360191605
3qeq,11.1111111111,100.0,30.0884955752,53.5714285714,50.9803577281
5d2n,22.2222222222,99.4413407821,21.0526315789,35.652173913,50.0053219168
2e7l,33.3333333333,68.7150837989,35.9649122807,51.376146789,48.5729822224
