pdb_id,pep_identity,mhc_identity,tcrA_identity,tcrB_identity,total_identity
3o4l,33.3333333333,100.0,32.1428571429,30.9734513274,54.9638291895
5eu6,11.1111111111,100.0,31.5789473684,58.407079646,52.0347082061
3ffc,22.2222222222,81.0055865922,28.0701754386,74.358974359,51.4807945711
5men,22.2222222222,100.0,26.3157894737,26.7857142857,49.5909913673
2e7l,33.3333333333,68.7150837989,58.0357142857,28.8288288288,48.4935628965
