pdb_id,pep_identity,mhc_identity,tcrA_identity,tcrB_identity,total_identity
3o4l,33.3333333333,100.0,85.4368932039,27.5862068966,63.2816277945
3gsn,22.2222222222,100.0,32.1100917431,74.3362831858,58.4818032289
5men,22.2222222222,100.0,31.25,74.3362831858,58.338454605
2f53,11.1111111111,100.0,38.0530973451,76.1061946903,56.0635857096
3qdj,11.1111111111,100.0,40.3669724771,61.9469026549,54.089349559
