pdb_id,pep_identity,mhc_identity,tcrA_identity,tcrB_identity,total_identity
3o4l,33.3333333333,100.0,29.5652173913,26.5486725664,53.7967594374
5eu6,11.1111111111,100.0,35.652173913,54.8672566372,52.1236087954
5men,22.2222222222,100.0,31.3043478261,33.9285714286,51.6128939499
2e7l,33.3333333333,68.7150837989,60.8695652174,36.9369369369,50.3172227365
3ffc,22.2222222222,81.0055865922,29.9145299145,49.5726495726,47.6571328527
