pdb_id,pep_identity,mhc_identity,tcrA_identity,tcrB_identity,total_identity
3o4l,33.3333333333,100.0,84.7619047619,31.0344827586,63.7438423645
5eu6,11.1111111111,100.0,39.8230088496,78.0701754386,56.6859010851
5men,22.2222222222,100.0,35.7142857143,33.3333333333,52.2486772487
3gsn,22.2222222222,100.0,34.2342342342,32.4561403509,51.8558031716
