pdb_id,pep_identity,mhc_identity,tcrA_identity,tcrB_identity,total_identity
3gsn,22.2222222222,100.0,87.037037037,35.0877192982,61.0948667966
3o4l,33.3333333333,100.0,32.4074074074,26.724137931,54.2997020009
4mnq,22.2222222222,100.0,37.5,33.3333333333,52.5462962963
2p5e,11.1111111111,100.0,40.7079646018,32.4561403509,49.2310545291
