pdb_id,pep_identity,mhc_identity,tcrA_identity,tcrB_identity,total_identity
5eu6,11.1111111111,100.0,87.610619469,61.9469026549,61.9632907244
2bnr,11.1111111111,100.0,86.7256637168,30.9734513274,56.6535562111
3o4l,33.3333333333,100.0,38.7387387387,28.6956521739,55.6835095966
3ffc,22.2222222222,81.0055865922,32.7433628319,90.5982905983,54.9662118432
5bs0,11.1111111111,86.5921787709,83.185840708,43.75,53.7237367453
4mnq,22.2222222222,100.0,40.1785714286,30.9734513274,52.5994112001
4qrp,11.1111111111,81.0055865922,32.4324324324,88.5964912281,50.8770531778
3qdj,11.1111111111,100.0,44.1441441441,32.7433628319,49.851621533
