pdb_id,pep_identity,mhc_identity,tcrA_identity,tcrB_identity,total_identity
3o4l,33.3333333333,100.0,38.3928571429,54.4642857143,59.9206349206
3qdj,11.1111111111,100.0,65.7657657658,34.5132743363,53.7502103874
5men,22.2222222222,100.0,36.9369369369,32.1428571429,52.254039754
5d2n,22.2222222222,99.4413407821,25.8928571429,31.0344827586,50.042410985
