pdb_id,pep_identity,mhc_identity,tcrA_identity,tcrB_identity,total_identity
3gsn,22.2222222222,100.0,37.037037037,73.4513274336,59.1554681525
3o4l,33.3333333333,100.0,34.5794392523,30.1724137931,55.236419952
2e7l,33.3333333333,68.7150837989,27.9279279279,56.6371681416,48.1103217223
