pdb_id,pep_identity,mhc_identity,tcrA_identity,tcrB_identity,total_identity
3qdj,11.1111111111,100.0,89.9082568807,30.701754386,57.1387055815
3o4l,33.3333333333,100.0,40.0,22.4137931034,54.846743295
4mnq,22.2222222222,100.0,33.3333333333,29.8245614035,51.2670565302
5d2n,22.2222222222,99.4413407821,22.7272727273,36.5217391304,50.4293563111
3ffc,22.2222222222,81.0055865922,33.9285714286,37.6068376068,46.3318377774
2e7l,33.3333333333,68.7150837989,34.8214285714,38.9380530973,46.3093859889
5bs0,11.1111111111,86.5921787709,41.592920354,39.4736842105,46.0788640548
