pdb_id,pep_identity,mhc_identity,tcrA_identity,tcrB_identity,total_identity
3o4l,33.3333333333,100.0,38.8888888889,54.8672566372,60.0704686988
3qdj,11.1111111111,100.0,87.962962963,35.9649122807,57.691682911
5men,22.2222222222,100.0,33.3333333333,32.4561403509,51.7056530214
5d2n,22.2222222222,99.4413407821,21.2962962963,31.0344827586,49.2763175106
