pdb_id,pep_identity,mhc_identity,tcrA_identity,tcrB_identity,total_identity
5men,22.2222222222,100.0,32.4561403509,78.5714285714,59.2453355611
3o4l,33.3333333333,100.0,30.9090909091,33.9130434783,55.248133509
3qdj,11.1111111111,100.0,34.2342342342,65.1785714286,53.6058379808
2e7l,33.3333333333,68.7150837989,59.4594594595,57.1428571429,53.4498584778
5d2n,22.2222222222,99.4413407821,25.2252252252,32.1739130435,50.1210440462
