pdb_id,pep_identity,mhc_identity,tcrA_identity,tcrB_identity,total_identity
3o4l,33.3333333333,100.0,84.4660194175,22.4137931034,62.2577465313
3gsn,22.2222222222,100.0,32.1100917431,29.8245614035,51.0631829318
5men,22.2222222222,100.0,32.7272727273,28.9473684211,51.0198475988
