pdb_id,pep_identity,mhc_identity,tcrA_identity,tcrB_identity,total_identity
3gsn,22.2222222222,100.0,89.8148148148,30.701754386,60.8268356075
3o4l,33.3333333333,100.0,34.2592592593,24.7863247863,54.2853751187
5bs0,11.1111111111,86.5921787709,39.8230088496,87.7192982456,53.8248144765
4mnq,22.2222222222,100.0,37.5,32.4561403509,52.4000974659
