pdb_id,pep_identity,mhc_identity,tcrA_identity,tcrB_identity,total_identity
3o4l,33.3333333333,100.0,32.4074074074,32.1739130435,55.2079978529
5bs0,11.1111111111,86.5921787709,38.0530973451,91.0714285714,54.0885176134
4eup,11.1111111111,100.0,60.5504587156,35.7142857143,53.0811611087
4mnq,22.2222222222,100.0,30.0,33.9285714286,51.3955026455
3ffc,22.2222222222,81.0055865922,36.6071428571,38.4615384615,46.9207164912
2e7l,33.3333333333,68.7150837989,32.4324324324,29.4642857143,44.3322587352
