pdb_id,pep_identity,mhc_identity,tcrA_identity,tcrB_identity,total_identity
3gsn,22.2222222222,100.0,38.3928571429,86.9565217391,61.6323038877
3qdj,11.1111111111,100.0,84.6846846847,62.6086956522,61.5859337598
5men,22.2222222222,100.0,33.3333333333,88.6956521739,61.0789049919
2p5e,11.1111111111,100.0,47.7876106195,84.347826087,59.0596098214
3o4l,33.3333333333,100.0,38.3928571429,27.9661016949,55.5042709174
