pdb_id,pep_identity,mhc_identity,tcrA_identity,tcrB_identity,total_identity
3o4l,33.3333333333,100.0,52.7272727273,29.8245614035,58.2030834662
5men,22.2222222222,100.0,36.6071428571,50.8928571429,55.3240740741
3qdj,11.1111111111,100.0,50.0,52.6785714286,54.1501322751
5d2n,22.2222222222,99.4413407821,25.2252252252,32.1739130435,50.1210440462
2e7l,33.3333333333,68.7150837989,33.9285714286,54.954954955,48.830060108
