pdb_id,pep_identity,mhc_identity,tcrA_identity,tcrB_identity,total_identity
5men,22.2222222222,100.0,30.3571428571,76.9911504425,58.6321229573
3o4l,33.3333333333,100.0,30.9090909091,29.3103448276,54.4810170672
2e7l,33.3333333333,68.7150837989,62.1621621622,56.6371681416,53.816027428
3qdj,11.1111111111,100.0,32.4324324324,63.7168141593,53.061911469
5d2n,22.2222222222,99.4413407821,27.9279279279,33.0434782609,50.7164220329
