pdb_id,pep_identity,mhc_identity,tcrA_identity,tcrB_identity,total_identity
3qeq,11.1111111111,100.0,28.3185840708,90.1785714286,56.7865629536
5men,22.2222222222,100.0,27.8260869565,61.2612612613,55.5886321104
3o4l,33.3333333333,100.0,36.2831858407,27.1929824561,55.0238058273
5d2n,22.2222222222,99.4413407821,28.3185840708,36.5217391304,51.361241535
2e7l,33.3333333333,68.7150837989,35.0877192982,63.0630630631,50.374602771
3ffc,22.2222222222,81.0055865922,53.0973451327,36.7521367521,49.3841832523
