pdb_id,pep_identity,mhc_identity,tcrA_identity,tcrB_identity,total_identity
2bnq,11.1111111111,100.0,90.2654867257,61.2612612613,62.2914950349
5men,22.2222222222,100.0,40.7079646018,57.2727272727,57.0708560532
3o4l,33.3333333333,100.0,38.3928571429,24.7787610619,54.9730474786
3qdj,11.1111111111,100.0,43.75,52.2522522523,53.0374124124
5bs0,11.1111111111,86.5921787709,87.610619469,34.2342342342,52.8752389112
