pdb_id,pep_identity,mhc_identity,tcrA_identity,tcrB_identity,total_identity
3gsn,22.2222222222,100.0,85.5855855856,89.3805309735,69.9017601672
5men,22.2222222222,100.0,37.8378378378,89.2857142857,61.927999428
2bnq,11.1111111111,100.0,38.9380530973,88.3928571429,58.2588554104
