pdb_id,pep_identity,mhc_identity,tcrA_identity,tcrB_identity,total_identity
3qeq,11.1111111111,100.0,94.4444444444,31.8965517241,58.0938697318
3ffc,22.2222222222,81.0055865922,38.9380530973,88.0341880342,55.5713097934
5d2n,22.2222222222,99.4413407821,30.0,56.0344827586,54.8936014612
3o4l,33.3333333333,100.0,30.2752293578,27.9661016949,54.1513329532
5men,22.2222222222,100.0,33.9285714286,31.0344827586,51.5679164386
