pdb_id,pep_identity,mhc_identity,tcrA_identity,tcrB_identity,total_identity
5men,22.2222222222,100.0,37.5,81.0810810811,60.5042542543
3o4l,33.3333333333,100.0,36.036036036,27.1929824561,54.9826141931
3qdj,11.1111111111,100.0,36.036036036,64.8648648649,53.8538538539
5eu6,11.1111111111,100.0,50.4424778761,33.6283185841,51.0488364471
