pdb_id,pep_identity,mhc_identity,tcrA_identity,tcrB_identity,total_identity
5d2n,22.2222222222,99.4413407821,28.0373831776,55.1724137931,54.4228204966
3ffc,22.2222222222,81.0055865922,23.6363636364,89.7435897436,53.3059285015
5men,22.2222222222,100.0,29.6296296296,31.8965517241,50.9951042997
3qdj,11.1111111111,100.0,31.4814814815,33.6206896552,47.8873988931
5bs0,11.1111111111,86.5921787709,29.203539823,41.3793103448,44.3315716553
2e7l,33.3333333333,68.7150837989,31.25,30.1724137931,44.2532080096
