pdb_id,pep_identity,mhc_identity,tcrA_identity,tcrB_identity,total_identity
3o4l,33.3333333333,100.0,31.5315315315,24.7787610619,53.82949321
4mnq,22.2222222222,100.0,29.8245614035,32.4324324324,51.1169063801
2e7l,33.3333333333,68.7150837989,61.2612612613,30.0,49.2263492543
4eup,11.1111111111,100.0,33.9285714286,35.1351351351,48.5476547977
3ffc,22.2222222222,81.0055865922,28.0701754386,33.3333333333,44.6431877335
5bs0,11.1111111111,86.5921787709,30.701754386,40.9090909091,44.5029041765
