pdb_id,pep_identity,mhc_identity,tcrA_identity,tcrB_identity,total_identity
3o4l,33.3333333333,100.0,55.0458715596,30.0884955752,58.6335056336
3gsn,22.2222222222,100.0,41.2844036697,47.7876106195,55.5860764556
2e7l,33.3333333333,68.7150837989,35.1351351351,53.6363636364,48.8113888393
