pdb_id,pep_identity,mhc_identity,tcrA_identity,tcrB_identity,total_identity
4eup,11.1111111111,100.0,67.5675675676,57.6576576577,57.9079079079
3o4l,33.3333333333,100.0,40.1785714286,29.203539823,56.008129653
4mnq,22.2222222222,100.0,35.1351351351,48.6486486486,54.7047047047
5d2n,22.2222222222,99.4413407821,25.8928571429,34.7826086957,50.6670986412
2e7l,33.3333333333,68.7150837989,38.5964912281,51.8181818182,49.0852512184
5bs0,11.1111111111,86.5921787709,47.7876106195,39.6396396396,47.1389716705
