pdb_id,pep_identity,mhc_identity,tcrA_identity,tcrB_identity,total_identity
5d2n,22.2222222222,99.4413407821,23.2142857143,68.6956521739,55.8728439828
3o4l,33.3333333333,100.0,28.8288288288,25.8620689655,53.5595940768
5men,22.2222222222,100.0,25.8928571429,28.6956521739,49.8388256269
2e7l,33.3333333333,68.7150837989,55.8558558559,32.4561403509,48.7348050785
3ffc,22.2222222222,81.0055865922,27.1929824561,53.8461538462,47.9157923218
3qdj,11.1111111111,100.0,29.7297297297,32.1739130435,47.3543108326
