pdb_id,pep_identity,mhc_identity,tcrA_identity,tcrB_identity,total_identity
3o4l,33.3333333333,100.0,87.1287128713,25.8620689655,63.2762414172
5eu6,11.1111111111,100.0,41.592920354,44.7368421053,51.4253307802
4mnq,22.2222222222,100.0,31.25,30.0884955752,50.9638233366
