pdb_id,pep_identity,mhc_identity,tcrA_identity,tcrB_identity,total_identity
3o4l,33.3333333333,100.0,32.4074074074,25.8620689655,54.1560238399
3qdj,11.1111111111,100.0,62.962962963,28.9473684211,52.355425601
4mnq,22.2222222222,100.0,30.0,31.5789473684,51.0038986355
3ffc,22.2222222222,81.0055865922,36.6071428571,36.7521367521,46.6358162063
5bs0,11.1111111111,86.5921787709,38.9380530973,36.8421052632,45.1977896874
2e7l,33.3333333333,68.7150837989,32.4324324324,30.9734513274,44.5837863374
