pdb_id,pep_identity,mhc_identity,tcrA_identity,tcrB_identity,total_identity
4eup,11.1111111111,100.0,88.0733944954,36.6071428571,57.8171265958
3o4l,33.3333333333,100.0,40.9090909091,26.3157894737,55.6485911749
5bs0,11.1111111111,86.5921787709,41.592920354,92.7927927928,54.9653821518
5d2n,22.2222222222,99.4413407821,24.5454545455,46.9565217391,52.4715170489
4mnq,22.2222222222,100.0,35.1351351351,34.2342342342,52.3023023023
3ffc,22.2222222222,81.0055865922,35.7142857143,41.0256410256,47.1992573948
