pdb_id,pep_identity,mhc_identity,tcrA_identity,tcrB_identity,total_identity
3o4l,33.3333333333,100.0,26.6666666667,27.3504273504,53.4472934473
5eu6,11.1111111111,100.0,27.4336283186,37.0689655172,47.787469343
3ffc,22.2222222222,81.0055865922,25.4545454545,34.188034188,44.3496995452
2e7l,33.3333333333,68.7150837989,32.4324324324,28.9473684211,44.246105853
