pdb_id,pep_identity,mhc_identity,tcrA_identity,tcrB_identity,total_identity
3o4l,33.3333333333,100.0,60.7843137255,30.0884955752,59.5899126612
3gsn,22.2222222222,100.0,32.7102803738,49.5575221239,54.452041157
2e7l,33.3333333333,68.7150837989,33.3333333333,50.0,47.905027933
