pdb_id,pep_identity,mhc_identity,tcrA_identity,tcrB_identity,total_identity
3o4l,33.3333333333,100.0,34.2342342342,27.8260869565,54.7878313096
2e7l,33.3333333333,68.7150837989,68.4684684685,33.9285714286,51.0823123602
5men,22.2222222222,100.0,31.5789473684,29.4642857143,50.9146129212
5eu6,11.1111111111,100.0,33.3333333333,45.1327433628,50.1147164864
3ffc,22.2222222222,81.0055865922,28.0701754386,45.2991452991,46.6374897278
