pdb_id,pep_identity,mhc_identity,tcrA_identity,tcrB_identity,total_identity
5men,22.2222222222,100.0,29.5652173913,88.6956521739,60.4508856683
3o4l,33.3333333333,100.0,29.5652173913,28.813559322,54.1742405633
3qdj,11.1111111111,100.0,31.3043478261,62.6086956522,52.6892109501
5d2n,22.2222222222,99.4413407821,28.6956521739,31.0344827586,50.5095434902
2e7l,33.3333333333,68.7150837989,37.9310344828,53.9130434783,49.3234853709
3ffc,22.2222222222,81.0055865922,52.1739130435,32.4786324786,48.5180271918
