pdb_id,pep_identity,mhc_identity,tcrA_identity,tcrB_identity,total_identity
3qdj,11.1111111111,100.0,90.7407407407,65.1785714286,63.0235890653
3gsn,22.2222222222,100.0,40.7407407407,84.9557522124,61.6901562329
5men,22.2222222222,100.0,36.036036036,81.25,60.2884134134
2bnr,11.1111111111,100.0,41.592920354,79.4642857143,57.2132380484
3o4l,33.3333333333,100.0,40.7407407407,33.0434782609,56.741814278
