pdb_id,pep_identity,mhc_identity,tcrA_identity,tcrB_identity,total_identity
4eup,11.1111111111,100.0,86.2385321101,58.5585585586,61.1698854818
3o4l,33.3333333333,100.0,39.4495412844,30.0884955752,56.0341172544
5men,22.2222222222,100.0,33.3333333333,50.4504504505,54.7047047047
5d2n,22.2222222222,99.4413407821,21.1009174312,33.0434782609,49.5785869501
