pdb_id,pep_identity,mhc_identity,tcrA_identity,tcrB_identity,total_identity
3o4l,33.3333333333,100.0,51.376146789,55.3571428571,62.2333260521
3gsn,22.2222222222,100.0,40.3669724771,32.1739130435,52.8308883275
5men,22.2222222222,100.0,34.5454545455,33.6283185841,52.1030362623
3qdj,11.1111111111,100.0,46.7889908257,37.1681415929,51.0298924401
