pdb_id,pep_identity,mhc_identity,tcrA_identity,tcrB_identity,total_identity
3o4l,33.3333333333,100.0,59.0476190476,27.8260869565,58.9233954451
5d2n,22.2222222222,99.4413407821,23.6363636364,57.3913043478,54.0591323321
5men,22.2222222222,100.0,32.1428571429,35.3982300885,51.9975886126
3qdj,11.1111111111,100.0,44.5454545455,38.0530973451,50.8034623521
3ffc,22.2222222222,81.0055865922,34.2342342342,52.1367521368,48.804434
