pdb_id,pep_identity,mhc_identity,tcrA_identity,tcrB_identity,total_identity
3gsn,22.2222222222,100.0,32.1100917431,87.8260869565,60.7301038573
4mnq,22.2222222222,100.0,28.5714285714,86.0869565217,59.8504715896
3o4l,33.3333333333,100.0,57.6923076923,28.813559322,58.8620889468
3qeq,11.1111111111,100.0,31.7757009346,60.0,52.3329871928
