pdb_id,pep_identity,mhc_identity,tcrA_identity,tcrB_identity,total_identity
5eu6,11.1111111111,100.0,89.3805309735,60.1769911504,61.9632907244
2bnr,11.1111111111,100.0,86.7256637168,36.2831858407,57.5385119633
3o4l,33.3333333333,100.0,37.5,28.6956521739,55.4770531401
5bs0,11.1111111111,86.5921787709,83.185840708,42.4778761062,53.5117160964
4mnq,22.2222222222,100.0,38.0530973451,37.1681415929,53.2776138971
3qdj,11.1111111111,100.0,42.8571428571,36.2831858407,50.22709182
