pdb_id,pep_identity,mhc_identity,tcrA_identity,tcrB_identity,total_identity
3o4l,33.3333333333,100.0,57.6923076923,31.5789473684,59.3229869546
5d2n,22.2222222222,99.4413407821,22.0183486239,51.3043478261,52.7749704098
4mnq,22.2222222222,100.0,28.5714285714,39.2857142857,52.0502645503
3qdj,11.1111111111,100.0,41.2844036697,36.6071428571,50.0189614582
3ffc,22.2222222222,81.0055865922,33.6363636364,48.7179487179,48.1349883305
