pdb_id,pep_identity,mhc_identity,tcrA_identity,tcrB_identity,total_identity
3gsn,22.2222222222,100.0,87.2727272727,56.6371681416,64.7257233098
4mnq,22.2222222222,100.0,37.5,57.1428571429,56.5145502646
3o4l,33.3333333333,100.0,34.5454545455,26.3157894737,54.5879851143
4eup,11.1111111111,100.0,40.0,60.3603603604,53.7637637638
2p5w,11.1111111111,100.0,40.7079646018,56.25,53.196697804
