pdb_id,pep_identity,mhc_identity,tcrA_identity,tcrB_identity,total_identity
3o4l,33.3333333333,100.0,37.8378378378,30.701754386,55.8677098151
5d2n,22.2222222222,99.4413407821,24.1071428571,55.652173913,53.8477404631
4mnq,22.2222222222,100.0,26.3157894737,39.6396396396,51.7333122596
2e7l,33.3333333333,68.7150837989,57.6576576577,34.5454545455,49.3833244113
3qdj,11.1111111111,100.0,33.3333333333,39.2857142857,49.1402116402
4qrp,11.1111111111,81.0055865922,52.2522522523,50.0,47.7476079431
5bs0,11.1111111111,86.5921787709,31.5789473684,41.9642857143,44.8249688078
