pdb_id,pep_identity,mhc_identity,tcrA_identity,tcrB_identity,total_identity
4eup,11.1111111111,100.0,87.1559633028,36.6071428571,57.664221397
3o4l,33.3333333333,100.0,39.0909090909,33.3333333333,56.5151515152
5bs0,11.1111111111,86.5921787709,38.9380530973,91.8918918919,54.3727541256
5d2n,22.2222222222,99.4413407821,20.0,46.0869565217,51.5690137551
4mnq,22.2222222222,100.0,30.6306306306,34.2342342342,51.5515515516
3ffc,22.2222222222,81.0055865922,32.1428571429,39.3162393162,46.3191190146
