pdb_id,pep_identity,mhc_identity,tcrA_identity,tcrB_identity,total_identity
3qdj,11.1111111111,100.0,85.7142857143,91.1504424779,66.5144917357
3gsn,22.2222222222,100.0,38.9380530973,63.7168141593,57.8498852835
5men,22.2222222222,100.0,33.9285714286,64.6017699115,57.1624642974
2bnq,11.1111111111,100.0,50.0,63.7168141593,55.9898393969
3o4l,33.3333333333,100.0,38.0530973451,30.1724137931,55.8153629675
