pdb_id,pep_identity,mhc_identity,tcrA_identity,tcrB_identity,total_identity
3o4l,33.3333333333,100.0,85.4368932039,23.0769230769,62.5300804912
3gsn,22.2222222222,100.0,34.8623853211,29.5652173913,51.4786745261
4mnq,22.2222222222,100.0,32.1428571429,30.4347826087,51.170347366
