pdb_id,pep_identity,mhc_identity,tcrA_identity,tcrB_identity,total_identity
3o4l,33.3333333333,100.0,84.7619047619,27.5862068966,63.1691297209
5men,22.2222222222,100.0,33.0357142857,31.5789473684,51.5098510164
3gsn,22.2222222222,100.0,33.3333333333,30.701754386,51.4132553606
