pdb_id,pep_identity,mhc_identity,tcrA_identity,tcrB_identity,total_identity
5men,22.2222222222,100.0,30.701754386,55.7522123894,55.1497352033
2e7l,33.3333333333,68.7150837989,67.5438596491,53.5714285714,54.2020204142
3o4l,33.3333333333,100.0,31.5789473684,26.0869565217,54.0554284261
4eup,11.1111111111,100.0,29.8245614035,58.9285714286,51.8292258424
