pdb_id,pep_identity,mhc_identity,tcrA_identity,tcrB_identity,total_identity
3o4l,33.3333333333,100.0,57.6923076923,56.25,63.4348290598
3gsn,22.2222222222,100.0,32.1100917431,30.4347826087,51.164886466
4mnq,22.2222222222,100.0,28.5714285714,31.8584070796,50.8123800159
