pdb_id,pep_identity,mhc_identity,tcrA_identity,tcrB_identity,total_identity
3o4l,33.3333333333,100.0,33.3333333333,28.3185840708,54.7197640118
2e7l,33.3333333333,68.7150837989,70.1754385965,50.0,54.0453788102
5men,22.2222222222,100.0,30.701754386,47.7477477477,53.815657763
3qeq,11.1111111111,100.0,26.3157894737,58.9285714286,51.2444305207
4qrp,11.1111111111,81.0055865922,47.3684210526,38.9380530973,45.0899782594
5bs0,11.1111111111,86.5921787709,33.3333333333,36.036036036,44.1293248556
