pdb_id,pep_identity,mhc_identity,tcrA_identity,tcrB_identity,total_identity
5d2n,22.2222222222,99.4413407821,86.9158878505,56.5217391304,64.4607921649
3o4l,33.3333333333,100.0,19.2660550459,29.8245614035,52.6262138527
