pdb_id,pep_identity,mhc_identity,tcrA_identity,tcrB_identity,total_identity
3o4l,33.3333333333,100.0,47.3214285714,27.731092437,56.9531979458
5d2n,22.2222222222,99.4413407821,26.5486725664,58.1196581197,54.6659094491
4mnq,22.2222222222,100.0,31.8584070796,33.3333333333,51.6060308096
3qdj,11.1111111111,100.0,46.4285714286,35.8974358974,50.758038258
3ffc,22.2222222222,81.0055865922,35.0877192982,58.1196581197,49.9438325078
2e7l,33.3333333333,68.7150837989,36.2831858407,35.8974358974,46.0462426671
5bs0,11.1111111111,86.5921787709,37.1681415929,43.5897435897,46.0274108245
