pdb_id,pep_identity,mhc_identity,tcrA_identity,tcrB_identity,total_identity
3o4l,33.3333333333,100.0,35.7142857143,27.3504273504,54.9552299552
5men,22.2222222222,100.0,41.4414414414,30.4347826087,52.7201114158
5eu6,11.1111111111,100.0,46.017699115,43.1034482759,51.8905616022
3ffc,22.2222222222,81.0055865922,29.8245614035,39.3162393162,45.9327363914
2e7l,33.3333333333,68.7150837989,28.0701754386,32.4561403509,44.1038583423
