pdb_id,pep_identity,mhc_identity,tcrA_identity,tcrB_identity,total_identity
3o4l,33.3333333333,100.0,31.8181818182,27.8260869565,54.3851559069
3qdj,11.1111111111,100.0,62.3853211009,38.0530973451,53.7767734447
4mnq,22.2222222222,100.0,29.0909090909,35.3982300885,51.488930604
3ffc,22.2222222222,81.0055865922,29.4642857143,52.1367521368,48.00944258
5bs0,11.1111111111,86.5921787709,36.2831858407,42.4778761062,45.6946069518
2e7l,33.3333333333,68.7150837989,33.0357142857,36.2831858407,45.5692890651
