pdb_id,pep_identity,mhc_identity,tcrA_identity,tcrB_identity,total_identity
3o4l,33.3333333333,100.0,52.7272727273,54.3859649123,62.2966507177
3gsn,22.2222222222,100.0,40.9090909091,29.5652173913,52.4864587908
4mnq,22.2222222222,100.0,33.9285714286,29.5652173913,51.3230388774
3qdj,11.1111111111,100.0,47.2727272727,32.1739130435,50.2781437564
