pdb_id,pep_identity,mhc_identity,tcrA_identity,tcrB_identity,total_identity
3o4l,33.3333333333,100.0,53.2110091743,25.2173913043,57.5158445242
4mnq,22.2222222222,100.0,33.9285714286,34.5132743363,52.1477150349
5d2n,22.2222222222,99.4413407821,30.0,34.7826086957,51.3516224507
3qdj,11.1111111111,100.0,47.7064220183,36.2831858407,51.0353050135
