pdb_id,pep_identity,mhc_identity,tcrA_identity,tcrB_identity,total_identity
5men,22.2222222222,100.0,23.4234234234,92.7927927928,60.1101101101
5d2n,22.2222222222,99.4413407821,62.3853211009,31.3043478261,56.1694658226
3o4l,33.3333333333,100.0,22.5225225225,28.0701754386,52.8765607713
3qdj,11.1111111111,100.0,27.027027027,64.8648648649,52.3523523524
