pdb_id,pep_identity,mhc_identity,tcrA_identity,tcrB_identity,total_identity
3qdj,11.1111111111,100.0,91.6666666667,55.8558558559,61.6241241241
3gsn,22.2222222222,100.0,42.2018348624,54.8672566372,56.9189226573
4mnq,22.2222222222,100.0,34.2342342342,60.0,56.4464464464
3o4l,33.3333333333,100.0,40.3669724771,27.4336283186,55.7445445771
2f53,11.1111111111,100.0,40.7079646018,58.0357142857,53.4943168516
