pdb_id,pep_identity,mhc_identity,tcrA_identity,tcrB_identity,total_identity
5d2n,22.2222222222,99.4413407821,24.5614035088,81.7391304348,58.2712766587
3o4l,33.3333333333,100.0,30.0884955752,30.701754386,54.5761527713
5men,22.2222222222,100.0,30.9734513274,33.9285714286,51.5577445334
2e7l,33.3333333333,68.7150837989,55.7522123894,33.0357142857,48.8141268233
3qdj,11.1111111111,100.0,33.6283185841,35.7142857143,48.5941377534
4qrp,11.1111111111,81.0055865922,52.2123893805,54.3859649123,48.4719582832
