pdb_id,pep_identity,mhc_identity,tcrA_identity,tcrB_identity,total_identity
4eup,11.1111111111,100.0,46.9026548673,89.2857142857,59.7350985625
3o4l,33.3333333333,100.0,45.1327433628,27.8260869565,56.6042494977
5men,22.2222222222,100.0,32.7433628319,51.3274336283,54.7525401508
5d2n,22.2222222222,99.4413407821,23.6842105263,31.3043478261,49.7192807268
2e7l,33.3333333333,68.7150837989,35.0877192982,57.1428571429,49.3879017843
