pdb_id,pep_identity,mhc_identity,tcrA_identity,tcrB_identity,total_identity
3o4l,33.3333333333,100.0,30.2752293578,25.8620689655,53.8006608317
4mnq,22.2222222222,100.0,30.6306306306,32.4561403509,51.255202571
4eup,11.1111111111,100.0,37.6146788991,33.6283185841,48.9108699509
3ffc,22.2222222222,81.0055865922,35.7142857143,33.3333333333,45.9172061127
5bs0,11.1111111111,86.5921787709,33.6283185841,37.7192982456,44.4590327656
2e7l,33.3333333333,68.7150837989,29.7297297297,29.203539823,43.8383506362
