pdb_id,pep_identity,mhc_identity,tcrA_identity,tcrB_identity,total_identity
5d2n,22.2222222222,99.4413407821,61.4678899083,78.2608695652,63.8426475804
3o4l,33.3333333333,100.0,23.4234234234,26.4957264957,52.7643027643
