pdb_id,pep_identity,mhc_identity,tcrA_identity,tcrB_identity,total_identity
5men,22.2222222222,100.0,42.7272727273,76.3636363636,60.5892255892
3qeq,11.1111111111,100.0,37.5,67.8571428571,54.5965608466
3o4l,33.3333333333,100.0,32.7433628319,27.1929824561,54.4338353258
5d2n,22.2222222222,99.4413407821,25.0,33.0434782609,50.2284340449
2e7l,33.3333333333,68.7150837989,29.5652173913,58.1818181818,48.6406449729
