pdb_id,pep_identity,mhc_identity,tcrA_identity,tcrB_identity,total_identity
3o4l,33.3333333333,100.0,52.7272727273,26.4957264957,57.6482776483
5d2n,22.2222222222,99.4413407821,23.4234234234,58.2608695652,54.1685698329
4mnq,22.2222222222,100.0,36.6071428571,33.0434782609,52.3491775937
3qdj,11.1111111111,100.0,50.0,33.9130434783,51.0225442834
3ffc,22.2222222222,81.0055865922,33.9285714286,50.4273504274,48.4685899141
