pdb_id,pep_identity,mhc_identity,tcrA_identity,tcrB_identity,total_identity
3o4l,33.3333333333,100.0,57.6923076923,36.2068965517,60.0943118184
5eu6,11.1111111111,100.0,38.0530973451,76.3157894737,56.0985181735
4mnq,22.2222222222,100.0,28.5714285714,32.4561403509,50.9120022278
3ffc,22.2222222222,81.0055865922,33.6363636364,56.4102564103,49.4170396126
3qeq,11.1111111111,100.0,31.7757009346,39.4736842105,48.9119345612
