pdb_id,pep_identity,mhc_identity,tcrA_identity,tcrB_identity,total_identity
4eup,11.1111111111,100.0,33.3333333333,89.1891891892,57.4574574575
5men,22.2222222222,100.0,32.7433628319,50.8928571429,54.6801107365
3o4l,33.3333333333,100.0,32.4561403509,28.9473684211,54.6783625731
5d2n,22.2222222222,99.4413407821,20.0,30.4347826087,48.9603181029
2e7l,33.3333333333,68.7150837989,24.347826087,56.7567567568,47.533569518
