pdb_id,pep_identity,mhc_identity,tcrA_identity,tcrB_identity,total_identity
5d2n,22.2222222222,99.4413407821,49.0909090909,32.1739130435,54.0986580238
5men,22.2222222222,100.0,22.3214285714,50.8928571429,52.9431216931
3qdj,11.1111111111,100.0,22.3214285714,52.6785714286,49.537037037
2e7l,33.3333333333,68.7150837989,28.4482758621,54.954954955,47.9166775136
3ffc,22.2222222222,81.0055865922,28.3185840708,29.0598290598,43.9723384599
