pdb_id,pep_identity,mhc_identity,tcrA_identity,tcrB_identity,total_identity
3o4l,33.3333333333,100.0,57.6923076923,27.8260869565,58.6975102192
4mnq,22.2222222222,100.0,28.5714285714,38.0530973451,51.8448283935
5d2n,22.2222222222,99.4413407821,22.0183486239,42.6086956522,51.3256950475
4eup,11.1111111111,100.0,47.7064220183,35.7142857143,50.9404883258
5bs0,11.1111111111,86.5921787709,36.2831858407,58.407079646,48.3494742085
