pdb_id,pep_identity,mhc_identity,tcrA_identity,tcrB_identity,total_identity
2bnq,11.1111111111,100.0,86.7256637168,53.1531531532,60.350173182
3o4l,33.3333333333,100.0,38.9380530973,24.7787610619,55.063913471
3qeq,11.1111111111,100.0,30.9734513274,57.1428571429,51.7230884488
5bs0,11.1111111111,86.5921787709,81.4159292035,32.4324324324,51.5424902333
2e7l,33.3333333333,68.7150837989,35.9649122807,55.4545454545,49.2527153333
5d2n,22.2222222222,99.4413407821,21.9298245614,28.6956521739,48.9921004573
