pdb_id,pep_identity,mhc_identity,tcrA_identity,tcrB_identity,total_identity
3o4l,33.3333333333,100.0,34.5794392523,30.0884955752,55.2224335824
5men,22.2222222222,100.0,34.2342342342,49.5495495495,54.7047047047
3qeq,11.1111111111,100.0,51.8867924528,50.8928571429,54.1669786363
2e7l,33.3333333333,68.7150837989,27.9279279279,51.8181818182,47.3071573351
5bs0,11.1111111111,86.5921787709,38.9380530973,38.1818181818,45.4210751739
3ffc,22.2222222222,81.0055865922,28.1818181818,33.3333333333,44.6617948573
