pdb_id,pep_identity,mhc_identity,tcrA_identity,tcrB_identity,total_identity
4eup,11.1111111111,100.0,87.1559633028,36.8421052632,57.703381798
3o4l,33.3333333333,100.0,48.1481481481,23.9316239316,56.4577397911
4mnq,22.2222222222,100.0,32.4324324324,32.1739130435,51.5084649867
5d2n,22.2222222222,99.4413407821,23.1481481481,35.3448275862,50.3033502905
