pdb_id,pep_identity,mhc_identity,tcrA_identity,tcrB_identity,total_identity
3o4l,33.3333333333,100.0,33.9285714286,23.0769230769,53.9453601954
4mnq,22.2222222222,100.0,30.4347826087,29.5652173913,50.7407407407
3ffc,22.2222222222,81.0055865922,61.0619469027,33.3333333333,50.1418163108
5eu6,11.1111111111,100.0,33.9130434783,37.0689655172,48.8673718696
2e7l,33.3333333333,68.7150837989,34.5132743363,30.701754386,44.8853104978
