pdb_id,pep_identity,mhc_identity,tcrA_identity,tcrB_identity,total_identity
3gsn,22.2222222222,100.0,50.9259259259,91.3043478261,64.4457863661
5men,22.2222222222,100.0,35.1351351351,90.4347826087,61.6690603647
2bnr,11.1111111111,100.0,44.2477876106,87.8260869565,59.0493494649
3qdj,11.1111111111,100.0,68.5185185185,62.6086956522,58.8915727322
3o4l,33.3333333333,100.0,39.8148148148,29.6610169492,56.0237497384
