pdb_id,pep_identity,mhc_identity,tcrA_identity,tcrB_identity,total_identity
5eu6,11.1111111111,100.0,38.9380530973,91.1504424779,58.7184529662
3o4l,33.3333333333,100.0,32.1428571429,28.6956521739,54.5841959972
5men,22.2222222222,100.0,31.25,34.5132743363,51.7012864635
3ffc,22.2222222222,81.0055865922,25.4385964912,55.5555555556,47.9082949459
