pdb_id,pep_identity,mhc_identity,tcrA_identity,tcrB_identity,total_identity
3o4l,33.3333333333,100.0,34.5454545455,30.9734513274,55.3642620899
5men,22.2222222222,100.0,35.1351351351,49.5495495495,54.8548548549
3qeq,11.1111111111,100.0,50.4587155963,53.5714285714,54.3753943983
2e7l,33.3333333333,68.7150837989,27.1929824561,51.8181818182,47.1846664231
5bs0,11.1111111111,86.5921787709,40.7079646018,40.5405405405,46.1091808177
3ffc,22.2222222222,81.0055865922,27.6785714286,39.3162393162,45.5750713956
