pdb_id,pep_identity,mhc_identity,tcrA_identity,tcrB_identity,total_identity
3qdj,11.1111111111,100.0,87.962962963,36.6071428571,57.7987213404
3o4l,33.3333333333,100.0,42.5925925926,29.8245614035,56.5139701105
5d2n,22.2222222222,99.4413407821,21.2962962963,55.652173913,53.3792660363
4mnq,22.2222222222,100.0,30.6306306306,36.6071428571,51.947036322
3ffc,22.2222222222,81.0055865922,32.1428571429,52.1367521368,48.4558711514
5bs0,11.1111111111,86.5921787709,39.8230088496,42.8571428571,46.3477885785
