pdb_id,pep_identity,mhc_identity,tcrA_identity,tcrB_identity,total_identity
3gsn,22.2222222222,100.0,39.4495412844,77.8761061947,60.2950153206
3o4l,33.3333333333,100.0,46.7889908257,29.3103448276,57.1276670533
2e7l,33.3333333333,68.7150837989,39.6396396396,56.6371681416,50.0622736743
