pdb_id,pep_identity,mhc_identity,tcrA_identity,tcrB_identity,total_identity
3ffc,22.2222222222,81.0055865922,55.7522123894,87.1794871795,58.2312195329
3o4l,33.3333333333,100.0,30.9734513274,33.6206896552,55.2101346082
5d2n,22.2222222222,99.4413407821,30.0884955752,53.9130434783,54.5547775104
5men,22.2222222222,100.0,28.6956521739,31.5789473684,50.7865073311
3qdj,11.1111111111,100.0,31.8584070796,32.4561403509,47.7561282755
