pdb_id,pep_identity,mhc_identity,tcrA_identity,tcrB_identity,total_identity
5d2n,22.2222222222,99.4413407821,89.6226415094,44.347826087,62.8829322675
3o4l,33.3333333333,100.0,19.4444444444,27.8260869565,52.3228663446
5bs0,11.1111111111,86.5921787709,21.9298245614,91.9642857143,51.5501150066
5men,22.2222222222,100.0,22.5225225225,38.3928571429,50.8933040183
