pdb_id,pep_identity,mhc_identity,tcrA_identity,tcrB_identity,total_identity
5men,22.2222222222,100.0,28.0701754386,74.5614035088,57.8460038986
3o4l,33.3333333333,100.0,29.4642857143,29.0598290598,54.1984635735
2e7l,33.3333333333,68.7150837989,56.25,56.1403508772,52.7478641903
3qdj,11.1111111111,100.0,32.1428571429,61.4035087719,52.6280980228
5d2n,22.2222222222,99.4413407821,23.0088495575,33.0434782609,49.8965756378
