pdb_id,pep_identity,mhc_identity,tcrA_identity,tcrB_identity,total_identity
3o4l,33.3333333333,100.0,86.1386138614,27.3504273504,63.3592846464
5men,22.2222222222,100.0,34.8214285714,31.3043478261,51.7617034737
3gsn,22.2222222222,100.0,32.7102803738,31.3043478261,51.4098454407
