pdb_id,pep_identity,mhc_identity,tcrA_identity,tcrB_identity,total_identity
3qdj,11.1111111111,100.0,87.3873873874,30.9734513274,56.7638434895
3o4l,33.3333333333,100.0,38.3928571429,25.2173913043,55.046152519
4mnq,22.2222222222,100.0,32.4324324324,30.9734513274,51.3083880341
5d2n,22.2222222222,99.4413407821,20.5357142857,31.3043478261,49.1945313534
