pdb_id,pep_identity,mhc_identity,tcrA_identity,tcrB_identity,total_identity
3o4l,33.3333333333,100.0,34.5794392523,29.5652173913,55.1352205517
5eu6,11.1111111111,100.0,38.0530973451,57.5221238938,52.9662405769
5men,22.2222222222,100.0,34.2342342342,33.6283185841,52.0511662105
3ffc,22.2222222222,81.0055865922,28.1818181818,52.1367521368,47.7956979912
2e7l,33.3333333333,68.7150837989,27.9279279279,34.5132743363,44.4230060881
