pdb_id,pep_identity,mhc_identity,tcrA_identity,tcrB_identity,total_identity
4eup,11.1111111111,100.0,61.4678899083,58.5585585586,57.0414451148
3o4l,33.3333333333,100.0,30.9090909091,30.701754386,54.7129186603
5men,22.2222222222,100.0,30.9090909091,49.1071428571,54.0767797018
5d2n,22.2222222222,99.4413407821,22.0183486239,32.1739130435,49.5865646127
2e7l,33.3333333333,68.7150837989,32.1428571429,49.5495495495,47.6315401595
