pdb_id,pep_identity,mhc_identity,tcrA_identity,tcrB_identity,total_identity
5d2n,22.2222222222,99.4413407821,27.7777777778,69.5652173913,56.7783535296
3o4l,33.3333333333,100.0,35.5140186916,29.203539823,55.2307041969
5men,22.2222222222,100.0,36.9369369369,33.9285714286,52.5516588017
3qeq,11.1111111111,100.0,50.9433962264,32.7433628319,50.9848302134
3ffc,22.2222222222,81.0055865922,28.1818181818,52.9914529915,47.9381481337
5bs0,11.1111111111,86.5921787709,36.2831858407,46.4285714286,46.3530561722
