pdb_id,pep_identity,mhc_identity,tcrA_identity,tcrB_identity,total_identity
3o4l,33.3333333333,100.0,46.017699115,32.7433628319,57.5712881023
4mnq,22.2222222222,100.0,31.8584070796,54.5454545455,55.1413843449
4eup,11.1111111111,100.0,46.017699115,56.7567567568,54.1661130157
5d2n,22.2222222222,99.4413407821,25.4385964912,33.0434782609,50.3015334601
2e7l,33.3333333333,68.7150837989,35.9649122807,50.9259259259,48.4979454118
