pdb_id,pep_identity,mhc_identity,tcrA_identity,tcrB_identity,total_identity
5eu6,11.1111111111,100.0,89.3805309735,43.8596491228,59.2437337197
5bs0,11.1111111111,86.5921787709,81.4159292035,55.7522123894,55.4291202262
3o4l,33.3333333333,100.0,37.2727272727,28.4482758621,55.3979449669
5men,22.2222222222,100.0,40.5405405405,34.5132743363,53.2497098869
3qeq,11.1111111111,100.0,30.9090909091,32.7433628319,47.6457793272
3ffc,22.2222222222,81.0055865922,32.7433628319,45.2991452991,47.4163542933
