pdb_id,pep_identity,mhc_identity,tcrA_identity,tcrB_identity,total_identity
4mnq,22.2222222222,100.0,34.8214285714,49.0909090909,54.7261303511
3o4l,33.3333333333,100.0,29.0909090909,30.9734513274,54.4551711808
3qeq,11.1111111111,100.0,44.0366972477,50.8928571429,52.8586294355
2e7l,33.3333333333,68.7150837989,25.2252252252,50.0,46.5536765816
3ffc,22.2222222222,81.0055865922,30.701754386,32.4786324786,44.9393340822
5bs0,11.1111111111,86.5921787709,34.2105263158,36.9369369369,44.4256738361
