pdb_id,pep_identity,mhc_identity,tcrA_identity,tcrB_identity,total_identity
4eup,11.1111111111,100.0,88.1818181818,58.5585585586,61.4937664938
3o4l,33.3333333333,100.0,39.6396396396,30.0884955752,56.0658003136
4mnq,22.2222222222,100.0,31.5315315315,49.5495495495,54.2542542543
2pye,11.1111111111,100.0,40.7079646018,50.8928571429,52.3038406611
5d2n,22.2222222222,99.4413407821,18.9189189189,33.9130434783,49.3598480676
