pdb_id,pep_identity,mhc_identity,tcrA_identity,tcrB_identity,total_identity
5eu6,11.1111111111,100.0,88.4955752212,45.1327433628,59.3084234677
5bs0,11.1111111111,86.5921787709,82.3008849558,70.0,57.95124412
3o4l,33.3333333333,100.0,38.3928571429,28.9473684211,55.6678153718
5men,22.2222222222,100.0,39.8230088496,33.6363636364,52.9839694884
3qeq,11.1111111111,100.0,32.1428571429,33.0357142857,47.9001322751
