pdb_id,pep_identity,mhc_identity,tcrA_identity,tcrB_identity,total_identity
3o4l,33.3333333333,100.0,53.1531531532,30.9734513274,58.4655451912
3gsn,22.2222222222,100.0,41.4414414414,48.6725663717,55.7597420429
2e7l,33.3333333333,68.7150837989,34.5132743363,52.7272727273,48.5562302213
