pdb_id,pep_identity,mhc_identity,tcrA_identity,tcrB_identity,total_identity
5d2n,22.2222222222,99.4413407821,28.5714285714,66.9565217391,56.4758460532
3o4l,33.3333333333,100.0,29.4642857143,31.3043478261,54.5725500345
3ffc,22.2222222222,81.0055865922,52.2123893805,52.1367521368,51.800793191
5men,22.2222222222,100.0,29.203539823,28.0701754386,50.286359951
3qdj,11.1111111111,100.0,29.4642857143,31.5789473684,47.2109092175
5bs0,11.1111111111,86.5921787709,32.1739130435,44.7368421053,45.3862224855
2e7l,33.3333333333,68.7150837989,36.2831858407,30.9734513274,45.2255785721
