pdb_id,pep_identity,mhc_identity,tcrA_identity,tcrB_identity,total_identity
3o4l,33.3333333333,100.0,45.4545454545,26.724137931,56.4742250087
5d2n,22.2222222222,99.4413407821,23.4234234234,68.6956521739,55.9077002677
5men,22.2222222222,100.0,34.2342342342,28.6956521739,51.2290551421
3qdj,11.1111111111,100.0,45.4545454545,33.0434782609,50.1200409896
3ffc,22.2222222222,81.0055865922,34.5132743363,55.5555555556,49.4207412534
5bs0,11.1111111111,86.5921787709,37.1681415929,47.3684210526,46.6571904016
