pdb_id,pep_identity,mhc_identity,tcrA_identity,tcrB_identity,total_identity
5men,22.2222222222,100.0,23.8532110092,73.4513274336,56.9581638145
5d2n,22.2222222222,99.4413407821,50.0,33.0434782609,54.3951007116
3o4l,33.3333333333,100.0,20.9090909091,27.5862068966,52.5269940787
3qeq,11.1111111111,100.0,30.0,59.2920353982,51.9190429367
2e7l,33.3333333333,68.7150837989,27.1929824561,58.407079646,48.2828160611
