pdb_id,pep_identity,mhc_identity,tcrA_identity,tcrB_identity,total_identity
3gsn,22.2222222222,100.0,87.2727272727,33.6283185841,60.8909150502
3o4l,33.3333333333,100.0,33.6363636364,24.5614035088,54.144072302
4mnq,22.2222222222,100.0,37.5,33.0357142857,52.4966931217
2p5e,11.1111111111,100.0,41.592920354,31.5315315315,49.2244456846
