pdb_id,pep_identity,mhc_identity,tcrA_identity,tcrB_identity,total_identity
3o4l,33.3333333333,100.0,25.2252252252,28.9473684211,53.4732100522
5eu6,11.1111111111,100.0,33.6283185841,41.592920354,49.5739101934
3ffc,22.2222222222,81.0055865922,23.0088495575,41.0256410256,45.081684702
2e7l,33.3333333333,68.7150837989,25.0,29.7297297297,43.1377606657
