pdb_id,pep_identity,mhc_identity,tcrA_identity,tcrB_identity,total_identity
3o4l,33.3333333333,100.0,58.4905660377,26.5486725664,58.6176508785
5eu6,11.1111111111,100.0,40.7079646018,54.8672566372,52.9662405769
5men,22.2222222222,100.0,30.3571428571,35.1351351351,51.6561204061
3ffc,22.2222222222,81.0055865922,34.8214285714,49.5726495726,48.4749492955
