pdb_id,pep_identity,mhc_identity,tcrA_identity,tcrB_identity,total_identity
4eup,11.1111111111,100.0,67.5675675676,53.0973451327,57.1478558204
3o4l,33.3333333333,100.0,39.2857142857,25.8620689655,55.3024083196
5men,22.2222222222,100.0,35.1351351351,50.8771929825,55.0761287603
2e7l,33.3333333333,68.7150837989,39.4736842105,53.0973451327,49.4446439346
5d2n,22.2222222222,99.4413407821,25.8928571429,26.9565217391,49.3627508151
5bs0,11.1111111111,86.5921787709,45.1327433628,34.5132743363,45.8420995772
