pdb_id,pep_identity,mhc_identity,tcrA_identity,tcrB_identity,total_identity
5d2n,22.2222222222,99.4413407821,28.3185840708,66.9565217391,56.4337053031
3o4l,33.3333333333,100.0,38.3928571429,27.5862068966,55.4409551177
4mnq,22.2222222222,100.0,28.9473684211,28.6956521739,50.3479108399
2e7l,33.3333333333,68.7150837989,62.5,31.5789473684,49.6959636055
3ffc,22.2222222222,81.0055865922,29.8245614035,56.4102564103,48.7817392404
4eup,11.1111111111,100.0,36.6071428571,32.4561403509,48.5475842384
5bs0,11.1111111111,86.5921787709,32.4561403509,47.3684210526,45.8718568613
