pdb_id,pep_identity,mhc_identity,tcrA_identity,tcrB_identity,total_identity
5d2n,22.2222222222,99.4413407821,26.5486725664,56.5217391304,54.3995896176
5men,22.2222222222,100.0,32.1428571429,39.6396396396,52.7044902045
3qeq,11.1111111111,100.0,38.7387387387,38.0530973451,49.8356763843
3ffc,22.2222222222,81.0055865922,24.5614035088,51.2820512821,47.0498454033
5bs0,11.1111111111,86.5921787709,33.6283185841,42.8571428571,45.3153402009
2e7l,33.3333333333,68.7150837989,24.7787610619,34.5454545455,43.903508312
