pdb_id,pep_identity,mhc_identity,tcrA_identity,tcrB_identity,total_identity
3o4l,33.3333333333,100.0,33.3333333333,26.0869565217,54.347826087
5men,22.2222222222,100.0,35.1351351351,32.1428571429,51.9537394537
5eu6,11.1111111111,100.0,36.2831858407,48.6725663717,51.1963290724
3ffc,22.2222222222,81.0055865922,30.0,45.2991452991,46.9591271547
2e7l,33.3333333333,68.7150837989,27.6785714286,31.25,43.8375676155
