pdb_id,pep_identity,mhc_identity,tcrA_identity,tcrB_identity,total_identity
3gsn,22.2222222222,100.0,36.9369369369,73.9130434783,59.2157374766
3o4l,33.3333333333,100.0,45.9459459459,28.813559322,56.9043619891
2e7l,33.3333333333,68.7150837989,35.7142857143,57.3913043478,49.5337373878
