pdb_id,pep_identity,mhc_identity,tcrA_identity,tcrB_identity,total_identity
3qdj,11.1111111111,100.0,88.8888888889,53.0973451327,60.701409374
4mnq,22.2222222222,100.0,33.3333333333,56.6371681416,55.7358243199
3o4l,33.3333333333,100.0,41.6666666667,25.2173913043,55.5917874396
5d2n,22.2222222222,99.4413407821,29.6296296296,30.4347826087,50.5652563745
2e7l,33.3333333333,68.7150837989,33.3333333333,54.4642857143,48.649075552
