pdb_id,pep_identity,mhc_identity,tcrA_identity,tcrB_identity,total_identity
5d2n,22.2222222222,99.4413407821,24.347826087,69.5652173913,56.2066949145
3o4l,33.3333333333,100.0,37.7192982456,27.5862068966,55.3286953015
5men,22.2222222222,100.0,38.0530973451,33.0434782609,52.5901700084
3qdj,11.1111111111,100.0,37.7192982456,37.3913043478,49.5554708026
3ffc,22.2222222222,81.0055865922,31.8965517241,52.9914529915,48.5572703907
5bs0,11.1111111111,86.5921787709,47.3684210526,45.2173913043,47.9987320202
