pdb_id,pep_identity,mhc_identity,tcrA_identity,tcrB_identity,total_identity
3o4l,33.3333333333,100.0,59.0909090909,27.4336283186,58.8652006794
3gsn,22.2222222222,100.0,41.8181818182,55.7522123894,57.0024731087
2e7l,33.3333333333,68.7150837989,34.8214285714,55.0458715596,48.9940223992
