pdb_id,pep_identity,mhc_identity,tcrA_identity,tcrB_identity,total_identity
3o4l,33.3333333333,100.0,57.5471698113,29.203539823,58.9028960502
5eu6,11.1111111111,100.0,47.7876106195,61.9469026549,55.3261225828
3ffc,22.2222222222,81.0055865922,34.8214285714,76.9230769231,53.0333538539
5men,22.2222222222,100.0,31.25,29.4642857143,50.8597883598
3qeq,11.1111111111,100.0,32.1100917431,32.7433628319,47.8459461329
