pdb_id,pep_identity,mhc_identity,tcrA_identity,tcrB_identity,total_identity
3gsn,22.2222222222,100.0,35.1851851852,80.5309734513,60.0267671802
3o4l,33.3333333333,100.0,31.4814814815,33.3333333333,55.2469135802
2e7l,33.3333333333,68.7150837989,33.3333333333,57.2727272727,49.1171491451
