pdb_id,pep_identity,mhc_identity,tcrA_identity,tcrB_identity,total_identity
5eu6,11.1111111111,100.0,88.4955752212,66.6666666667,62.897410685
2bnr,11.1111111111,100.0,87.610619469,29.203539823,56.5060635857
3o4l,33.3333333333,100.0,39.2857142857,26.9565217391,55.4848171153
5bs0,11.1111111111,86.5921787709,84.0707964602,48.2456140351,54.6204983766
5men,22.2222222222,100.0,43.3628318584,28.0701754386,52.6462419569
