pdb_id,pep_identity,mhc_identity,tcrA_identity,tcrB_identity,total_identity
3o4l,33.3333333333,100.0,30.6306306306,55.3571428571,58.7757400257
3gsn,22.2222222222,100.0,35.1351351351,30.4347826087,51.6690603647
