pdb_id,pep_identity,mhc_identity,tcrA_identity,tcrB_identity,total_identity
3o4l,33.3333333333,100.0,36.6071428571,24.5614035088,54.6392021721
5men,22.2222222222,100.0,40.1785714286,31.25,52.6455026455
5eu6,11.1111111111,100.0,50.4424778761,39.8230088496,52.0812848246
3ffc,22.2222222222,81.0055865922,33.3333333333,35.8974358974,45.9477311433
