pdb_id,pep_identity,mhc_identity,tcrA_identity,tcrB_identity,total_identity
3o4l,33.3333333333,100.0,27.4336283186,26.9565217391,53.5094694541
5eu6,11.1111111111,100.0,35.0877192982,43.8596491228,50.1949317739
3ffc,22.2222222222,81.0055865922,31.3043478261,41.0256410256,46.4642677468
2e7l,33.3333333333,68.7150837989,25.6637168142,31.25,43.5017585131
