pdb_id,pep_identity,mhc_identity,tcrA_identity,tcrB_identity,total_identity
5eu6,11.1111111111,100.0,48.6725663717,76.3157894737,57.8684296779
3o4l,33.3333333333,100.0,37.2727272727,31.0344827586,55.8289794497
5men,22.2222222222,100.0,39.8230088496,34.2105263158,53.0796632683
3ffc,22.2222222222,81.0055865922,32.7433628319,55.5555555556,49.1257560027
5bs0,11.1111111111,86.5921787709,46.017699115,39.4736842105,46.8163271816
