pdb_id,pep_identity,mhc_identity,tcrA_identity,tcrB_identity,total_identity
4eup,11.1111111111,100.0,82.8828828829,88.2882882883,65.5655655656
3o4l,33.3333333333,100.0,38.3928571429,28.3185840708,55.5630179801
3gsn,22.2222222222,100.0,39.2857142857,49.5575221239,55.547946809
5men,22.2222222222,100.0,34.2342342342,52.7272727273,55.2343252343
2f53,11.1111111111,100.0,41.592920354,51.7857142857,52.6001428103
