pdb_id,pep_identity,mhc_identity,tcrA_identity,tcrB_identity,total_identity
5d2n,22.2222222222,99.4413407821,28.4482758621,66.9565217391,56.4553206016
3o4l,33.3333333333,100.0,30.1724137931,27.1929824561,54.0053438193
3ffc,22.2222222222,81.0055865922,51.724137931,55.5555555556,52.2892185192
5men,22.2222222222,100.0,29.3103448276,29.203539823,50.4930548492
4eup,11.1111111111,100.0,30.1724137931,33.0357142857,47.5717250502
5bs0,11.1111111111,86.5921787709,34.4827586207,48.2142857143,46.3506040165
2e7l,33.3333333333,68.7150837989,35.8974358974,32.1428571429,45.3561878841
