pdb_id,pep_identity,mhc_identity,tcrA_identity,tcrB_identity,total_identity
3qdj,11.1111111111,100.0,89.9082568807,31.3043478261,57.2391378215
3o4l,33.3333333333,100.0,39.0909090909,24.7863247863,55.0906500907
5d2n,22.2222222222,99.4413407821,22.7272727273,48.6956521739,52.4583418183
5men,22.2222222222,100.0,35.4545454545,33.9130434783,52.3020055629
3ffc,22.2222222222,81.0055865922,32.1428571429,41.8803418803,46.746469442
5bs0,11.1111111111,86.5921787709,40.7079646018,40.0,46.0190907276
