pdb_id,pep_identity,mhc_identity,tcrA_identity,tcrB_identity,total_identity
3o4l,33.3333333333,100.0,29.8245614035,25.641025641,53.6887089519
5eu6,11.1111111111,100.0,34.2105263158,48.275862069,50.7847684345
2e7l,33.3333333333,68.7150837989,60.5263157895,33.3333333333,49.6594138979
3ffc,22.2222222222,81.0055865922,30.1724137931,45.2991452991,46.9878627868
