pdb_id,pep_identity,mhc_identity,tcrA_identity,tcrB_identity,total_identity
2bnq,11.1111111111,100.0,85.8407079646,49.5495495495,59.6020799561
3o4l,33.3333333333,100.0,40.1785714286,30.0884955752,56.1556222784
5bs0,11.1111111111,86.5921787709,82.3008849558,40.0,52.95124412
3qeq,11.1111111111,100.0,31.25,52.6785714286,51.0251322751
5d2n,22.2222222222,99.4413407821,23.0088495575,33.0434782609,49.8965756378
2e7l,33.3333333333,68.7150837989,35.3982300885,50.0,48.2491773922
