pdb_id,pep_identity,mhc_identity,tcrA_identity,tcrB_identity,total_identity
3qdj,11.1111111111,100.0,87.1559633028,33.0357142857,57.0689833018
3o4l,33.3333333333,100.0,39.0909090909,29.8245614035,55.9303561935
5men,22.2222222222,100.0,33.3333333333,33.0357142857,51.8022486772
5d2n,22.2222222222,99.4413407821,21.8181818182,33.9130434783,49.8430585509
