pdb_id,pep_identity,mhc_identity,tcrA_identity,tcrB_identity,total_identity
3o4l,33.3333333333,100.0,57.6923076923,24.347826087,58.1178000743
5men,22.2222222222,100.0,30.3571428571,32.7433628319,51.2574916889
5d2n,22.2222222222,99.4413407821,22.9357798165,35.652173913,50.3191799564
3qdj,11.1111111111,100.0,43.119266055,35.3982300885,50.1232863943
