pdb_id,pep_identity,mhc_identity,tcrA_identity,tcrB_identity,total_identity
3o4l,33.3333333333,100.0,33.6363636364,30.0884955752,55.065254313
5men,22.2222222222,100.0,30.9734513274,50.4504504505,54.3113910371
4eup,11.1111111111,100.0,35.1351351351,58.5585585586,52.6526526527
4qrp,11.1111111111,81.0055865922,88.1818181818,34.5132743363,51.1547479874
2e7l,33.3333333333,68.7150837989,50.4504504505,50.0,50.7578807858
5bs0,11.1111111111,86.5921787709,31.8584070796,40.0,44.544164474
