pdb_id,pep_identity,mhc_identity,tcrA_identity,tcrB_identity,total_identity
5d2n,22.2222222222,99.4413407821,59.4339622642,33.0434782609,55.9674277556
3o4l,33.3333333333,100.0,23.1481481481,25.0,52.4691358025
4mnq,22.2222222222,100.0,21.6216216216,33.3333333333,49.8998998999
3qeq,11.1111111111,100.0,32.4074074074,29.8245614035,47.4090318389
3ffc,22.2222222222,81.0055865922,29.0909090909,34.188034188,44.9557601513
