pdb_id,pep_identity,mhc_identity,tcrA_identity,tcrB_identity,total_identity
3qeq,11.1111111111,100.0,29.7297297297,91.1504424779,57.183732405
5men,22.2222222222,100.0,30.3571428571,63.7168141593,56.4197335768
2e7l,33.3333333333,68.7150837989,62.1621621622,61.9469026549,54.7009831802
3o4l,33.3333333333,100.0,29.7297297297,28.4482758621,54.1407787097
5d2n,22.2222222222,99.4413407821,26.7857142857,36.5217391304,51.1057632375
