pdb_id,pep_identity,mhc_identity,tcrA_identity,tcrB_identity,total_identity
4eup,11.1111111111,100.0,87.2727272727,34.5132743363,57.3347039719
3o4l,33.3333333333,100.0,38.7387387387,28.4482758621,55.6422802112
5men,22.2222222222,100.0,33.3333333333,28.3185840708,51.0160603081
5d2n,22.2222222222,99.4413407821,19.8198198198,41.7391304348,50.8143460439
5bs0,11.1111111111,86.5921787709,41.592920354,55.7522123894,48.7919520846
3ffc,22.2222222222,81.0055865922,30.9734513274,47.0085470085,47.4062693275
