pdb_id,pep_identity,mhc_identity,tcrA_identity,tcrB_identity,total_identity
5d2n,22.2222222222,99.4413407821,61.320754717,34.188034188,56.4726524856
3o4l,33.3333333333,100.0,21.2962962963,24.5762711864,52.0898723582
4mnq,22.2222222222,100.0,21.6216216216,36.2068965517,50.378827103
4eup,11.1111111111,100.0,29.3577981651,35.652173913,47.8720323834
