pdb_id,pep_identity,mhc_identity,tcrA_identity,tcrB_identity,total_identity
3o4l,33.3333333333,100.0,51.8181818182,30.9734513274,58.2430499687
4mnq,22.2222222222,100.0,33.9285714286,31.8181818182,51.6985329485
5d2n,22.2222222222,99.4413407821,22.5225225225,41.7391304348,51.2647964943
3qdj,11.1111111111,100.0,49.0909090909,35.1351351351,51.0747110747
5bs0,11.1111111111,86.5921787709,38.0530973451,63.0630630631,49.4204566954
3ffc,22.2222222222,81.0055865922,34.8214285714,39.3162393162,46.7655475861
