pdb_id,pep_identity,mhc_identity,tcrA_identity,tcrB_identity,total_identity
3o4l,33.3333333333,100.0,29.0909090909,23.6842105263,53.240297714
4eup,11.1111111111,100.0,36.6972477064,34.2342342342,48.8589506938
3ffc,22.2222222222,81.0055865922,31.25,33.3333333333,45.1731584937
5bs0,11.1111111111,86.5921787709,32.7433628319,38.3928571429,44.4237999565
2e7l,33.3333333333,68.7150837989,30.3571428571,31.5315315315,44.3309181089
