pdb_id,pep_identity,mhc_identity,tcrA_identity,tcrB_identity,total_identity
3o4l,33.3333333333,100.0,87.5,30.0884955752,64.0425270403
4eup,11.1111111111,100.0,40.9090909091,89.1891891892,58.7200837201
4mnq,22.2222222222,100.0,32.1428571429,55.8558558559,55.4071929072
3gsn,22.2222222222,100.0,33.6363636364,50.4424778761,54.7538809928
2p5w,11.1111111111,100.0,38.0530973451,51.7857142857,52.0101723088
