pdb_id,pep_identity,mhc_identity,tcrA_identity,tcrB_identity,total_identity
3gsn,22.2222222222,100.0,42.1052631579,88.5964912281,62.5243664717
5men,22.2222222222,100.0,35.0877192982,88.5964912281,61.3547758285
2bnr,11.1111111111,100.0,47.3684210526,88.5964912281,59.6978557505
3o4l,33.3333333333,100.0,34.2105263158,29.0598290598,54.9895036737
3qdj,11.1111111111,100.0,42.1052631579,61.4035087719,54.2884990253
