pdb_id,pep_identity,mhc_identity,tcrA_identity,tcrB_identity,total_identity
5d2n,22.2222222222,99.4413407821,49.0909090909,66.0869565217,59.7508319369
3o4l,33.3333333333,100.0,21.4285714286,28.4482758621,52.7572523262
5men,22.2222222222,100.0,24.5454545455,32.4561403509,50.2410065568
3ffc,22.2222222222,81.0055865922,28.3185840708,59.8290598291,49.1005435881
3qeq,11.1111111111,100.0,30.3571428571,35.9649122807,48.0907128933
