pdb_id,pep_identity,mhc_identity,tcrA_identity,tcrB_identity,total_identity
3o4l,33.3333333333,100.0,53.1531531532,30.0884955752,58.3180525658
4eup,11.1111111111,100.0,50.4504504505,57.6576576577,55.0550550551
4mnq,22.2222222222,100.0,33.9285714286,49.5495495495,54.6537609038
5d2n,22.2222222222,99.4413407821,23.2142857143,33.9130434783,50.0757425335
2e7l,33.3333333333,68.7150837989,35.3982300885,51.8181818182,48.5522076952
