pdb_id,pep_identity,mhc_identity,tcrA_identity,tcrB_identity,total_identity
3o4l,33.3333333333,100.0,29.8245614035,29.8245614035,54.3859649123
3ffc,22.2222222222,81.0055865922,27.5862068966,88.8888888889,53.821785569
5eu6,11.1111111111,100.0,32.4561403509,60.1769911504,52.4758922873
5men,22.2222222222,100.0,28.3185840708,33.3333333333,51.0160603081
2e7l,33.3333333333,68.7150837989,54.3859649123,32.4324324324,48.4858719349
