pdb_id,pep_identity,mhc_identity,tcrA_identity,tcrB_identity,total_identity
5d2n,22.2222222222,99.4413407821,52.8301886792,44.347826087,56.7508567958
3o4l,33.3333333333,100.0,23.1481481481,26.724137931,52.7564921243
5bs0,11.1111111111,86.5921787709,22.8070175439,90.2654867257,51.4131806723
5men,22.2222222222,100.0,21.6216216216,37.1681415929,50.5390346098
3qeq,11.1111111111,100.0,31.4814814815,30.0884955752,47.2986998798
3ffc,22.2222222222,81.0055865922,28.1818181818,38.4615384615,45.516495712
