pdb_id,pep_identity,mhc_identity,tcrA_identity,tcrB_identity,total_identity
5men,22.2222222222,100.0,31.5789473684,76.1061946903,58.6882644172
3o4l,33.3333333333,100.0,32.4561403509,29.3103448276,54.7388586409
2e7l,33.3333333333,68.7150837989,67.5438596491,56.6371681416,54.7129770092
3qdj,11.1111111111,100.0,32.4561403509,62.8318584071,52.9183701634
5d2n,22.2222222222,99.4413407821,27.8260869565,32.1739130435,50.5545210014
