pdb_id,pep_identity,mhc_identity,tcrA_identity,tcrB_identity,total_identity
5men,22.2222222222,100.0,42.4778761062,78.3783783784,60.8834498215
3o4l,33.3333333333,100.0,32.7433628319,29.8245614035,54.872431817
3qeq,11.1111111111,100.0,38.9380530973,61.6071428571,53.7945696961
5eu6,11.1111111111,100.0,42.4778761062,36.2831858407,50.1638806949
