pdb_id,pep_identity,mhc_identity,tcrA_identity,tcrB_identity,total_identity
3qdj,11.1111111111,100.0,86.6071428571,36.8421052632,57.6119117238
3o4l,33.3333333333,100.0,38.9380530973,28.4482758621,55.675499271
5d2n,22.2222222222,99.4413407821,20.3539823009,55.652173913,53.2222137038
5men,22.2222222222,100.0,33.9285714286,35.9649122807,52.3896546923
3ffc,22.2222222222,81.0055865922,31.3043478261,53.8461538462,48.6010198835
5bs0,11.1111111111,86.5921787709,41.2280701754,44.2477876106,46.8137395917
