pdb_id,pep_identity,mhc_identity,tcrA_identity,tcrB_identity,total_identity
3o4l,33.3333333333,100.0,29.203539823,29.8245614035,54.2824613155
5men,22.2222222222,100.0,29.5652173913,32.1428571429,51.0254198298
5eu6,11.1111111111,100.0,35.652173913,34.5132743363,48.7312784119
3ffc,22.2222222222,81.0055865922,51.3274336283,29.9145299145,47.9495968619
2e7l,33.3333333333,68.7150837989,34.2105263158,28.8288288288,44.5226982348
