pdb_id,pep_identity,mhc_identity,tcrA_identity,tcrB_identity,total_identity
3o4l,33.3333333333,100.0,51.8181818182,32.2033898305,58.4480397192
3gsn,22.2222222222,100.0,42.7272727273,37.0689655172,54.0401137815
3ffc,22.2222222222,81.0055865922,34.8214285714,51.2820512821,48.7598495804
