pdb_id,pep_identity,mhc_identity,tcrA_identity,tcrB_identity,total_identity
3o4l,33.3333333333,100.0,89.2156862745,28.4482758621,64.0551048005
4eup,11.1111111111,100.0,40.3669724771,88.4955752212,58.5141283201
4mnq,22.2222222222,100.0,33.0357142857,54.3859649123,55.3110206071
3gsn,22.2222222222,100.0,34.2592592593,50.0,54.7839506173
2p5w,11.1111111111,100.0,38.0530973451,52.6315789474,52.1511497525
