pdb_id,pep_identity,mhc_identity,tcrA_identity,tcrB_identity,total_identity
3o4l,33.3333333333,100.0,88.1188118812,27.4336283186,63.7031844777
3gsn,22.2222222222,100.0,34.5794392523,32.7433628319,51.9612077548
4mnq,22.2222222222,100.0,31.25,36.036036036,51.9550800801
5eu6,11.1111111111,100.0,40.7079646018,47.7876106195,51.7862995739
