pdb_id,pep_identity,mhc_identity,tcrA_identity,tcrB_identity,total_identity
3o4l,33.3333333333,100.0,41.2844036697,55.3571428571,60.5513688656
3qdj,11.1111111111,100.0,90.7407407407,39.8230088496,58.7976619688
5men,22.2222222222,100.0,32.4324324324,36.6071428571,52.2473366223
5eu6,11.1111111111,100.0,42.4778761062,32.4561403509,49.5260397799
