pdb_id,pep_identity,mhc_identity,tcrA_identity,tcrB_identity,total_identity
3o4l,33.3333333333,100.0,30.6306306306,29.8245614035,54.5203097835
5eu6,11.1111111111,100.0,32.7433628319,58.407079646,52.22877745
4mnq,22.2222222222,100.0,30.6306306306,36.6071428571,51.947036322
3ffc,22.2222222222,81.0055865922,33.6283185841,52.1367521368,48.7034480583
2e7l,33.3333333333,68.7150837989,31.8584070796,35.7142857143,45.2782545097
