pdb_id,pep_identity,mhc_identity,tcrA_identity,tcrB_identity,total_identity
3o4l,33.3333333333,100.0,31.8181818182,26.3157894737,54.1334396598
5men,22.2222222222,100.0,37.5,32.1428571429,52.3478835979
5eu6,11.1111111111,100.0,34.2105263158,49.5575221239,50.9983784437
3ffc,22.2222222222,81.0055865922,30.701754386,45.2991452991,47.076086219
2e7l,33.3333333333,68.7150837989,27.027027027,34.2342342342,44.2263492543
