pdb_id,pep_identity,mhc_identity,tcrA_identity,tcrB_identity,total_identity
3qdj,11.1111111111,100.0,94.6428571429,30.3571428571,57.8703703704
3o4l,33.3333333333,100.0,39.8230088496,28.9473684211,55.9061739895
4mnq,22.2222222222,100.0,33.0357142857,33.0357142857,51.7526455026
5d2n,22.2222222222,99.4413407821,21.2389380531,35.652173913,50.0363729958
