pdb_id,pep_identity,mhc_identity,tcrA_identity,tcrB_identity,total_identity
5men,22.2222222222,100.0,25.8928571429,86.2068965517,59.4240330232
3o4l,33.3333333333,100.0,30.0,29.4117647059,54.3464052288
2e7l,33.3333333333,68.7150837989,55.8558558559,53.4482758621,52.2334943304
3qdj,11.1111111111,100.0,29.7297297297,60.3448275862,52.0494632564
5d2n,22.2222222222,99.4413407821,24.3243243243,30.7692307692,49.7367801837
