pdb_id,pep_identity,mhc_identity,tcrA_identity,tcrB_identity,total_identity
3o4l,33.3333333333,100.0,61.1650485437,29.5652173913,59.5661554336
5eu6,11.1111111111,100.0,37.1681415929,93.8053097345,58.8659455916
5men,22.2222222222,100.0,28.5714285714,35.3982300885,51.4023505174
3ffc,22.2222222222,81.0055865922,33.6363636364,57.264957265,49.559489755
3qeq,11.1111111111,100.0,31.1320754717,37.1681415929,48.4204065478
