pdb_id,pep_identity,mhc_identity,tcrA_identity,tcrB_identity,total_identity
5d2n,22.2222222222,99.4413407821,28.8288288288,74.7826086957,57.8230939222
3o4l,33.3333333333,100.0,39.0909090909,29.5652173913,55.8871321915
4mnq,22.2222222222,100.0,28.9473684211,33.6283185841,51.1700219083
2e7l,33.3333333333,68.7150837989,62.1621621622,33.6283185841,49.9812191684
3ffc,22.2222222222,81.0055865922,28.9473684211,59.8290598291,49.2053409798
4eup,11.1111111111,100.0,34.8214285714,34.5132743363,48.592820855
5bs0,11.1111111111,86.5921787709,33.3333333333,49.1071428571,46.3078426591
