pdb_id,pep_identity,mhc_identity,tcrA_identity,tcrB_identity,total_identity
3o4l,33.3333333333,100.0,33.6363636364,29.203539823,54.9177616877
5men,22.2222222222,100.0,34.2342342342,48.6486486486,54.5545545546
3qeq,11.1111111111,100.0,49.5412844037,53.5714285714,54.2224891996
2e7l,33.3333333333,68.7150837989,27.1929824561,51.8181818182,47.1846664231
5bs0,11.1111111111,86.5921787709,39.8230088496,39.6396396396,45.8115380422
3ffc,22.2222222222,81.0055865922,28.5714285714,36.7521367521,45.2965304921
