pdb_id,pep_identity,mhc_identity,tcrA_identity,tcrB_identity,total_identity
3o4l,33.3333333333,100.0,29.3577981651,55.3571428571,58.5636012815
3gsn,22.2222222222,100.0,33.9449541284,30.4347826087,51.4706968636
