pdb_id,pep_identity,mhc_identity,tcrA_identity,tcrB_identity,total_identity
3o4l,33.3333333333,100.0,30.701754386,34.188034188,55.2594092068
5men,22.2222222222,100.0,29.8245614035,33.6206896552,51.3149492505
5eu6,11.1111111111,100.0,32.4561403509,52.5862068966,51.2107615783
2e7l,33.3333333333,68.7150837989,56.1403508772,35.652173913,49.3148931758
3ffc,22.2222222222,81.0055865922,29.3103448276,50.4273504274,47.6988854806
