pdb_id,pep_identity,mhc_identity,tcrA_identity,tcrB_identity,total_identity
5men,22.2222222222,100.0,37.5,49.5575221239,55.2503277614
3o4l,33.3333333333,100.0,32.1428571429,29.5652173913,54.7291235335
3qeq,11.1111111111,100.0,45.045045045,52.2123893805,53.2466094413
2e7l,33.3333333333,68.7150837989,27.6785714286,50.0,46.9625676155
3ffc,22.2222222222,81.0055865922,33.3333333333,35.0427350427,45.8052810008
5bs0,11.1111111111,86.5921787709,32.4561403509,39.2857142857,44.5247390668
