pdb_id,pep_identity,mhc_identity,tcrA_identity,tcrB_identity,total_identity
3o4l,33.3333333333,100.0,31.7757009346,29.5652173913,54.6679308321
4mnq,22.2222222222,100.0,29.7297297297,32.1428571429,51.0528385528
5bs0,11.1111111111,86.5921787709,32.7433628319,65.7657657658,48.9859513936
3qdj,11.1111111111,100.0,36.6972477064,33.9285714286,48.8080068929
3ffc,22.2222222222,81.0055865922,35.1351351351,40.1709401709,46.9602821558
2e7l,33.3333333333,68.7150837989,33.6283185841,30.3571428571,44.6803826176
