pdb_id,pep_identity,mhc_identity,tcrA_identity,tcrB_identity,total_identity
3o4l,33.3333333333,100.0,34.2342342342,29.5652173913,55.077686382
3ffc,22.2222222222,81.0055865922,28.9473684211,89.7435897436,54.1910959656
5eu6,11.1111111111,100.0,33.3333333333,60.1769911504,52.6220911177
2e7l,33.3333333333,68.7150837989,70.2702702703,30.9734513274,50.8900926437
5men,22.2222222222,100.0,28.9473684211,31.8584070796,50.8750366575
