pdb_id,pep_identity,mhc_identity,tcrA_identity,tcrB_identity,total_identity
3qdj,11.1111111111,100.0,87.962962963,35.9649122807,57.691682911
3o4l,33.3333333333,100.0,40.3669724771,29.5652173913,56.0998094225
5d2n,22.2222222222,99.4413407821,21.1009174312,67.8260869565,55.3756883994
5men,22.2222222222,100.0,31.5315315315,32.4561403509,51.4053527211
3ffc,22.2222222222,81.0055865922,32.1428571429,53.8461538462,48.7407714363
5bs0,11.1111111111,86.5921787709,38.0530973451,44.7368421053,46.3660865358
