pdb_id,pep_identity,mhc_identity,tcrA_identity,tcrB_identity,total_identity
5d2n,22.2222222222,99.4413407821,64.4859813084,44.347826087,58.6934889007
3o4l,33.3333333333,100.0,22.0183486239,28.9473684211,52.9387306186
5men,22.2222222222,100.0,23.4234234234,36.9369369369,50.8008008008
3qdj,11.1111111111,100.0,25.6880733945,40.5405405405,48.0751393595
5bs0,11.1111111111,86.5921787709,21.0526315789,66.6666666667,47.187646335
