pdb_id,pep_identity,mhc_identity,tcrA_identity,tcrB_identity,total_identity
5d2n,22.2222222222,99.4413407821,25.0,68.6956521739,56.1704630304
3o4l,33.3333333333,100.0,38.7387387387,27.5862068966,55.4986020503
5men,22.2222222222,100.0,38.3928571429,30.4347826087,52.2120140327
3ffc,22.2222222222,81.0055865922,33.6283185841,56.4102564103,49.4156987705
3qeq,11.1111111111,100.0,37.2727272727,34.7826086957,49.0462596984
5bs0,11.1111111111,86.5921787709,46.017699115,46.0869565217,47.9185392335
