pdb_id,pep_identity,mhc_identity,tcrA_identity,tcrB_identity,total_identity
3o4l,33.3333333333,100.0,58.0952380952,22.8070175439,57.9281537176
5men,22.2222222222,100.0,30.3571428571,33.3333333333,51.3558201058
3qdj,11.1111111111,100.0,43.6363636364,35.0877192982,50.1577175261
5d2n,22.2222222222,99.4413407821,22.7272727273,32.7586206897,49.8021699043
