pdb_id,pep_identity,mhc_identity,tcrA_identity,tcrB_identity,total_identity
3gsn,22.2222222222,100.0,36.036036036,49.1379310345,54.9364019192
3ffc,22.2222222222,81.0055865922,67.2566371681,34.188034188,51.3167148308
2e7l,33.3333333333,68.7150837989,32.7433628319,53.9130434783,48.4588734291
