pdb_id,pep_identity,mhc_identity,tcrA_identity,tcrB_identity,total_identity
3qdj,11.1111111111,100.0,88.1818181818,62.1621621622,62.0943670944
3gsn,22.2222222222,100.0,36.9369369369,72.5663716814,58.9912921771
5men,22.2222222222,100.0,32.4324324324,76.5765765766,58.9089089089
2pye,11.1111111111,100.0,41.592920354,75.0,56.4691904294
3o4l,33.3333333333,100.0,40.5405405405,28.9473684211,56.0257626047
