pdb_id,pep_identity,mhc_identity,tcrA_identity,tcrB_identity,total_identity
3o4l,33.3333333333,100.0,32.4324324324,33.6206896552,55.4532981257
3ffc,22.2222222222,81.0055865922,29.203539823,87.1794871795,53.8064407719
5eu6,11.1111111111,100.0,39.8230088496,57.8947368421,53.3233279856
5men,22.2222222222,100.0,32.7272727273,31.5789473684,51.45844409
2e7l,33.3333333333,68.7150837989,33.6283185841,29.8245614035,44.591619042
