pdb_id,pep_identity,mhc_identity,tcrA_identity,tcrB_identity,total_identity
3o4l,33.3333333333,100.0,45.5357142857,23.6842105263,55.9810985798
4mnq,22.2222222222,100.0,31.8584070796,30.3571428571,51.1099990635
5d2n,22.2222222222,99.4413407821,23.0088495575,40.0,51.0559959277
4eup,11.1111111111,100.0,46.4285714286,30.6306306306,49.8802373802
3ffc,22.2222222222,81.0055865922,35.0877192982,29.0598290598,45.1005276645
2e7l,33.3333333333,68.7150837989,35.3982300885,30.6306306306,45.0209491639
