pdb_id,pep_identity,mhc_identity,tcrA_identity,tcrB_identity,total_identity
5d2n,22.2222222222,99.4413407821,52.2935779817,33.9130434783,54.9222912448
5men,22.2222222222,100.0,24.3243243243,30.0884955752,49.8095440573
3qeq,11.1111111111,100.0,30.6306306306,30.9734513274,47.30438403
3ffc,22.2222222222,81.0055865922,27.6785714286,35.8974358974,45.0052708258
2e7l,33.3333333333,68.7150837989,26.9565217391,34.8214285714,44.3124640958
