pdb_id,pep_identity,mhc_identity,tcrA_identity,tcrB_identity,total_identity
3o4l,33.3333333333,100.0,51.376146789,30.0884955752,58.0218848385
5men,22.2222222222,100.0,34.5454545455,50.4504504505,54.9067249067
4eup,11.1111111111,100.0,48.1818181818,58.5585585586,54.8270998271
5d2n,22.2222222222,99.4413407821,22.7272727273,33.0434782609,49.8496461661
2e7l,33.3333333333,68.7150837989,35.1351351351,50.0,48.2053282333
