pdb_id,pep_identity,mhc_identity,tcrA_identity,tcrB_identity,total_identity
3qdj,11.1111111111,100.0,94.495412844,48.6486486486,60.8943806192
3o4l,33.3333333333,100.0,41.8181818182,29.203539823,56.2813980513
5men,22.2222222222,100.0,33.3333333333,48.6486486486,54.4044044044
5eu6,11.1111111111,100.0,42.4778761062,37.1681415929,50.3113733202
