pdb_id,pep_identity,mhc_identity,tcrA_identity,tcrB_identity,total_identity
3gsn,22.2222222222,100.0,33.9449541284,74.3362831858,58.7876136265
3o4l,33.3333333333,100.0,29.3577981651,29.8245614035,54.3081710392
2e7l,33.3333333333,68.7150837989,30.6306306306,57.6576576577,48.7308537588
