pdb_id,pep_identity,mhc_identity,tcrA_identity,tcrB_identity,total_identity
5d2n,22.2222222222,99.4413407821,65.4205607477,32.7586206897,56.9177179077
3o4l,33.3333333333,100.0,23.8532110092,23.6842105263,52.3673480337
5men,22.2222222222,100.0,23.4234234234,35.9649122807,50.6387966914
3qeq,11.1111111111,100.0,27.5229357798,35.9649122807,47.6183450471
