pdb_id,pep_identity,mhc_identity,tcrA_identity,tcrB_identity,total_identity
3o4l,33.3333333333,100.0,28.3185840708,24.347826087,53.2221794707
2f54,11.1111111111,100.0,35.652173913,37.5,49.2290660225
3ffc,22.2222222222,81.0055865922,52.2123893805,30.7692307692,48.2395396298
2e7l,33.3333333333,68.7150837989,35.0877192982,34.8214285714,45.667663689
