pdb_id,pep_identity,mhc_identity,tcrA_identity,tcrB_identity,total_identity
3o4l,33.3333333333,100.0,36.6972477064,30.0884955752,55.5754016581
5men,22.2222222222,100.0,37.5,49.5495495495,55.248998999
3qeq,11.1111111111,100.0,37.962962963,53.5714285714,52.2927689594
2e7l,33.3333333333,68.7150837989,27.9279279279,51.8181818182,47.3071573351
5bs0,11.1111111111,86.5921787709,47.7876106195,39.6396396396,47.1389716705
3ffc,22.2222222222,81.0055865922,32.7433628319,38.4615384615,46.2767531537
