pdb_id,pep_identity,mhc_identity,tcrA_identity,tcrB_identity,total_identity
3o4l,33.3333333333,100.0,87.3786407767,27.1929824561,63.5397149833
5bs0,11.1111111111,86.5921787709,38.0530973451,91.8918918919,54.2252615002
5men,22.2222222222,100.0,33.9285714286,37.8378378378,52.7018089518
3gsn,22.2222222222,100.0,33.9449541284,32.7433628319,51.8554602341
3qdj,11.1111111111,100.0,45.871559633,36.9369369369,50.838453132
