pdb_id,pep_identity,mhc_identity,tcrA_identity,tcrB_identity,total_identity
5d2n,22.2222222222,99.4413407821,22.7272727273,87.9310344828,58.9975722031
3o4l,33.3333333333,100.0,58.0952380952,27.9661016949,58.7880010761
5men,22.2222222222,100.0,31.8181818182,31.0344827586,51.2161848369
3ffc,22.2222222222,81.0055865922,34.2342342342,60.6837606838,50.2289354245
4eup,11.1111111111,100.0,41.8181818182,33.6206896552,49.6101822826
