pdb_id,pep_identity,mhc_identity,tcrA_identity,tcrB_identity,total_identity
3o4l,33.3333333333,100.0,52.2935779817,29.203539823,58.0272974119
4mnq,22.2222222222,100.0,33.9285714286,50.4504504505,54.8039110539
4eup,11.1111111111,100.0,45.4545454545,54.954954955,53.771953772
5d2n,22.2222222222,99.4413407821,24.5454545455,34.7826086957,50.4425315416
2e7l,33.3333333333,68.7150837989,34.2342342342,50.9090909091,48.2066932346
3ffc,22.2222222222,81.0055865922,40.1785714286,33.3333333333,46.6612537318
