pdb_id,pep_identity,mhc_identity,tcrA_identity,tcrB_identity,total_identity
3gsn,22.2222222222,100.0,41.8181818182,90.2654867257,62.754685498
4mnq,22.2222222222,100.0,33.0357142857,91.9642857143,61.5740740741
2bnr,11.1111111111,100.0,39.8230088496,91.0714285714,58.8527766072
3o4l,33.3333333333,100.0,52.7272727273,29.5652173913,58.1598594642
3qdj,11.1111111111,100.0,50.0,68.75,56.8287037037
