pdb_id,pep_identity,mhc_identity,tcrA_identity,tcrB_identity,total_identity
3o4l,33.3333333333,100.0,29.7297297297,25.2173913043,53.6022979501
3ffc,22.2222222222,81.0055865922,60.1769911504,32.4786324786,49.851873543
2f54,11.1111111111,100.0,38.2608695652,31.25,48.6221819646
2e7l,33.3333333333,68.7150837989,34.5132743363,29.4642857143,44.6790657192
