pdb_id,pep_identity,mhc_identity,tcrA_identity,tcrB_identity,total_identity
3o4l,33.3333333333,100.0,35.4545454545,27.8260869565,54.991216513
5eu6,11.1111111111,100.0,41.592920354,57.5221238938,53.5562110783
4mnq,22.2222222222,100.0,41.592920354,32.7433628319,53.1301212717
3ffc,22.2222222222,81.0055865922,32.7433628319,50.4273504274,48.271055148
2e7l,33.3333333333,68.7150837989,30.6306306306,35.3982300885,45.0209491639
