pdb_id,pep_identity,mhc_identity,tcrA_identity,tcrB_identity,total_identity
5men,22.2222222222,100.0,32.7433628319,77.4774774775,59.1108807923
3o4l,33.3333333333,100.0,33.0434782609,29.8245614035,54.9224510552
3qdj,11.1111111111,100.0,32.1739130435,63.963963964,53.0600165383
5d2n,22.2222222222,99.4413407821,28.6956521739,31.3043478261,50.5545210014
3ffc,22.2222222222,81.0055865922,59.1304347826,32.4786324786,49.6774474817
2e7l,33.3333333333,68.7150837989,32.7586206897,58.5585585586,49.2356689188
