pdb_id,pep_identity,mhc_identity,tcrA_identity,tcrB_identity,total_identity
5d2n,22.2222222222,99.4413407821,28.5714285714,67.5213675214,56.5699870169
3o4l,33.3333333333,100.0,34.2342342342,27.1186440678,54.6699241614
2e7l,33.3333333333,68.7150837989,70.2702702703,31.8965517241,51.0439427098
5men,22.2222222222,100.0,28.9473684211,26.4957264957,49.9812565602
3ffc,22.2222222222,81.0055865922,28.9473684211,53.8461538462,48.2081899827
3qeq,11.1111111111,100.0,30.6306306306,32.4786324786,47.5552475552
