pdb_id,pep_identity,mhc_identity,tcrA_identity,tcrB_identity,total_identity
5d2n,22.2222222222,99.4413407821,56.880733945,32.1739130435,55.3969621662
5men,22.2222222222,100.0,22.5225225225,47.7477477477,52.4524524525
3qeq,11.1111111111,100.0,31.5315315315,52.6785714286,51.0720541971
2e7l,33.3333333333,68.7150837989,26.0869565217,52.7272727273,47.1518439189
3ffc,22.2222222222,81.0055865922,28.5714285714,35.8974358974,45.1540803496
