pdb_id,pep_identity,mhc_identity,tcrA_identity,tcrB_identity,total_identity
3o4l,33.3333333333,100.0,28.4482758621,27.1929824561,53.7179874975
5eu6,11.1111111111,100.0,37.9310344828,33.0434782609,48.8661224943
3ffc,22.2222222222,81.0055865922,50.0,28.813559322,47.5448628251
2e7l,33.3333333333,68.7150837989,35.0427350427,33.0357142857,45.3625472655
