pdb_id,pep_identity,mhc_identity,tcrA_identity,tcrB_identity,total_identity
3gsn,22.2222222222,100.0,85.5855855856,79.8245614035,68.3090985723
5men,22.2222222222,100.0,38.3928571429,76.3157894737,59.8588485102
2pye,11.1111111111,100.0,40.7079646018,74.5614035088,56.2485983888
3o4l,33.3333333333,100.0,32.4324324324,32.4786324786,55.262955263
