pdb_id,pep_identity,mhc_identity,tcrA_identity,tcrB_identity,total_identity
4eup,11.1111111111,100.0,31.25,87.5,56.8287037037
3o4l,33.3333333333,100.0,30.3571428571,28.6956521739,54.2865769496
4mnq,22.2222222222,100.0,27.1929824561,53.982300885,54.2699546309
2e7l,33.3333333333,68.7150837989,58.0357142857,55.3571428571,52.9149485679
5d2n,22.2222222222,99.4413407821,23.8938053097,29.5652173913,49.4643581183
