pdb_id,pep_identity,mhc_identity,tcrA_identity,tcrB_identity,total_identity
5men,22.2222222222,100.0,28.4482758621,76.1061946903,58.1664858328
3o4l,33.3333333333,100.0,30.1724137931,27.5862068966,54.0708812261
3qdj,11.1111111111,100.0,32.7586206897,63.7168141593,53.1162761785
5d2n,22.2222222222,99.4413407821,27.5862068966,32.1739130435,50.5145409915
2e7l,33.3333333333,68.7150837989,35.8974358974,57.5221238938,49.5860656759
3ffc,22.2222222222,81.0055865922,50.8620689655,33.3333333333,48.4418366546
