pdb_id,pep_identity,mhc_identity,tcrA_identity,tcrB_identity,total_identity
3o4l,33.3333333333,100.0,31.3043478261,53.0973451327,58.5113932709
4mnq,22.2222222222,100.0,29.5652173913,28.9473684211,50.4928383761
5d2n,22.2222222222,99.4413407821,26.724137931,31.0344827586,50.1809577831
2e7l,33.3333333333,68.7150837989,62.6086956522,30.3571428571,49.5104454623
3qdj,11.1111111111,100.0,35.652173913,31.5789473684,48.2422239173
