pdb_id,pep_identity,mhc_identity,tcrA_identity,tcrB_identity,total_identity
3o4l,33.3333333333,100.0,89.1089108911,31.5789473684,64.5590874877
5eu6,11.1111111111,100.0,39.8230088496,56.6371681416,53.1137332022
5men,22.2222222222,100.0,33.0357142857,35.7142857143,52.1990740741
3gsn,22.2222222222,100.0,34.5794392523,33.3333333333,52.0595361717
