pdb_id,pep_identity,mhc_identity,tcrA_identity,tcrB_identity,total_identity
3gsn,22.2222222222,100.0,36.3636363636,55.7522123894,56.0933821996
2e7l,33.3333333333,68.7150837989,29.4642857143,52.6785714286,47.7066152345
