pdb_id,pep_identity,mhc_identity,tcrA_identity,tcrB_identity,total_identity
3o4l,33.3333333333,100.0,29.203539823,30.701754386,54.4286601459
5men,22.2222222222,100.0,30.701754386,33.0357142857,51.363652186
2e7l,33.3333333333,68.7150837989,58.407079646,33.3333333333,49.306207874
5eu6,11.1111111111,100.0,34.2105263158,35.3982300885,48.6384964378
3ffc,22.2222222222,81.0055865922,27.8260869565,31.6239316239,44.3176060349
