pdb_id,pep_identity,mhc_identity,tcrA_identity,tcrB_identity,total_identity
3o4l,33.3333333333,100.0,29.2452830189,26.0869565217,53.6664843679
5eu6,11.1111111111,100.0,29.203539823,48.6725663717,50.0163880695
3ffc,22.2222222222,81.0055865922,24.5454545455,45.2991452991,46.0500362456
2e7l,33.3333333333,68.7150837989,32.1428571429,31.25,44.5816152345
