pdb_id,pep_identity,mhc_identity,tcrA_identity,tcrB_identity,total_identity
3o4l,33.3333333333,100.0,31.25,29.3103448276,54.537835249
3ffc,22.2222222222,81.0055865922,28.9473684211,86.3247863248,53.6212953958
5eu6,11.1111111111,100.0,34.2105263158,57.0175438596,52.2417153996
5men,22.2222222222,100.0,30.0884955752,31.5789473684,51.018647898
2e7l,33.3333333333,68.7150837989,61.6071428571,30.701754386,49.4009552513
