pdb_id,pep_identity,mhc_identity,tcrA_identity,tcrB_identity,total_identity
3o4l,33.3333333333,100.0,31.3043478261,30.0884955752,54.6765850113
5men,22.2222222222,100.0,29.5652173913,50.4504504505,54.076685381
4eup,11.1111111111,100.0,31.3043478261,58.5585585586,52.0141881011
2e7l,33.3333333333,68.7150837989,55.652173913,50.0,51.6248346962
3ffc,22.2222222222,81.0055865922,28.2051282051,35.0427350427,44.9505801461
5bs0,11.1111111111,86.5921787709,31.3043478261,40.0,44.451821265
