pdb_id,pep_identity,mhc_identity,tcrA_identity,tcrB_identity,total_identity
3o4l,33.3333333333,100.0,32.7102803738,25.8620689655,54.2065026677
5men,22.2222222222,100.0,35.1351351351,33.3333333333,52.1521521522
3qeq,11.1111111111,100.0,50.0,31.5789473684,50.6335282651
5bs0,11.1111111111,86.5921787709,36.2831858407,41.592920354,45.5471143265
3ffc,22.2222222222,81.0055865922,27.2727272727,33.3333333333,44.5102797058
2e7l,33.3333333333,68.7150837989,26.1261261261,34.5132743363,44.1227057878
