pdb_id,pep_identity,mhc_identity,tcrA_identity,tcrB_identity,total_identity
5d2n,22.2222222222,99.4413407821,23.4234234234,67.8260869565,55.7627727314
3o4l,33.3333333333,100.0,36.3636363636,25.4385964912,54.7448165869
5men,22.2222222222,100.0,37.5,26.5486725664,51.4155195018
3qeq,11.1111111111,100.0,39.4495412844,38.9380530973,50.1016361007
3ffc,22.2222222222,81.0055865922,33.6283185841,52.9914529915,48.8458982007
5bs0,11.1111111111,86.5921787709,48.6725663717,45.1327433628,48.2019815831
