pdb_id,pep_identity,mhc_identity,tcrA_identity,tcrB_identity,total_identity
4eup,11.1111111111,100.0,87.1559633028,55.7522123894,60.8550663191
4mnq,22.2222222222,100.0,32.4324324324,56.1403508772,55.5028712923
3o4l,33.3333333333,100.0,41.2844036697,24.1379310345,55.3481668951
5d2n,22.2222222222,99.4413407821,22.0183486239,30.4347826087,49.2967095402
2e7l,33.3333333333,68.7150837989,35.1351351351,53.982300885,48.8690450474
