pdb_id,pep_identity,mhc_identity,tcrA_identity,tcrB_identity,total_identity
5d2n,22.2222222222,99.4413407821,62.6168224299,29.5652173913,55.918194305
5men,22.2222222222,100.0,27.9279279279,55.8558558559,54.7047047047
3o4l,33.3333333333,100.0,22.0183486239,26.5486725664,52.5389479761
4eup,11.1111111111,100.0,25.6880733945,59.4594594595,51.2282925127
2e7l,33.3333333333,68.7150837989,25.6637168142,56.3636363636,47.6873645737
3ffc,22.2222222222,81.0055865922,31.8181818182,32.4786324786,45.1254053209
