pdb_id,pep_identity,mhc_identity,tcrA_identity,tcrB_identity,total_identity
3qdj,11.1111111111,100.0,88.8888888889,88.5964912281,66.6179337232
3gsn,22.2222222222,100.0,39.4495412844,62.2807017544,57.6957812472
5men,22.2222222222,100.0,32.4324324324,62.2807017544,56.5262631052
3o4l,33.3333333333,100.0,40.3669724771,29.0598290598,56.0155780339
2pye,11.1111111111,100.0,42.4778761062,62.2807017544,54.4968000138
