pdb_id,pep_identity,mhc_identity,tcrA_identity,tcrB_identity,total_identity
3o4l,33.3333333333,100.0,30.3571428571,25.641025641,53.7774725275
5men,22.2222222222,100.0,31.8584070796,33.0434782609,51.5577216308
5eu6,11.1111111111,100.0,33.3333333333,52.1739130435,51.2882447665
2e7l,33.3333333333,68.7150837989,61.6071428571,30.4347826087,49.356459955
3ffc,22.2222222222,81.0055865922,28.0701754386,46.1538461538,46.7799398702
