pdb_id,pep_identity,mhc_identity,tcrA_identity,tcrB_identity,total_identity
5men,22.2222222222,100.0,38.3928571429,53.982300885,56.136600412
3o4l,33.3333333333,100.0,30.0884955752,30.4347826087,54.5316574751
3qeq,11.1111111111,100.0,42.8571428571,51.3274336283,52.7344664513
5d2n,22.2222222222,99.4413407821,26.5486725664,33.9130434783,50.6314736756
2e7l,33.3333333333,68.7150837989,25.6637168142,48.2142857143,46.3291394655
3ffc,22.2222222222,81.0055865922,31.3043478261,32.4786324786,45.0397663223
