pdb_id,pep_identity,mhc_identity,tcrA_identity,tcrB_identity,total_identity
5d2n,22.2222222222,99.4413407821,26.9565217391,74.358974359,57.4404370178
3o4l,33.3333333333,100.0,28.6956521739,26.8907563025,53.7088458572
3ffc,22.2222222222,81.0055865922,53.0434782609,60.6837606838,53.3638094289
5men,22.2222222222,100.0,30.4347826087,31.6239316239,51.0838597795
3qeq,11.1111111111,100.0,28.6956521739,33.3333333333,47.3752012882
5bs0,11.1111111111,86.5921787709,34.7826086957,47.4137931034,46.2671635939
