pdb_id,pep_identity,mhc_identity,tcrA_identity,tcrB_identity,total_identity
5d2n,22.2222222222,99.4413407821,23.3644859813,51.3043478261,52.999326636
4mnq,22.2222222222,100.0,32.1428571429,35.0877192982,51.9458368143
3qdj,11.1111111111,100.0,41.6666666667,33.3333333333,49.537037037
3ffc,22.2222222222,81.0055865922,31.8181818182,45.2991452991,47.2621574577
2e7l,33.3333333333,68.7150837989,33.3333333333,35.3982300885,45.4713996144
