pdb_id,pep_identity,mhc_identity,tcrA_identity,tcrB_identity,total_identity
5d2n,22.2222222222,99.4413407821,49.0909090909,50.4347826087,57.1421362847
3o4l,33.3333333333,100.0,20.5357142857,30.4347826087,52.9395272602
5men,22.2222222222,100.0,23.2142857143,35.3982300885,50.5094933745
3qeq,11.1111111111,100.0,31.25,33.6283185841,47.8500901344
3ffc,22.2222222222,81.0055865922,27.4336283186,52.9914529915,47.8134498231
