pdb_id,pep_identity,mhc_identity,tcrA_identity,tcrB_identity,total_identity
3gsn,22.2222222222,100.0,34.8214285714,47.7876106195,54.5089139392
2e7l,33.3333333333,68.7150837989,25.6637168142,52.7272727273,47.0813039676
3ffc,22.2222222222,81.0055865922,23.6842105263,35.0427350427,44.1970938663
