pdb_id,pep_identity,mhc_identity,tcrA_identity,tcrB_identity,total_identity
3gsn,22.2222222222,100.0,36.1111111111,50.4424778761,55.1663389053
2e7l,33.3333333333,68.7150837989,31.5315315315,49.1071428571,47.4559181089
3ffc,22.2222222222,81.0055865922,36.3636363636,35.8974358974,46.4527816483
5bs0,11.1111111111,86.5921787709,30.9734513274,39.2857142857,44.2776242295
