pdb_id,pep_identity,mhc_identity,tcrA_identity,tcrB_identity,total_identity
3gsn,22.2222222222,100.0,86.4864864865,30.0884955752,60.1699044177
3o4l,33.3333333333,100.0,33.3333333333,26.3157894737,54.3859649123
5bs0,11.1111111111,86.5921787709,39.8230088496,63.963963964,49.8655920963
