pdb_id,pep_identity,mhc_identity,tcrA_identity,tcrB_identity,total_identity
3qeq,11.1111111111,100.0,82.1428571429,52.6785714286,59.5072751323
3o4l,33.3333333333,100.0,36.2831858407,31.8584070796,55.8013765978
4mnq,22.2222222222,100.0,33.0357142857,55.8558558559,55.556002431
5d2n,22.2222222222,99.4413407821,28.0701754386,33.9130434783,50.8850574876
