pdb_id,pep_identity,mhc_identity,tcrA_identity,tcrB_identity,total_identity
3o4l,33.3333333333,100.0,32.1428571429,30.9734513274,54.9638291895
5men,22.2222222222,100.0,29.5652173913,51.3513513514,54.2268355312
3qdj,11.1111111111,100.0,37.5,51.3513513514,51.8455955956
3ffc,22.2222222222,81.0055865922,53.0973451327,35.0427350427,49.0992829674
2e7l,33.3333333333,68.7150837989,38.0530973451,51.8181818182,48.9946855713
5bs0,11.1111111111,86.5921787709,34.7826086957,40.0,45.03153141
