pdb_id,pep_identity,mhc_identity,tcrA_identity,tcrB_identity,total_identity
3o4l,33.3333333333,100.0,32.1100917431,33.0434782609,55.3033727784
5eu6,11.1111111111,100.0,32.7433628319,56.6371681416,51.9337921993
5men,22.2222222222,100.0,31.5315315315,35.3982300885,51.8957010107
3ffc,22.2222222222,81.0055865922,32.1428571429,50.4273504274,48.1709708665
2e7l,33.3333333333,68.7150837989,32.4324324324,34.5132743363,45.1737568389
