pdb_id,pep_identity,mhc_identity,tcrA_identity,tcrB_identity,total_identity
3o4l,33.3333333333,100.0,30.3571428571,26.0869565217,53.8517943409
5men,22.2222222222,100.0,27.6785714286,35.0877192982,51.2017891952
5eu6,11.1111111111,100.0,31.5789473684,49.1228070175,50.4873294347
2e7l,33.3333333333,68.7150837989,56.25,35.3982300885,49.2908440588
3ffc,22.2222222222,81.0055865922,29.8245614035,44.4444444444,46.7874372461
