pdb_id,pep_identity,mhc_identity,tcrA_identity,tcrB_identity,total_identity
3gsn,22.2222222222,100.0,37.962962963,75.2212389381,59.6047743909
3o4l,33.3333333333,100.0,33.3333333333,27.8260869565,54.6376811594
2e7l,33.3333333333,68.7150837989,32.4324324324,57.1428571429,48.9453539733
