pdb_id,pep_identity,mhc_identity,tcrA_identity,tcrB_identity,total_identity
3o4l,33.3333333333,100.0,36.6071428571,33.6206896552,56.1490831965
5eu6,11.1111111111,100.0,48.6725663717,57.8947368421,54.7982542393
3ffc,22.2222222222,81.0055865922,31.5789473684,87.1794871795,54.2023420295
5men,22.2222222222,100.0,37.5,31.5789473684,52.2538986355
