pdb_id,pep_identity,mhc_identity,tcrA_identity,tcrB_identity,total_identity
4eup,11.1111111111,100.0,66.9724770642,56.25,57.5741165477
4mnq,22.2222222222,100.0,35.1351351351,56.6371681416,56.0361246202
3o4l,33.3333333333,100.0,41.6666666667,25.2173913043,55.5917874396
5d2n,22.2222222222,99.4413407821,28.7037037037,29.5652173913,50.2660078506
2e7l,33.3333333333,68.7150837989,39.6396396396,54.4642857143,49.7001266031
