pdb_id,pep_identity,mhc_identity,tcrA_identity,tcrB_identity,total_identity
3gsn,22.2222222222,100.0,37.962962963,55.7522123894,56.3599366328
2e7l,33.3333333333,68.7150837989,28.8288288288,53.5714285714,47.7495152774
