pdb_id,pep_identity,mhc_identity,tcrA_identity,tcrB_identity,total_identity
4eup,11.1111111111,100.0,32.1428571429,86.6071428571,56.8287037037
2e7l,33.3333333333,68.7150837989,63.963963964,57.1428571429,54.2006092285
3o4l,33.3333333333,100.0,31.5315315315,26.9565217391,54.1924533229
4mnq,22.2222222222,100.0,28.9473684211,50.4424778761,53.9723817903
5d2n,22.2222222222,99.4413407821,27.6785714286,31.3043478261,50.3850075439
