pdb_id,pep_identity,mhc_identity,tcrA_identity,tcrB_identity,total_identity
3o4l,33.3333333333,100.0,32.4561403509,30.0884955752,54.8685504321
5men,22.2222222222,100.0,32.1428571429,49.5495495495,54.3561418561
2e7l,33.3333333333,68.7150837989,67.5438596491,51.8181818182,53.909812622
4eup,11.1111111111,100.0,30.701754386,57.6576576577,51.763605711
3ffc,22.2222222222,81.0055865922,26.724137931,37.6068376068,45.1310988611
5bs0,11.1111111111,86.5921787709,30.701754386,40.5405405405,44.4414791151
