pdb_id,pep_identity,mhc_identity,tcrA_identity,tcrB_identity,total_identity
5men,22.2222222222,100.0,38.5964912281,58.1818181818,56.8704589757
3o4l,33.3333333333,100.0,32.7586206897,25.6637168142,54.1815006951
4eup,11.1111111111,100.0,28.4482758621,59.4594594595,51.6883262573
5d2n,22.2222222222,99.4413407821,29.3103448276,30.4347826087,50.5120422408
3ffc,22.2222222222,81.0055865922,59.4827586207,29.0598290598,49.1663675516
2e7l,33.3333333333,68.7150837989,30.7692307692,55.9633027523,48.4715612977
