pdb_id,pep_identity,mhc_identity,tcrA_identity,tcrB_identity,total_identity
4mnq,22.2222222222,100.0,29.8245614035,56.6371681416,55.1510289983
3o4l,33.3333333333,100.0,32.4324324324,24.347826087,53.9078208643
2e7l,33.3333333333,68.7150837989,63.0630630631,54.4642857143,53.604030507
4eup,11.1111111111,100.0,35.7142857143,57.1428571429,52.5132275132
3ffc,22.2222222222,81.0055865922,31.5789473684,28.2051282051,44.3732822004
