pdb_id,pep_identity,mhc_identity,tcrA_identity,tcrB_identity,total_identity
5eu6,11.1111111111,100.0,89.3805309735,45.1327433628,59.4559160931
3o4l,33.3333333333,100.0,39.6396396396,31.5789473684,56.3142089458
5bs0,11.1111111111,86.5921787709,82.3008849558,41.9642857143,53.2786250724
5men,22.2222222222,100.0,39.8230088496,33.9285714286,53.0326707871
3qeq,11.1111111111,100.0,32.4324324324,31.8584070796,47.7521769557
