pdb_id,pep_identity,mhc_identity,tcrA_identity,tcrB_identity,total_identity
3o4l,33.3333333333,100.0,33.3333333333,26.5486725664,54.4247787611
3qdj,11.1111111111,100.0,63.8888888889,33.9285714286,53.3399470899
4mnq,22.2222222222,100.0,30.0,35.7142857143,51.6931216931
3ffc,22.2222222222,81.0055865922,31.25,45.2991452991,47.167460488
2e7l,33.3333333333,68.7150837989,32.4324324324,36.036036036,45.4275504555
5bs0,11.1111111111,86.5921787709,38.0530973451,36.6071428571,45.0111366611
