pdb_id,pep_identity,mhc_identity,tcrA_identity,tcrB_identity,total_identity
5eu6,11.1111111111,100.0,51.3274336283,59.2920353982,55.4736152081
3o4l,33.3333333333,100.0,35.7142857143,27.8260869565,55.0345065562
5men,22.2222222222,100.0,36.6071428571,35.3982300885,52.7416362317
3ffc,22.2222222222,81.0055865922,30.701754386,52.1367521368,48.2156873586
