pdb_id,pep_identity,mhc_identity,tcrA_identity,tcrB_identity,total_identity
5men,22.2222222222,100.0,36.6071428571,50.4504504505,55.2503396253
3o4l,33.3333333333,100.0,29.8245614035,30.0884955752,54.4299539409
3qeq,11.1111111111,100.0,43.3628318584,54.4642857143,53.3415566325
2e7l,33.3333333333,68.7150837989,26.3157894737,50.9090909091,46.8869524412
3ffc,22.2222222222,81.0055865922,32.7586206897,35.0427350427,45.7094955602
5bs0,11.1111111111,86.5921787709,35.9649122807,38.7387387387,45.0183717973
