pdb_id,pep_identity,mhc_identity,tcrA_identity,tcrB_identity,total_identity
3o4l,33.3333333333,100.0,59.2233009709,28.0701754386,58.9933571794
5men,22.2222222222,100.0,31.5315315315,77.2727272727,58.8747838748
3qdj,11.1111111111,100.0,45.3703703704,64.8648648649,55.4095762429
5d2n,22.2222222222,99.4413407821,25.0,32.1739130435,50.0835065087
2e7l,33.3333333333,68.7150837989,31.5315315315,58.1818181818,48.9683639963
