pdb_id,pep_identity,mhc_identity,tcrA_identity,tcrB_identity,total_identity
3o4l,33.3333333333,100.0,32.4561403509,26.9565217391,54.3465547928
4mnq,22.2222222222,100.0,40.350877193,35.0877192982,53.3138401559
5eu6,11.1111111111,100.0,42.1052631579,51.7543859649,52.6803118908
3ffc,22.2222222222,81.0055865922,29.3103448276,47.0085470085,47.1290849108
2e7l,33.3333333333,68.7150837989,28.6956521739,34.5132743363,44.5509601291
