pdb_id,pep_identity,mhc_identity,tcrA_identity,tcrB_identity,total_identity
3o4l,33.3333333333,100.0,29.3103448276,22.6086956522,53.0976178577
5eu6,11.1111111111,100.0,38.7931034483,34.2105263158,49.2043086644
3ffc,22.2222222222,81.0055865922,52.5862068966,29.9145299145,48.1593924066
2e7l,33.3333333333,68.7150837989,35.8974358974,29.4642857143,44.9097593127
