pdb_id,pep_identity,mhc_identity,tcrA_identity,tcrB_identity,total_identity
4eup,11.1111111111,100.0,66.6666666667,88.2882882883,62.8628628629
3o4l,33.3333333333,100.0,40.1785714286,26.3157894737,55.5268379282
3gsn,22.2222222222,100.0,39.2857142857,48.6725663717,55.4004541836
4mnq,22.2222222222,100.0,36.9369369369,50.0,55.2302302302
2f53,11.1111111111,100.0,46.017699115,50.8928571429,53.1887964134
