pdb_id,pep_identity,mhc_identity,tcrA_identity,tcrB_identity,total_identity
3qeq,11.1111111111,100.0,50.0,58.9285714286,55.1917989418
3o4l,33.3333333333,100.0,32.1100917431,28.3185840708,54.5158904134
5men,22.2222222222,100.0,31.5315315315,47.7477477477,53.953953954
2e7l,33.3333333333,68.7150837989,30.0884955752,50.0,47.3642216399
5bs0,11.1111111111,86.5921787709,36.2831858407,36.036036036,44.6209669401
3ffc,22.2222222222,81.0055865922,27.9279279279,32.4786324786,44.4770296726
