pdb_id,pep_identity,mhc_identity,tcrA_identity,tcrB_identity,total_identity
3qdj,11.1111111111,100.0,90.7407407407,57.3913043478,61.7257112185
3gsn,22.2222222222,100.0,39.8148148148,60.0,57.3765432099
3o4l,33.3333333333,100.0,48.1481481481,27.9661016949,57.1301527516
5men,22.2222222222,100.0,32.4324324324,59.1304347826,56.0012186099
2p5e,11.1111111111,100.0,40.7079646018,60.0,53.821697804
2e7l,33.3333333333,68.7150837989,34.2342342342,60.0,49.7218447498
