pdb_id,pep_identity,mhc_identity,tcrA_identity,tcrB_identity,total_identity
5d2n,22.2222222222,99.4413407821,25.8928571429,67.8260869565,56.174345018
3o4l,33.3333333333,100.0,32.4324324324,27.4336283186,54.4221212363
5men,22.2222222222,100.0,27.1929824561,27.9279279279,49.9275591381
2e7l,33.3333333333,68.7150837989,58.5585585586,33.6363636364,49.3819594099
3ffc,22.2222222222,81.0055865922,31.5789473684,58.1196581197,49.3590371861
3qdj,11.1111111111,100.0,33.3333333333,32.1428571429,47.9497354497
5bs0,11.1111111111,86.5921787709,32.4561403509,47.3214285714,45.8640247811
