pdb_id,pep_identity,mhc_identity,tcrA_identity,tcrB_identity,total_identity
4eup,11.1111111111,100.0,86.2385321101,30.6306306306,56.5152308272
3o4l,33.3333333333,100.0,40.7407407407,26.3157894737,55.6205328135
4mnq,22.2222222222,100.0,31.5315315315,31.25,51.2043293293
5d2n,22.2222222222,99.4413407821,21.2962962963,34.7826086957,49.9010051668
