pdb_id,pep_identity,mhc_identity,tcrA_identity,tcrB_identity,total_identity
3o4l,33.3333333333,100.0,51.8181818182,26.4957264957,57.4967624968
5bs0,11.1111111111,86.5921787709,38.0530973451,90.350877193,53.968425717
5men,22.2222222222,100.0,34.8214285714,33.3333333333,52.0998677249
5d2n,22.2222222222,99.4413407821,22.5225225225,46.0869565217,51.9894341755
4eup,11.1111111111,100.0,47.2727272727,35.9649122807,50.9099769626
3ffc,22.2222222222,81.0055865922,34.8214285714,41.8803418803,47.1928980134
