pdb_id,pep_identity,mhc_identity,tcrA_identity,tcrB_identity,total_identity
4eup,11.1111111111,100.0,20.1834862385,90.990990991,55.5661165753
5d2n,22.2222222222,99.4413407821,53.3333333333,28.6956521739,54.226018586
5men,22.2222222222,100.0,22.7272727273,50.0,52.861952862
2e7l,33.3333333333,68.7150837989,25.0,56.7567567568,47.6422651702
