pdb_id,pep_identity,mhc_identity,tcrA_identity,tcrB_identity,total_identity
3qdj,11.1111111111,100.0,86.4864864865,67.5438596491,62.708761393
5men,22.2222222222,100.0,35.1351351351,94.7368421053,62.3860702808
3gsn,22.2222222222,100.0,39.2857142857,88.5964912281,62.0544416597
2bnr,11.1111111111,100.0,42.4778761062,89.4736842105,59.0289637565
3o4l,33.3333333333,100.0,38.3928571429,29.0598290598,55.6865588116
