pdb_id,pep_identity,mhc_identity,tcrA_identity,tcrB_identity,total_identity
3o4l,33.3333333333,100.0,22.4299065421,35.3982300885,54.0824672162
4mnq,22.2222222222,100.0,21.6216216216,50.9090909091,52.8291928292
3qeq,11.1111111111,100.0,30.8411214953,51.7857142857,50.8081763339
2e7l,33.3333333333,68.7150837989,25.0,49.5412844037,46.4396864447
3ffc,22.2222222222,81.0055865922,31.8181818182,32.4786324786,45.1254053209
