pdb_id,pep_identity,mhc_identity,tcrA_identity,tcrB_identity,total_identity
3o4l,33.3333333333,100.0,39.4495412844,33.6206896552,56.6228162677
3ffc,22.2222222222,81.0055865922,30.3571428571,87.1794871795,53.9987079442
5d2n,22.2222222222,99.4413407821,23.1481481481,53.9130434783,53.3980529392
3qdj,11.1111111111,100.0,63.8888888889,32.4561403509,53.0945419103
5men,22.2222222222,100.0,29.0909090909,31.5789473684,50.852383484
5bs0,11.1111111111,86.5921787709,37.1681415929,41.2280701754,45.6337985887
