pdb_id,pep_identity,mhc_identity,tcrA_identity,tcrB_identity,total_identity
3o4l,33.3333333333,100.0,28.1818181818,26.5486725664,53.5661929025
5eu6,11.1111111111,100.0,33.6283185841,43.3628318584,49.8688954441
3ffc,22.2222222222,81.0055865922,24.7787610619,43.5897435897,45.8040203801
2e7l,33.3333333333,68.7150837989,25.2252252252,32.7272727273,43.6748887028
