pdb_id,pep_identity,mhc_identity,tcrA_identity,tcrB_identity,total_identity
3o4l,33.3333333333,100.0,31.8181818182,28.9473684211,54.572036151
3qdj,11.1111111111,100.0,61.4678899083,40.5405405405,54.0384421118
5men,22.2222222222,100.0,29.0909090909,36.9369369369,51.7453817454
5bs0,11.1111111111,86.5921787709,37.1681415929,67.5675675676,50.0237148208
3ffc,22.2222222222,81.0055865922,29.4642857143,41.0256410256,46.1575907281
2e7l,33.3333333333,68.7150837989,32.1428571429,28.8288288288,44.178086706
