pdb_id,pep_identity,mhc_identity,tcrA_identity,tcrB_identity,total_identity
5d2n,22.2222222222,99.4413407821,30.9734513274,69.5652173913,57.3109657879
3o4l,33.3333333333,100.0,36.2831858407,26.5486725664,54.9164208456
3ffc,22.2222222222,81.0055865922,61.0619469027,52.9914529915,53.4181695872
5men,22.2222222222,100.0,31.3043478261,29.7297297297,50.913087
3qdj,11.1111111111,100.0,39.8230088496,33.9285714286,49.3289670834
