pdb_id,pep_identity,mhc_identity,tcrA_identity,tcrB_identity,total_identity
3gsn,22.2222222222,100.0,28.1818181818,56.6371681416,54.8772384613
2e7l,33.3333333333,68.7150837989,58.5585585586,53.5714285714,52.7044702324
3ffc,22.2222222222,81.0055865922,28.9473684211,29.9145299145,44.2195859941
