pdb_id,pep_identity,mhc_identity,tcrA_identity,tcrB_identity,total_identity
4eup,11.1111111111,100.0,86.3636363636,54.0540540541,60.43998544
3o4l,33.3333333333,100.0,40.5405405405,28.9473684211,56.0257626047
4mnq,22.2222222222,100.0,33.3333333333,49.1071428571,54.4808201058
5d2n,22.2222222222,99.4413407821,21.6216216216,40.8695652174,50.969718808
