pdb_id,pep_identity,mhc_identity,tcrA_identity,tcrB_identity,total_identity
4eup,11.1111111111,100.0,32.4561403509,90.0900900901,57.4614087772
3o4l,33.3333333333,100.0,34.2105263158,28.0701754386,54.8245614035
5men,22.2222222222,100.0,32.7433628319,50.0,54.5313012127
5d2n,22.2222222222,99.4413407821,29.8245614035,29.5652173913,50.4528174673
3ffc,22.2222222222,81.0055865922,59.649122807,33.3333333333,49.9063456282
2e7l,33.3333333333,68.7150837989,33.0434782609,58.5585585586,49.2831451806
