pdb_id,pep_identity,mhc_identity,tcrA_identity,tcrB_identity,total_identity
3o4l,33.3333333333,100.0,51.8181818182,30.4347826087,58.1532718489
5men,22.2222222222,100.0,34.8214285714,53.982300885,55.5413623168
3qdj,11.1111111111,100.0,49.0909090909,54.8672566372,54.3633979917
5d2n,22.2222222222,99.4413407821,22.5225225225,31.3043478261,49.5256660595
2e7l,33.3333333333,68.7150837989,33.0357142857,51.7857142857,48.153043806
