pdb_id,pep_identity,mhc_identity,tcrA_identity,tcrB_identity,total_identity
3qdj,11.1111111111,100.0,88.2882882883,37.1681415929,57.9464420172
3o4l,33.3333333333,100.0,39.2857142857,28.6956521739,55.7746721877
5men,22.2222222222,100.0,36.036036036,34.5132743363,52.4989591361
5d2n,22.2222222222,99.4413407821,23.2142857143,41.7391304348,51.3800903596
5bs0,11.1111111111,86.5921787709,40.7079646018,59.2920353982,49.2344299607
3ffc,22.2222222222,81.0055865922,32.4561403509,42.735042735,46.9411334525
