pdb_id,pep_identity,mhc_identity,tcrA_identity,tcrB_identity,total_identity
3qdj,11.1111111111,100.0,75.0,52.2123893805,58.2391019338
5men,22.2222222222,100.0,36.036036036,57.5221238938,56.3337673957
3o4l,33.3333333333,100.0,41.6666666667,26.0869565217,55.7367149758
5d2n,22.2222222222,99.4413407821,26.8518518519,29.5652173913,49.9573658753
2e7l,33.3333333333,68.7150837989,38.7387387387,53.5714285714,49.4011669291
