pdb_id,pep_identity,mhc_identity,tcrA_identity,tcrB_identity,total_identity
5men,22.2222222222,100.0,37.5,49.1071428571,55.1752645503
3o4l,33.3333333333,100.0,29.203539823,29.8245614035,54.2824613155
3qeq,11.1111111111,100.0,45.5357142857,53.5714285714,53.5548941799
2e7l,33.3333333333,68.7150837989,26.5486725664,48.6486486486,46.5490259132
3ffc,22.2222222222,81.0055865922,33.0434782609,34.188034188,45.6145216796
5bs0,11.1111111111,86.5921787709,33.3333333333,39.6396396396,44.7299254562
