pdb_id,pep_identity,mhc_identity,tcrA_identity,tcrB_identity,total_identity
3o4l,33.3333333333,100.0,34.2342342342,25.641025641,54.4236544237
5men,22.2222222222,100.0,43.3628318584,31.3043478261,53.1852706882
5eu6,11.1111111111,100.0,43.3628318584,49.1379310345,52.4538308525
3ffc,22.2222222222,81.0055865922,32.7433628319,46.1538461538,47.5588044358
2e7l,33.3333333333,68.7150837989,27.6785714286,33.3333333333,44.1847898377
