pdb_id,pep_identity,mhc_identity,tcrA_identity,tcrB_identity,total_identity
5d2n,22.2222222222,99.4413407821,26.9565217391,66.0869565217,56.0617673783
3o4l,33.3333333333,100.0,29.5652173913,31.6239316239,54.642635947
3ffc,22.2222222222,81.0055865922,54.7826086957,58.1196581197,53.226314074
5men,22.2222222222,100.0,32.7433628319,37.3913043478,52.4298519374
3qdj,11.1111111111,100.0,30.4347826087,40.0,48.7761674718
2e7l,33.3333333333,68.7150837989,35.3448275862,33.9130434783,45.5591175548
5bs0,11.1111111111,86.5921787709,34.7826086957,40.8695652174,45.1764589462
