pdb_id,pep_identity,mhc_identity,tcrA_identity,tcrB_identity,total_identity
3o4l,33.3333333333,100.0,33.9285714286,30.0884955752,55.1139556117
4mnq,22.2222222222,100.0,28.9473684211,49.5495495495,53.8235604025
2e7l,33.3333333333,68.7150837989,69.6428571429,49.0909090909,53.805100083
4eup,11.1111111111,100.0,32.1428571429,57.6576576577,52.0037895038
5bs0,11.1111111111,86.5921787709,35.0877192982,40.0,45.0823831771
3ffc,22.2222222222,81.0055865922,26.3157894737,34.188034188,44.4932402151
