pdb_id,pep_identity,mhc_identity,tcrA_identity,tcrB_identity,total_identity
5d2n,22.2222222222,99.4413407821,86.2385321101,49.5652173913,63.1884792517
3o4l,33.3333333333,100.0,20.7207207207,26.0869565217,52.2457239849
