pdb_id,pep_identity,mhc_identity,tcrA_identity,tcrB_identity,total_identity
3o4l,33.3333333333,100.0,34.5794392523,26.4957264957,54.6236387358
5bs0,11.1111111111,86.5921787709,38.9380530973,92.1052631579,54.4083160032
5men,22.2222222222,100.0,34.2342342342,31.5789473684,51.7096043412
3qeq,11.1111111111,100.0,50.9433962264,31.5789473684,50.7907609695
3ffc,22.2222222222,81.0055865922,28.1818181818,43.5897435897,46.3711965667
2e7l,33.3333333333,68.7150837989,27.9279279279,30.701754386,43.7877527631
