pdb_id,pep_identity,mhc_identity,tcrA_identity,tcrB_identity,total_identity
4eup,11.1111111111,100.0,34.5132743363,85.5855855856,57.0535136907
3o4l,33.3333333333,100.0,35.3982300885,26.3157894737,54.7301143715
4mnq,22.2222222222,100.0,29.5652173913,49.1071428571,53.8528007821
5d2n,22.2222222222,99.4413407821,30.0884955752,37.3913043478,51.801154322
2e7l,33.3333333333,68.7150837989,36.8421052632,57.6576576577,49.7660995309
3ffc,22.2222222222,81.0055865922,61.9469026549,27.3504273504,49.292157939
