pdb_id,pep_identity,mhc_identity,tcrA_identity,tcrB_identity,total_identity
3o4l,33.3333333333,100.0,29.4642857143,30.0884955752,54.3699079927
5men,22.2222222222,100.0,27.6785714286,50.4504504505,53.7622443872
4eup,11.1111111111,100.0,32.1428571429,58.5585585586,52.1539396539
2e7l,33.3333333333,68.7150837989,57.1428571429,50.0,51.8732819012
3ffc,22.2222222222,81.0055865922,28.0701754386,35.0427350427,44.9280880184
5bs0,11.1111111111,86.5921787709,29.8245614035,40.0,44.2051901946
