pdb_id,pep_identity,mhc_identity,tcrA_identity,tcrB_identity,total_identity
3qeq,11.1111111111,100.0,82.1428571429,59.8214285714,60.6977513228
5men,22.2222222222,100.0,34.8214285714,55.3571428571,55.7705026455
3o4l,33.3333333333,100.0,29.203539823,24.5614035088,53.4052683331
5d2n,22.2222222222,99.4413407821,28.0701754386,28.6956521739,50.0154922702
