pdb_id,pep_identity,mhc_identity,tcrA_identity,tcrB_identity,total_identity
5d2n,22.2222222222,99.4413407821,51.4018691589,34.7826086957,54.9186006439
5men,22.2222222222,100.0,22.5225225225,33.6283185841,50.0992142585
3qeq,11.1111111111,100.0,28.4403669725,29.203539823,46.6443548363
3ffc,22.2222222222,81.0055865922,26.3636363636,34.188034188,44.5012146967
