pdb_id,pep_identity,mhc_identity,tcrA_identity,tcrB_identity,total_identity
3o4l,33.3333333333,100.0,30.9090909091,21.186440678,53.1270330423
2e7l,33.3333333333,68.7150837989,59.4594594595,36.5217391304,50.0130054757
5eu6,11.1111111111,100.0,34.2105263158,35.8974358974,48.7216974059
4qrp,11.1111111111,81.0055865922,48.6486486486,40.5172413793,45.5665475724
