pdb_id,pep_identity,mhc_identity,tcrA_identity,tcrB_identity,total_identity
5eu6,11.1111111111,100.0,49.1228070175,62.6086956522,55.6589541487
3ffc,22.2222222222,81.0055865922,31.8965517241,94.0170940171,55.3948772283
3o4l,33.3333333333,100.0,35.0877192982,28.2051282051,54.9932523617
5men,22.2222222222,100.0,35.9649122807,30.4347826087,51.8073565556
2e7l,33.3333333333,68.7150837989,35.652173913,32.1739130435,45.3204868702
