pdb_id,pep_identity,mhc_identity,tcrA_identity,tcrB_identity,total_identity
3o4l,33.3333333333,100.0,31.5789473684,26.3157894737,54.0935672515
4mnq,22.2222222222,100.0,28.9473684211,33.9285714286,51.220064049
2e7l,33.3333333333,68.7150837989,64.9122807018,34.2342342342,50.5405582001
5eu6,11.1111111111,100.0,36.8421052632,38.9380530973,49.6670634305
3ffc,22.2222222222,81.0055865922,30.1724137931,34.188034188,45.136010935
