pdb_id,pep_identity,mhc_identity,tcrA_identity,tcrB_identity,total_identity
3qdj,11.1111111111,100.0,93.6363636364,29.9145299145,57.6288526289
5d2n,22.2222222222,99.4413407821,22.5225225225,76.0683760684,56.9863374333
3o4l,33.3333333333,100.0,41.4414414414,26.0504201681,55.693088046
5men,22.2222222222,100.0,33.3333333333,31.6239316239,51.566951567
3ffc,22.2222222222,81.0055865922,33.6283185841,58.1196581197,49.7005990554
5bs0,11.1111111111,86.5921787709,40.7079646018,43.5897435897,46.6173813259
