pdb_id,pep_identity,mhc_identity,tcrA_identity,tcrB_identity,total_identity
5d2n,22.2222222222,99.4413407821,24.7706422018,67.8260869565,55.9873091945
3o4l,33.3333333333,100.0,29.3577981651,27.4336283186,53.9096821917
4mnq,22.2222222222,100.0,28.8288288288,29.4642857143,50.4562598313
3ffc,22.2222222222,81.0055865922,30.3571428571,56.4102564103,48.870502816
3qdj,11.1111111111,100.0,37.037037037,33.0357142857,48.7158289242
5bs0,11.1111111111,86.5921787709,30.0884955752,49.5495495495,45.8407708148
