pdb_id,pep_identity,mhc_identity,tcrA_identity,tcrB_identity,total_identity
4eup,11.1111111111,100.0,85.3211009174,36.9369369369,57.4133766794
3o4l,33.3333333333,100.0,38.8888888889,23.8938053097,54.9082268109
5men,22.2222222222,100.0,34.2342342342,31.5315315315,51.7017017017
5d2n,22.2222222222,99.4413407821,21.2962962963,33.0434782609,49.6111500943
5bs0,11.1111111111,86.5921787709,39.8230088496,41.8181818182,46.1746284053
2e7l,33.3333333333,68.7150837989,33.3333333333,39.0909090909,46.0868461148
