pdb_id,pep_identity,mhc_identity,tcrA_identity,tcrB_identity,total_identity
3o4l,33.3333333333,100.0,33.9622641509,29.0598290598,54.9481266462
5men,22.2222222222,100.0,33.3333333333,39.1304347826,52.8180354267
5eu6,11.1111111111,100.0,35.3982300885,56.5217391304,52.3570319069
3ffc,22.2222222222,81.0055865922,27.2727272727,52.1367521368,47.6441828397
2e7l,33.3333333333,68.7150837989,27.027027027,33.9130434783,44.1728174616
