pdb_id,pep_identity,mhc_identity,tcrA_identity,tcrB_identity,total_identity
3qdj,11.1111111111,100.0,94.4444444444,55.2631578947,61.9883040936
3gsn,22.2222222222,100.0,38.8888888889,56.1403508772,56.5789473684
5men,22.2222222222,100.0,33.3333333333,58.7719298246,56.0916179337
3o4l,33.3333333333,100.0,41.6666666667,26.724137931,55.8429118774
2pye,11.1111111111,100.0,40.7079646018,55.2631578947,53.0322241198
