pdb_id,pep_identity,mhc_identity,tcrA_identity,tcrB_identity,total_identity
3o4l,33.3333333333,100.0,86.2745098039,27.4336283186,63.3958007982
5d2n,22.2222222222,99.4413407821,18.5185185185,66.9565217391,54.8003610444
4mnq,22.2222222222,100.0,33.6363636364,29.4642857143,51.2575156325
