pdb_id,pep_identity,mhc_identity,tcrA_identity,tcrB_identity,total_identity
3o4l,33.3333333333,100.0,57.6923076923,36.8421052632,60.200179937
5d2n,22.2222222222,99.4413407821,22.0183486239,50.4347826087,52.6300428735
4mnq,22.2222222222,100.0,28.5714285714,33.6283185841,51.1073652667
4eup,11.1111111111,100.0,47.7064220183,30.3571428571,50.047631183
