pdb_id,pep_identity,mhc_identity,tcrA_identity,tcrB_identity,total_identity
3qdj,11.1111111111,100.0,94.4444444444,36.6071428571,58.878968254
3o4l,33.3333333333,100.0,41.6666666667,31.5789473684,56.6520467836
5men,22.2222222222,100.0,33.3333333333,33.9285714286,51.9510582011
5d2n,22.2222222222,99.4413407821,23.1481481481,33.9130434783,50.0647196058
