pdb_id,pep_identity,mhc_identity,tcrA_identity,tcrB_identity,total_identity
3o4l,33.3333333333,100.0,33.6283185841,26.5486725664,54.4739429695
5men,22.2222222222,100.0,30.4347826087,51.8181818182,54.4495681452
3qeq,11.1111111111,100.0,31.8584070796,54.4642857143,51.4241525027
3ffc,22.2222222222,81.0055865922,60.1769911504,32.4786324786,49.851873543
2e7l,33.3333333333,68.7150837989,32.4561403509,56.880733945,48.9056180934
5bs0,11.1111111111,86.5921787709,34.7826086957,36.036036036,44.3708707493
