pdb_id,pep_identity,mhc_identity,tcrA_identity,tcrB_identity,total_identity
3o4l,33.3333333333,100.0,36.6071428571,27.1929824561,55.0777986633
5eu6,11.1111111111,100.0,48.6725663717,57.5221238938,54.7361520813
5men,22.2222222222,100.0,37.5,34.2342342342,52.6964464464
3ffc,22.2222222222,81.0055865922,30.701754386,51.2820512821,48.0732372161
2e7l,33.3333333333,68.7150837989,25.6637168142,35.1351351351,44.1492810356
