pdb_id,pep_identity,mhc_identity,tcrA_identity,tcrB_identity,total_identity
3qeq,11.1111111111,100.0,37.2727272727,88.3928571429,57.9813011063
5men,22.2222222222,100.0,30.0,68.1818181818,57.1043771044
3o4l,33.3333333333,100.0,25.2252252252,29.8245614035,53.6194088826
5d2n,22.2222222222,99.4413407821,24.1071428571,34.7826086957,50.3694795936
2e7l,33.3333333333,68.7150837989,25.0,62.3853211009,48.5803592276
