pdb_id,pep_identity,mhc_identity,tcrA_identity,tcrB_identity,total_identity
3o4l,33.3333333333,100.0,34.5794392523,33.9130434783,55.8598582329
5d2n,22.2222222222,99.4413407821,26.8518518519,57.3913043478,54.5950470347
5men,22.2222222222,100.0,34.2342342342,35.3982300885,52.3461514612
3qeq,11.1111111111,100.0,51.8867924528,37.1681415929,51.8795260447
3ffc,22.2222222222,81.0055865922,28.1818181818,50.4273504274,47.5107977063
5bs0,11.1111111111,86.5921787709,38.9380530973,44.2477876106,46.4320700787
