pdb_id,pep_identity,mhc_identity,tcrA_identity,tcrB_identity,total_identity
5d2n,22.2222222222,99.4413407821,50.9433962264,57.3913043478,58.6103044305
3o4l,33.3333333333,100.0,24.0740740741,30.1724137931,53.4855257556
4mnq,22.2222222222,100.0,18.9189189189,36.8421052632,50.0342447711
3qeq,11.1111111111,100.0,30.5555555556,39.4736842105,48.7085769981
3ffc,22.2222222222,81.0055865922,27.2727272727,53.8461538462,47.9290831246
