pdb_id,pep_identity,mhc_identity,tcrA_identity,tcrB_identity,total_identity
5d2n,22.2222222222,99.4413407821,22.2222222222,76.5217391304,57.0118478936
3o4l,33.3333333333,100.0,32.1100917431,26.9565217391,54.2888800248
3qdj,11.1111111111,100.0,62.037037037,30.9734513274,52.5387850978
4mnq,22.2222222222,100.0,30.9090909091,33.6283185841,51.4969756563
3ffc,22.2222222222,81.0055865922,30.3571428571,58.1196581197,49.1554031009
5bs0,11.1111111111,86.5921787709,38.0530973451,45.1327433628,46.4320700787
