pdb_id,pep_identity,mhc_identity,tcrA_identity,tcrB_identity,total_identity
4eup,11.1111111111,100.0,47.7477477477,87.3873873874,59.5595595596
3o4l,33.3333333333,100.0,51.3513513514,26.3157894737,57.3889679153
4mnq,22.2222222222,100.0,31.25,50.8928571429,54.4312169312
2e7l,33.3333333333,68.7150837989,37.1681415929,57.6576576577,49.8204389192
5d2n,22.2222222222,99.4413407821,21.4285714286,31.3043478261,49.3433408772
