pdb_id,pep_identity,mhc_identity,tcrA_identity,tcrB_identity,total_identity
3o4l,33.3333333333,100.0,52.7272727273,24.5614035088,57.3258904838
5men,22.2222222222,100.0,33.9285714286,31.25,51.6038359788
4eup,11.1111111111,100.0,49.0909090909,34.2342342342,50.9245609246
5d2n,22.2222222222,99.4413407821,23.4234234234,33.0434782609,49.9656712822
3ffc,22.2222222222,81.0055865922,33.9285714286,35.8974358974,46.0469374925
