pdb_id,pep_identity,mhc_identity,tcrA_identity,tcrB_identity,total_identity
5d2n,22.2222222222,99.4413407821,69.8113207547,75.8620689655,64.8334192882
3o4l,33.3333333333,100.0,22.2222222222,27.9661016949,52.8091650973
