pdb_id,pep_identity,mhc_identity,tcrA_identity,tcrB_identity,total_identity
4eup,11.1111111111,100.0,35.1351351351,90.990990991,58.0580580581
5men,22.2222222222,100.0,41.9642857143,52.6785714286,56.5145502646
3o4l,33.3333333333,100.0,37.8378378378,28.9473684211,55.5753121543
5d2n,22.2222222222,99.4413407821,25.0,30.4347826087,49.7936514362
2e7l,33.3333333333,68.7150837989,25.8928571429,57.6576576577,47.9412248442
