pdb_id,pep_identity,mhc_identity,tcrA_identity,tcrB_identity,total_identity
3o4l,33.3333333333,100.0,32.1100917431,54.8672566372,58.9406691745
4mnq,22.2222222222,100.0,41.2844036697,31.5789473684,52.8846325804
5eu6,11.1111111111,100.0,40.7079646018,35.0877192982,49.6696510204
3qeq,11.1111111111,100.0,38.8888888889,29.8245614035,48.4892787524
