pdb_id,pep_identity,mhc_identity,tcrA_identity,tcrB_identity,total_identity
3gsn,22.2222222222,100.0,87.5,29.8245614035,60.294834308
3o4l,33.3333333333,100.0,33.0357142857,25.8620689655,54.260741653
3ffc,22.2222222222,81.0055865922,27.1929824561,57.264957265,48.4855928916
