pdb_id,pep_identity,mhc_identity,tcrA_identity,tcrB_identity,total_identity
4eup,11.1111111111,100.0,62.3853211009,58.5585585586,57.1943503136
3o4l,33.3333333333,100.0,31.8181818182,30.0884955752,54.76222401
4mnq,22.2222222222,100.0,30.9090909091,50.4504504505,54.3006643007
5d2n,22.2222222222,99.4413407821,22.0183486239,33.0434782609,49.7314921489
2e7l,33.3333333333,68.7150837989,33.9285714286,50.0,48.0042342822
