pdb_id,pep_identity,mhc_identity,tcrA_identity,tcrB_identity,total_identity
5d2n,22.2222222222,99.4413407821,28.6956521739,76.724137931,58.1244860189
3o4l,33.3333333333,100.0,29.5652173913,26.2711864407,53.7505117498
3ffc,22.2222222222,81.0055865922,52.1739130435,60.6837606838,53.2188818927
4mnq,22.2222222222,100.0,28.6956521739,30.1724137931,50.5520850686
4eup,11.1111111111,100.0,30.4347826087,31.8965517241,47.4255927592
