pdb_id,pep_identity,mhc_identity,tcrA_identity,tcrB_identity,total_identity
3o4l,33.3333333333,100.0,44.9541284404,27.1929824561,56.4689629272
4mnq,22.2222222222,100.0,31.8584070796,33.9285714286,51.7052371588
5eu6,11.1111111111,100.0,39.8230088496,46.9026548673,51.4913143232
3ffc,22.2222222222,81.0055865922,32.7433628319,41.8803418803,46.8465537235
2e7l,33.3333333333,68.7150837989,34.2342342342,33.3333333333,45.2774003053
