pdb_id,pep_identity,mhc_identity,tcrA_identity,tcrB_identity,total_identity
3o4l,33.3333333333,100.0,50.8928571429,26.3157894737,57.3125522139
5men,22.2222222222,100.0,34.8214285714,59.8214285714,56.5145502646
4eup,11.1111111111,100.0,46.4285714286,60.3603603604,54.8351923352
5d2n,22.2222222222,99.4413407821,23.0088495575,29.5652173913,49.3168654929
2e7l,33.3333333333,68.7150837989,33.3333333333,53.1531531532,48.4305534585
