pdb_id,pep_identity,mhc_identity,tcrA_identity,tcrB_identity,total_identity
5bs0,11.1111111111,86.5921787709,84.9557522124,94.5454545455,62.484631087
5eu6,11.1111111111,100.0,88.4955752212,44.2477876106,59.1609308423
2bnr,11.1111111111,100.0,87.610619469,31.25,56.8471402819
3o4l,33.3333333333,100.0,38.0530973451,26.3157894737,55.1725922476
5men,22.2222222222,100.0,41.592920354,33.3333333333,53.2284496886
