pdb_id,pep_identity,mhc_identity,tcrA_identity,tcrB_identity,total_identity
4eup,11.1111111111,100.0,87.1559633028,58.0357142857,61.2356499684
3o4l,33.3333333333,100.0,48.1481481481,29.5652173913,57.3966720344
4mnq,22.2222222222,100.0,31.5315315315,57.5221238938,55.583016645
2bnr,11.1111111111,100.0,40.7079646018,55.3571428571,53.0478882802
5d2n,22.2222222222,99.4413407821,23.1481481481,28.6956521739,49.1951543885
