pdb_id,pep_identity,mhc_identity,tcrA_identity,tcrB_identity,total_identity
4eup,11.1111111111,100.0,84.4036697248,58.5585585586,60.8640750843
3o4l,33.3333333333,100.0,40.7407407407,30.0884955752,56.2493171638
4mnq,22.2222222222,100.0,32.4324324324,50.4504504505,54.5545545546
2pye,11.1111111111,100.0,41.592920354,49.1071428571,52.1537142389
5d2n,22.2222222222,99.4413407821,22.2222222222,33.0434782609,49.765471082
