pdb_id,pep_identity,mhc_identity,tcrA_identity,tcrB_identity,total_identity
4eup,11.1111111111,100.0,85.5855855856,36.9369369369,57.4574574575
3o4l,33.3333333333,100.0,39.2857142857,27.1929824561,55.5242272348
5men,22.2222222222,100.0,37.6146788991,32.1428571429,52.3669967477
5d2n,22.2222222222,99.4413407821,20.5357142857,42.6086956522,51.0785893244
5bs0,11.1111111111,86.5921787709,39.8230088496,60.7142857143,49.3239790547
3ffc,22.2222222222,81.0055865922,34.2105263158,45.2991452991,47.6608815406
