pdb_id,pep_identity,mhc_identity,tcrA_identity,tcrB_identity,total_identity
3ffc,22.2222222222,81.0055865922,84.2105263158,40.1709401709,55.1395140193
3o4l,33.3333333333,100.0,32.4561403509,24.1379310345,53.8767896753
5men,22.2222222222,100.0,33.9130434783,31.5789473684,51.6560725485
5eu6,11.1111111111,100.0,34.7826086957,46.4912280702,50.582676498
