pdb_id,pep_identity,mhc_identity,tcrA_identity,tcrB_identity,total_identity
3o4l,33.3333333333,100.0,22.4299065421,22.8070175439,51.9839317921
3qeq,11.1111111111,100.0,30.8411214953,35.9649122807,48.1713759997
3ffc,22.2222222222,81.0055865922,31.8181818182,31.3559322034,44.9382886084
2e7l,33.3333333333,68.7150837989,25.8928571429,36.6071428571,44.4328057107
