pdb_id,pep_identity,mhc_identity,tcrA_identity,tcrB_identity,total_identity
3o4l,33.3333333333,100.0,34.8214285714,30.4347826087,55.3204796411
5men,22.2222222222,100.0,30.4347826087,53.0973451327,54.662762031
4eup,11.1111111111,100.0,32.7433628319,55.3571428571,51.7204546519
3ffc,22.2222222222,81.0055865922,60.1769911504,32.4786324786,49.851873543
2e7l,33.3333333333,68.7150837989,32.7433628319,48.2142857143,47.5090804684
