pdb_id,pep_identity,mhc_identity,tcrA_identity,tcrB_identity,total_identity
3o4l,33.3333333333,100.0,28.5714285714,25.8620689655,53.5166940339
5eu6,11.1111111111,100.0,35.652173913,48.2456140351,51.0200016951
3ffc,22.2222222222,81.0055865922,51.3274336283,47.0085470085,50.7985997109
2e7l,33.3333333333,68.7150837989,34.5132743363,30.0884955752,44.783100696
