pdb_id,pep_identity,mhc_identity,tcrA_identity,tcrB_identity,total_identity
5eu6,11.1111111111,100.0,44.2477876106,93.0434782609,59.9189146823
3o4l,33.3333333333,100.0,39.8148148148,28.2051282051,55.7811016144
5men,22.2222222222,100.0,35.1351351351,34.7826086957,52.3936980459
3ffc,22.2222222222,81.0055865922,35.7142857143,58.9743589744,50.1907103862
3qeq,11.1111111111,100.0,38.8888888889,35.652173913,49.460547504
