pdb_id,pep_identity,mhc_identity,tcrA_identity,tcrB_identity,total_identity
3o4l,33.3333333333,100.0,29.5652173913,30.4347826087,54.4444444444
4mnq,22.2222222222,100.0,28.6956521739,32.7433628319,50.980576575
5eu6,11.1111111111,100.0,36.5217391304,33.3333333333,48.6795491143
3ffc,22.2222222222,81.0055865922,52.1739130435,30.7692307692,48.2331269069
2e7l,33.3333333333,68.7150837989,37.0689655172,29.4642857143,45.1050142493
