pdb_id,pep_identity,mhc_identity,tcrA_identity,tcrB_identity,total_identity
4eup,11.1111111111,100.0,34.2342342342,87.3873873874,57.3073073073
5men,22.2222222222,100.0,30.0884955752,50.8928571429,54.2376328604
3o4l,33.3333333333,100.0,32.4324324324,26.3157894737,54.2358147621
2e7l,33.3333333333,68.7150837989,49.1071428571,57.6576576577,51.8102724632
4qrp,11.1111111111,81.0055865922,87.3873873874,28.3185840708,49.9898944775
5d2n,22.2222222222,99.4413407821,23.2142857143,31.3043478261,49.6409599248
