pdb_id,pep_identity,mhc_identity,tcrA_identity,tcrB_identity,total_identity
3o4l,33.3333333333,100.0,32.1100917431,27.8260869565,54.4338075611
4qrp,11.1111111111,81.0055865922,90.0,50.8771929825,54.1850980648
5eu6,11.1111111111,100.0,31.8584070796,59.2920353982,52.22877745
5men,22.2222222222,100.0,29.7297297297,35.3982300885,51.5954007104
2e7l,33.3333333333,68.7150837989,51.3513513514,36.2831858407,48.6218952427
