pdb_id,pep_identity,mhc_identity,tcrA_identity,tcrB_identity,total_identity
5d2n,22.2222222222,99.4413407821,49.0566037736,47.8260869565,56.7016361231
3o4l,33.3333333333,100.0,21.2962962963,27.8260869565,52.6315083199
4mnq,22.2222222222,100.0,21.1009174312,32.4561403509,49.6669170378
3qeq,11.1111111111,100.0,28.7037037037,34.2105263158,47.5227420403
3ffc,22.2222222222,81.0055865922,26.3636363636,45.2991452991,46.3530665486
