pdb_id,pep_identity,mhc_identity,tcrA_identity,tcrB_identity,total_identity
5d2n,22.2222222222,99.4413407821,30.0,88.6956521739,60.3371296971
3qeq,11.1111111111,100.0,85.1851851852,35.652173913,57.1765968867
3o4l,33.3333333333,100.0,38.5321100917,28.2051282051,55.5673174939
4mnq,22.2222222222,100.0,33.0357142857,29.5652173913,51.1742293536
3ffc,22.2222222222,81.0055865922,31.8584070796,55.5555555556,48.9782633773
