pdb_id,pep_identity,mhc_identity,tcrA_identity,tcrB_identity,total_identity
5eu6,11.1111111111,100.0,88.4955752212,79.8245614035,65.0903931412
2bnq,11.1111111111,100.0,85.8407079646,32.4561403509,56.753178423
3o4l,33.3333333333,100.0,38.5321100917,31.0344827586,56.0388765862
5bs0,11.1111111111,86.5921787709,80.5309734513,43.3628318584,53.2167308456
5men,22.2222222222,100.0,41.4414414414,33.3333333333,53.2032032032
