pdb_id,pep_identity,mhc_identity,tcrA_identity,tcrB_identity,total_identity
3o4l,33.3333333333,100.0,36.3636363636,26.5486725664,54.9298292661
4mnq,22.2222222222,100.0,40.5405405405,32.4324324324,52.9029029029
5eu6,11.1111111111,100.0,44.2477876106,42.4778761062,51.4913143232
3ffc,22.2222222222,81.0055865922,29.4642857143,41.8803418803,46.3000408706
