pdb_id,pep_identity,mhc_identity,tcrA_identity,tcrB_identity,total_identity
3gsn,22.2222222222,100.0,34.2342342342,47.7876106195,54.4110482164
2e7l,33.3333333333,68.7150837989,29.203539823,51.8181818182,47.5197593176
3ffc,22.2222222222,81.0055865922,31.8584070796,36.7521367521,45.8443602434
