pdb_id,pep_identity,mhc_identity,tcrA_identity,tcrB_identity,total_identity
5eu6,11.1111111111,100.0,47.7876106195,78.9473684211,58.1595335438
3o4l,33.3333333333,100.0,36.036036036,32.7586206897,55.9102205654
5men,22.2222222222,100.0,39.2857142857,34.2105263158,52.9901141743
3ffc,22.2222222222,81.0055865922,30.9734513274,58.1196581197,49.2581211793
5bs0,11.1111111111,86.5921787709,45.1327433628,42.1052631579,47.1074310475
