pdb_id,pep_identity,mhc_identity,tcrA_identity,tcrB_identity,total_identity
3qdj,11.1111111111,100.0,90.7407407407,31.8584070796,57.4702283404
3o4l,33.3333333333,100.0,39.4495412844,24.347826087,55.0773390063
4mnq,22.2222222222,100.0,33.9449541284,30.9734513274,51.5604749834
5d2n,22.2222222222,99.4413407821,20.1834862385,33.0434782609,49.4256817513
