pdb_id,pep_identity,mhc_identity,tcrA_identity,tcrB_identity,total_identity
5men,22.2222222222,100.0,43.119266055,57.8947368421,57.5764078903
3qeq,11.1111111111,100.0,40.1869158879,68.4210526316,55.1383651236
3o4l,33.3333333333,100.0,33.3333333333,27.3504273504,54.5584045584
5d2n,22.2222222222,99.4413407821,31.7757009346,35.652173913,51.7925001427
2e7l,33.3333333333,68.7150837989,27.9279279279,61.4035087719,48.9047118274
