pdb_id,pep_identity,mhc_identity,tcrA_identity,tcrB_identity,total_identity
3o4l,33.3333333333,100.0,29.5652173913,26.5486725664,53.7967594374
4mnq,22.2222222222,100.0,31.3043478261,34.5454545455,51.7157078027
5eu6,11.1111111111,100.0,38.2608695652,46.017699115,51.0834651504
3ffc,22.2222222222,81.0055865922,52.1739130435,41.8803418803,50.0849787588
2e7l,33.3333333333,68.7150837989,36.2068965517,33.0275229358,45.5552089587
