pdb_id,pep_identity,mhc_identity,tcrA_identity,tcrB_identity,total_identity
3qdj,11.1111111111,100.0,90.7407407407,31.3043478261,57.3778851315
3o4l,33.3333333333,100.0,41.2844036697,23.9316239316,55.313782378
5men,22.2222222222,100.0,32.4324324324,31.3043478261,51.3635374505
5d2n,22.2222222222,99.4413407821,21.1009174312,33.6206896552,49.6747888492
