pdb_id,pep_identity,mhc_identity,tcrA_identity,tcrB_identity,total_identity
3o4l,33.3333333333,100.0,40.0,53.5087719298,60.0292397661
3qdj,11.1111111111,100.0,89.9082568807,34.7826086957,57.8188479664
5men,22.2222222222,100.0,35.7798165138,32.1739130435,52.0663623336
5d2n,22.2222222222,99.4413407821,20.9090909091,31.0344827586,49.2117832794
