pdb_id,pep_identity,mhc_identity,tcrA_identity,tcrB_identity,total_identity
5d2n,22.2222222222,99.4413407821,62.6168224299,40.0,57.6573247398
3o4l,33.3333333333,100.0,21.1009174312,27.4336283186,52.5335354027
4mnq,22.2222222222,100.0,22.5225225225,34.2342342342,50.2002002002
3qdj,11.1111111111,100.0,25.6880733945,36.036036036,47.3243886088
5bs0,11.1111111111,86.5921787709,24.5614035088,62.7272727273,47.115876
3ffc,22.2222222222,81.0055865922,30.9090909091,41.8803418803,46.5408417364
