pdb_id,pep_identity,mhc_identity,tcrA_identity,tcrB_identity,total_identity
3gsn,22.2222222222,100.0,44.7368421053,53.9130434783,57.182388338
2e7l,33.3333333333,68.7150837989,33.0434782609,52.6315789474,48.2953152454
5bs0,11.1111111111,86.5921787709,45.6140350877,34.7826086957,45.9672039246
