pdb_id,pep_identity,mhc_identity,tcrA_identity,tcrB_identity,total_identity
3qdj,11.1111111111,100.0,88.8888888889,33.3333333333,57.4074074074
3o4l,33.3333333333,100.0,38.8888888889,29.3103448276,55.8109833972
3ffc,22.2222222222,81.0055865922,31.25,89.7435897436,54.5748678954
5d2n,22.2222222222,99.4413407821,21.2962962963,53.0434782609,52.9444834276
5men,22.2222222222,100.0,34.2342342342,31.5789473684,51.7096043412
5bs0,11.1111111111,86.5921787709,39.8230088496,44.2477876106,46.579562704
