pdb_id,pep_identity,mhc_identity,tcrA_identity,tcrB_identity,total_identity
3qdj,11.1111111111,100.0,37.962962963,91.2280701754,58.5688758934
5men,22.2222222222,100.0,29.7297297297,64.0350877193,56.3682103156
3o4l,33.3333333333,100.0,29.3577981651,29.9145299145,54.3231657911
5d2n,22.2222222222,99.4413407821,24.7706422018,34.7826086957,50.4800628177
2e7l,33.3333333333,68.7150837989,30.6306306306,52.6315789474,47.8931739737
