pdb_id,pep_identity,mhc_identity,tcrA_identity,tcrB_identity,total_identity
3o4l,33.3333333333,100.0,52.7777777778,30.0884955752,58.2554900033
4mnq,22.2222222222,100.0,33.9285714286,49.5495495495,54.6537609038
4eup,11.1111111111,100.0,47.2727272727,57.6576576577,54.5254345254
5d2n,22.2222222222,99.4413407821,23.8532110092,34.7826086957,50.3271576189
2e7l,33.3333333333,68.7150837989,34.2342342342,52.7272727273,48.5097235377
