pdb_id,pep_identity,mhc_identity,tcrA_identity,tcrB_identity,total_identity
5d2n,22.2222222222,99.4413407821,26.0869565217,82.6086956522,58.6704630304
3o4l,33.3333333333,100.0,33.3333333333,27.5862068966,54.5977011494
2e7l,33.3333333333,68.7150837989,69.298245614,34.2105263158,51.2676010324
4mnq,22.2222222222,100.0,30.701754386,31.5789473684,51.1208576998
3ffc,22.2222222222,81.0055865922,27.5862068966,57.264957265,48.5511302984
3qdj,11.1111111111,100.0,31.5789473684,30.701754386,47.4171539961
