pdb_id,pep_identity,mhc_identity,tcrA_identity,tcrB_identity,total_identity
3o4l,33.3333333333,100.0,33.3333333333,30.9734513274,55.1622418879
4mnq,22.2222222222,100.0,28.9473684211,51.3513513514,54.1238607028
2e7l,33.3333333333,68.7150837989,63.0630630631,50.9090909091,53.0114980394
4eup,11.1111111111,100.0,34.8214285714,59.4594594595,52.7505183755
3ffc,22.2222222222,81.0055865922,28.9473684211,35.0427350427,45.0742868488
5bs0,11.1111111111,86.5921787709,33.3333333333,40.0,44.7899855162
