pdb_id,pep_identity,mhc_identity,tcrA_identity,tcrB_identity,total_identity
3gsn,22.2222222222,100.0,39.6396396396,72.5663716814,59.4417426276
3o4l,33.3333333333,100.0,51.3513513514,31.0344827586,58.1754167961
2e7l,33.3333333333,68.7150837989,37.1681415929,56.6371681416,49.6503573332
