pdb_id,pep_identity,mhc_identity,tcrA_identity,tcrB_identity,total_identity
5men,22.2222222222,100.0,30.9090909091,87.9310344828,60.547428306
3o4l,33.3333333333,100.0,31.7757009346,28.5714285714,54.5022993621
3qdj,11.1111111111,100.0,35.7798165138,62.0689655172,53.3451673755
5d2n,22.2222222222,99.4413407821,22.9357798165,28.2051282051,49.0780056717
