pdb_id,pep_identity,mhc_identity,tcrA_identity,tcrB_identity,total_identity
5d2n,22.2222222222,99.4413407821,89.8148148148,41.7391304348,62.480178543
3o4l,33.3333333333,100.0,20.9090909091,28.6956521739,52.7119016249
4mnq,22.2222222222,100.0,21.6216216216,35.3982300885,50.2440493591
