pdb_id,pep_identity,mhc_identity,tcrA_identity,tcrB_identity,total_identity
3gsn,22.2222222222,100.0,40.9090909091,52.5862068966,56.323290375
2e7l,33.3333333333,68.7150837989,27.9279279279,54.7826086957,47.8012284813
