pdb_id,pep_identity,mhc_identity,tcrA_identity,tcrB_identity,total_identity
5eu6,11.1111111111,100.0,87.610619469,45.1327433628,59.1609308423
5bs0,11.1111111111,86.5921787709,83.185840708,69.3693693694,57.9936316402
3o4l,33.3333333333,100.0,37.2727272727,27.8260869565,55.294246816
5men,22.2222222222,100.0,40.7079646018,32.1428571429,52.8825443648
3qeq,11.1111111111,100.0,30.9090909091,33.0357142857,47.6945045695
