pdb_id,pep_identity,mhc_identity,tcrA_identity,tcrB_identity,total_identity
5d2n,22.2222222222,99.4413407821,24.5614035088,67.8260869565,55.952436079
3o4l,33.3333333333,100.0,29.203539823,26.5486725664,53.7364798427
5men,22.2222222222,100.0,33.6283185841,27.9279279279,51.0001151594
2e7l,33.3333333333,68.7150837989,58.407079646,33.6363636364,49.3567129245
4qrp,11.1111111111,81.0055865922,50.4424778761,60.1769911504,49.1421440722
3qdj,11.1111111111,100.0,34.5132743363,32.1428571429,48.1463922836
5bs0,11.1111111111,86.5921787709,30.701754386,44.6428571429,45.1251985488
