pdb_id,pep_identity,mhc_identity,tcrA_identity,tcrB_identity,total_identity
3qdj,11.1111111111,100.0,62.962962963,51.3513513514,56.0894227561
3o4l,33.3333333333,100.0,33.9449541284,28.3185840708,54.821700811
4mnq,22.2222222222,100.0,30.0,49.5495495495,53.998998999
5d2n,22.2222222222,99.4413407821,29.6296296296,32.1739130435,50.855111447
2e7l,33.3333333333,68.7150837989,33.3333333333,54.5454545455,48.6626036905
