pdb_id,pep_identity,mhc_identity,tcrA_identity,tcrB_identity,total_identity
4eup,11.1111111111,100.0,87.2727272727,53.1531531532,60.4413504414
3o4l,33.3333333333,100.0,39.6396396396,29.8245614035,56.021811285
5men,22.2222222222,100.0,37.6146788991,48.2142857143,55.0455681763
5d2n,22.2222222222,99.4413407821,20.7207207207,41.7391304348,50.964496194
