pdb_id,pep_identity,mhc_identity,tcrA_identity,tcrB_identity,total_identity
3o4l,33.3333333333,100.0,36.3636363636,27.8260869565,55.1427316645
5eu6,11.1111111111,100.0,46.9026548673,49.1228070175,53.0412806845
5men,22.2222222222,100.0,39.2857142857,32.7433628319,52.745586927
3ffc,22.2222222222,81.0055865922,30.9734513274,45.2991452991,47.1213690426
