pdb_id,pep_identity,mhc_identity,tcrA_identity,tcrB_identity,total_identity
4eup,11.1111111111,100.0,87.1559633028,54.954954955,60.72219008
3o4l,33.3333333333,100.0,40.3669724771,29.203539823,56.0395298278
5men,22.2222222222,100.0,31.5315315315,48.6486486486,54.1041041041
5d2n,22.2222222222,99.4413407821,21.1009174312,34.7826086957,49.8684420226
