pdb_id,pep_identity,mhc_identity,tcrA_identity,tcrB_identity,total_identity
4eup,11.1111111111,100.0,33.6283185841,87.7192982456,57.261639842
3o4l,33.3333333333,100.0,34.5132743363,25.641025641,54.4701611073
5men,22.2222222222,100.0,30.4347826087,47.8260869565,53.7842190016
5d2n,22.2222222222,99.4413407821,30.0884955752,31.0344827586,50.7416840571
3ffc,22.2222222222,81.0055865922,61.0619469027,32.4786324786,49.9993661683
2e7l,33.3333333333,68.7150837989,34.2105263158,57.0175438596,49.2208174066
