pdb_id,pep_identity,mhc_identity,tcrA_identity,tcrB_identity,total_identity
3o4l,33.3333333333,100.0,26.7857142857,25.0,53.0753968254
3qdj,11.1111111111,100.0,33.9285714286,41.0714285714,49.537037037
2e7l,33.3333333333,68.7150837989,25.6637168142,35.1851851852,44.1576227106
5bs0,11.1111111111,86.5921787709,34.5132743363,31.25,43.5283090167
3ffc,22.2222222222,81.0055865922,24.5614035088,27.9661016949,43.1638538054
