pdb_id,pep_identity,mhc_identity,tcrA_identity,tcrB_identity,total_identity
4eup,11.1111111111,100.0,90.8256880734,60.3603603604,62.234711776
3gsn,22.2222222222,100.0,38.1818181818,54.8672566372,56.2489198772
4mnq,22.2222222222,100.0,31.5315315315,58.5585585586,55.7557557558
3o4l,33.3333333333,100.0,39.0909090909,26.5486725664,55.3843747207
2bnr,11.1111111111,100.0,41.592920354,57.6576576577,53.578800039
