pdb_id,pep_identity,mhc_identity,tcrA_identity,tcrB_identity,total_identity
4eup,11.1111111111,100.0,29.7297297297,93.6936936937,57.6076076076
5men,22.2222222222,100.0,36.6071428571,52.6785714286,55.6216931217
3o4l,33.3333333333,100.0,30.0,28.0701754386,54.1228070175
5d2n,22.2222222222,99.4413407821,27.2727272727,28.6956521739,49.8825842426
2e7l,33.3333333333,68.7150837989,27.027027027,57.6576576577,48.1302531582
