pdb_id,pep_identity,mhc_identity,tcrA_identity,tcrB_identity,total_identity
3o4l,33.3333333333,100.0,34.5794392523,30.9734513274,55.3699262077
5men,22.2222222222,100.0,34.2342342342,48.6486486486,54.5545545546
3qeq,11.1111111111,100.0,51.8867924528,50.8928571429,54.1669786363
2e7l,33.3333333333,68.7150837989,27.9279279279,50.9090909091,47.1556421836
5bs0,11.1111111111,86.5921787709,38.9380530973,37.2727272727,45.2695600224
3ffc,22.2222222222,81.0055865922,28.1818181818,32.4786324786,44.5193447149
