pdb_id,pep_identity,mhc_identity,tcrA_identity,tcrB_identity,total_identity
3o4l,33.3333333333,100.0,34.2342342342,31.3043478261,55.3675414545
2e7l,33.3333333333,68.7150837989,70.2702702703,33.0357142857,51.2338031367
5men,22.2222222222,100.0,28.9473684211,29.4642857143,50.47601643
5eu6,11.1111111111,100.0,33.3333333333,43.3628318584,49.8197312357
3ffc,22.2222222222,81.0055865922,28.9473684211,43.5897435897,46.4987882733
