pdb_id,pep_identity,mhc_identity,tcrA_identity,tcrB_identity,total_identity
2bnq,11.1111111111,100.0,87.610619469,56.7567567568,61.098266408
4mnq,22.2222222222,100.0,39.8230088496,62.1621621622,57.7382692427
3o4l,33.3333333333,100.0,37.5,26.5486725664,55.1192232055
5bs0,11.1111111111,86.5921787709,84.9557522124,36.9369369369,52.8832114856
3qeq,11.1111111111,100.0,33.9285714286,50.8928571429,51.1739417989
5d2n,22.2222222222,99.4413407821,22.1238938053,28.6956521739,49.0244453313
