pdb_id,pep_identity,mhc_identity,tcrA_identity,tcrB_identity,total_identity
5d2n,22.2222222222,99.4413407821,22.9357798165,67.8260869565,55.681498797
3o4l,33.3333333333,100.0,31.8181818182,28.6956521739,54.5300834431
3qdj,11.1111111111,100.0,61.4678899083,34.2105263158,52.983439741
5men,22.2222222222,100.0,30.9090909091,29.8245614035,50.8630161262
3ffc,22.2222222222,81.0055865922,28.5714285714,56.4102564103,48.5728837684
5bs0,11.1111111111,86.5921787709,37.1681415929,47.7876106195,46.7270553294
2e7l,33.3333333333,68.7150837989,32.1428571429,32.7433628319,44.8305090399
