pdb_id,pep_identity,mhc_identity,tcrA_identity,tcrB_identity,total_identity
3o4l,33.3333333333,100.0,45.1327433628,31.9327731092,57.2886971898
5eu6,11.1111111111,100.0,40.7079646018,73.5042735043,56.0724100547
5men,22.2222222222,100.0,33.6283185841,31.6239316239,51.6161157754
3ffc,22.2222222222,81.0055865922,36.5217391304,56.4102564103,49.8979355282
