pdb_id,pep_identity,mhc_identity,tcrA_identity,tcrB_identity,total_identity
3o4l,33.3333333333,100.0,41.4414414414,26.3157894737,55.7373162636
4mnq,22.2222222222,100.0,39.8230088496,34.8214285714,53.1814803109
5d2n,22.2222222222,99.4413407821,26.7857142857,34.7826086957,50.815908165
3qdj,11.1111111111,100.0,36.9369369369,36.6071428571,49.2943836694
5bs0,11.1111111111,86.5921787709,38.9380530973,41.0714285714,45.9026769055
3ffc,22.2222222222,81.0055865922,30.9734513274,33.3333333333,45.1270670483
