pdb_id,pep_identity,mhc_identity,tcrA_identity,tcrB_identity,total_identity
4eup,11.1111111111,100.0,87.1559633028,87.3873873874,66.1275954854
3o4l,33.3333333333,100.0,40.3669724771,27.1929824561,55.7044369333
3gsn,22.2222222222,100.0,41.2844036697,46.9026548673,55.4385838302
5men,22.2222222222,100.0,37.8378378378,48.2142857143,55.0827613328
