pdb_id,pep_identity,mhc_identity,tcrA_identity,tcrB_identity,total_identity
3qdj,11.1111111111,100.0,85.7142857143,33.0357142857,56.8287037037
3o4l,33.3333333333,100.0,38.0530973451,26.0869565217,55.1344534223
5men,22.2222222222,100.0,33.9285714286,30.3571428571,51.455026455
5d2n,22.2222222222,99.4413407821,20.3539823009,42.6086956522,51.0483006603
5bs0,11.1111111111,86.5921787709,40.350877193,54.4642857143,48.3702904452
3ffc,22.2222222222,81.0055865922,32.1739130435,45.2991452991,47.3214459952
2e7l,33.3333333333,68.7150837989,33.9130434783,34.8214285714,45.4718843857
