pdb_id,pep_identity,mhc_identity,tcrA_identity,tcrB_identity,total_identity
5d2n,22.2222222222,99.4413407821,87.8504672897,52.1739130435,63.8919177236
3o4l,33.3333333333,100.0,19.2660550459,32.1739130435,53.0177724593
