pdb_id,pep_identity,mhc_identity,tcrA_identity,tcrB_identity,total_identity
3o4l,33.3333333333,100.0,28.6956521739,25.2173913043,53.4299516908
5eu6,11.1111111111,100.0,33.9130434783,35.9649122807,48.6833629969
2e7l,33.3333333333,68.7150837989,57.3913043478,29.4642857143,48.4920707211
3ffc,22.2222222222,81.0055865922,27.3504273504,33.3333333333,44.5232297188
