pdb_id,pep_identity,mhc_identity,tcrA_identity,tcrB_identity,total_identity
4eup,11.1111111111,100.0,90.0,30.9734513274,57.1992789249
3o4l,33.3333333333,100.0,39.6396396396,25.2173913043,55.2539496018
5d2n,22.2222222222,99.4413407821,20.7207207207,48.6956521739,52.1239164839
4mnq,22.2222222222,100.0,33.3333333333,33.3333333333,51.8518518519
3ffc,22.2222222222,81.0055865922,30.9734513274,43.5897435897,46.8364687577
