pdb_id,pep_identity,mhc_identity,tcrA_identity,tcrB_identity,total_identity
3o4l,33.3333333333,100.0,32.1100917431,26.3157894737,54.1820913139
3qdj,11.1111111111,100.0,62.962962963,33.9285714286,53.1856261023
4mnq,22.2222222222,100.0,30.0,31.25,50.9490740741
5bs0,11.1111111111,86.5921787709,39.8230088496,66.0714285714,50.2168361975
3ffc,22.2222222222,81.0055865922,32.1428571429,44.4444444444,47.1738198694
2e7l,33.3333333333,68.7150837989,34.2342342342,31.5315315315,44.977100005
