pdb_id,pep_identity,mhc_identity,tcrA_identity,tcrB_identity,total_identity
5eu6,11.1111111111,100.0,90.2654867257,44.2477876106,59.4559160931
5bs0,11.1111111111,86.5921787709,82.3008849558,67.8571428571,57.5941012628
3o4l,33.3333333333,100.0,38.3928571429,31.3043478261,56.0606452726
5men,22.2222222222,100.0,42.4778761062,33.0357142857,53.3263391394
3qeq,11.1111111111,100.0,31.25,32.1428571429,47.6025132275
