pdb_id,pep_identity,mhc_identity,tcrA_identity,tcrB_identity,total_identity
3o4l,33.3333333333,100.0,59.6330275229,30.4347826087,59.455746133
3gsn,22.2222222222,100.0,41.2844036697,36.2831858407,53.6686723258
5bs0,11.1111111111,86.5921787709,35.3982300885,63.7168141593,49.0869373353
