pdb_id,pep_identity,mhc_identity,tcrA_identity,tcrB_identity,total_identity
2bnq,11.1111111111,100.0,87.610619469,29.4642857143,56.5495212343
5d2n,22.2222222222,99.4413407821,23.0088495575,66.9565217391,55.5487495509
3o4l,33.3333333333,100.0,38.3928571429,28.0701754386,55.5216165414
5bs0,11.1111111111,86.5921787709,84.0707964602,48.2142857143,54.6152769898
3ffc,22.2222222222,81.0055865922,33.3333333333,55.5555555556,49.2240844196
2e7l,33.3333333333,68.7150837989,35.3982300885,33.0357142857,45.4217964398
