pdb_id,pep_identity,mhc_identity,tcrA_identity,tcrB_identity,total_identity
5eu6,11.1111111111,100.0,87.610619469,61.9469026549,61.9632907244
3o4l,33.3333333333,100.0,38.3928571429,31.8584070796,56.1529884815
2bnr,11.1111111111,100.0,85.8407079646,28.5714285714,56.1057264597
5bs0,11.1111111111,86.5921787709,80.5309734513,46.4285714286,53.7276874407
4mnq,22.2222222222,100.0,37.1681415929,29.7297297297,51.8903859612
3qdj,11.1111111111,100.0,42.8571428571,33.0357142857,49.6858465608
