pdb_id,pep_identity,mhc_identity,tcrA_identity,tcrB_identity,total_identity
5eu6,11.1111111111,100.0,91.1504424779,36.2068965517,58.2632602086
3o4l,33.3333333333,100.0,38.7387387387,26.4957264957,55.3168553169
5men,22.2222222222,100.0,40.7079646018,32.1739130435,52.8877203483
5bs0,11.1111111111,86.5921787709,83.185840708,38.5964912281,52.8648186167
