pdb_id,pep_identity,mhc_identity,tcrA_identity,tcrB_identity,total_identity
3gsn,22.2222222222,100.0,34.8214285714,51.3274336283,55.0988844407
2e7l,33.3333333333,68.7150837989,30.701754386,49.1071428571,47.3176219179
3ffc,22.2222222222,81.0055865922,30.701754386,35.8974358974,45.509134652
5bs0,11.1111111111,86.5921787709,32.7433628319,39.2857142857,44.5726094803
