pdb_id,pep_identity,mhc_identity,tcrA_identity,tcrB_identity,total_identity
3o4l,33.3333333333,100.0,84.9056603774,25.2173913043,62.7982863914
3gsn,22.2222222222,100.0,33.0357142857,32.7433628319,51.7039202603
4mnq,22.2222222222,100.0,31.8584070796,32.7433628319,51.5077023927
