pdb_id,pep_identity,mhc_identity,tcrA_identity,tcrB_identity,total_identity
4eup,11.1111111111,100.0,63.3928571429,58.5585585586,57.3622729873
3o4l,33.3333333333,100.0,38.9380530973,30.0884955752,55.9488692232
5men,22.2222222222,100.0,38.3928571429,50.4504504505,55.547958673
5d2n,22.2222222222,99.4413407821,25.6637168142,33.0434782609,50.339053514
2e7l,33.3333333333,68.7150837989,37.3913043478,50.0,48.5813564354
5bs0,11.1111111111,86.5921787709,43.8596491228,40.0,46.5443714812
3ffc,22.2222222222,81.0055865922,35.652173913,35.0427350427,46.1917544308
