pdb_id,pep_identity,mhc_identity,tcrA_identity,tcrB_identity,total_identity
3qdj,11.1111111111,100.0,88.8888888889,32.4561403509,57.261208577
3o4l,33.3333333333,100.0,39.8148148148,25.0,55.2469135802
4mnq,22.2222222222,100.0,33.3333333333,32.4561403509,51.7056530214
5d2n,22.2222222222,99.4413407821,23.1481481481,32.1739130435,49.7748645334
3ffc,22.2222222222,81.0055865922,39.2857142857,32.4786324786,46.3699940655
5bs0,11.1111111111,86.5921787709,40.7079646018,38.9380530973,45.8420995772
