pdb_id,pep_identity,mhc_identity,tcrA_identity,tcrB_identity,total_identity
3o4l,33.3333333333,100.0,39.6396396396,54.8672566372,60.1955938239
5eu6,11.1111111111,100.0,90.2654867257,32.4561403509,57.4906415498
2p5e,11.1111111111,100.0,84.9557522124,31.8584070796,56.5060635857
5bs0,11.1111111111,86.5921787709,83.185840708,27.1929824561,50.9642338214
3qdj,11.1111111111,100.0,43.2432432432,32.4561403509,49.6536009694
