pdb_id,pep_identity,mhc_identity,tcrA_identity,tcrB_identity,total_identity
3qeq,11.1111111111,100.0,50.4587155963,58.407079646,55.1813362441
5men,22.2222222222,100.0,36.036036036,46.9026548673,54.5638558913
3o4l,33.3333333333,100.0,32.7272727273,27.8260869565,54.5366710584
2e7l,33.3333333333,68.7150837989,28.9473684211,49.1071428571,47.0252242571
5bs0,11.1111111111,86.5921787709,43.3628318584,35.3982300885,45.6946069518
3ffc,22.2222222222,81.0055865922,29.4642857143,32.4786324786,44.7330893036
