pdb_id,pep_identity,mhc_identity,tcrA_identity,tcrB_identity,total_identity
5men,22.2222222222,100.0,29.5652173913,90.350877193,60.7267565048
3o4l,33.3333333333,100.0,34.5132743363,32.4786324786,55.6097622469
3qdj,11.1111111111,100.0,32.7433628319,63.1578947368,53.0205799652
5d2n,22.2222222222,99.4413407821,30.0884955752,30.4347826087,50.6417340321
3ffc,22.2222222222,81.0055865922,61.0619469027,29.0598290598,49.4295655985
