pdb_id,pep_identity,mhc_identity,tcrA_identity,tcrB_identity,total_identity
2bnq,11.1111111111,100.0,86.7256637168,47.7477477477,59.4492722811
3o4l,33.3333333333,100.0,38.0530973451,28.3185840708,55.5063913471
5bs0,11.1111111111,86.5921787709,82.3008849558,36.036036036,52.2905834593
3qeq,11.1111111111,100.0,30.9734513274,58.9285714286,52.0207074964
5d2n,22.2222222222,99.4413407821,23.6842105263,34.7826086957,50.2989908718
2e7l,33.3333333333,68.7150837989,38.5964912281,50.0,48.7822209154
