pdb_id,pep_identity,mhc_identity,tcrA_identity,tcrB_identity,total_identity
3o4l,33.3333333333,100.0,36.3636363636,27.8260869565,55.1427316645
5eu6,11.1111111111,100.0,41.592920354,59.2920353982,53.8511963291
5men,22.2222222222,100.0,39.8230088496,35.3982300885,53.2776138971
3ffc,22.2222222222,81.0055865922,31.8584070796,52.1367521368,48.4084628075
2e7l,33.3333333333,68.7150837989,27.027027027,36.2831858407,44.5678411887
