pdb_id,pep_identity,mhc_identity,tcrA_identity,tcrB_identity,total_identity
4mnq,22.2222222222,100.0,31.3043478261,58.0357142857,55.6307510927
3o4l,33.3333333333,100.0,33.6206896552,26.3157894737,54.4338576326
4eup,11.1111111111,100.0,30.1724137931,61.2612612613,52.2759828794
3ffc,22.2222222222,81.0055865922,59.4827586207,29.0598290598,49.1663675516
2e7l,33.3333333333,68.7150837989,31.6239316239,55.8558558559,48.596103624
5bs0,11.1111111111,86.5921787709,36.2068965517,36.9369369369,44.7584022088
