pdb_id,pep_identity,mhc_identity,tcrA_identity,tcrB_identity,total_identity
5men,22.2222222222,100.0,38.0530973451,61.9469026549,57.4074074074
3qeq,11.1111111111,100.0,27.8260869565,89.3805309735,56.5714733587
3o4l,33.3333333333,100.0,27.8260869565,29.3103448276,53.9671830751
5d2n,22.2222222222,99.4413407821,26.9565217391,36.5217391304,51.1342311464
2e7l,33.3333333333,68.7150837989,33.6206896552,60.1769911504,49.649085845
3ffc,22.2222222222,81.0055865922,52.1739130435,34.188034188,48.8029274767
