pdb_id,pep_identity,mhc_identity,tcrA_identity,tcrB_identity,total_identity
3o4l,33.3333333333,100.0,34.5794392523,24.347826087,54.2656553343
5men,22.2222222222,100.0,35.1351351351,32.7433628319,52.0538237352
3qeq,11.1111111111,100.0,50.0,29.203539823,50.2376270075
5bs0,11.1111111111,86.5921787709,39.8230088496,38.0530973451,45.5471143265
2e7l,33.3333333333,68.7150837989,29.7297297297,34.8214285714,44.7746654276
3ffc,22.2222222222,81.0055865922,28.1818181818,30.7692307692,44.23444443
