pdb_id,pep_identity,mhc_identity,tcrA_identity,tcrB_identity,total_identity
3o4l,33.3333333333,100.0,40.7079646018,28.4482758621,55.9704845218
5d2n,22.2222222222,99.4413407821,30.0884955752,42.6086956522,52.6707195393
3ffc,22.2222222222,81.0055865922,60.1769911504,46.1538461538,52.1310758222
4mnq,22.2222222222,100.0,29.5652173913,30.9734513274,50.8305188605
3qdj,11.1111111111,100.0,33.6283185841,33.6283185841,48.2464765651
5bs0,11.1111111111,86.5921787709,32.1739130435,56.6371681416,47.3696101582
2e7l,33.3333333333,68.7150837989,33.3333333333,34.5132743363,45.323906989
