pdb_id,pep_identity,mhc_identity,tcrA_identity,tcrB_identity,total_identity
5eu6,11.1111111111,100.0,87.610619469,61.4035087719,61.8727250772
2bnr,11.1111111111,100.0,85.8407079646,30.701754386,56.4607807621
3o4l,33.3333333333,100.0,38.1818181818,27.5862068966,55.4057819575
5bs0,11.1111111111,86.5921787709,83.185840708,44.7368421053,53.8882104296
3ffc,22.2222222222,81.0055865922,32.7433628319,77.7777777778,52.8294597064
4mnq,22.2222222222,100.0,40.5405405405,31.5789473684,52.7606553922
3qdj,11.1111111111,100.0,45.4545454545,33.3333333333,50.1683501684
