pdb_id,pep_identity,mhc_identity,tcrA_identity,tcrB_identity,total_identity
5d2n,22.2222222222,99.4413407821,63.2075471698,57.3913043478,60.6543295877
3o4l,33.3333333333,100.0,22.2222222222,27.8260869565,52.7858293076
5men,22.2222222222,100.0,25.2252252252,35.3982300885,50.8446499597
