pdb_id,pep_identity,mhc_identity,tcrA_identity,tcrB_identity,total_identity
3o4l,33.3333333333,100.0,30.0884955752,26.0869565217,53.8070197939
5men,22.2222222222,100.0,29.203539823,34.5132743363,51.3602097673
5eu6,11.1111111111,100.0,31.5789473684,49.5575221239,50.5597819524
2e7l,33.3333333333,68.7150837989,58.407079646,29.203539823,48.6179089556
3ffc,22.2222222222,81.0055865922,26.9565217391,42.735042735,46.0245303505
