pdb_id,pep_identity,mhc_identity,tcrA_identity,tcrB_identity,total_identity
3o4l,33.3333333333,100.0,30.701754386,36.8421052632,55.701754386
5d2n,22.2222222222,99.4413407821,23.4782608696,50.4347826087,52.8733615812
4mnq,22.2222222222,100.0,29.8245614035,33.6283185841,51.3162207387
2e7l,33.3333333333,68.7150837989,59.649122807,34.8214285714,49.7612309405
3qdj,11.1111111111,100.0,37.7192982456,33.6283185841,48.9283065087
4qrp,11.1111111111,81.0055865922,49.1228070175,48.6725663717,47.0047947993
5bs0,11.1111111111,86.5921787709,34.2105263158,39.8230088496,44.9066858216
