pdb_id,pep_identity,mhc_identity,tcrA_identity,tcrB_identity,total_identity
5d2n,22.2222222222,99.4413407821,52.8301886792,30.1724137931,54.3882880802
4mnq,22.2222222222,100.0,20.7207207207,56.5217391304,53.6144840493
3qeq,11.1111111111,100.0,29.6296296296,51.3043478261,50.5260332797
2e7l,33.3333333333,68.7150837989,27.6785714286,52.6315789474,47.4011641067
3ffc,22.2222222222,81.0055865922,27.2727272727,29.9145299145,43.940479136
