pdb_id,pep_identity,mhc_identity,tcrA_identity,tcrB_identity,total_identity
3o4l,33.3333333333,100.0,29.203539823,28.4482758621,54.053080392
4mnq,22.2222222222,100.0,27.1929824561,33.6283185841,50.8776242474
5eu6,11.1111111111,100.0,30.701754386,44.7368421053,49.6101364522
2e7l,33.3333333333,68.7150837989,62.8318584071,29.203539823,49.3553720824
3ffc,22.2222222222,81.0055865922,26.0869565217,44.4444444444,46.1645030992
