pdb_id,pep_identity,mhc_identity,tcrA_identity,tcrB_identity,total_identity
3qdj,11.1111111111,100.0,90.8256880734,35.3982300885,58.0743567307
3o4l,33.3333333333,100.0,40.0,31.3043478261,56.3285024155
5men,22.2222222222,100.0,35.7798165138,30.9734513274,51.8662853809
5d2n,22.2222222222,99.4413407821,20.9090909091,42.6086956522,51.1408187617
5bs0,11.1111111111,86.5921787709,40.7079646018,63.7168141593,49.9718930875
3ffc,22.2222222222,81.0055865922,33.9285714286,39.3162393162,46.6167380623
