pdb_id,pep_identity,mhc_identity,tcrA_identity,tcrB_identity,total_identity
3o4l,33.3333333333,100.0,40.0,26.0869565217,55.4589371981
4mnq,22.2222222222,100.0,28.0701754386,56.6371681416,54.8586313374
2e7l,33.3333333333,68.7150837989,69.3693693694,54.4642857143,54.655081558
4eup,11.1111111111,100.0,32.1428571429,58.0357142857,52.0667989418
