pdb_id,pep_identity,mhc_identity,tcrA_identity,tcrB_identity,total_identity
3o4l,33.3333333333,100.0,29.6296296296,30.4347826087,54.4551798175
5men,22.2222222222,100.0,30.6306306306,32.7433628319,51.3030729845
5eu6,11.1111111111,100.0,32.7433628319,43.8596491228,49.8042056961
3ffc,22.2222222222,81.0055865922,32.1428571429,40.1709401709,46.4615691571
2e7l,33.3333333333,68.7150837989,31.5315315315,31.25,44.4797276327
