pdb_id,pep_identity,mhc_identity,tcrA_identity,tcrB_identity,total_identity
5men,22.2222222222,100.0,37.5,91.1504424779,62.1824811537
2bnq,11.1111111111,100.0,40.7079646018,88.4955752212,58.5709603409
3o4l,33.3333333333,100.0,33.3333333333,34.4827586207,55.7471264368
3qdj,11.1111111111,100.0,40.3669724771,65.4867256637,54.6793200605
5d2n,22.2222222222,99.4413407821,23.8532110092,32.1739130435,49.8923750102
