pdb_id,pep_identity,mhc_identity,tcrA_identity,tcrB_identity,total_identity
4mnq,22.2222222222,100.0,36.6071428571,61.8181818182,57.14496152
3o4l,33.3333333333,100.0,37.6146788991,28.3185840708,55.4333216061
4eup,11.1111111111,100.0,33.3333333333,58.5585585586,52.3523523524
5d2n,22.2222222222,99.4413407821,30.0,27.8260869565,50.1922021609
2e7l,33.3333333333,68.7150837989,25.2252252252,56.4814814815,47.6339234952
