pdb_id,pep_identity,mhc_identity,tcrA_identity,tcrB_identity,total_identity
5eu6,11.1111111111,100.0,43.3628318584,78.0701754386,57.2758715865
3o4l,33.3333333333,100.0,36.6972477064,31.8965517241,55.8767443495
5men,22.2222222222,100.0,40.0,33.3333333333,52.962962963
3ffc,22.2222222222,81.0055865922,28.5714285714,59.8290598291,49.1426843382
5bs0,11.1111111111,86.5921787709,44.2477876106,42.9824561404,47.1061372525
