pdb_id,pep_identity,mhc_identity,tcrA_identity,tcrB_identity,total_identity
3o4l,33.3333333333,100.0,31.5789473684,30.9734513274,54.8698442271
5men,22.2222222222,100.0,27.1929824561,52.2522522523,53.9816131921
4eup,11.1111111111,100.0,32.4561403509,59.4594594595,52.3563036721
2e7l,33.3333333333,68.7150837989,56.1403508772,51.8181818182,52.0092278266
3ffc,22.2222222222,81.0055865922,29.3103448276,35.8974358974,45.277233059
5bs0,11.1111111111,86.5921787709,31.5789473684,40.9090909091,44.6491030069
