pdb_id,pep_identity,mhc_identity,tcrA_identity,tcrB_identity,total_identity
2bnq,11.1111111111,100.0,84.0707964602,33.9285714286,56.7035983518
3o4l,33.3333333333,100.0,37.6146788991,25.0,54.880224261
5bs0,11.1111111111,86.5921787709,79.6460176991,30.3571428571,50.9016233867
5d2n,22.2222222222,99.4413407821,23.6363636364,30.1724137931,49.522650573
2e7l,33.3333333333,68.7150837989,32.4324324324,35.7798165138,45.3848472018
