pdb_id,pep_identity,mhc_identity,tcrA_identity,tcrB_identity,total_identity
4eup,11.1111111111,100.0,47.2727272727,88.4955752212,59.6650874527
3o4l,33.3333333333,100.0,51.8181818182,27.5862068966,57.6785092302
5men,22.2222222222,100.0,34.8214285714,50.8771929825,55.0238443331
5d2n,22.2222222222,99.4413407821,22.5225225225,31.3043478261,49.5256660595
2e7l,33.3333333333,68.7150837989,33.9285714286,55.7522123894,48.9629363471
