pdb_id,pep_identity,mhc_identity,tcrA_identity,tcrB_identity,total_identity
5men,22.2222222222,100.0,26.9565217391,83.6363636364,59.1728883033
2e7l,33.3333333333,68.7150837989,66.9565217391,56.880733945,54.6556816581
3o4l,33.3333333333,100.0,31.3043478261,28.0701754386,54.3401983219
3qdj,11.1111111111,100.0,28.6956521739,65.7657657658,52.7806066937
5d2n,22.2222222222,99.4413407821,24.1379310345,29.5652173913,49.5050457391
