pdb_id,pep_identity,mhc_identity,tcrA_identity,tcrB_identity,total_identity
3qdj,11.1111111111,100.0,87.962962963,32.4561403509,57.1068875893
3o4l,33.3333333333,100.0,39.4495412844,33.6206896552,56.6228162677
3ffc,22.2222222222,81.0055865922,31.25,87.1794871795,54.147517468
5d2n,22.2222222222,99.4413407821,22.0183486239,53.9130434783,53.2097530185
5men,22.2222222222,100.0,34.8623853211,31.5789473684,51.814296189
5bs0,11.1111111111,86.5921787709,38.0530973451,41.2280701754,45.7812912141
