pdb_id,pep_identity,mhc_identity,tcrA_identity,tcrB_identity,total_identity
3o4l,33.3333333333,100.0,37.5,28.5714285714,55.4563492063
5eu6,11.1111111111,100.0,49.5575221239,57.264957265,54.8407836018
3ffc,22.2222222222,81.0055865922,32.4561403509,88.0341880342,54.4909910023
5men,22.2222222222,100.0,41.9642857143,35.0427350427,53.5752442002
