pdb_id,pep_identity,mhc_identity,tcrA_identity,tcrB_identity,total_identity
3qdj,11.1111111111,100.0,37.037037037,90.2654867257,58.2541243308
5men,22.2222222222,100.0,31.1926605505,62.8318584071,56.4114939003
3o4l,33.3333333333,100.0,29.3577981651,29.3103448276,54.2224682766
5d2n,22.2222222222,99.4413407821,25.6880733945,32.1739130435,50.1981854078
2e7l,33.3333333333,68.7150837989,30.6306306306,54.8672566372,48.265786922
