pdb_id,pep_identity,mhc_identity,tcrA_identity,tcrB_identity,total_identity
4eup,11.1111111111,100.0,84.4036697248,56.6371681416,60.5438433481
3o4l,33.3333333333,100.0,40.7407407407,25.8620689655,55.5449127288
4mnq,22.2222222222,100.0,33.3333333333,54.3859649123,55.3606237817
5d2n,22.2222222222,99.4413407821,24.0740740741,31.3043478261,49.7842579848
2e7l,33.3333333333,68.7150837989,32.4324324324,55.7522123894,48.7135798477
