pdb_id,pep_identity,mhc_identity,tcrA_identity,tcrB_identity,total_identity
5eu6,11.1111111111,100.0,86.7256637168,90.4347826087,66.5637780913
2bnq,11.1111111111,100.0,86.7256637168,38.2608695652,57.8681259174
3o4l,33.3333333333,100.0,38.1818181818,28.2051282051,55.5089355089
5d2n,22.2222222222,99.4413407821,23.4234234234,66.0869565217,55.472917659
