pdb_id,pep_identity,mhc_identity,tcrA_identity,tcrB_identity,total_identity
3gsn,22.2222222222,100.0,38.0530973451,53.982300885,56.0799737791
2e7l,33.3333333333,68.7150837989,28.6956521739,48.6486486486,46.9068558478
5bs0,11.1111111111,86.5921787709,39.4736842105,38.3928571429,45.5455201863
