pdb_id,pep_identity,mhc_identity,tcrA_identity,tcrB_identity,total_identity
5d2n,22.2222222222,99.4413407821,50.0,36.2068965517,54.9223370934
5men,22.2222222222,100.0,21.4285714286,32.1739130435,49.6744881527
3qeq,11.1111111111,100.0,31.25,28.6956521739,47.027979066
2e7l,33.3333333333,68.7150837989,30.1724137931,34.2105263158,44.7466290622
3ffc,22.2222222222,81.0055865922,28.3185840708,31.6239316239,44.3996888873
