pdb_id,pep_identity,mhc_identity,tcrA_identity,tcrB_identity,total_identity
5men,22.2222222222,100.0,43.3628318584,82.1428571429,61.6583555743
3gsn,22.2222222222,100.0,42.4778761062,79.6460176991,61.0947230416
2p5e,11.1111111111,100.0,40.7079646018,75.8928571429,56.4705073278
3o4l,33.3333333333,100.0,33.6283185841,27.8260869565,54.6868453679
3qdj,11.1111111111,100.0,35.3982300885,65.1785714286,53.7998372899
