pdb_id,pep_identity,mhc_identity,tcrA_identity,tcrB_identity,total_identity
3qdj,11.1111111111,100.0,87.037037037,35.3982300885,57.4429148913
3o4l,33.3333333333,100.0,39.8148148148,24.347826087,55.1382179281
4mnq,22.2222222222,100.0,33.3333333333,33.6283185841,51.9010160603
5d2n,22.2222222222,99.4413407821,23.1481481481,34.7826086957,50.2096471421
3ffc,22.2222222222,81.0055865922,39.2857142857,30.7692307692,46.0850937806
