pdb_id,pep_identity,mhc_identity,tcrA_identity,tcrB_identity,total_identity
5d2n,22.2222222222,99.4413407821,27.027027027,89.5652173913,59.9865617378
3o4l,33.3333333333,100.0,29.7297297297,29.5652173913,54.3269356313
5men,22.2222222222,100.0,33.3333333333,37.1681415929,52.4909865618
3qdj,11.1111111111,100.0,39.0909090909,39.8230088496,50.1893566938
3ffc,22.2222222222,81.0055865922,32.7433628319,52.9914529915,48.6984055754
