pdb_id,pep_identity,mhc_identity,tcrA_identity,tcrB_identity,total_identity
3qeq,11.1111111111,100.0,92.5925925926,32.4561403509,57.8784925276
3ffc,22.2222222222,81.0055865922,38.0530973451,87.1794871795,55.2813670256
3o4l,33.3333333333,100.0,29.3577981651,33.6206896552,54.9408590812
5d2n,22.2222222222,99.4413407821,30.0,53.9130434783,54.5400282478
5men,22.2222222222,100.0,33.0357142857,31.5789473684,51.5098510164
