pdb_id,pep_identity,mhc_identity,tcrA_identity,tcrB_identity,total_identity
3qeq,11.1111111111,100.0,83.4862385321,34.8214285714,56.7549815543
3o4l,33.3333333333,100.0,29.0909090909,25.4385964912,53.5326953748
5d2n,22.2222222222,99.4413407821,27.9279279279,41.7391304348,52.1656973952
5men,22.2222222222,100.0,34.5454545455,31.25,51.7066498316
5bs0,11.1111111111,86.5921787709,29.203539823,59.8214285714,47.4052580264
3ffc,22.2222222222,81.0055865922,30.9734513274,42.735042735,46.6940186152
