pdb_id,pep_identity,mhc_identity,tcrA_identity,tcrB_identity,total_identity
3o4l,33.3333333333,100.0,31.8584070796,29.3103448276,54.639236429
5eu6,11.1111111111,100.0,33.3333333333,58.7719298246,52.38791423
5men,22.2222222222,100.0,28.0701754386,36.8421052632,51.559454191
2e7l,33.3333333333,68.7150837989,57.5221238938,34.2105263158,49.304914079
3ffc,22.2222222222,81.0055865922,29.5652173913,52.9914529915,48.1687146686
