pdb_id,pep_identity,mhc_identity,tcrA_identity,tcrB_identity,total_identity
3o4l,33.3333333333,100.0,30.1724137931,33.0434782609,54.9804264534
5men,22.2222222222,100.0,30.1724137931,37.7192982456,52.0560260805
5eu6,11.1111111111,100.0,37.0689655172,52.6315789474,51.9871277811
3ffc,22.2222222222,81.0055865922,51.724137931,50.4273504274,51.4345176645
2e7l,33.3333333333,68.7150837989,35.0427350427,35.3982300885,45.7562998993
