pdb_id,pep_identity,mhc_identity,tcrA_identity,tcrB_identity,total_identity
3o4l,33.3333333333,100.0,31.8584070796,26.3157894737,54.14014387
5eu6,11.1111111111,100.0,34.2105263158,52.2123893805,51.4408563198
4mnq,22.2222222222,100.0,28.0701754386,35.3982300885,51.3188083286
2e7l,33.3333333333,68.7150837989,60.1769911504,34.8214285714,49.8492089977
3ffc,22.2222222222,81.0055865922,29.5652173913,47.0085470085,47.1715636714
