pdb_id,pep_identity,mhc_identity,tcrA_identity,tcrB_identity,total_identity
5eu6,11.1111111111,100.0,91.1504424779,44.347826087,59.6200817978
5bs0,11.1111111111,86.5921787709,83.185840708,56.1403508772,55.7887952249
3o4l,33.3333333333,100.0,38.9380530973,25.0,55.1007866273
5men,22.2222222222,100.0,38.9380530973,32.4561403509,52.6397729821
3qeq,11.1111111111,100.0,32.7433628319,33.3333333333,48.0498197312
