pdb_id,pep_identity,mhc_identity,tcrA_identity,tcrB_identity,total_identity
3o4l,33.3333333333,100.0,61.1650485437,27.8260869565,59.2763003611
5d2n,22.2222222222,99.4413407821,23.1481481481,88.6956521739,59.1951543885
5men,22.2222222222,100.0,28.5714285714,30.9734513274,50.6648873906
4eup,11.1111111111,100.0,44.0366972477,32.7433628319,49.833713717
3ffc,22.2222222222,81.0055865922,33.6363636364,56.4102564103,49.4170396126
