pdb_id,pep_identity,mhc_identity,tcrA_identity,tcrB_identity,total_identity
3qeq,11.1111111111,100.0,85.4545454545,53.5714285714,60.208032708
5men,22.2222222222,100.0,33.9285714286,51.3513513514,54.9540612041
3o4l,33.3333333333,100.0,31.5315315315,30.9734513274,54.8619415876
5d2n,22.2222222222,99.4413407821,29.4642857143,34.7826086957,51.2623367364
