pdb_id,pep_identity,mhc_identity,tcrA_identity,tcrB_identity,total_identity
3o4l,33.3333333333,100.0,86.5384615385,29.9145299145,63.8532763533
3gsn,22.2222222222,100.0,32.7272727273,39.1304347826,52.7170253257
5men,22.2222222222,100.0,34.8214285714,33.9130434783,52.1964860824
5eu6,11.1111111111,100.0,41.592920354,45.2173913043,51.5054223134
