pdb_id,pep_identity,mhc_identity,tcrA_identity,tcrB_identity,total_identity
5d2n,22.2222222222,99.4413407821,27.9279279279,76.5217391304,57.9627988445
3o4l,33.3333333333,100.0,36.3636363636,28.4482758621,55.2464298154
5men,22.2222222222,100.0,39.8230088496,33.3333333333,52.9334644379
3qeq,11.1111111111,100.0,41.8181818182,35.0877192982,49.8546872231
3ffc,22.2222222222,81.0055865922,31.8584070796,60.6837606838,49.832964232
5bs0,11.1111111111,86.5921787709,38.0530973451,47.3684210526,46.804683027
