pdb_id,pep_identity,mhc_identity,tcrA_identity,tcrB_identity,total_identity
3qdj,11.1111111111,100.0,88.1818181818,32.1739130435,57.0963255746
3o4l,33.3333333333,100.0,38.7387387387,28.2051282051,55.6017556018
3ffc,22.2222222222,81.0055865922,32.7433628319,94.0170940171,55.536012413
5d2n,22.2222222222,99.4413407821,20.7207207207,55.652173913,53.2833367737
5men,22.2222222222,100.0,34.5454545455,30.4347826087,51.5707802664
5bs0,11.1111111111,86.5921787709,43.3628318584,42.6086956522,46.8963512125
