pdb_id,pep_identity,mhc_identity,tcrA_identity,tcrB_identity,total_identity
2bnq,11.1111111111,100.0,84.9557522124,51.3513513514,59.754887631
3o4l,33.3333333333,100.0,37.1681415929,30.9734513274,55.8013765978
5bs0,11.1111111111,86.5921787709,82.3008849558,38.7387387387,52.7410339098
3qeq,11.1111111111,100.0,30.0884955752,53.5714285714,50.9803577281
5d2n,22.2222222222,99.4413407821,21.0526315789,34.7826086957,49.8603943805
2e7l,33.3333333333,68.7150837989,35.0877192982,50.4587155963,48.2738781932
