pdb_id,pep_identity,mhc_identity,tcrA_identity,tcrB_identity,total_identity
3o4l,33.3333333333,100.0,85.4368932039,26.9565217391,63.1766802683
3gsn,22.2222222222,100.0,34.8623853211,32.7433628319,52.0083654329
4mnq,22.2222222222,100.0,32.1428571429,34.5132743363,51.8500959873
