pdb_id,pep_identity,mhc_identity,tcrA_identity,tcrB_identity,total_identity
3o4l,33.3333333333,100.0,39.8230088496,28.0701754386,55.7599751591
4mnq,22.2222222222,100.0,28.9473684211,47.3214285714,53.4522069062
3qeq,11.1111111111,100.0,37.1681415929,59.8214285714,53.2019653978
5d2n,22.2222222222,99.4413407821,22.8070175439,34.7826086957,50.1527920414
2e7l,33.3333333333,68.7150837989,31.5789473684,49.5495495495,47.5375551971
5bs0,11.1111111111,86.5921787709,39.4736842105,35.7142857143,45.0990916148
3ffc,22.2222222222,81.0055865922,28.6956521739,33.3333333333,44.747433856
