pdb_id,pep_identity,mhc_identity,tcrA_identity,tcrB_identity,total_identity
3o4l,33.3333333333,100.0,53.2110091743,27.8260869565,57.9506271329
5d2n,22.2222222222,99.4413407821,22.7272727273,57.3913043478,53.9076171806
4mnq,22.2222222222,100.0,33.0357142857,35.3982300885,52.1463981364
3qdj,11.1111111111,100.0,48.623853211,38.0530973451,51.4831954631
3ffc,22.2222222222,81.0055865922,33.0357142857,52.1367521368,48.6046806752
