pdb_id,pep_identity,mhc_identity,tcrA_identity,tcrB_identity,total_identity
3o4l,33.3333333333,100.0,51.8181818182,24.5762711864,57.1768532785
5men,22.2222222222,100.0,34.8214285714,31.8965517241,51.8604041233
5d2n,22.2222222222,99.4413407821,22.5225225225,42.735042735,51.4307818777
3qdj,11.1111111111,100.0,49.0909090909,34.4827586207,50.9659816556
5bs0,11.1111111111,86.5921787709,38.0530973451,55.1724137931,48.1053484837
3ffc,22.2222222222,81.0055865922,34.8214285714,40.1709401709,46.9079977285
