pdb_id,pep_identity,mhc_identity,tcrA_identity,tcrB_identity,total_identity
3o4l,33.3333333333,100.0,29.8245614035,30.0884955752,54.4299539409
4mnq,22.2222222222,100.0,28.9473684211,50.4504504505,53.9737105527
4eup,11.1111111111,100.0,33.3333333333,58.5585585586,52.3523523524
2e7l,33.3333333333,68.7150837989,58.7719298246,50.0,52.1447940148
5bs0,11.1111111111,86.5921787709,33.3333333333,40.0,44.7899855162
3ffc,22.2222222222,81.0055865922,25.8620689655,35.0427350427,44.5600702728
