pdb_id,pep_identity,mhc_identity,tcrA_identity,tcrB_identity,total_identity
4qrp,11.1111111111,81.0055865922,87.610619469,57.8947368421,54.9564586196
3o4l,33.3333333333,100.0,30.9734513274,27.8260869565,54.2443674918
5eu6,11.1111111111,100.0,30.9734513274,57.5221238938,51.7862995739
5men,22.2222222222,100.0,30.9734513274,33.6283185841,51.5077023927
2e7l,33.3333333333,68.7150837989,49.1228070175,34.5132743363,47.9554859364
