pdb_id,pep_identity,mhc_identity,tcrA_identity,tcrB_identity,total_identity
3o4l,33.3333333333,100.0,84.7619047619,25.6637168142,62.8487147071
5men,22.2222222222,100.0,32.1428571429,33.3333333333,51.6534391534
3gsn,22.2222222222,100.0,32.4324324324,32.7433628319,51.6033732848
