pdb_id,pep_identity,mhc_identity,tcrA_identity,tcrB_identity,total_identity
5d2n,22.2222222222,99.4413407821,23.0088495575,75.652173913,56.9980249132
3o4l,33.3333333333,100.0,29.4642857143,28.0701754386,54.0335213033
5men,22.2222222222,100.0,27.6785714286,33.3333333333,50.9093915344
2e7l,33.3333333333,68.7150837989,57.1428571429,33.3333333333,49.0955041234
3ffc,22.2222222222,81.0055865922,28.0701754386,59.8290598291,49.0591421494
4eup,11.1111111111,100.0,33.0357142857,33.6283185841,48.147709182
5bs0,11.1111111111,86.5921787709,29.8245614035,49.5495495495,45.7967817862
