pdb_id,pep_identity,mhc_identity,tcrA_identity,tcrB_identity,total_identity
3o4l,33.3333333333,100.0,36.9369369369,25.8620689655,54.9109454282
5eu6,11.1111111111,100.0,49.5575221239,48.6956521739,53.4125660867
5men,22.2222222222,100.0,41.9642857143,31.5789473684,52.9979462545
3ffc,22.2222222222,81.0055865922,32.7433628319,47.0085470085,47.7012545782
2e7l,33.3333333333,68.7150837989,25.8928571429,33.6283185841,43.9363349986
