pdb_id,pep_identity,mhc_identity,tcrA_identity,tcrB_identity,total_identity
3o4l,33.3333333333,100.0,33.0434782609,29.5652173913,54.8792270531
4mnq,22.2222222222,100.0,29.5652173913,33.6283185841,51.2729967366
3ffc,22.2222222222,81.0055865922,58.2608695652,31.6239316239,49.390069803
5eu6,11.1111111111,100.0,35.652173913,34.2105263158,48.6808204085
2e7l,33.3333333333,68.7150837989,33.6206896552,33.0357142857,45.1255397009
