pdb_id,pep_identity,mhc_identity,tcrA_identity,tcrB_identity,total_identity
3o4l,33.3333333333,100.0,51.8181818182,24.7863247863,57.2118622119
5d2n,22.2222222222,99.4413407821,22.5225225225,50.0,52.6416080885
5men,22.2222222222,100.0,34.8214285714,34.4827586207,52.2914386061
3qdj,11.1111111111,100.0,49.0909090909,32.7586206897,50.6786253338
3ffc,22.2222222222,81.0055865922,34.8214285714,46.1538461538,47.9051487257
