pdb_id,pep_identity,mhc_identity,tcrA_identity,tcrB_identity,total_identity
5men,22.2222222222,100.0,37.5,86.9565217391,61.4834943639
3gsn,22.2222222222,100.0,30.9090909091,85.2173913043,60.095154443
2p5e,11.1111111111,100.0,32.4561403509,81.7391304348,56.069582168
3qeq,11.1111111111,100.0,44.9541284404,65.2173913043,55.3989569945
3o4l,33.3333333333,100.0,30.9090909091,27.1186440678,54.1157336073
