pdb_id,pep_identity,mhc_identity,tcrA_identity,tcrB_identity,total_identity
3o4l,33.3333333333,100.0,32.1739130435,27.8260869565,54.4444444444
5men,22.2222222222,100.0,31.5789473684,46.017699115,53.6735151547
3ffc,22.2222222222,81.0055865922,83.4782608696,31.6239316239,53.5929683537
3qeq,11.1111111111,100.0,33.0434782609,57.5221238938,52.1313040628
2e7l,33.3333333333,68.7150837989,29.3103448276,48.2142857143,46.9369108011
5bs0,11.1111111111,86.5921787709,34.7826086957,35.3982300885,44.264569758
