pdb_id,pep_identity,mhc_identity,tcrA_identity,tcrB_identity,total_identity
3o4l,33.3333333333,100.0,26.6055045872,26.3157894737,53.2646601213
5eu6,11.1111111111,100.0,31.8584070796,49.5575221239,50.606358571
3ffc,22.2222222222,81.0055865922,24.7787610619,46.1538461538,46.2313708074
2e7l,33.3333333333,68.7150837989,25.2252252252,34.2342342342,43.926048954
