pdb_id,pep_identity,mhc_identity,tcrA_identity,tcrB_identity,total_identity
3o4l,33.3333333333,100.0,89.1089108911,28.6956521739,64.0785382886
5d2n,22.2222222222,99.4413407821,21.4953271028,77.3913043478,57.0356262432
5men,22.2222222222,100.0,33.0357142857,37.1681415929,52.4413833872
