pdb_id,pep_identity,mhc_identity,tcrA_identity,tcrB_identity,total_identity
3o4l,33.3333333333,100.0,51.8181818182,26.724137931,57.5348310693
5d2n,22.2222222222,99.4413407821,22.5225225225,42.6086956522,51.4097240306
5men,22.2222222222,100.0,34.8214285714,28.0701754386,51.2226747424
4eup,11.1111111111,100.0,47.2727272727,33.6283185841,50.5205446798
5bs0,11.1111111111,86.5921787709,38.0530973451,63.1578947368,49.4362619743
3ffc,22.2222222222,81.0055865922,34.8214285714,41.8803418803,47.1928980134
