pdb_id,pep_identity,mhc_identity,tcrA_identity,tcrB_identity,total_identity
5men,22.2222222222,100.0,38.8888888889,76.3157894737,59.9415204678
3qdj,11.1111111111,100.0,61.8181818182,64.0350877193,58.01258196
3o4l,33.3333333333,100.0,30.6306306306,28.2051282051,54.2504042504
5d2n,22.2222222222,99.4413407821,21.8181818182,34.7826086957,49.9879860871
2e7l,33.3333333333,68.7150837989,30.9734513274,56.1403508772,48.5351060782
