pdb_id,pep_identity,mhc_identity,tcrA_identity,tcrB_identity,total_identity
3gsn,22.2222222222,100.0,38.9380530973,72.5663716814,59.3248115372
3o4l,33.3333333333,100.0,50.4424778761,27.8260869565,57.4892052499
2e7l,33.3333333333,68.7150837989,33.9130434783,57.1428571429,49.1921224809
