pdb_id,pep_identity,mhc_identity,tcrA_identity,tcrB_identity,total_identity
5d2n,22.2222222222,99.4413407821,22.8070175439,68.6956521739,55.8049659544
3o4l,33.3333333333,100.0,28.3185840708,26.3157894737,53.5501733685
5men,22.2222222222,100.0,31.25,27.4336283186,50.5213454605
2e7l,33.3333333333,68.7150837989,59.2920353982,33.9285714286,49.5529068485
4qrp,11.1111111111,81.0055865922,48.6725663717,56.6371681416,48.25718832
4eup,11.1111111111,100.0,32.7433628319,31.25,47.702597509
5bs0,11.1111111111,86.5921787709,28.9473684211,46.9026548673,45.2094338421
