pdb_id,pep_identity,mhc_identity,tcrA_identity,tcrB_identity,total_identity
5eu6,11.1111111111,100.0,34.2105263158,91.2280701754,57.9434697856
3o4l,33.3333333333,100.0,30.9734513274,29.3103448276,54.4917438036
5men,22.2222222222,100.0,29.8245614035,38.5964912281,52.1442495127
2e7l,33.3333333333,68.7150837989,61.9469026549,33.3333333333,49.8961783754
3ffc,22.2222222222,81.0055865922,28.6956521739,54.7008547009,48.3086874173
