pdb_id,pep_identity,mhc_identity,tcrA_identity,tcrB_identity,total_identity
3o4l,33.3333333333,100.0,36.2831858407,29.9145299145,55.4773970703
5eu6,11.1111111111,100.0,52.2123893805,55.652173913,55.0144642526
5men,22.2222222222,100.0,37.5,39.1304347826,53.5124798712
3ffc,22.2222222222,81.0055865922,33.0434782609,51.2820512821,48.4635245286
