pdb_id,pep_identity,mhc_identity,tcrA_identity,tcrB_identity,total_identity
3o4l,33.3333333333,100.0,37.1681415929,27.4336283186,55.2114060964
5men,22.2222222222,100.0,42.8571428571,34.5454545455,53.6411736412
5eu6,11.1111111111,100.0,49.5575221239,46.017699115,52.9662405769
3ffc,22.2222222222,81.0055865922,32.1739130435,41.8803418803,46.7516454254
