pdb_id,pep_identity,mhc_identity,tcrA_identity,tcrB_identity,total_identity
4eup,11.1111111111,100.0,85.3211009174,54.7826086957,60.3876553059
3o4l,33.3333333333,100.0,41.6666666667,22.8813559322,55.2024482109
5men,22.2222222222,100.0,34.2342342342,51.724137931,55.0671361016
5d2n,22.2222222222,99.4413407821,23.1481481481,29.0598290598,49.2558505361
2e7l,33.3333333333,68.7150837989,34.2342342342,52.1739130435,48.4174969237
