pdb_id,pep_identity,mhc_identity,tcrA_identity,tcrB_identity,total_identity
3o4l,33.3333333333,100.0,60.5769230769,24.7787610619,58.6703918009
3gsn,22.2222222222,100.0,32.1100917431,34.2105263158,51.7941770839
