pdb_id,pep_identity,mhc_identity,tcrA_identity,tcrB_identity,total_identity
3o4l,33.3333333333,100.0,52.2935779817,26.724137931,57.6140637632
4mnq,22.2222222222,100.0,33.9285714286,32.4561403509,51.8048593706
5d2n,22.2222222222,99.4413407821,22.7272727273,41.7391304348,51.2989215285
3qdj,11.1111111111,100.0,47.7064220183,34.2105263158,50.6898617594
5bs0,11.1111111111,86.5921787709,36.2831858407,57.5221238938,48.2019815831
3ffc,22.2222222222,81.0055865922,33.0357142857,39.3162393162,46.4679285385
