pdb_id,pep_identity,mhc_identity,tcrA_identity,tcrB_identity,total_identity
3o4l,33.3333333333,100.0,87.3786407767,30.1724137931,64.0362868727
5eu6,11.1111111111,100.0,39.8230088496,77.1929824561,56.5397022547
3gsn,22.2222222222,100.0,33.9449541284,32.4561403509,51.8075898206
5men,22.2222222222,100.0,32.1428571429,33.3333333333,51.6534391534
