pdb_id,pep_identity,mhc_identity,tcrA_identity,tcrB_identity,total_identity
5d2n,22.2222222222,99.4413407821,62.962962963,64.1025641026,61.7321088457
3o4l,33.3333333333,100.0,21.8181818182,27.731092437,52.7026568203
5men,22.2222222222,100.0,23.6363636364,32.4786324786,50.0932400932
3ffc,22.2222222222,81.0055865922,31.5315315315,61.5384615385,49.9209351165
