pdb_id,pep_identity,mhc_identity,tcrA_identity,tcrB_identity,total_identity
3o4l,33.3333333333,100.0,30.701754386,28.2051282051,54.2622582096
5men,22.2222222222,100.0,29.8245614035,46.0869565217,53.3926603949
2e7l,33.3333333333,68.7150837989,62.2807017544,48.2456140351,52.4371916757
4eup,11.1111111111,100.0,33.3333333333,52.6315789474,51.3645224172
4qrp,11.1111111111,81.0055865922,47.3684210526,38.2608695652,44.9771143374
5bs0,11.1111111111,86.5921787709,31.5789473684,34.7826086957,43.628022638
