pdb_id,pep_identity,mhc_identity,tcrA_identity,tcrB_identity,total_identity
3o4l,33.3333333333,100.0,36.8421052632,35.3982300885,56.4845003364
5men,22.2222222222,100.0,38.9380530973,50.9090909091,55.7152647418
4eup,11.1111111111,100.0,35.0877192982,55.8558558559,52.1942995627
5d2n,22.2222222222,99.4413407821,24.347826087,33.9130434783,50.264665929
2e7l,33.3333333333,68.7150837989,26.0869565217,49.5412844037,46.620845865
5bs0,11.1111111111,86.5921787709,45.6140350877,37.8378378378,46.4764087816
