pdb_id,pep_identity,mhc_identity,tcrA_identity,tcrB_identity,total_identity
3gsn,22.2222222222,100.0,39.4495412844,88.4955752212,62.064926825
5men,22.2222222222,100.0,34.2342342342,91.1504424779,61.6381868594
3qdj,11.1111111111,100.0,68.5185185185,64.6017699115,59.2237517754
2pye,11.1111111111,100.0,43.3628318584,88.4955752212,59.013438217
3o4l,33.3333333333,100.0,46.7889908257,29.3103448276,57.1276670533
