pdb_id,pep_identity,mhc_identity,tcrA_identity,tcrB_identity,total_identity
3qdj,11.1111111111,100.0,89.8148148148,62.5,62.4228395062
3gsn,22.2222222222,100.0,38.8888888889,87.610619469,61.8239921337
5men,22.2222222222,100.0,32.4324324324,89.2857142857,61.0270985271
2bnr,11.1111111111,100.0,41.592920354,89.2857142857,58.8501428103
3o4l,33.3333333333,100.0,48.1481481481,28.6956521739,57.2517444981
