pdb_id,pep_identity,mhc_identity,tcrA_identity,tcrB_identity,total_identity
3gsn,22.2222222222,100.0,88.8888888889,53.0973451327,64.4051130777
5men,22.2222222222,100.0,38.3928571429,54.8672566372,56.2840930374
3o4l,33.3333333333,100.0,36.1111111111,27.8260869565,55.1006441224
3qdj,11.1111111111,100.0,41.2844036697,52.2123893805,52.6198358787
2bnr,11.1111111111,100.0,40.7079646018,52.6785714286,52.6014597088
