pdb_id,pep_identity,mhc_identity,tcrA_identity,tcrB_identity,total_identity
3o4l,33.3333333333,100.0,32.7272727273,28.6956521739,54.6815985946
4qrp,11.1111111111,81.0055865922,90.0,52.6315789474,54.4774957257
5eu6,11.1111111111,100.0,31.8584070796,57.5221238938,51.9337921993
5men,22.2222222222,100.0,29.7297297297,35.3982300885,51.5954007104
2e7l,33.3333333333,68.7150837989,51.3513513514,34.5132743363,48.326909992
