pdb_id,pep_identity,mhc_identity,tcrA_identity,tcrB_identity,total_identity
3o4l,33.3333333333,100.0,30.1724137931,25.2173913043,53.6760786274
5eu6,11.1111111111,100.0,36.2068965517,33.3333333333,48.6270753512
3ffc,22.2222222222,81.0055865922,52.5862068966,32.4786324786,48.586742834
2e7l,33.3333333333,68.7150837989,36.7521367521,29.4642857143,45.0522094551
