pdb_id,pep_identity,mhc_identity,tcrA_identity,tcrB_identity,total_identity
5men,22.2222222222,100.0,30.4347826087,77.1929824561,58.6787015849
2e7l,33.3333333333,68.7150837989,68.6956521739,56.1403508772,54.8221395526
3o4l,33.3333333333,100.0,32.1739130435,25.641025641,54.0802675585
3qdj,11.1111111111,100.0,31.3043478261,61.4035087719,52.48834647
5d2n,22.2222222222,99.4413407821,25.0,32.1739130435,50.0835065087
