pdb_id,pep_identity,mhc_identity,tcrA_identity,tcrB_identity,total_identity
3o4l,33.3333333333,100.0,53.2110091743,28.9473684211,58.137507377
4mnq,22.2222222222,100.0,33.9285714286,37.8378378378,52.7018089518
3qdj,11.1111111111,100.0,49.5412844037,40.5405405405,52.0506745277
5d2n,22.2222222222,99.4413407821,24.5454545455,44.347826087,52.0367344402
5bs0,11.1111111111,86.5921787709,34.5132743363,66.6666666667,49.4310867945
3ffc,22.2222222222,81.0055865922,33.0357142857,41.0256410256,46.7528288234
