pdb_id,pep_identity,mhc_identity,tcrA_identity,tcrB_identity,total_identity
5d2n,22.2222222222,99.4413407821,51.8181818182,54.7008547009,58.3076937546
3ffc,22.2222222222,81.0055865922,27.4336283186,88.0341880342,53.6539056636
3o4l,33.3333333333,100.0,21.4285714286,28.5714285714,52.7777777778
5men,22.2222222222,100.0,25.0,35.0427350427,50.7478632479
3qeq,11.1111111111,100.0,30.3571428571,31.6239316239,47.3672161172
