pdb_id,pep_identity,mhc_identity,tcrA_identity,tcrB_identity,total_identity
3o4l,33.3333333333,100.0,38.0530973451,30.4347826087,55.8590911034
5men,22.2222222222,100.0,41.0714285714,49.5575221239,55.8455658566
4eup,11.1111111111,100.0,33.6283185841,56.25,52.016756801
5d2n,22.2222222222,99.4413407821,24.5614035088,34.7826086957,50.4451897022
5bs0,11.1111111111,86.5921787709,45.1327433628,38.0530973451,46.4320700787
2e7l,33.3333333333,68.7150837989,25.4385964912,48.2142857143,46.2916194117
3ffc,22.2222222222,81.0055865922,31.3043478261,35.0427350427,45.4671167496
