pdb_id,pep_identity,mhc_identity,tcrA_identity,tcrB_identity,total_identity
3o4l,33.3333333333,100.0,85.4368932039,30.0884955752,63.6986759076
3gsn,22.2222222222,100.0,34.8623853211,49.5575221239,54.8107253149
4mnq,22.2222222222,100.0,32.1428571429,50.4504504505,54.5062920063
4eup,11.1111111111,100.0,41.2844036697,58.5585585586,53.6775307418
2bnr,11.1111111111,100.0,46.017699115,49.5495495495,52.9649118145
