pdb_id,pep_identity,mhc_identity,tcrA_identity,tcrB_identity,total_identity
4eup,11.1111111111,100.0,83.6363636364,88.2882882883,65.6911456911
3gsn,22.2222222222,100.0,37.8378378378,51.3274336283,55.6016193184
3o4l,33.3333333333,100.0,37.8378378378,28.0701754386,55.4291133239
5men,22.2222222222,100.0,34.2342342342,53.5714285714,55.375017875
