pdb_id,pep_identity,mhc_identity,tcrA_identity,tcrB_identity,total_identity
3gsn,22.2222222222,100.0,33.6283185841,54.8672566372,55.4900032776
2e7l,33.3333333333,68.7150837989,29.5652173913,54.128440367,47.9650820038
