pdb_id,pep_identity,mhc_identity,tcrA_identity,tcrB_identity,total_identity
4eup,11.1111111111,100.0,87.1559633028,59.4594594595,61.4729408307
3o4l,33.3333333333,100.0,41.2844036697,30.0884955752,56.3399276519
4mnq,22.2222222222,100.0,33.3333333333,50.4504504505,54.7047047047
2bnr,11.1111111111,100.0,41.592920354,49.5495495495,52.2274486876
5d2n,22.2222222222,99.4413407821,22.0183486239,33.0434782609,49.7314921489
