pdb_id,pep_identity,mhc_identity,tcrA_identity,tcrB_identity,total_identity
3o4l,33.3333333333,100.0,51.8181818182,28.0701754386,57.7591706539
5d2n,22.2222222222,99.4413407821,22.5225225225,57.3913043478,53.8734921465
5men,22.2222222222,100.0,34.8214285714,35.7142857143,52.4966931217
3qdj,11.1111111111,100.0,49.0909090909,37.5,51.4688552189
3ffc,22.2222222222,81.0055865922,34.8214285714,49.5726495726,48.4749492955
