pdb_id,pep_identity,mhc_identity,tcrA_identity,tcrB_identity,total_identity
3o4l,33.3333333333,100.0,52.2935779817,28.6956521739,57.9426494704
3ffc,22.2222222222,81.0055865922,40.1785714286,86.3247863248,55.4931625637
5d2n,22.2222222222,99.4413407821,24.5454545455,56.5217391304,54.0657199474
5men,22.2222222222,100.0,33.9285714286,29.203539823,51.2627592827
3qeq,11.1111111111,100.0,40.3669724771,39.8230088496,50.4020339248
