pdb_id,pep_identity,mhc_identity,tcrA_identity,tcrB_identity,total_identity
3o4l,33.3333333333,100.0,40.0,25.4385964912,55.350877193
4mnq,22.2222222222,100.0,30.4347826087,57.1428571429,55.3370140327
4eup,11.1111111111,100.0,33.0434782609,60.3603603604,52.6043434739
3ffc,22.2222222222,81.0055865922,60.0,29.9145299145,49.3950245906
2e7l,33.3333333333,68.7150837989,33.6206896552,54.0540540541,48.6285963289
