pdb_id,pep_identity,mhc_identity,tcrA_identity,tcrB_identity,total_identity
3qdj,11.1111111111,100.0,90.7407407407,67.5438596491,63.4178037687
3gsn,22.2222222222,100.0,40.3669724771,74.5614035088,59.8954700717
5men,22.2222222222,100.0,32.4324324324,79.8245614035,59.4502397134
2pye,11.1111111111,100.0,42.4778761062,75.4385964912,56.6897824699
3o4l,33.3333333333,100.0,40.3669724771,29.0598290598,56.0155780339
