pdb_id,pep_identity,mhc_identity,tcrA_identity,tcrB_identity,total_identity
3o4l,33.3333333333,100.0,35.1851851852,33.6206896552,55.9120902512
3qdj,11.1111111111,100.0,69.4444444444,32.4561403509,54.0204678363
3ffc,22.2222222222,81.0055865922,29.4642857143,87.1794871795,53.8498984204
5d2n,22.2222222222,99.4413407821,23.3644859813,53.9130434783,53.4341092447
5men,22.2222222222,100.0,30.0,31.5789473684,51.0038986355
5bs0,11.1111111111,86.5921787709,38.0530973451,41.2280701754,45.7812912141
