pdb_id,pep_identity,mhc_identity,tcrA_identity,tcrB_identity,total_identity
4eup,11.1111111111,100.0,64.2201834862,90.990990991,62.9055661166
3gsn,22.2222222222,100.0,35.4545454545,50.4424778761,55.0569112958
3o4l,33.3333333333,100.0,33.6363636364,27.1929824561,54.5826687932
5men,22.2222222222,100.0,29.0909090909,50.8928571429,54.0713684464
2f53,11.1111111111,100.0,36.2831858407,51.7857142857,51.7151870581
