pdb_id,pep_identity,mhc_identity,tcrA_identity,tcrB_identity,total_identity
3o4l,33.3333333333,100.0,54.6296296296,24.1379310345,57.5723712218
4mnq,22.2222222222,100.0,33.9285714286,30.701754386,51.5124617098
3qdj,11.1111111111,100.0,49.5412844037,32.4561403509,50.7032744961
5d2n,22.2222222222,99.4413407821,25.6880733945,34.7826086957,50.6329680165
