pdb_id,pep_identity,mhc_identity,tcrA_identity,tcrB_identity,total_identity
5d2n,22.2222222222,99.4413407821,23.1481481481,69.5652173913,56.0067485914
3o4l,33.3333333333,100.0,34.8623853211,25.8620689655,54.5651868255
3qdj,11.1111111111,100.0,64.8148148148,33.0434782609,53.3467525497
4mnq,22.2222222222,100.0,30.0,28.6956521739,50.5233494364
3ffc,22.2222222222,81.0055865922,31.25,55.5555555556,48.8768621974
5bs0,11.1111111111,86.5921787709,37.1681415929,43.4782608696,46.0088303711
2e7l,33.3333333333,68.7150837989,33.3333333333,32.4561403509,44.9810513248
