pdb_id,pep_identity,mhc_identity,tcrA_identity,tcrB_identity,total_identity
5men,22.2222222222,100.0,26.9565217391,80.0,58.5668276973
3o4l,33.3333333333,100.0,30.4347826087,29.8245614035,54.4876684465
3qdj,11.1111111111,100.0,33.0434782609,66.6666666667,53.655394525
2e7l,33.3333333333,68.7150837989,58.2608695652,59.0909090909,53.5747688201
5d2n,22.2222222222,99.4413407821,24.1379310345,33.9130434783,50.2296834202
