pdb_id,pep_identity,mhc_identity,tcrA_identity,tcrB_identity,total_identity
5men,22.2222222222,100.0,30.3571428571,60.1769911504,55.8297630753
3o4l,33.3333333333,100.0,30.3571428571,26.9565217391,53.9967218772
2e7l,33.3333333333,68.7150837989,62.5,52.6785714286,53.2125676155
4eup,11.1111111111,100.0,34.8214285714,58.9285714286,52.662037037
5d2n,22.2222222222,99.4413407821,27.4336283186,30.4347826087,50.199256156
