pdb_id,pep_identity,mhc_identity,tcrA_identity,tcrB_identity,total_identity
3gsn,22.2222222222,100.0,87.5,34.2105263158,61.02582846
3o4l,33.3333333333,100.0,33.0357142857,30.1724137931,54.9791324576
4mnq,22.2222222222,100.0,36.6071428571,34.2105263158,52.5436856029
2p5e,11.1111111111,100.0,42.4778761062,33.3333333333,49.6722386103
