pdb_id,pep_identity,mhc_identity,tcrA_identity,tcrB_identity,total_identity
3o4l,33.3333333333,100.0,29.203539823,23.8938053097,53.2940019666
3qeq,11.1111111111,100.0,43.75,34.8214285714,50.1322751323
3ffc,22.2222222222,81.0055865922,33.0434782609,35.8974358974,45.8994219645
2e7l,33.3333333333,68.7150837989,28.3185840708,38.1818181818,45.0995394195
5bs0,11.1111111111,86.5921787709,33.3333333333,41.8181818182,45.0930158193
