pdb_id,pep_identity,mhc_identity,tcrA_identity,tcrB_identity,total_identity
4eup,11.1111111111,100.0,36.6972477064,90.0900900901,58.1682600031
5men,22.2222222222,100.0,35.1351351351,50.9090909091,55.0814450814
3o4l,33.3333333333,100.0,34.5794392523,27.4336283186,54.7799557063
5d2n,22.2222222222,99.4413407821,28.7037037037,27.8260869565,49.9761527782
2e7l,33.3333333333,68.7150837989,28.8288288288,58.7155963303,48.6068765706
