pdb_id,pep_identity,mhc_identity,tcrA_identity,tcrB_identity,total_identity
3o4l,33.3333333333,100.0,30.9734513274,34.5132743363,55.3588987217
5men,22.2222222222,100.0,29.8245614035,50.0,54.044834308
2e7l,33.3333333333,68.7150837989,56.6371681416,50.4587155963,51.8654530004
4eup,11.1111111111,100.0,33.6283185841,54.954954955,51.8009159602
3ffc,22.2222222222,81.0055865922,33.0434782609,31.6239316239,45.1871712523
5bs0,11.1111111111,86.5921787709,34.2105263158,36.9369369369,44.4256738361
