pdb_id,pep_identity,mhc_identity,tcrA_identity,tcrB_identity,total_identity
5d2n,22.2222222222,99.4413407821,25.4545454545,67.8260869565,56.10129307
3o4l,33.3333333333,100.0,32.1100917431,27.4336283186,54.3683977881
5men,22.2222222222,100.0,36.036036036,29.4642857143,51.6574610325
3qeq,11.1111111111,100.0,51.8518518519,33.6283185841,51.2837321097
3ffc,22.2222222222,81.0055865922,30.6306306306,56.4102564103,48.9160841116
5bs0,11.1111111111,86.5921787709,38.9380530973,49.5495495495,47.3156970685
