pdb_id,pep_identity,mhc_identity,tcrA_identity,tcrB_identity,total_identity
3o4l,33.3333333333,100.0,33.3333333333,28.2051282051,54.7008547009
3ffc,22.2222222222,81.0055865922,29.203539823,88.8888888889,54.0913410568
3qdj,11.1111111111,100.0,65.4545454545,33.9130434783,53.5983018592
5men,22.2222222222,100.0,31.8181818182,32.1739130435,51.4060898844
5bs0,11.1111111111,86.5921787709,37.1681415929,41.7391304348,45.7189752986
2e7l,33.3333333333,68.7150837989,32.7433628319,31.3043478261,44.6907574871
