pdb_id,pep_identity,mhc_identity,tcrA_identity,tcrB_identity,total_identity
4qrp,11.1111111111,81.0055865922,88.1818181818,53.5087719298,54.320664253
3o4l,33.3333333333,100.0,32.7272727273,25.0,54.0656565657
4mnq,22.2222222222,100.0,29.4642857143,27.4336283186,50.2237264129
5eu6,11.1111111111,100.0,30.9734513274,43.8596491228,49.5092204454
2e7l,33.3333333333,68.7150837989,49.5495495495,33.6283185841,47.8791170663
