pdb_id,pep_identity,mhc_identity,tcrA_identity,tcrB_identity,total_identity
5d2n,22.2222222222,99.4413407821,23.1481481481,89.5652173913,59.3400819247
3qdj,11.1111111111,100.0,90.7407407407,40.1785714286,58.8569223986
3o4l,33.3333333333,100.0,48.1481481481,29.8245614035,57.4398960364
4mnq,22.2222222222,100.0,32.4324324324,37.5,52.3961461461
3ffc,22.2222222222,81.0055865922,32.1428571429,52.9914529915,48.5983212939
