pdb_id,pep_identity,mhc_identity,tcrA_identity,tcrB_identity,total_identity
3o4l,33.3333333333,100.0,31.7757009346,31.3043478261,54.9577859046
5men,22.2222222222,100.0,30.6306306306,50.4424778761,54.2529254919
4eup,11.1111111111,100.0,35.7798165138,57.1428571429,52.5241493131
2e7l,33.3333333333,68.7150837989,32.7433628319,49.1071428571,47.6578899922
3ffc,22.2222222222,81.0055865922,33.3333333333,35.0427350427,45.8052810008
5bs0,11.1111111111,86.5921787709,31.8584070796,38.0530973451,44.2196806982
