pdb_id,pep_identity,mhc_identity,tcrA_identity,tcrB_identity,total_identity
5d2n,22.2222222222,99.4413407821,34.2342342342,54.7826086957,55.3906614898
4mnq,22.2222222222,100.0,29.8245614035,36.9369369369,51.8676571308
2e7l,33.3333333333,68.7150837989,62.1621621622,35.4545454545,50.2855903135
4qrp,11.1111111111,81.0055865922,57.6576576577,50.8771929825,48.7947076744
3qdj,11.1111111111,100.0,33.3333333333,36.6071428571,48.6937830688
5bs0,11.1111111111,86.5921787709,31.5789473684,45.045045045,45.3384286963
