pdb_id,pep_identity,mhc_identity,tcrA_identity,tcrB_identity,total_identity
5men,22.2222222222,100.0,29.5652173913,91.0714285714,60.8468484012
3o4l,33.3333333333,100.0,29.8245614035,28.6956521739,54.197813374
3qdj,11.1111111111,100.0,29.8245614035,64.2857142857,52.7220829852
5d2n,22.2222222222,99.4413407821,28.0701754386,31.3043478261,50.4502748789
2e7l,33.3333333333,68.7150837989,38.2608695652,55.3571428571,49.6191411145
