pdb_id,pep_identity,mhc_identity,tcrA_identity,tcrB_identity,total_identity
3o4l,33.3333333333,100.0,45.6140350877,25.4385964912,56.2865497076
4mnq,22.2222222222,100.0,31.5789473684,57.1428571429,55.5277081593
4eup,11.1111111111,100.0,44.7368421053,57.6576576577,54.1027869975
5d2n,22.2222222222,99.4413407821,23.4782608696,29.5652173913,49.3951007116
2e7l,33.3333333333,68.7150837989,34.7826086957,54.954954955,48.9723996525
