pdb_id,pep_identity,mhc_identity,tcrA_identity,tcrB_identity,total_identity
4eup,11.1111111111,100.0,70.6422018349,86.4864864865,63.2251517573
3o4l,33.3333333333,100.0,39.0909090909,28.3185840708,55.6793599714
3gsn,22.2222222222,100.0,39.0909090909,50.4424778761,55.6629719019
4mnq,22.2222222222,100.0,34.2342342342,49.5495495495,54.7047047047
2f53,11.1111111111,100.0,43.3628318584,53.5714285714,53.1927471087
