pdb_id,pep_identity,mhc_identity,tcrA_identity,tcrB_identity,total_identity
5d2n,22.2222222222,99.4413407821,51.8518518519,45.2173913043,56.7327281941
3o4l,33.3333333333,100.0,21.8181818182,28.4482758621,52.8221873912
5men,22.2222222222,100.0,21.6216216216,33.6283185841,49.9490641084
5bs0,11.1111111111,86.5921787709,21.9298245614,69.0265486726,47.727158833
3qeq,11.1111111111,100.0,30.0,32.7433628319,47.4942641757
3ffc,22.2222222222,81.0055865922,27.9279279279,42.735042735,46.186431382
