pdb_id,pep_identity,mhc_identity,tcrA_identity,tcrB_identity,total_identity
3o4l,33.3333333333,100.0,32.4324324324,26.5486725664,54.2746286109
5eu6,11.1111111111,100.0,39.4736842105,45.1327433628,51.1381082993
2e7l,33.3333333333,68.7150837989,68.4684684685,33.6363636364,51.0336110615
4mnq,22.2222222222,100.0,27.1929824561,34.2342342342,50.9786101891
3ffc,22.2222222222,81.0055865922,26.3157894737,40.1709401709,45.4903912122
