pdb_id,pep_identity,mhc_identity,tcrA_identity,tcrB_identity,total_identity
3o4l,33.3333333333,100.0,32.4561403509,30.701754386,54.9707602339
4mnq,22.2222222222,100.0,28.9473684211,51.7857142857,54.1962545252
4eup,11.1111111111,100.0,35.0877192982,59.4594594595,52.7949001633
2e7l,33.3333333333,68.7150837989,61.4035087719,50.4504504505,52.6584655811
3ffc,22.2222222222,81.0055865922,29.3103448276,35.0427350427,45.1347829165
5bs0,11.1111111111,86.5921787709,34.2105263158,38.3928571429,44.6683272038
