pdb_id,pep_identity,mhc_identity,tcrA_identity,tcrB_identity,total_identity
3ffc,22.2222222222,81.0055865922,84.0707964602,39.3162393162,54.9737755675
3o4l,33.3333333333,100.0,32.7433628319,29.203539823,54.7689282203
4mnq,22.2222222222,100.0,30.4347826087,39.6396396396,52.4198111155
5eu6,11.1111111111,100.0,35.652173913,43.3628318584,50.2062046656
2e7l,33.3333333333,68.7150837989,31.5789473684,32.7272727273,44.7338423934
