pdb_id,pep_identity,mhc_identity,tcrA_identity,tcrB_identity,total_identity
3o4l,33.3333333333,100.0,30.9734513274,28.9473684211,54.4312477359
5men,22.2222222222,100.0,31.5789473684,36.9369369369,52.1600547916
5eu6,11.1111111111,100.0,34.2105263158,41.592920354,49.6709448153
2e7l,33.3333333333,68.7150837989,58.407079646,29.7297297297,48.7056072734
3ffc,22.2222222222,81.0055865922,30.4347826087,41.0256410256,46.3193402105
