pdb_id,pep_identity,mhc_identity,tcrA_identity,tcrB_identity,total_identity
3o4l,33.3333333333,100.0,51.8181818182,29.3103448276,57.9658655521
5d2n,22.2222222222,99.4413407821,22.5225225225,57.3913043478,53.8734921465
5men,22.2222222222,100.0,34.8214285714,39.4736842105,53.1232595377
3qdj,11.1111111111,100.0,49.0909090909,41.2280701754,52.0902002481
3ffc,22.2222222222,81.0055865922,34.8214285714,52.9914529915,49.0447498653
