pdb_id,pep_identity,mhc_identity,tcrA_identity,tcrB_identity,total_identity
3o4l,33.3333333333,100.0,40.0,26.9565217391,55.6038647343
4mnq,22.2222222222,100.0,28.0701754386,38.0530973451,51.7612862047
2e7l,33.3333333333,68.7150837989,69.3693693694,31.25,50.786033939
5eu6,11.1111111111,100.0,33.3333333333,42.9824561404,49.7563352827
4qrp,11.1111111111,81.0055865922,48.6486486486,39.8230088496,45.4508421508
