pdb_id,pep_identity,mhc_identity,tcrA_identity,tcrB_identity,total_identity
5d2n,22.2222222222,99.4413407821,26.5486725664,57.3913043478,54.5445171538
5men,22.2222222222,100.0,32.1428571429,37.1681415929,52.2925738634
3qdj,11.1111111111,100.0,36.6071428571,38.0530973451,49.4804104041
3ffc,22.2222222222,81.0055865922,34.7826086957,52.9914529915,49.038279886
5bs0,11.1111111111,86.5921787709,34.2105263158,43.3628318584,45.4966563231
2e7l,33.3333333333,68.7150837989,29.5652173913,34.5132743363,44.6958876653
