pdb_id,pep_identity,mhc_identity,tcrA_identity,tcrB_identity,total_identity
5d2n,22.2222222222,99.4413407821,23.2142857143,88.0341880342,59.0959332929
3qdj,11.1111111111,100.0,88.2882882883,35.0427350427,57.5922075922
3o4l,33.3333333333,100.0,39.2857142857,28.5714285714,55.753968254
5men,22.2222222222,100.0,36.036036036,32.4786324786,52.1598521599
3ffc,22.2222222222,81.0055865922,32.4561403509,56.4102564103,49.2203357317
