pdb_id,pep_identity,mhc_identity,tcrA_identity,tcrB_identity,total_identity
3o4l,33.3333333333,100.0,29.203539823,26.0869565217,53.6595271686
2e7l,33.3333333333,68.7150837989,58.407079646,29.4642857143,48.6613666041
5eu6,11.1111111111,100.0,30.701754386,33.3333333333,47.7095516569
4qrp,11.1111111111,81.0055865922,50.4424778761,38.0530973451,45.454828438
