pdb_id,pep_identity,mhc_identity,tcrA_identity,tcrB_identity,total_identity
3o4l,33.3333333333,100.0,38.5321100917,56.25,60.2414627931
3qdj,11.1111111111,100.0,89.8148148148,38.9380530973,58.4958483557
5men,22.2222222222,100.0,34.2342342342,36.6071428571,52.5476369226
5eu6,11.1111111111,100.0,42.4778761062,32.4561403509,49.5260397799
