pdb_id,pep_identity,mhc_identity,tcrA_identity,tcrB_identity,total_identity
3qdj,11.1111111111,100.0,88.9908256881,61.6071428571,62.1366984612
3gsn,22.2222222222,100.0,38.1818181818,73.4513274336,59.34626501
5men,22.2222222222,100.0,32.4324324324,75.0,58.6461461461
2pye,11.1111111111,100.0,40.7079646018,75.0,56.321697804
3o4l,33.3333333333,100.0,40.9090909091,27.8260869565,55.900307422
