pdb_id,pep_identity,mhc_identity,tcrA_identity,tcrB_identity,total_identity
3o4l,33.3333333333,100.0,29.6296296296,28.6956521739,54.165324745
5men,22.2222222222,100.0,31.8181818182,32.7433628319,51.5009981824
3qdj,11.1111111111,100.0,37.962962963,37.1681415929,49.5588877964
5bs0,11.1111111111,86.5921787709,31.8584070796,64.6017699115,48.6444594592
3ffc,22.2222222222,81.0055865922,31.25,41.8803418803,46.5976599182
2e7l,33.3333333333,68.7150837989,27.9279279279,30.3571428571,43.7303175083
