pdb_id,pep_identity,mhc_identity,tcrA_identity,tcrB_identity,total_identity
5d2n,22.2222222222,99.4413407821,60.0,65.811965812,61.5231819701
3o4l,33.3333333333,100.0,20.5357142857,26.2711864407,52.2455945655
3ffc,22.2222222222,81.0055865922,31.8584070796,58.1196581197,49.4056138047
5men,22.2222222222,100.0,25.0,26.4957264957,49.3233618234
