pdb_id,pep_identity,mhc_identity,tcrA_identity,tcrB_identity,total_identity
5d2n,22.2222222222,99.4413407821,21.0526315789,69.5652173913,55.6574958298
3o4l,33.3333333333,100.0,29.203539823,27.5862068966,53.909402231
5men,22.2222222222,100.0,28.5714285714,29.5652173913,50.4301817345
2e7l,33.3333333333,68.7150837989,55.7522123894,31.5789473684,48.571332337
3ffc,22.2222222222,81.0055865922,27.8260869565,55.5555555556,48.3062100235
3qdj,11.1111111111,100.0,31.8584070796,33.0434782609,47.8540179271
5bs0,11.1111111111,86.5921787709,29.8245614035,46.0869565217,45.2196829482
