pdb_id,pep_identity,mhc_identity,tcrA_identity,tcrB_identity,total_identity
3o4l,33.3333333333,100.0,37.8378378378,27.4336283186,55.3230221372
5eu6,11.1111111111,100.0,52.2123893805,51.3274336283,54.2936742052
5men,22.2222222222,100.0,38.3928571429,34.8214285714,52.9431216931
3ffc,22.2222222222,81.0055865922,32.7433628319,46.1538461538,47.5588044358
2e7l,33.3333333333,68.7150837989,26.7857142857,36.036036036,44.4864307644
