pdb_id,pep_identity,mhc_identity,tcrA_identity,tcrB_identity,total_identity
5men,22.2222222222,100.0,30.701754386,88.5964912281,60.6237816764
3o4l,33.3333333333,100.0,31.25,27.3504273504,54.2111823362
3qdj,11.1111111111,100.0,33.9285714286,61.4035087719,52.9257170705
2e7l,33.3333333333,68.7150837989,57.1428571429,55.2631578947,52.7504748837
5d2n,22.2222222222,99.4413407821,23.8938053097,32.1739130435,49.899140727
