pdb_id,pep_identity,mhc_identity,tcrA_identity,tcrB_identity,total_identity
5d2n,22.2222222222,99.4413407821,49.0909090909,43.4782608696,55.9827159949
3o4l,33.3333333333,100.0,21.4285714286,29.203539823,52.883129653
5men,22.2222222222,100.0,24.5454545455,33.3333333333,50.3872053872
5bs0,11.1111111111,86.5921787709,24.347826087,65.7657657658,47.5866952695
3qeq,11.1111111111,100.0,30.3571428571,32.1428571429,47.4537037037
3ffc,22.2222222222,81.0055865922,28.3185840708,41.8803418803,46.1090905967
