pdb_id,pep_identity,mhc_identity,tcrA_identity,tcrB_identity,total_identity
3o4l,33.3333333333,100.0,32.1428571429,29.203539823,54.6688439388
5men,22.2222222222,100.0,28.9473684211,48.6486486486,53.6734102524
2e7l,33.3333333333,68.7150837989,57.1428571429,52.7272727273,52.3278273558
4eup,11.1111111111,100.0,32.1428571429,56.7567567568,51.8536393536
4qrp,11.1111111111,81.0055865922,51.7857142857,34.5132743363,45.0887306714
5bs0,11.1111111111,86.5921787709,29.8245614035,38.7387387387,43.9949799844
