pdb_id,pep_identity,mhc_identity,tcrA_identity,tcrB_identity,total_identity
3o4l,33.3333333333,100.0,33.3333333333,28.0701754386,54.6783625731
3qdj,11.1111111111,100.0,64.8148148148,35.7142857143,53.7918871252
5men,22.2222222222,100.0,32.7272727273,34.8214285714,51.9988576239
3ffc,22.2222222222,81.0055865922,31.25,49.5726495726,47.8797112002
2e7l,33.3333333333,68.7150837989,33.3333333333,36.6071428571,45.6728850758
5bs0,11.1111111111,86.5921787709,37.1681415929,40.1785714286,45.4588821309
