pdb_id,pep_identity,mhc_identity,tcrA_identity,tcrB_identity,total_identity
3gsn,22.2222222222,100.0,36.4485981308,83.185840708,60.6798138805
4mnq,22.2222222222,100.0,32.4324324324,78.5714285714,59.2413842414
3o4l,33.3333333333,100.0,34.9056603774,32.1739130435,55.6243733479
3qeq,11.1111111111,100.0,49.5238095238,59.8214285714,55.2612433862
