pdb_id,pep_identity,mhc_identity,tcrA_identity,tcrB_identity,total_identity
5d2n,22.2222222222,99.4413407821,49.0909090909,45.2173913043,56.2725710673
3o4l,33.3333333333,100.0,21.4285714286,28.9473684211,52.8404344194
5men,22.2222222222,100.0,24.5454545455,37.8378378378,51.137956138
3qdj,11.1111111111,100.0,22.3214285714,41.4414414414,47.6641820392
5bs0,11.1111111111,86.5921787709,22.6086956522,67.5675675676,47.5971404973
3ffc,22.2222222222,81.0055865922,29.203539823,41.0256410256,46.1141330796
