pdb_id,pep_identity,mhc_identity,tcrA_identity,tcrB_identity,total_identity
3qdj,11.1111111111,100.0,89.1891891892,32.4561403509,57.311258627
3o4l,33.3333333333,100.0,39.2857142857,33.6206896552,56.5955117679
3ffc,22.2222222222,81.0055865922,31.5789473684,87.1794871795,54.2023420295
5d2n,22.2222222222,99.4413407821,21.4285714286,53.9130434783,53.1114568193
5men,22.2222222222,100.0,36.036036036,31.5789473684,52.0099046415
5bs0,11.1111111111,86.5921787709,40.7079646018,41.2280701754,46.2237690902
