pdb_id,pep_identity,mhc_identity,tcrA_identity,tcrB_identity,total_identity
3o4l,33.3333333333,100.0,32.1428571429,28.813559322,54.6038471886
3ffc,22.2222222222,81.0055865922,28.0701754386,90.5982905983,54.1873472776
5eu6,11.1111111111,100.0,35.0877192982,60.3448275862,52.9424615178
5men,22.2222222222,100.0,31.5789473684,31.8965517241,51.3199905895
2e7l,33.3333333333,68.7150837989,62.5,30.1724137931,49.4615413429
