pdb_id,pep_identity,mhc_identity,tcrA_identity,tcrB_identity,total_identity
3o4l,33.3333333333,100.0,38.7387387387,27.1929824561,55.4330646436
4eup,11.1111111111,100.0,65.4545454545,37.5,54.1961279461
5men,22.2222222222,100.0,36.036036036,37.1681415929,52.9414370122
3ffc,22.2222222222,81.0055865922,35.3982300885,47.0085470085,48.1437324543
5bs0,11.1111111111,86.5921787709,47.7876106195,40.1785714286,47.2287936354
2e7l,33.3333333333,68.7150837989,38.9380530973,35.7142857143,46.4581955127
