pdb_id,pep_identity,mhc_identity,tcrA_identity,tcrB_identity,total_identity
3o4l,33.3333333333,100.0,33.3333333333,23.275862069,53.8793103448
5men,22.2222222222,100.0,29.8245614035,29.8245614035,50.6822612086
2e7l,33.3333333333,68.7150837989,63.0630630631,31.8584070796,49.8363840679
3qdj,11.1111111111,100.0,41.4414414414,30.701754386,49.0609030083
3ffc,22.2222222222,81.0055865922,29.8245614035,33.3333333333,44.9355853943
5bs0,11.1111111111,86.5921787709,31.5789473684,37.7192982456,44.1174708964
