pdb_id,pep_identity,mhc_identity,tcrA_identity,tcrB_identity,total_identity
3o4l,33.3333333333,100.0,83.8095238095,30.0884955752,63.4274476752
5men,22.2222222222,100.0,31.25,49.5495495495,54.2073323323
3gsn,22.2222222222,100.0,31.5315315315,48.6725663717,54.1080903913
4eup,11.1111111111,100.0,40.5405405405,57.6576576577,53.4034034034
2bnr,11.1111111111,100.0,38.9380530973,50.4504504505,51.9351209617
