pdb_id,pep_identity,mhc_identity,tcrA_identity,tcrB_identity,total_identity
5d2n,22.2222222222,99.4413407821,49.5412844037,33.3333333333,54.3669572909
5men,22.2222222222,100.0,21.6216216216,31.0344827586,49.5167581374
3qeq,11.1111111111,100.0,29.7297297297,28.4482758621,46.7333713023
3ffc,22.2222222222,81.0055865922,26.7857142857,35.8974358974,44.856461302
2e7l,33.3333333333,68.7150837989,26.9565217391,32.1739130435,43.8712115078
