pdb_id,pep_identity,mhc_identity,tcrA_identity,tcrB_identity,total_identity
5eu6,11.1111111111,100.0,88.4955752212,37.3913043478,58.0181836319
3o4l,33.3333333333,100.0,41.4414414414,25.0,55.518018018
5bs0,11.1111111111,86.5921787709,82.3008849558,40.350877193,53.0097236521
5men,22.2222222222,100.0,39.8230088496,32.4561403509,52.7872656075
