pdb_id,pep_identity,mhc_identity,tcrA_identity,tcrB_identity,total_identity
3o4l,33.3333333333,100.0,28.9473684211,26.3157894737,53.6549707602
5eu6,11.1111111111,100.0,36.5217391304,38.9380530973,49.613669075
3ffc,22.2222222222,81.0055865922,51.7543859649,39.3162393162,49.5877071517
2e7l,33.3333333333,68.7150837989,36.5217391304,29.7297297297,45.0580505208
