pdb_id,pep_identity,mhc_identity,tcrA_identity,tcrB_identity,total_identity
3gsn,22.2222222222,100.0,42.2018348624,59.2920353982,57.6563857842
2e7l,33.3333333333,68.7150837989,27.027027027,61.6071428571,48.7885006914
3ffc,22.2222222222,81.0055865922,38.9380530973,32.4786324786,46.3120505341
