pdb_id,pep_identity,mhc_identity,tcrA_identity,tcrB_identity,total_identity
5eu6,11.1111111111,100.0,87.610619469,56.5217391304,61.0590968036
2bnr,11.1111111111,100.0,86.7256637168,33.3333333333,57.0468698787
3o4l,33.3333333333,100.0,40.3669724771,32.7586206897,56.6320433056
5bs0,11.1111111111,86.5921787709,81.4159292035,40.8695652174,52.9486790308
4mnq,22.2222222222,100.0,39.8230088496,32.1739130435,52.7402277229
3qdj,11.1111111111,100.0,42.7272727273,32.1739130435,49.5205679988
