pdb_id,pep_identity,mhc_identity,tcrA_identity,tcrB_identity,total_identity
3gsn,22.2222222222,100.0,26.9565217391,93.8053097345,60.867712653
4mnq,22.2222222222,100.0,29.5652173913,85.7142857143,59.9539912583
3o4l,33.3333333333,100.0,29.5652173913,34.7826086957,55.1690821256
3qeq,11.1111111111,100.0,29.5652173913,58.9285714286,51.7860018403
2e7l,33.3333333333,68.7150837989,37.0689655172,53.5714285714,49.1228713922
