pdb_id,pep_identity,mhc_identity,tcrA_identity,tcrB_identity,total_identity
3o4l,33.3333333333,100.0,35.7142857143,27.1929824561,54.9289891395
5men,22.2222222222,100.0,43.119266055,33.0357142857,53.4332374642
5eu6,11.1111111111,100.0,44.2477876106,37.1681415929,50.606358571
3ffc,22.2222222222,81.0055865922,30.701754386,32.4786324786,44.9393340822
2e7l,33.3333333333,68.7150837989,28.9473684211,35.1351351351,44.6965563034
