pdb_id,pep_identity,mhc_identity,tcrA_identity,tcrB_identity,total_identity
4eup,11.1111111111,100.0,62.3853211009,86.7256637168,61.88886784
3o4l,33.3333333333,100.0,32.1100917431,25.8620689655,54.1064712292
4mnq,22.2222222222,100.0,30.0,50.0,54.0740740741
2f53,11.1111111111,100.0,44.2477876106,57.8947368421,54.0607911125
