pdb_id,pep_identity,mhc_identity,tcrA_identity,tcrB_identity,total_identity
3o4l,33.3333333333,100.0,34.5794392523,26.0869565217,54.5555104068
5men,22.2222222222,100.0,34.2342342342,32.7433628319,51.9036735851
3qeq,11.1111111111,100.0,50.9433962264,30.9734513274,50.6898449627
5bs0,11.1111111111,86.5921787709,37.1681415929,41.9642857143,45.7565011786
3ffc,22.2222222222,81.0055865922,30.0,35.0427350427,45.2497254453
2e7l,33.3333333333,68.7150837989,28.8288288288,33.9285714286,44.4757057536
