pdb_id,pep_identity,mhc_identity,tcrA_identity,tcrB_identity,total_identity
3qdj,11.1111111111,100.0,91.6666666667,34.2342342342,58.0205205205
3o4l,33.3333333333,100.0,41.6666666667,26.5486725664,55.81366765
4mnq,22.2222222222,100.0,33.3333333333,33.3333333333,51.8518518519
5d2n,22.2222222222,99.4413407821,24.0740740741,33.9130434783,50.2190405935
