pdb_id,pep_identity,mhc_identity,tcrA_identity,tcrB_identity,total_identity
3o4l,33.3333333333,100.0,34.8623853211,28.6956521739,55.0374506936
4mnq,22.2222222222,100.0,41.592920354,32.7433628319,53.1301212717
5eu6,11.1111111111,100.0,40.7079646018,35.9649122807,49.8158498508
3ffc,22.2222222222,81.0055865922,31.8584070796,31.6239316239,44.9896593887
