pdb_id,pep_identity,mhc_identity,tcrA_identity,tcrB_identity,total_identity
4mnq,22.2222222222,100.0,28.0701754386,54.8672566372,54.5636460867
3o4l,33.3333333333,100.0,31.8181818182,24.347826087,53.805445762
2e7l,33.3333333333,68.7150837989,59.4594594595,54.4642857143,53.0034299064
3qdj,11.1111111111,100.0,40.5405405405,50.4424778761,52.2008734398
