pdb_id,pep_identity,mhc_identity,tcrA_identity,tcrB_identity,total_identity
3o4l,33.3333333333,100.0,32.1428571429,30.0884955752,54.8163365641
5men,22.2222222222,100.0,28.0701754386,49.5495495495,53.6773615721
2e7l,33.3333333333,68.7150837989,56.25,51.8181818182,52.0275026804
4eup,11.1111111111,100.0,31.25,57.6576576577,51.85497998
3ffc,22.2222222222,81.0055865922,28.0701754386,38.4615384615,45.4978885882
5bs0,11.1111111111,86.5921787709,30.701754386,40.5405405405,44.4414791151
