pdb_id,pep_identity,mhc_identity,tcrA_identity,tcrB_identity,total_identity
3o4l,33.3333333333,100.0,31.8181818182,29.203539823,54.6147313846
2e7l,33.3333333333,68.7150837989,68.4684684685,51.8181818182,54.0639140918
5men,22.2222222222,100.0,29.8245614035,48.6486486486,53.8196090828
4eup,11.1111111111,100.0,30.3571428571,56.7567567568,51.556020306
3ffc,22.2222222222,81.0055865922,26.3157894737,35.8974358974,44.7781405
5bs0,11.1111111111,86.5921787709,31.5789473684,38.7387387387,44.2873776452
