pdb_id,pep_identity,mhc_identity,tcrA_identity,tcrB_identity,total_identity
3o4l,33.3333333333,100.0,32.1739130435,24.5614035088,53.9003305365
5men,22.2222222222,100.0,29.5652173913,32.1428571429,51.0254198298
2e7l,33.3333333333,68.7150837989,68.6956521739,29.7297297297,50.4203693613
5eu6,11.1111111111,100.0,36.5217391304,37.1681415929,49.3186838243
3ffc,22.2222222222,81.0055865922,27.3504273504,33.3333333333,44.5232297188
