pdb_id,pep_identity,mhc_identity,tcrA_identity,tcrB_identity,total_identity
4eup,11.1111111111,100.0,84.4036697248,92.7927927928,66.56978079
3o4l,33.3333333333,100.0,39.8148148148,28.0701754386,55.7586094867
3gsn,22.2222222222,100.0,38.8888888889,49.5575221239,55.4818092429
5men,22.2222222222,100.0,35.4545454545,51.7857142857,55.2807840308
