pdb_id,pep_identity,mhc_identity,tcrA_identity,tcrB_identity,total_identity
3ffc,22.2222222222,81.0055865922,52.1739130435,87.1794871795,57.6348363086
3o4l,33.3333333333,100.0,28.6956521739,33.6206896552,54.830501416
5d2n,22.2222222222,99.4413407821,28.6956521739,53.9130434783,54.3226369435
5men,22.2222222222,100.0,32.4561403509,31.5789473684,51.4132553606
3qdj,11.1111111111,100.0,31.3043478261,32.4561403509,47.6637850665
