pdb_id,pep_identity,mhc_identity,tcrA_identity,tcrB_identity,total_identity
4eup,11.1111111111,100.0,87.1559633028,57.6576576577,61.1726405304
3o4l,33.3333333333,100.0,39.0909090909,32.7433628319,56.4168230982
4mnq,22.2222222222,100.0,30.6306306306,51.8181818182,54.4822094822
2bnr,11.1111111111,100.0,40.7079646018,51.3513513514,52.3802563626
5d2n,22.2222222222,99.4413407821,20.0,34.7826086957,49.6849557841
2e7l,33.3333333333,68.7150837989,37.5,52.2935779817,48.9817353743
