pdb_id,pep_identity,mhc_identity,tcrA_identity,tcrB_identity,total_identity
5d2n,22.2222222222,99.4413407821,90.5660377358,41.7391304348,62.6053823632
3o4l,33.3333333333,100.0,20.3703703704,27.1929824561,52.3716699155
4mnq,22.2222222222,100.0,21.6216216216,35.7142857143,50.2967252967
