pdb_id,pep_identity,mhc_identity,tcrA_identity,tcrB_identity,total_identity
5men,22.2222222222,100.0,30.3571428571,59.2920353982,55.68227045
2e7l,33.3333333333,68.7150837989,62.1621621622,61.0619469027,54.5534905549
3o4l,33.3333333333,100.0,29.7297297297,28.4482758621,54.1407787097
3qeq,11.1111111111,100.0,28.8288288288,69.0265486726,53.3462666206
5d2n,22.2222222222,99.4413407821,26.7857142857,34.7826086957,50.815908165
