pdb_id,pep_identity,mhc_identity,tcrA_identity,tcrB_identity,total_identity
3o4l,33.3333333333,100.0,31.8181818182,25.2173913043,53.9503732982
4mnq,22.2222222222,100.0,27.4336283186,30.9734513274,50.4752540151
2e7l,33.3333333333,68.7150837989,56.7567567568,29.4642857143,48.3863127892
5eu6,11.1111111111,100.0,31.5789473684,34.2105263158,48.0019493177
4qrp,11.1111111111,81.0055865922,50.4504504505,38.0530973451,45.4561572004
