pdb_id,pep_identity,mhc_identity,tcrA_identity,tcrB_identity,total_identity
3o4l,33.3333333333,100.0,31.8181818182,26.9565217391,54.2402283707
4mnq,22.2222222222,100.0,42.2018348624,33.6283185841,53.3790996485
5eu6,11.1111111111,100.0,39.8230088496,45.6140350877,51.2765443599
3ffc,22.2222222222,81.0055865922,37.5,42.735042735,47.7817767273
2e7l,33.3333333333,68.7150837989,28.5714285714,32.1428571429,44.1351866631
