pdb_id,pep_identity,mhc_identity,tcrA_identity,tcrB_identity,total_identity
3o4l,33.3333333333,100.0,32.7272727273,27.1929824561,54.4311536417
3qdj,11.1111111111,100.0,63.3027522936,36.036036036,53.5935017586
5men,22.2222222222,100.0,30.0,31.5315315315,50.995995996
5bs0,11.1111111111,86.5921787709,38.0530973451,70.9090909091,50.7281280031
3ffc,22.2222222222,81.0055865922,32.1428571429,42.735042735,46.8889195845
2e7l,33.3333333333,68.7150837989,33.9285714286,28.8288288288,44.4757057536
