pdb_id,pep_identity,mhc_identity,tcrA_identity,tcrB_identity,total_identity
3gsn,22.2222222222,100.0,36.9369369369,76.1061946903,59.5812626786
3o4l,33.3333333333,100.0,31.5315315315,29.5652173913,54.6272359316
2e7l,33.3333333333,68.7150837989,33.6283185841,56.25,48.9958588081
