pdb_id,pep_identity,mhc_identity,tcrA_identity,tcrB_identity,total_identity
3o4l,33.3333333333,100.0,26.7857142857,28.9473684211,53.7332915622
5bs0,11.1111111111,86.5921787709,37.1681415929,66.6666666667,49.8735646706
3qdj,11.1111111111,100.0,33.0357142857,40.5405405405,49.2997461747
3ffc,22.2222222222,81.0055865922,24.5614035088,41.0256410256,45.3404436939
2e7l,33.3333333333,68.7150837989,25.6637168142,29.7297297297,43.2483801347
