pdb_id,pep_identity,mhc_identity,tcrA_identity,tcrB_identity,total_identity
3o4l,33.3333333333,100.0,33.3333333333,27.1929824561,54.5321637427
5men,22.2222222222,100.0,34.2342342342,32.1428571429,51.8035893036
3qeq,11.1111111111,100.0,53.2710280374,29.4642857143,50.8262559956
3ffc,22.2222222222,81.0055865922,30.9090909091,30.7692307692,44.6889898845
5bs0,11.1111111111,86.5921787709,37.1681415929,33.9285714286,44.4172154643
2e7l,33.3333333333,68.7150837989,28.5714285714,31.5315315315,44.0332990612
