pdb_id,pep_identity,mhc_identity,tcrA_identity,tcrB_identity,total_identity
5d2n,22.2222222222,99.4413407821,50.9433962264,34.4827586207,54.792213476
5men,22.2222222222,100.0,22.0183486239,39.8230088496,51.047633653
3qeq,11.1111111111,100.0,28.7037037037,34.5132743363,47.5732000437
2e7l,33.3333333333,68.7150837989,27.6785714286,33.3333333333,44.1847898377
