pdb_id,pep_identity,mhc_identity,tcrA_identity,tcrB_identity,total_identity
3qdj,11.1111111111,100.0,91.6666666667,35.9649122807,58.3089668616
3o4l,33.3333333333,100.0,41.6666666667,21.9298245614,55.0438596491
5men,22.2222222222,100.0,34.2342342342,35.0877192982,52.2943996628
5d2n,22.2222222222,99.4413407821,23.1481481481,32.7586206897,49.8723158077
