pdb_id,pep_identity,mhc_identity,tcrA_identity,tcrB_identity,total_identity
3o4l,33.3333333333,100.0,57.5471698113,27.8260869565,58.6733205724
5d2n,22.2222222222,99.4413407821,21.6216216216,74.7826086957,56.621892721
4mnq,22.2222222222,100.0,29.4642857143,32.7433628319,51.1086821651
4eup,11.1111111111,100.0,44.1441441441,34.5132743363,50.1466067838
3ffc,22.2222222222,81.0055865922,33.0357142857,59.8290598291,49.8867319573
