pdb_id,pep_identity,mhc_identity,tcrA_identity,tcrB_identity,total_identity
2bnq,11.1111111111,100.0,88.4955752212,56.6371681416,61.2258275975
4mnq,22.2222222222,100.0,38.9380530973,57.0175438596,56.7333402336
3o4l,33.3333333333,100.0,40.5405405405,25.8620689655,55.5115460288
3qdj,11.1111111111,100.0,44.1441441441,51.7543859649,53.0201253885
5bs0,11.1111111111,86.5921787709,83.185840708,35.0877192982,52.2800232951
5d2n,22.2222222222,99.4413407821,25.8928571429,29.5652173913,49.7975334238
2e7l,33.3333333333,68.7150837989,37.5,53.0973451327,49.1156965662
