pdb_id,pep_identity,mhc_identity,tcrA_identity,tcrB_identity,total_identity
3qdj,11.1111111111,100.0,91.8918918919,48.6486486486,60.4604604605
3o4l,33.3333333333,100.0,40.1785714286,29.203539823,56.008129653
4mnq,22.2222222222,100.0,33.3333333333,48.6486486486,54.4044044044
5d2n,22.2222222222,99.4413407821,21.4285714286,40.0,50.7926162395
