pdb_id,pep_identity,mhc_identity,tcrA_identity,tcrB_identity,total_identity
4eup,11.1111111111,100.0,86.2385321101,54.0540540541,60.4191347311
3o4l,33.3333333333,100.0,39.4495412844,30.0884955752,56.0341172544
4mnq,22.2222222222,100.0,33.3333333333,49.5495495495,54.5545545546
5d2n,22.2222222222,99.4413407821,21.1009174312,33.9130434783,49.7235144864
