pdb_id,pep_identity,mhc_identity,tcrA_identity,tcrB_identity,total_identity
3o4l,33.3333333333,100.0,34.8214285714,28.4482758621,54.9893951834
5men,22.2222222222,100.0,46.3636363636,30.9734513274,53.6302553559
5eu6,11.1111111111,100.0,48.6725663717,47.3684210526,53.0438682744
3ffc,22.2222222222,81.0055865922,31.5789473684,46.1538461538,47.3647351918
