pdb_id,pep_identity,mhc_identity,tcrA_identity,tcrB_identity,total_identity
3o4l,33.3333333333,100.0,32.1428571429,26.5486725664,54.2263660626
4qrp,11.1111111111,81.0055865922,88.3928571429,40.7079646018,52.2223695252
5men,22.2222222222,100.0,30.0884955752,34.5454545455,51.5130657609
5eu6,11.1111111111,100.0,33.6283185841,46.017699115,50.3113733202
2e7l,33.3333333333,68.7150837989,49.5575221239,33.9449541284,47.9332184195
