pdb_id,pep_identity,mhc_identity,tcrA_identity,tcrB_identity,total_identity
3o4l,33.3333333333,100.0,35.0877192982,27.4336283186,54.8646690472
4mnq,22.2222222222,100.0,35.3982300885,31.8181818182,51.9434760585
5eu6,11.1111111111,100.0,49.1228070175,37.1681415929,51.4188618054
3ffc,22.2222222222,81.0055865922,30.1724137931,34.188034188,45.136010935
