pdb_id,pep_identity,mhc_identity,tcrA_identity,tcrB_identity,total_identity
3gsn,22.2222222222,100.0,23.2142857143,59.2920353982,54.4917942595
2e7l,33.3333333333,68.7150837989,26.9565217391,54.4642857143,47.5862736196
