pdb_id,pep_identity,mhc_identity,tcrA_identity,tcrB_identity,total_identity
3o4l,33.3333333333,100.0,40.1785714286,23.6842105263,55.0882414369
3qdj,11.1111111111,100.0,69.3693693694,35.9649122807,54.5927506454
5men,22.2222222222,100.0,35.1351351351,35.0877192982,52.444549813
2e7l,33.3333333333,68.7150837989,39.4736842105,34.8214285714,46.3986578411
5bs0,11.1111111111,86.5921787709,46.9026548673,31.5789473684,45.6480303333
3ffc,22.2222222222,81.0055865922,34.2105263158,31.3559322034,45.3370126913
