pdb_id,pep_identity,mhc_identity,tcrA_identity,tcrB_identity,total_identity
4eup,11.1111111111,100.0,91.7431192661,34.2342342342,58.0332626204
3o4l,33.3333333333,100.0,39.0909090909,23.6842105263,54.9069643806
4mnq,22.2222222222,100.0,32.4324324324,31.25,51.3544794795
5d2n,22.2222222222,99.4413407821,20.0,33.9130434783,49.5400282478
