pdb_id,pep_identity,mhc_identity,tcrA_identity,tcrB_identity,total_identity
3gsn,22.2222222222,100.0,30.6306306306,58.407079646,55.5803591202
3ffc,22.2222222222,81.0055865922,84.9557522124,25.641025641,52.8420659137
2e7l,33.3333333333,68.7150837989,30.0884955752,53.1531531532,47.8897471655
