pdb_id,pep_identity,mhc_identity,tcrA_identity,tcrB_identity,total_identity
5d2n,22.2222222222,99.4413407821,91.4285714286,31.3043478261,61.0100075439
5men,22.2222222222,100.0,23.4234234234,93.75,60.2696446446
3qeq,11.1111111111,100.0,32.7102803738,62.5,52.9054170993
3o4l,33.3333333333,100.0,20.5607476636,29.5652173913,52.7987719536
