pdb_id,pep_identity,mhc_identity,tcrA_identity,tcrB_identity,total_identity
3o4l,33.3333333333,100.0,32.4324324324,29.0598290598,54.6931546932
4qrp,11.1111111111,81.0055865922,88.2882882883,49.5652173913,53.681150181
5men,22.2222222222,100.0,30.0884955752,33.9130434783,51.4076639163
5eu6,11.1111111111,100.0,30.9734513274,54.7826086957,51.3297137076
2e7l,33.3333333333,68.7150837989,50.0,35.652173913,48.2915013629
