pdb_id,pep_identity,mhc_identity,tcrA_identity,tcrB_identity,total_identity
4mnq,22.2222222222,100.0,28.0701754386,61.6071428571,55.6869604567
3o4l,33.3333333333,100.0,31.25,27.1929824561,54.1849415205
2e7l,33.3333333333,68.7150837989,61.6071428571,53.1531531532,53.1428550458
3qdj,11.1111111111,100.0,35.7142857143,57.1428571429,52.5132275132
5d2n,22.2222222222,99.4413407821,26.5486725664,30.4347826087,50.0517635306
