pdb_id,pep_identity,mhc_identity,tcrA_identity,tcrB_identity,total_identity
3o4l,33.3333333333,100.0,31.25,25.641025641,53.9262820513
4mnq,22.2222222222,100.0,40.3669724771,30.4347826087,52.541033255
5eu6,11.1111111111,100.0,42.4778761062,43.9655172414,51.4442692616
3ffc,22.2222222222,81.0055865922,27.1929824561,45.2991452991,46.4912908973
2e7l,33.3333333333,68.7150837989,28.9473684211,30.701754386,43.9576595119
