pdb_id,pep_identity,mhc_identity,tcrA_identity,tcrB_identity,total_identity
3o4l,33.3333333333,100.0,84.7619047619,28.9473684211,63.3959899749
5men,22.2222222222,100.0,35.7142857143,36.9369369369,52.8492778493
3gsn,22.2222222222,100.0,34.2342342342,30.9734513274,51.6086883344
3qdj,11.1111111111,100.0,42.3423423423,40.5405405405,50.8508508509
