pdb_id,pep_identity,mhc_identity,tcrA_identity,tcrB_identity,total_identity
4eup,11.1111111111,100.0,46.4285714286,85.9649122807,59.1026176552
3o4l,33.3333333333,100.0,46.4285714286,25.641025641,56.456043956
4mnq,22.2222222222,100.0,31.8584070796,49.5652173913,54.3113448192
5d2n,22.2222222222,99.4413407821,25.6637168142,31.0344827586,50.0042209302
2e7l,33.3333333333,68.7150837989,36.2831858407,56.1403508772,49.4200618304
