pdb_id,pep_identity,mhc_identity,tcrA_identity,tcrB_identity,total_identity
4eup,11.1111111111,100.0,30.9734513274,89.1891891892,57.0641437898
3o4l,33.3333333333,100.0,36.036036036,31.8584070796,55.7601849637
5men,22.2222222222,100.0,31.3043478261,52.2522522523,54.6668407538
5d2n,22.2222222222,99.4413407821,30.6306306306,30.4347826087,50.7320898747
2e7l,33.3333333333,68.7150837989,33.6283185841,58.1818181818,49.3178285051
3ffc,22.2222222222,81.0055865922,60.1769911504,28.2051282051,49.1396228307
