pdb_id,pep_identity,mhc_identity,tcrA_identity,tcrB_identity,total_identity
3qeq,11.1111111111,100.0,82.1428571429,53.5714285714,59.6560846561
3o4l,33.3333333333,100.0,31.8584070796,30.0884955752,54.7689282203
4mnq,22.2222222222,100.0,33.9285714286,49.5495495495,54.6537609038
5d2n,22.2222222222,99.4413407821,28.9473684211,33.9130434783,51.031256318
