pdb_id,pep_identity,mhc_identity,tcrA_identity,tcrB_identity,total_identity
3o4l,33.3333333333,100.0,52.6785714286,31.5789473684,58.4873642439
5bs0,11.1111111111,86.5921787709,39.8230088496,90.990990991,54.3700966008
3gsn,22.2222222222,100.0,41.0714285714,34.5132743363,53.3381912254
