pdb_id,pep_identity,mhc_identity,tcrA_identity,tcrB_identity,total_identity
3qdj,11.1111111111,100.0,69.3693693694,50.0,56.9319319319
3o4l,33.3333333333,100.0,33.0357142857,29.3103448276,54.8354542967
5men,22.2222222222,100.0,31.8181818182,50.0,54.3771043771
5d2n,22.2222222222,99.4413407821,22.5225225225,35.652173913,50.2503037407
2e7l,33.3333333333,68.7150837989,33.3333333333,48.6725663717,47.6837889949
