pdb_id,pep_identity,mhc_identity,tcrA_identity,tcrB_identity,total_identity
3qdj,11.1111111111,100.0,91.8918918919,34.2342342342,58.0580580581
3o4l,33.3333333333,100.0,40.1785714286,26.5486725664,55.5656517769
4mnq,22.2222222222,100.0,33.3333333333,33.3333333333,51.8518518519
5d2n,22.2222222222,99.4413407821,21.4285714286,34.7826086957,49.9230510222
