pdb_id,pep_identity,mhc_identity,tcrA_identity,tcrB_identity,total_identity
3ffc,22.2222222222,81.0055865922,31.3043478261,90.5982905983,54.7263760089
5d2n,22.2222222222,99.4413407821,25.6637168142,53.8461538462,53.8061661115
5men,22.2222222222,100.0,44.5454545455,30.7692307692,53.2931882932
3qeq,11.1111111111,100.0,43.75,34.188034188,50.0267094017
5bs0,11.1111111111,86.5921787709,32.4561403509,42.2413793103,45.0173499042
