pdb_id,pep_identity,mhc_identity,tcrA_identity,tcrB_identity,total_identity
3o4l,33.3333333333,100.0,32.1428571429,30.0884955752,54.8163365641
4mnq,22.2222222222,100.0,28.3185840708,50.4504504505,53.8689131609
4eup,11.1111111111,100.0,32.1428571429,58.5585585586,52.1539396539
2e7l,33.3333333333,68.7150837989,50.4424778761,50.0,50.7565520234
4qrp,11.1111111111,81.0055865922,85.7142857143,33.6283185841,50.5959999508
5bs0,11.1111111111,86.5921787709,29.203539823,40.0,44.1016865979
