pdb_id,pep_identity,mhc_identity,tcrA_identity,tcrB_identity,total_identity
3o4l,33.3333333333,100.0,53.2110091743,26.9565217391,57.8056995967
5eu6,11.1111111111,100.0,45.1327433628,49.5575221239,52.8187479515
5men,22.2222222222,100.0,34.8214285714,34.5132743363,52.2965245587
3ffc,22.2222222222,81.0055865922,33.0357142857,42.735042735,47.0377291083
