pdb_id,pep_identity,mhc_identity,tcrA_identity,tcrB_identity,total_identity
3o4l,33.3333333333,100.0,29.3577981651,23.9316239316,53.3260147939
5eu6,11.1111111111,100.0,33.6283185841,39.6551724138,49.2509522033
3ffc,22.2222222222,81.0055865922,30.3571428571,37.6068376068,45.7365996821
2e7l,33.3333333333,68.7150837989,30.6306306306,34.2105263158,44.8229985351
