pdb_id,pep_identity,mhc_identity,tcrA_identity,tcrB_identity,total_identity
3o4l,33.3333333333,100.0,32.1428571429,30.0884955752,54.8163365641
4mnq,22.2222222222,100.0,29.5652173913,50.4504504505,54.076685381
4eup,11.1111111111,100.0,29.203539823,58.5585585586,51.664053434
3ffc,22.2222222222,81.0055865922,53.982300885,35.0427350427,49.2467755927
2e7l,33.3333333333,68.7150837989,37.1681415929,50.0,48.5441626429
5bs0,11.1111111111,86.5921787709,33.9130434783,40.0,44.8866038737
