pdb_id,pep_identity,mhc_identity,tcrA_identity,tcrB_identity,total_identity
3o4l,33.3333333333,100.0,36.3636363636,29.8245614035,55.475810739
5eu6,11.1111111111,100.0,41.592920354,58.407079646,53.7037037037
5men,22.2222222222,100.0,39.8230088496,36.6071428571,53.4790993585
3ffc,22.2222222222,81.0055865922,31.8584070796,52.1367521368,48.4084628075
2e7l,33.3333333333,68.7150837989,27.027027027,35.7142857143,44.473024501
