pdb_id,pep_identity,mhc_identity,tcrA_identity,tcrB_identity,total_identity
4eup,11.1111111111,100.0,85.3211009174,55.3571428571,60.4834109995
4mnq,22.2222222222,100.0,32.4324324324,55.7522123894,55.4381815444
3o4l,33.3333333333,100.0,39.8148148148,25.2173913043,55.2831454643
5d2n,22.2222222222,99.4413407821,21.2962962963,35.652173913,50.045932703
2e7l,33.3333333333,68.7150837989,34.2342342342,55.3571428571,48.948035226
