pdb_id,pep_identity,mhc_identity,tcrA_identity,tcrB_identity,total_identity
3o4l,33.3333333333,100.0,28.8288288288,38.5964912281,55.6819977873
5d2n,22.2222222222,99.4413407821,24.3243243243,51.3043478261,53.1592996932
4mnq,22.2222222222,100.0,29.7297297297,34.5132743363,51.4479080851
3qdj,11.1111111111,100.0,37.2727272727,34.5132743363,49.0013706385
3ffc,22.2222222222,81.0055865922,30.9734513274,47.8632478632,47.5487194699
2e7l,33.3333333333,68.7150837989,30.0884955752,35.7142857143,44.983269259
