pdb_id,pep_identity,mhc_identity,tcrA_identity,tcrB_identity,total_identity
5d2n,22.2222222222,99.4413407821,25.0,67.8260869565,56.0255354942
3o4l,33.3333333333,100.0,29.5652173913,27.8260869565,54.0096618357
5men,22.2222222222,100.0,28.6956521739,28.9473684211,50.3479108399
2e7l,33.3333333333,68.7150837989,58.2608695652,31.8584070796,49.0360184849
3ffc,22.2222222222,81.0055865922,29.0598290598,55.5555555556,48.5118337074
4eup,11.1111111111,100.0,34.7826086957,32.7433628319,48.291365625
5bs0,11.1111111111,86.5921787709,32.1739130435,47.7876106195,45.8946839045
