pdb_id,pep_identity,mhc_identity,tcrA_identity,tcrB_identity,total_identity
3o4l,33.3333333333,100.0,51.8181818182,27.9661016949,57.74182503
3ffc,22.2222222222,81.0055865922,34.8214285714,94.0170940171,55.8823567029
5eu6,11.1111111111,100.0,37.1681415929,62.9310344828,53.7202330497
5men,22.2222222222,100.0,34.8214285714,30.1724137931,51.5730478015
