pdb_id,pep_identity,mhc_identity,tcrA_identity,tcrB_identity,total_identity
3o4l,33.3333333333,100.0,52.2522522523,27.9661016949,57.8141701023
5d2n,22.2222222222,99.4413407821,23.2142857143,75.8620689655,57.0672467814
5men,22.2222222222,100.0,35.7142857143,32.7586206897,52.1528918081
4eup,11.1111111111,100.0,49.5495495495,31.8965517241,50.6113872493
3ffc,22.2222222222,81.0055865922,33.6283185841,60.6837606838,50.1279494828
