pdb_id,pep_identity,mhc_identity,tcrA_identity,tcrB_identity,total_identity
3qdj,11.1111111111,100.0,87.1559633028,36.9369369369,57.719187077
3o4l,33.3333333333,100.0,40.0,30.9734513274,56.273352999
4mnq,22.2222222222,100.0,32.4324324324,35.1351351351,52.002002002
5d2n,22.2222222222,99.4413407821,21.8181818182,33.9130434783,49.8430585509
