pdb_id,pep_identity,mhc_identity,tcrA_identity,tcrB_identity,total_identity
5eu6,11.1111111111,100.0,87.610619469,61.0619469027,61.815798099
2bnr,11.1111111111,100.0,85.8407079646,28.5714285714,56.1057264597
3o4l,33.3333333333,100.0,36.9369369369,29.8245614035,55.5713608345
5bs0,11.1111111111,86.5921787709,80.5309734513,44.6428571429,53.4300683931
4mnq,22.2222222222,100.0,38.7387387387,27.4336283186,51.7694685836
