pdb_id,pep_identity,mhc_identity,tcrA_identity,tcrB_identity,total_identity
3o4l,33.3333333333,100.0,84.7619047619,25.641025641,62.8449328449
5eu6,11.1111111111,100.0,42.4778761062,48.6956521739,52.2326250837
5men,22.2222222222,100.0,34.8214285714,33.9130434783,52.1964860824
