pdb_id,pep_identity,mhc_identity,tcrA_identity,tcrB_identity,total_identity
3o4l,33.3333333333,100.0,90.099009901,33.0434782609,64.9681924714
3ffc,22.2222222222,81.0055865922,31.8181818182,87.1794871795,54.2422144377
5eu6,11.1111111111,100.0,40.7079646018,59.2920353982,53.7037037037
3gsn,22.2222222222,100.0,33.6448598131,35.0877192982,52.1961705926
