pdb_id,pep_identity,mhc_identity,tcrA_identity,tcrB_identity,total_identity
4eup,11.1111111111,100.0,32.7433628319,88.3928571429,57.2264070328
4mnq,22.2222222222,100.0,28.9473684211,54.8672566372,54.7098449171
3o4l,33.3333333333,100.0,30.9734513274,27.8260869565,54.2443674918
2e7l,33.3333333333,68.7150837989,62.8318584071,55.3571428571,53.7143059214
5d2n,22.2222222222,99.4413407821,28.9473684211,30.4347826087,50.4515461731
