pdb_id,pep_identity,mhc_identity,tcrA_identity,tcrB_identity,total_identity
5eu6,11.1111111111,100.0,91.1504424779,63.7168141593,62.8482464766
2bnr,11.1111111111,100.0,87.610619469,28.5714285714,56.4007117104
3o4l,33.3333333333,100.0,39.2857142857,27.1929824561,55.5242272348
5bs0,11.1111111111,86.5921787709,86.7256637168,48.2142857143,55.0577548659
5men,22.2222222222,100.0,39.8230088496,29.203539823,52.2451655195
