pdb_id,pep_identity,mhc_identity,tcrA_identity,tcrB_identity,total_identity
3o4l,33.3333333333,100.0,59.4339622642,27.9661016949,59.011121771
3ffc,22.2222222222,81.0055865922,33.9285714286,88.0341880342,54.7363961819
5d2n,22.2222222222,99.4413407821,23.4234234234,56.0344827586,53.7975053651
5men,22.2222222222,100.0,29.4642857143,31.0344827586,50.8238688196
3qdj,11.1111111111,100.0,45.9459459459,32.7586206897,50.1544648096
