pdb_id,pep_identity,mhc_identity,tcrA_identity,tcrB_identity,total_identity
3o4l,33.3333333333,100.0,33.3333333333,29.8245614035,54.9707602339
5eu6,11.1111111111,100.0,34.2105263158,58.407079646,52.4733046973
2e7l,33.3333333333,68.7150837989,72.0720720721,35.7142857143,51.9805320085
5men,22.2222222222,100.0,29.8245614035,36.6071428571,51.8126914508
3ffc,22.2222222222,81.0055865922,27.1929824561,52.1367521368,47.6308920369
