pdb_id,pep_identity,mhc_identity,tcrA_identity,tcrB_identity,total_identity
3qdj,11.1111111111,100.0,84.8214285714,61.9469026549,61.4984255748
3gsn,22.2222222222,100.0,36.2831858407,75.2212389381,59.3248115372
5men,22.2222222222,100.0,32.1428571429,75.2212389381,58.6347567542
2p5e,11.1111111111,100.0,42.9824561404,75.2212389381,56.7376528834
3o4l,33.3333333333,100.0,38.0530973451,28.4482758621,55.5280066456
2e7l,33.3333333333,68.7150837989,34.7826086957,58.407079646,49.5477537677
