pdb_id,pep_identity,mhc_identity,tcrA_identity,tcrB_identity,total_identity
5eu6,11.1111111111,100.0,90.2654867257,46.017699115,59.7509013438
2p5e,11.1111111111,100.0,84.0707964602,30.9734513274,56.211078335
3o4l,33.3333333333,100.0,38.3928571429,31.5789473684,56.106411863
5bs0,11.1111111111,86.5921787709,82.3008849558,42.8571428571,53.4274345962
