pdb_id,pep_identity,mhc_identity,tcrA_identity,tcrB_identity,total_identity
3qdj,11.1111111111,100.0,90.9090909091,32.4561403509,57.5979089137
5d2n,22.2222222222,99.4413407821,21.6216216216,68.6956521739,55.6073999674
3o4l,33.3333333333,100.0,40.5405405405,26.0869565217,55.5490272882
4mnq,22.2222222222,100.0,33.3333333333,28.9473684211,51.1208576998
3ffc,22.2222222222,81.0055865922,31.8584070796,54.7008547009,48.8358132349
5bs0,11.1111111111,86.5921787709,43.3628318584,43.8596491228,47.1048434576
