pdb_id,pep_identity,mhc_identity,tcrA_identity,tcrB_identity,total_identity
5d2n,22.2222222222,99.4413407821,25.6637168142,77.3913043478,57.7303578618
3o4l,33.3333333333,100.0,31.25,26.4957264957,54.0687321937
5men,22.2222222222,100.0,35.7142857143,29.5652173913,51.620657925
2e7l,33.3333333333,68.7150837989,66.9642857143,32.1739130435,50.5391721704
4qrp,11.1111111111,81.0055865922,47.3214285714,64.347826087,49.3171083442
3qeq,11.1111111111,100.0,27.6785714286,39.1304347826,48.1718714056
