pdb_id,pep_identity,mhc_identity,tcrA_identity,tcrB_identity,total_identity
3ffc,22.2222222222,81.0055865922,81.4159292035,41.0256410256,54.8161979763
3o4l,33.3333333333,100.0,31.25,25.2173913043,53.8556763285
4mnq,22.2222222222,100.0,31.3043478261,34.5132743363,51.7103444345
5eu6,11.1111111111,100.0,33.9130434783,45.6140350877,50.2915501314
2e7l,33.3333333333,68.7150837989,30.0884955752,33.0357142857,44.5368406876
