pdb_id,pep_identity,mhc_identity,tcrA_identity,tcrB_identity,total_identity
5men,22.2222222222,100.0,29.8245614035,74.3362831858,58.1008815056
3o4l,33.3333333333,100.0,32.1428571429,27.5862068966,54.399288451
2e7l,33.3333333333,68.7150837989,60.7142857143,57.5221238938,53.7222073121
5d2n,22.2222222222,99.4413407821,34.5132743363,40.0,52.9734000575
3qdj,11.1111111111,100.0,33.0357142857,61.9469026549,52.8674731938
