pdb_id,pep_identity,mhc_identity,tcrA_identity,tcrB_identity,total_identity
3qdj,11.1111111111,100.0,89.8148148148,57.1428571429,61.5299823633
3gsn,22.2222222222,100.0,41.6666666667,55.7522123894,56.9772205834
4mnq,22.2222222222,100.0,33.3333333333,63.3928571429,56.8617724868
3o4l,33.3333333333,100.0,42.5925925926,27.1929824561,56.0753736192
2f53,11.1111111111,100.0,40.7079646018,58.0357142857,53.4943168516
