pdb_id,pep_identity,mhc_identity,tcrA_identity,tcrB_identity,total_identity
5men,22.2222222222,100.0,36.6071428571,56.1403508772,56.1986563631
3o4l,33.3333333333,100.0,28.3185840708,25.0,53.3308751229
3qeq,11.1111111111,100.0,43.75,51.7543859649,52.9544346979
5d2n,22.2222222222,99.4413407821,26.5486725664,30.4347826087,50.0517635306
2e7l,33.3333333333,68.7150837989,25.6637168142,53.0973451327,47.1429827019
