pdb_id,pep_identity,mhc_identity,tcrA_identity,tcrB_identity,total_identity
3o4l,33.3333333333,100.0,36.9369369369,27.4336283186,55.172871987
5eu6,11.1111111111,100.0,51.3274336283,43.3628318584,52.8187479515
5men,22.2222222222,100.0,38.3928571429,33.6363636364,52.7456108706
3ffc,22.2222222222,81.0055865922,33.6283185841,39.3162393162,46.5666959215
