pdb_id,pep_identity,mhc_identity,tcrA_identity,tcrB_identity,total_identity
5d2n,22.2222222222,99.4413407821,33.6363636364,70.4347826087,57.8997120423
3o4l,33.3333333333,100.0,37.6146788991,26.724137931,55.1675805828
4mnq,22.2222222222,100.0,37.8378378378,27.8260869565,51.6847282065
3qdj,11.1111111111,100.0,38.5321100917,32.1739130435,48.8213742262
3ffc,22.2222222222,81.0055865922,30.3571428571,53.8461538462,48.4431523887
5bs0,11.1111111111,86.5921787709,39.8230088496,44.7368421053,46.6610717865
