pdb_id,pep_identity,mhc_identity,tcrA_identity,tcrB_identity,total_identity
5eu6,11.1111111111,100.0,86.7256637168,41.592920354,58.4234677155
5bs0,11.1111111111,86.5921787709,83.185840708,67.5675675676,57.6933313399
3o4l,33.3333333333,100.0,45.871559633,32.4561403509,57.4990611084
4mnq,22.2222222222,100.0,37.1681415929,34.5454545455,52.6930067638
3ffc,22.2222222222,81.0055865922,33.6283185841,41.8803418803,46.9940463489
