pdb_id,pep_identity,mhc_identity,tcrA_identity,tcrB_identity,total_identity
5d2n,22.2222222222,99.4413407821,27.2727272727,57.3913043478,54.6651929382
5men,22.2222222222,100.0,37.5,35.3982300885,52.8904457555
3qeq,11.1111111111,100.0,45.871559633,38.0530973451,51.0244798667
3ffc,22.2222222222,81.0055865922,31.5789473684,52.1367521368,48.361886189
5bs0,11.1111111111,86.5921787709,34.2105263158,42.4778761062,45.3491636977
2e7l,33.3333333333,68.7150837989,26.1261261261,36.2831858407,44.4176910385
