pdb_id,pep_identity,mhc_identity,tcrA_identity,tcrB_identity,total_identity
3o4l,33.3333333333,100.0,28.6956521739,27.3504273504,53.7854576985
5men,22.2222222222,100.0,37.1681415929,31.3043478261,52.1528223106
5eu6,11.1111111111,100.0,42.6086956522,33.6206896552,49.7419345883
3ffc,22.2222222222,81.0055865922,32.4786324786,32.4786324786,45.235480431
2e7l,33.3333333333,68.7150837989,26.0869565217,33.3333333333,43.9195206866
