pdb_id,pep_identity,mhc_identity,tcrA_identity,tcrB_identity,total_identity
3o4l,33.3333333333,100.0,30.4347826087,27.1186440678,54.0366822239
5men,22.2222222222,100.0,36.2831858407,29.5652173913,51.7154746127
2e7l,33.3333333333,68.7150837989,65.2173913043,33.0434782609,50.3929506383
5eu6,11.1111111111,100.0,33.0434782609,45.6896551724,50.1592259426
3ffc,22.2222222222,81.0055865922,25.641025641,47.8632478632,46.6599818555
