pdb_id,pep_identity,mhc_identity,tcrA_identity,tcrB_identity,total_identity
3qdj,11.1111111111,100.0,88.1818181818,62.8318584071,62.2059831352
3gsn,22.2222222222,100.0,38.7387387387,75.2212389381,59.7340703535
5men,22.2222222222,100.0,36.6972477064,76.1061946903,59.5413144735
2pye,11.1111111111,100.0,42.4778761062,76.9911504425,56.9485414618
3o4l,33.3333333333,100.0,39.6396396396,28.4482758621,55.7924303614
