pdb_id,pep_identity,mhc_identity,tcrA_identity,tcrB_identity,total_identity
5d2n,22.2222222222,99.4413407821,64.4859813084,53.9130434783,60.2876917992
3ffc,22.2222222222,81.0055865922,30.9090909091,87.1794871795,54.0906992862
3o4l,33.3333333333,100.0,22.0183486239,33.6206896552,53.7176174909
5men,22.2222222222,100.0,23.4234234234,31.5789473684,49.9078025394
4qrp,11.1111111111,81.0055865922,24.1071428571,87.7192982456,49.3433060849
