pdb_id,pep_identity,mhc_identity,tcrA_identity,tcrB_identity,total_identity
3o4l,33.3333333333,100.0,30.4347826087,28.6956521739,54.2995169082
5eu6,11.1111111111,100.0,33.0434782609,56.6371681416,51.9838114374
5men,22.2222222222,100.0,30.4347826087,34.5132743363,51.5654168982
2e7l,33.3333333333,68.7150837989,55.652173913,35.3982300885,49.1912063777
4qrp,11.1111111111,81.0055865922,50.4347826087,56.1403508772,48.4680881487
