pdb_id,pep_identity,mhc_identity,tcrA_identity,tcrB_identity,total_identity
3qdj,11.1111111111,100.0,33.9285714286,89.2857142857,57.5727513228
5men,22.2222222222,100.0,31.25,62.5,56.3657407407
3o4l,33.3333333333,100.0,30.3571428571,28.6956521739,54.2865769496
2e7l,33.3333333333,68.7150837989,59.8214285714,53.5714285714,52.9149485679
5d2n,22.2222222222,99.4413407821,23.0088495575,31.3043478261,49.6067205654
