pdb_id,pep_identity,mhc_identity,tcrA_identity,tcrB_identity,total_identity
5d2n,22.2222222222,99.4413407821,60.5504587156,55.652173913,59.9216264396
3o4l,33.3333333333,100.0,20.7207207207,29.0598290598,52.7412027412
5men,22.2222222222,100.0,25.4545454545,33.0434782609,50.49041136
3ffc,22.2222222222,81.0055865922,30.3571428571,57.264957265,49.0129529585
