pdb_id,pep_identity,mhc_identity,tcrA_identity,tcrB_identity,total_identity
5eu6,11.1111111111,100.0,89.3805309735,43.3628318584,59.1609308423
5bs0,11.1111111111,86.5921787709,84.0707964602,59.4594594595,56.489472614
3o4l,33.3333333333,100.0,37.1681415929,28.3185840708,55.3588987217
5men,22.2222222222,100.0,41.592920354,38.1818181818,54.0365304967
3qeq,11.1111111111,100.0,32.7433628319,33.0357142857,48.0002165566
