pdb_id,pep_identity,mhc_identity,tcrA_identity,tcrB_identity,total_identity
4eup,11.1111111111,100.0,29.4642857143,87.3873873874,56.5123158873
2e7l,33.3333333333,68.7150837989,70.2702702703,57.6576576577,55.3374603654
3o4l,33.3333333333,100.0,34.2342342342,26.3157894737,54.5361150624
5men,22.2222222222,100.0,28.9473684211,50.8928571429,54.0474450014
5d2n,22.2222222222,99.4413407821,28.5714285714,31.3043478261,50.5338170677
