pdb_id,pep_identity,mhc_identity,tcrA_identity,tcrB_identity,total_identity
3o4l,33.3333333333,100.0,51.8181818182,26.8907563025,57.5626007979
5d2n,22.2222222222,99.4413407821,22.5225225225,57.264957265,53.8524342994
5men,22.2222222222,100.0,34.8214285714,34.188034188,52.2423178673
3qdj,11.1111111111,100.0,49.0909090909,36.7521367521,51.3442113442
3ffc,22.2222222222,81.0055865922,35.7142857143,52.1367521368,49.0511092466
