pdb_id,pep_identity,mhc_identity,tcrA_identity,tcrB_identity,total_identity
3o4l,33.3333333333,100.0,33.9449541284,30.0884955752,55.1166860617
5men,22.2222222222,100.0,34.2342342342,49.5495495495,54.7047047047
3qeq,11.1111111111,100.0,50.9259259259,53.5714285714,54.4532627866
2e7l,33.3333333333,68.7150837989,27.4336283186,50.0,46.9217437638
5bs0,11.1111111111,86.5921787709,40.7079646018,38.1818181818,45.7160604246
3ffc,22.2222222222,81.0055865922,27.9279279279,32.4786324786,44.4770296726
