pdb_id,pep_identity,mhc_identity,tcrA_identity,tcrB_identity,total_identity
3o4l,33.3333333333,100.0,37.8378378378,33.3333333333,56.3063063063
3ffc,22.2222222222,81.0055865922,33.6283185841,88.0341880342,54.6863540412
5eu6,11.1111111111,100.0,44.2477876106,57.3913043478,53.9768856968
5men,22.2222222222,100.0,36.036036036,32.1739130435,52.1090655873
2e7l,33.3333333333,68.7150837989,38.0530973451,30.4347826087,45.430785703
