pdb_id,pep_identity,mhc_identity,tcrA_identity,tcrB_identity,total_identity
5men,22.2222222222,100.0,28.0701754386,83.7837837838,59.3830672778
3o4l,33.3333333333,100.0,34.2342342342,34.2105263158,55.8519045361
2e7l,33.3333333333,68.7150837989,69.3693693694,55.8558558559,54.8870099149
3qdj,11.1111111111,100.0,31.5315315315,66.6666666667,53.4034034034
5d2n,22.2222222222,99.4413407821,28.5714285714,31.3043478261,50.5338170677
