pdb_id,pep_identity,mhc_identity,tcrA_identity,tcrB_identity,total_identity
3o4l,33.3333333333,100.0,31.5789473684,30.9734513274,54.8698442271
4mnq,22.2222222222,100.0,26.3157894737,49.5495495495,53.3849639113
4eup,11.1111111111,100.0,34.2105263158,55.8558558559,52.0481007323
2e7l,33.3333333333,68.7150837989,56.1403508772,50.0,51.7061975236
4qrp,11.1111111111,81.0055865922,50.0,35.3982300885,44.9386042492
5bs0,11.1111111111,86.5921787709,34.2105263158,37.8378378378,44.5758239863
