pdb_id,pep_identity,mhc_identity,tcrA_identity,tcrB_identity,total_identity
3o4l,33.3333333333,100.0,52.6785714286,23.6842105263,57.1715747703
4mnq,22.2222222222,100.0,33.0357142857,30.3571428571,51.3062169312
4eup,11.1111111111,100.0,49.1071428571,33.3333333333,50.7771164021
5d2n,22.2222222222,99.4413407821,23.0088495575,33.9130434783,50.0415031741
