pdb_id,pep_identity,mhc_identity,tcrA_identity,tcrB_identity,total_identity
2bnq,11.1111111111,100.0,85.8407079646,50.0,59.6771550311
3o4l,33.3333333333,100.0,39.0909090909,27.8260869565,55.597277119
5bs0,11.1111111111,86.5921787709,82.3008849558,36.2831858407,52.3317750934
3qeq,11.1111111111,100.0,31.8181818182,53.0973451327,51.1896248622
2e7l,33.3333333333,68.7150837989,36.9369369369,58.0357142857,49.8449142478
5d2n,22.2222222222,99.4413407821,24.3243243243,30.4347826087,49.6810388236
