pdb_id,pep_identity,mhc_identity,tcrA_identity,tcrB_identity,total_identity
5men,22.2222222222,100.0,21.6216216216,82.8828828829,58.1581581582
5d2n,22.2222222222,99.4413407821,50.0,31.3043478261,54.1052456391
3o4l,33.3333333333,100.0,21.8181818182,28.0701754386,52.7591706539
3qeq,11.1111111111,100.0,30.9090909091,59.8214285714,52.1587902838
2e7l,33.3333333333,68.7150837989,28.0701754386,55.8558558559,48.0038109265
