pdb_id,pep_identity,mhc_identity,tcrA_identity,tcrB_identity,total_identity
3o4l,33.3333333333,100.0,37.5,26.9565217391,55.1871980676
5eu6,11.1111111111,100.0,50.4424778761,42.9824561404,52.6078593731
5men,22.2222222222,100.0,38.3928571429,31.8584070796,52.4492847778
3ffc,22.2222222222,81.0055865922,33.3333333333,41.0256410256,46.802431998
