pdb_id,pep_identity,mhc_identity,tcrA_identity,tcrB_identity,total_identity
3o4l,33.3333333333,100.0,29.7297297297,27.8260869565,54.0370805588
5men,22.2222222222,100.0,30.3571428571,46.9026548673,53.6173736948
2e7l,33.3333333333,68.7150837989,62.1621621622,49.1071428571,52.561023214
4eup,11.1111111111,100.0,33.9285714286,53.5714285714,51.6203703704
4qrp,11.1111111111,81.0055865922,48.6486486486,40.7079646018,45.5983347762
5bs0,11.1111111111,86.5921787709,31.5789473684,35.3982300885,43.7306262035
