pdb_id,pep_identity,mhc_identity,tcrA_identity,tcrB_identity,total_identity
3o4l,33.3333333333,100.0,38.0530973451,28.3185840708,55.5063913471
5men,22.2222222222,100.0,28.9473684211,48.6486486486,53.6734102524
2e7l,33.3333333333,68.7150837989,62.8318584071,50.0,52.8214487786
4eup,11.1111111111,100.0,34.5132743363,54.0540540541,51.7982584354
4qrp,11.1111111111,81.0055865922,49.5575221239,39.8230088496,45.6023210633
