pdb_id,pep_identity,mhc_identity,tcrA_identity,tcrB_identity,total_identity
3o4l,33.3333333333,100.0,85.4368932039,30.4347826087,63.7563904132
3gsn,22.2222222222,100.0,34.8623853211,38.0530973451,52.8933211851
4mnq,22.2222222222,100.0,32.1428571429,32.7433628319,51.5551107365
