pdb_id,pep_identity,mhc_identity,tcrA_identity,tcrB_identity,total_identity
5men,22.2222222222,100.0,89.0909090909,72.1739130435,67.6182110965
3gsn,22.2222222222,100.0,39.2857142857,72.1739130435,59.3173452956
2p5w,11.1111111111,100.0,41.592920354,72.1739130435,55.9981759366
3o4l,33.3333333333,100.0,32.1428571429,26.2711864407,54.180118375
