pdb_id,pep_identity,mhc_identity,tcrA_identity,tcrB_identity,total_identity
5eu6,11.1111111111,100.0,91.1504424779,35.9649122807,58.2229294968
3o4l,33.3333333333,100.0,38.9380530973,25.2173913043,55.1370185114
5bs0,11.1111111111,86.5921787709,85.8407079646,38.0530973451,53.2167308456
5men,22.2222222222,100.0,39.8230088496,32.7433628319,52.835136021
