pdb_id,pep_identity,mhc_identity,tcrA_identity,tcrB_identity,total_identity
3qdj,11.1111111111,100.0,91.0714285714,68.75,63.6739417989
3gsn,22.2222222222,100.0,38.0530973451,89.3805309735,61.9796787938
4mnq,22.2222222222,100.0,33.9285714286,91.0714285714,61.5740740741
2bnr,11.1111111111,100.0,41.2280701754,90.1785714286,58.938143971
3o4l,33.3333333333,100.0,39.8230088496,30.4347826087,56.1540763542
