pdb_id,pep_identity,mhc_identity,tcrA_identity,tcrB_identity,total_identity
3qeq,11.1111111111,100.0,81.25,58.9285714286,60.4001322751
4mnq,22.2222222222,100.0,33.9285714286,47.7477477477,54.3534606035
3o4l,33.3333333333,100.0,30.9734513274,28.3185840708,54.3264503441
5d2n,22.2222222222,99.4413407821,28.0701754386,33.9130434783,50.8850574876
