pdb_id,pep_identity,mhc_identity,tcrA_identity,tcrB_identity,total_identity
3qdj,11.1111111111,100.0,89.9082568807,31.25,57.2300798505
3o4l,33.3333333333,100.0,40.0,27.4336283186,55.6833824975
5d2n,22.2222222222,99.4413407821,21.8181818182,66.0869565217,55.2053773914
5men,22.2222222222,100.0,36.036036036,28.8288288288,51.5515515516
3ffc,22.2222222222,81.0055865922,33.0357142857,52.9914529915,48.7471308177
5bs0,11.1111111111,86.5921787709,39.8230088496,44.6428571429,46.6454076261
