pdb_id,pep_identity,mhc_identity,tcrA_identity,tcrB_identity,total_identity
3qdj,11.1111111111,100.0,88.8888888889,60.8695652174,61.9967793881
3gsn,22.2222222222,100.0,37.962962963,58.2608695652,56.7780461621
5men,22.2222222222,100.0,33.9449541284,57.3913043478,55.9634504868
3o4l,33.3333333333,100.0,38.8888888889,27.3504273504,55.4843304843
2pye,11.1111111111,100.0,40.7079646018,56.5217391304,53.2419876591
