pdb_id,pep_identity,mhc_identity,tcrA_identity,tcrB_identity,total_identity
5eu6,11.1111111111,100.0,22.8070175439,90.4347826087,55.9106703958
3o4l,33.3333333333,100.0,20.3703703704,28.2051282051,52.5403608737
5men,22.2222222222,100.0,21.6216216216,33.9130434783,49.9965182574
3ffc,22.2222222222,81.0055865922,33.6363636364,56.4102564103,49.4170396126
