pdb_id,pep_identity,mhc_identity,tcrA_identity,tcrB_identity,total_identity
3qdj,11.1111111111,100.0,88.8888888889,58.7719298246,61.6471734893
3gsn,22.2222222222,100.0,37.962962963,56.1403508772,56.4246263808
5men,22.2222222222,100.0,34.2342342342,55.2631578947,55.6569727622
3o4l,33.3333333333,100.0,38.8888888889,26.724137931,55.3799489144
2p5e,11.1111111111,100.0,39.8230088496,55.7522123894,52.9662405769
2e7l,33.3333333333,68.7150837989,34.2342342342,59.2920353982,49.6038506495
