pdb_id,pep_identity,mhc_identity,tcrA_identity,tcrB_identity,total_identity
3o4l,33.3333333333,100.0,85.4368932039,26.2711864407,63.0624577185
5d2n,22.2222222222,99.4413407821,19.2660550459,44.8275862069,51.2367945436
4mnq,22.2222222222,100.0,32.1428571429,28.6956521739,50.8804922935
