pdb_id,pep_identity,mhc_identity,tcrA_identity,tcrB_identity,total_identity
3o4l,33.3333333333,100.0,31.25,25.2173913043,53.8556763285
4mnq,22.2222222222,100.0,28.0701754386,33.6283185841,51.0238230779
5eu6,11.1111111111,100.0,34.2105263158,42.9824561404,49.9025341131
2e7l,33.3333333333,68.7150837989,59.8214285714,32.1428571429,49.3435199965
3ffc,22.2222222222,81.0055865922,28.0701754386,39.3162393162,45.6403387306
