pdb_id,pep_identity,mhc_identity,tcrA_identity,tcrB_identity,total_identity
3o4l,33.3333333333,100.0,86.2745098039,29.0598290598,63.6668342551
5men,22.2222222222,100.0,33.0357142857,76.3157894737,58.9659913673
3gsn,22.2222222222,100.0,33.3333333333,73.6842105263,58.5769980507
2pye,11.1111111111,100.0,38.0530973451,76.3157894737,56.0985181735
3qdj,11.1111111111,100.0,42.5925925926,64.0350877193,54.808317089
