pdb_id,pep_identity,mhc_identity,tcrA_identity,tcrB_identity,total_identity
3o4l,33.3333333333,100.0,59.4339622642,30.5084745763,59.4348505845
5eu6,11.1111111111,100.0,39.8230088496,77.5862068966,56.6052396614
5men,22.2222222222,100.0,29.4642857143,32.7586206897,51.1112251414
3ffc,22.2222222222,81.0055865922,33.9285714286,58.1196581197,49.7506411962
3qeq,11.1111111111,100.0,32.1100917431,39.6551724138,48.9979143965
