pdb_id,pep_identity,mhc_identity,tcrA_identity,tcrB_identity,total_identity
5d2n,22.2222222222,99.4413407821,88.0733944954,42.6086956522,62.3348693594
3o4l,33.3333333333,100.0,19.8198198198,26.0869565217,52.0955738347
