pdb_id,pep_identity,mhc_identity,tcrA_identity,tcrB_identity,total_identity
3gsn,22.2222222222,100.0,41.8181818182,53.0973451327,56.5599952326
2e7l,33.3333333333,68.7150837989,28.5714285714,48.623853211,46.8820193411
5bs0,11.1111111111,86.5921787709,40.7079646018,37.8378378378,45.6587303673
