pdb_id,pep_identity,mhc_identity,tcrA_identity,tcrB_identity,total_identity
3qdj,11.1111111111,100.0,90.7407407407,31.3043478261,57.3778851315
3o4l,33.3333333333,100.0,39.4495412844,29.9145299145,56.0051229776
5d2n,22.2222222222,99.4413407821,22.0183486239,52.1739130435,52.919897946
5men,22.2222222222,100.0,33.3333333333,35.652173913,52.2383252818
3ffc,22.2222222222,81.0055865922,32.1428571429,51.2820512821,48.313421009
5bs0,11.1111111111,86.5921787709,40.7079646018,42.9824561404,46.516166751
