pdb_id,pep_identity,mhc_identity,tcrA_identity,tcrB_identity,total_identity
3o4l,33.3333333333,100.0,33.3333333333,29.5652173913,54.9275362319
5eu6,11.1111111111,100.0,42.4778761062,61.9469026549,54.4411668305
4mnq,22.2222222222,100.0,40.7079646018,33.6283185841,53.1301212717
3ffc,22.2222222222,81.0055865922,31.8584070796,55.5555555556,48.9782633773
2e7l,33.3333333333,68.7150837989,27.6785714286,37.1681415929,44.8239245477
