pdb_id,pep_identity,mhc_identity,tcrA_identity,tcrB_identity,total_identity
3qdj,11.1111111111,100.0,87.2727272727,63.3928571429,62.147967773
3gsn,22.2222222222,100.0,38.7387387387,89.3805309735,62.0939523594
5men,22.2222222222,100.0,32.4324324324,90.1785714286,61.1759080509
2bnr,11.1111111111,100.0,43.3628318584,88.3928571429,58.9963185372
3o4l,33.3333333333,100.0,38.7387387387,30.4347826087,55.973364669
