pdb_id,pep_identity,mhc_identity,tcrA_identity,tcrB_identity,total_identity
3o4l,33.3333333333,100.0,29.8245614035,25.6637168142,53.6924908141
2f54,11.1111111111,100.0,35.0877192982,37.8378378378,49.1912965597
3ffc,22.2222222222,81.0055865922,31.8965517241,29.9145299145,44.7111165446
2e7l,33.3333333333,68.7150837989,26.3157894737,34.5454545455,44.1596797139
