pdb_id,pep_identity,mhc_identity,tcrA_identity,tcrB_identity,total_identity
3o4l,33.3333333333,100.0,29.3103448276,23.275862069,53.2088122605
2f54,11.1111111111,100.0,41.3793103448,30.9734513274,49.0958306491
3ffc,22.2222222222,81.0055865922,52.5862068966,29.0598290598,48.0169422642
2e7l,33.3333333333,68.7150837989,35.8974358974,30.0884955752,45.0137942895
