pdb_id,pep_identity,mhc_identity,tcrA_identity,tcrB_identity,total_identity
3o4l,33.3333333333,100.0,40.5660377358,29.203539823,56.0727073709
5men,22.2222222222,100.0,33.3333333333,50.4504504505,54.7047047047
3qeq,11.1111111111,100.0,50.4761904762,51.7857142857,54.0806878307
5d2n,22.2222222222,99.4413407821,27.1028037383,34.7826086957,50.8687564071
2e7l,33.3333333333,68.7150837989,27.027027027,51.8181818182,47.1570071849
5bs0,11.1111111111,86.5921787709,37.1681415929,36.9369369369,44.9186097157
