pdb_id,pep_identity,mhc_identity,tcrA_identity,tcrB_identity,total_identity
3o4l,33.3333333333,100.0,31.8181818182,26.9565217391,54.2402283707
3qdj,11.1111111111,100.0,63.3027522936,39.8230088496,54.2246638942
5men,22.2222222222,100.0,30.9090909091,37.1681415929,52.0869461577
5bs0,11.1111111111,86.5921787709,39.8230088496,59.2920353982,49.0869373353
3ffc,22.2222222222,81.0055865922,32.1428571429,39.3162393162,46.3191190146
2e7l,33.3333333333,68.7150837989,32.1428571429,31.25,44.5816152345
