pdb_id,pep_identity,mhc_identity,tcrA_identity,tcrB_identity,total_identity
3o4l,33.3333333333,100.0,29.0909090909,26.9565217391,53.7856829161
5men,22.2222222222,100.0,39.6396396396,30.9734513274,52.5095892353
3qeq,11.1111111111,100.0,44.0366972477,29.203539823,49.2437432155
3ffc,22.2222222222,81.0055865922,30.701754386,30.7692307692,44.6544337973
5bs0,11.1111111111,86.5921787709,34.2105263158,33.6283185841,43.874237444
2e7l,33.3333333333,68.7150837989,25.2252252252,30.3571428571,43.2798670578
