pdb_id,pep_identity,mhc_identity,tcrA_identity,tcrB_identity,total_identity
3gsn,22.2222222222,100.0,34.2105263158,58.407079646,56.177008401
3ffc,22.2222222222,81.0055865922,67.5438596491,34.188034188,51.3645852443
2e7l,33.3333333333,68.7150837989,33.0434782609,61.4678899083,49.7680337389
