pdb_id,pep_identity,mhc_identity,tcrA_identity,tcrB_identity,total_identity
5men,22.2222222222,100.0,33.0434782609,56.7567567568,55.707446577
3o4l,33.3333333333,100.0,34.5132743363,25.6637168142,54.4739429695
4eup,11.1111111111,100.0,33.6283185841,61.2612612613,52.8519670113
5d2n,22.2222222222,99.4413407821,30.0884955752,27.8260869565,50.2069514234
3ffc,22.2222222222,81.0055865922,61.9469026549,29.9145299145,49.7195083664
2e7l,33.3333333333,68.7150837989,34.2105263158,54.5454545455,48.8088025209
