pdb_id,pep_identity,mhc_identity,tcrA_identity,tcrB_identity,total_identity
3o4l,33.3333333333,100.0,28.4482758621,24.1071428571,53.2036808976
2f54,11.1111111111,100.0,36.2068965517,35.7142857143,49.023900748
3ffc,22.2222222222,81.0055865922,50.0,27.9661016949,47.4036198873
2e7l,33.3333333333,68.7150837989,35.0427350427,37.037037037,46.0294343907
