pdb_id,pep_identity,mhc_identity,tcrA_identity,tcrB_identity,total_identity
5eu6,11.1111111111,100.0,37.1681415929,76.3157894737,55.9510255481
3o4l,33.3333333333,100.0,31.5315315315,36.2068965517,55.7341824583
5men,22.2222222222,100.0,30.5555555556,33.3333333333,51.3888888889
3ffc,22.2222222222,81.0055865922,29.203539823,56.4102564103,48.6782356437
2e7l,33.3333333333,68.7150837989,32.7433628319,34.2105263158,45.1751205687
