pdb_id,pep_identity,mhc_identity,tcrA_identity,tcrB_identity,total_identity
5d2n,22.2222222222,99.4413407821,31.4285714286,55.652173913,55.0679785584
5men,22.2222222222,100.0,29.0909090909,36.6071428571,51.6904160654
3qeq,11.1111111111,100.0,30.4761904762,38.9380530973,48.6060776326
3ffc,22.2222222222,81.0055865922,26.3636363636,52.1367521368,47.4926676882
2e7l,33.3333333333,68.7150837989,32.4324324324,35.7142857143,45.3739254019
5bs0,11.1111111111,86.5921787709,28.3185840708,42.8571428571,44.4303844487
