pdb_id,pep_identity,mhc_identity,tcrA_identity,tcrB_identity,total_identity
4mnq,22.2222222222,100.0,27.8260869565,55.8558558559,54.6877312095
3o4l,33.3333333333,100.0,30.3571428571,26.5486725664,53.928747015
4eup,11.1111111111,100.0,31.8584070796,55.8558558559,51.6560808596
2e7l,33.3333333333,68.7150837989,37.1681415929,55.4545454545,49.453253552
3ffc,22.2222222222,81.0055865922,52.2123893805,26.4957264957,47.5272889175
5bs0,11.1111111111,86.5921787709,35.652173913,34.2342342342,44.2154979852
