pdb_id,pep_identity,mhc_identity,tcrA_identity,tcrB_identity,total_identity
5men,22.2222222222,100.0,30.4347826087,48.6956521739,53.9291465378
3o4l,33.3333333333,100.0,28.6956521739,28.2051282051,53.927907841
3qeq,11.1111111111,100.0,28.6956521739,53.0434782609,50.6602254428
2e7l,33.3333333333,68.7150837989,36.2068965517,52.6315789474,48.8225516273
3ffc,22.2222222222,81.0055865922,53.0434782609,30.7692307692,48.3780544432
5bs0,11.1111111111,86.5921787709,34.7826086957,33.0434782609,43.8721111201
