pdb_id,pep_identity,mhc_identity,tcrA_identity,tcrB_identity,total_identity
3o4l,33.3333333333,100.0,31.0344827586,30.0884955752,54.6316075001
5men,22.2222222222,100.0,32.1739130435,49.5495495495,54.3613178396
3ffc,22.2222222222,81.0055865922,81.0344827586,37.6068376068,54.182822999
4eup,11.1111111111,100.0,29.3103448276,57.6576576577,51.5317041179
2e7l,33.3333333333,68.7150837989,28.2051282051,51.8181818182,47.3533573813
5bs0,11.1111111111,86.5921787709,37.0689655172,39.6396396396,45.3525308202
