pdb_id,pep_identity,mhc_identity,tcrA_identity,tcrB_identity,total_identity
5eu6,11.1111111111,100.0,42.4778761062,92.9203539823,59.6034087185
3o4l,33.3333333333,100.0,36.3636363636,28.9473684211,55.3296119086
5men,22.2222222222,100.0,40.3669724771,35.7142857143,53.4209504393
3ffc,22.2222222222,81.0055865922,28.5714285714,58.1196581197,48.8577840533
3qeq,11.1111111111,100.0,32.1100917431,36.2831858407,48.4359166343
