pdb_id,pep_identity,mhc_identity,tcrA_identity,tcrB_identity,total_identity
5d2n,22.2222222222,99.4413407821,22.3214285714,68.6956521739,55.724034459
3o4l,33.3333333333,100.0,36.036036036,28.0701754386,55.1288130235
5men,22.2222222222,100.0,39.0909090909,33.6283185841,52.8606120199
3qdj,11.1111111111,100.0,35.1351351351,37.1681415929,49.0875831584
3ffc,22.2222222222,81.0055865922,30.9734513274,53.8461538462,48.5458704671
5bs0,11.1111111111,86.5921787709,43.3628318584,46.9026548673,47.6120110816
