pdb_id,pep_identity,mhc_identity,tcrA_identity,tcrB_identity,total_identity
4mnq,22.2222222222,100.0,41.2844036697,51.3513513514,56.1800332443
3o4l,33.3333333333,100.0,33.9285714286,30.9734513274,55.2614482371
4eup,11.1111111111,100.0,36.036036036,58.5585585586,52.8028028028
5d2n,22.2222222222,99.4413407821,25.2252252252,35.652173913,50.7007541912
2e7l,33.3333333333,68.7150837989,30.701754386,50.0,47.4664314417
5bs0,11.1111111111,86.5921787709,38.9380530973,39.6396396396,45.6640454169
3ffc,22.2222222222,81.0055865922,29.8245614035,35.8974358974,45.3629358216
