pdb_id,pep_identity,mhc_identity,tcrA_identity,tcrB_identity,total_identity
5men,22.2222222222,100.0,87.037037037,63.963963964,65.9075742409
3qeq,11.1111111111,100.0,33.9449541284,89.2857142857,57.5754817727
3gsn,22.2222222222,100.0,37.2727272727,61.9469026549,57.2773457287
3o4l,33.3333333333,100.0,30.9090909091,28.0701754386,54.2743221691
2f53,11.1111111111,100.0,39.8230088496,62.5,54.0908718453
