pdb_id,pep_identity,mhc_identity,tcrA_identity,tcrB_identity,total_identity
3o4l,33.3333333333,100.0,34.2105263158,22.3214285714,53.8664369256
5men,22.2222222222,100.0,31.3043478261,36.036036036,51.9641380511
3ffc,22.2222222222,81.0055865922,60.5263157895,29.6610169492,49.4404917279
5eu6,11.1111111111,100.0,37.3913043478,34.2105263158,48.970675481
2e7l,33.3333333333,68.7150837989,35.652173913,35.7798165138,45.9214707819
