pdb_id,pep_identity,mhc_identity,tcrA_identity,tcrB_identity,total_identity
3gsn,22.2222222222,100.0,34.5454545455,53.9130434783,55.4838237447
2e7l,33.3333333333,68.7150837989,33.0357142857,54.3859649123,48.5864189104
3ffc,22.2222222222,81.0055865922,31.25,31.6239316239,44.8882582088
