pdb_id,pep_identity,mhc_identity,tcrA_identity,tcrB_identity,total_identity
3qdj,11.1111111111,100.0,90.7407407407,50.0,60.4938271605
3o4l,33.3333333333,100.0,40.3669724771,27.1929824561,55.7044369333
5men,22.2222222222,100.0,35.7798165138,52.6785714286,55.4838053978
5eu6,11.1111111111,100.0,42.4778761062,30.0884955752,49.1314323173
2e7l,33.3333333333,68.7150837989,34.2342342342,55.8558558559,49.0311540591
