pdb_id,pep_identity,mhc_identity,tcrA_identity,tcrB_identity,total_identity
5d2n,22.2222222222,99.4413407821,23.0088495575,87.0689655172,58.9008235139
3o4l,33.3333333333,100.0,51.7857142857,27.9661016949,57.7364137745
5men,22.2222222222,100.0,35.7142857143,31.8965517241,52.0092136471
4eup,11.1111111111,100.0,49.1071428571,35.3448275862,51.1123654443
3ffc,22.2222222222,81.0055865922,32.4561403509,57.264957265,49.3627858741
