pdb_id,pep_identity,mhc_identity,tcrA_identity,tcrB_identity,total_identity
3o4l,33.3333333333,100.0,85.4368932039,28.9473684211,63.5084880486
4mnq,22.2222222222,100.0,32.1428571429,37.8378378378,52.4041899042
3gsn,22.2222222222,100.0,34.8623853211,30.9734513274,51.7133801822
