pdb_id,pep_identity,mhc_identity,tcrA_identity,tcrB_identity,total_identity
3gsn,22.2222222222,100.0,44.4444444444,75.2212389381,60.6850213045
4mnq,22.2222222222,100.0,30.0,75.8928571429,58.3895502646
3o4l,33.3333333333,100.0,32.4074074074,28.6956521739,54.628287708
3qeq,11.1111111111,100.0,40.7407407407,58.0357142857,53.4997795414
2e7l,33.3333333333,68.7150837989,32.4324324324,57.1428571429,48.9453539733
