pdb_id,pep_identity,mhc_identity,tcrA_identity,tcrB_identity,total_identity
3gsn,22.2222222222,100.0,22.0183486239,78.7610619469,57.5373091692
2e7l,33.3333333333,68.7150837989,27.6785714286,56.6371681416,48.0687623058
