pdb_id,pep_identity,mhc_identity,tcrA_identity,tcrB_identity,total_identity
4eup,11.1111111111,100.0,88.0733944954,35.3982300885,57.6156411344
3o4l,33.3333333333,100.0,40.3669724771,27.5862068966,55.76997434
4mnq,22.2222222222,100.0,33.3333333333,31.5789473684,51.559454191
5d2n,22.2222222222,99.4413407821,22.0183486239,34.7826086957,50.0213472214
2e7l,33.3333333333,68.7150837989,36.9369369369,36.2831858407,46.2194928403
