pdb_id,pep_identity,mhc_identity,tcrA_identity,tcrB_identity,total_identity
3o4l,33.3333333333,100.0,33.3333333333,25.8620689655,54.3103448276
5men,22.2222222222,100.0,30.9734513274,33.3333333333,51.4585381842
4qrp,11.1111111111,81.0055865922,91.8918918919,30.701754386,51.1378402807
3qdj,11.1111111111,100.0,36.9369369369,34.2105263158,48.8949475792
2e7l,33.3333333333,68.7150837989,50.8928571429,30.0884955752,47.5130311638
5bs0,11.1111111111,86.5921787709,30.9734513274,37.7192982456,44.0165548895
