pdb_id,pep_identity,mhc_identity,tcrA_identity,tcrB_identity,total_identity
3o4l,33.3333333333,100.0,53.2110091743,25.2173913043,57.5158445242
4mnq,22.2222222222,100.0,33.0357142857,32.7433628319,51.7039202603
4eup,11.1111111111,100.0,49.0909090909,34.8214285714,51.0224266474
5d2n,22.2222222222,99.4413407821,22.7272727273,34.7826086957,50.1395012386
