pdb_id,pep_identity,mhc_identity,tcrA_identity,tcrB_identity,total_identity
5d2n,22.2222222222,99.4413407821,23.2142857143,68.6956521739,55.8728439828
4qrp,11.1111111111,81.0055865922,87.3873873874,56.1403508772,54.6268556119
3o4l,33.3333333333,100.0,34.2342342342,26.724137931,54.6041731387
5men,22.2222222222,100.0,28.3185840708,28.6956521739,50.2431134482
4eup,11.1111111111,100.0,37.8378378378,33.3333333333,48.8988988989
2e7l,33.3333333333,68.7150837989,50.8928571429,31.5789473684,47.761439796
5bs0,11.1111111111,86.5921787709,29.203539823,48.2456140351,45.4759556037
