pdb_id,pep_identity,mhc_identity,tcrA_identity,tcrB_identity,total_identity
5d2n,22.2222222222,99.4413407821,63.2075471698,35.8974358974,57.0720181793
3qeq,11.1111111111,100.0,27.7777777778,87.9310344828,56.3218390805
5men,22.2222222222,100.0,22.5225225225,59.4827586207,54.4082875979
3o4l,33.3333333333,100.0,23.1481481481,26.8907563025,52.7842618529
2e7l,33.3333333333,68.7150837989,25.8928571429,60.3448275862,48.3890864989
3ffc,22.2222222222,81.0055865922,30.0,38.4615384615,45.8195260151
