pdb_id,pep_identity,mhc_identity,tcrA_identity,tcrB_identity,total_identity
2bnq,11.1111111111,100.0,86.7256637168,49.5495495495,59.7495725814
3o4l,33.3333333333,100.0,39.0909090909,30.0884955752,55.9743452221
5bs0,11.1111111111,86.5921787709,82.3008849558,40.0,52.95124412
3qeq,11.1111111111,100.0,31.8181818182,52.6785714286,51.1198292448
5d2n,22.2222222222,99.4413407821,24.3243243243,33.0434782609,50.1158214323
2e7l,33.3333333333,68.7150837989,36.9369369369,50.0,48.5056285336
