pdb_id,pep_identity,mhc_identity,tcrA_identity,tcrB_identity,total_identity
5bs0,11.1111111111,86.5921787709,83.185840708,90.350877193,61.4905496108
5eu6,11.1111111111,100.0,89.3805309735,44.347826087,59.3250965471
2bnr,11.1111111111,100.0,94.6902654867,32.4561403509,58.2281046766
3o4l,33.3333333333,100.0,38.3928571429,28.2051282051,55.5441086691
4mnq,22.2222222222,100.0,38.9380530973,34.2105263158,52.9321706429
