pdb_id,pep_identity,mhc_identity,tcrA_identity,tcrB_identity,total_identity
3qdj,11.1111111111,100.0,88.1818181818,40.1785714286,58.4304353054
3o4l,33.3333333333,100.0,38.7387387387,27.1929824561,55.4330646436
5men,22.2222222222,100.0,34.2342342342,37.5,52.6964464464
5d2n,22.2222222222,99.4413407821,19.8198198198,41.7391304348,50.8143460439
5bs0,11.1111111111,86.5921787709,39.8230088496,58.9285714286,49.026360007
