pdb_id,pep_identity,mhc_identity,tcrA_identity,tcrB_identity,total_identity
2bnq,11.1111111111,100.0,85.8407079646,54.3859649123,60.4081491832
3o4l,33.3333333333,100.0,36.6071428571,24.7863247863,54.6766890517
5bs0,11.1111111111,86.5921787709,82.3008849558,35.652173913,52.2266064388
3qeq,11.1111111111,100.0,30.3571428571,51.3043478261,50.6472854842
5d2n,22.2222222222,99.4413407821,22.1238938053,28.4482758621,48.983215946
2e7l,33.3333333333,68.7150837989,34.5132743363,54.3859649123,48.8326789188
