pdb_id,pep_identity,mhc_identity,tcrA_identity,tcrB_identity,total_identity
5d2n,22.2222222222,99.4413407821,29.7297297297,68.6956521739,56.9587513187
3o4l,33.3333333333,100.0,33.6363636364,27.1929824561,54.5826687932
5men,22.2222222222,100.0,29.8245614035,27.4336283186,50.2837723611
2e7l,33.3333333333,68.7150837989,63.0630630631,33.9285714286,50.1814114593
3ffc,22.2222222222,81.0055865922,29.8245614035,56.4102564103,48.7817392404
3qdj,11.1111111111,100.0,35.1351351351,30.9734513274,48.0551347808
