pdb_id,pep_identity,mhc_identity,tcrA_identity,tcrB_identity,total_identity
4eup,11.1111111111,100.0,63.963963964,57.1428571429,57.2215072215
3o4l,33.3333333333,100.0,38.3928571429,29.5652173913,55.7707902001
5men,22.2222222222,100.0,36.9369369369,48.6725663717,55.0089912922
5d2n,22.2222222222,99.4413407821,25.8928571429,33.9130434783,50.522171105
2e7l,33.3333333333,68.7150837989,37.7192982456,50.8928571429,48.7848316088
3ffc,22.2222222222,81.0055865922,35.9649122807,38.4615384615,46.8136780618
5bs0,11.1111111111,86.5921787709,44.2477876106,38.9380530973,46.4320700787
