pdb_id,pep_identity,mhc_identity,tcrA_identity,tcrB_identity,total_identity
5men,22.2222222222,100.0,86.2385321101,32.4561403509,60.5231861509
5d2n,22.2222222222,99.4413407821,23.6363636364,86.9565217391,58.986668564
3o4l,33.3333333333,100.0,32.4324324324,29.3103448276,54.7349073211
3ffc,22.2222222222,81.0055865922,32.7433628319,58.1196581197,49.5531064301
3qdj,11.1111111111,100.0,36.3636363636,34.2105263158,48.7993974836
