pdb_id,pep_identity,mhc_identity,tcrA_identity,tcrB_identity,total_identity
4mnq,22.2222222222,100.0,30.9090909091,49.1071428571,54.0767797018
3o4l,33.3333333333,100.0,27.358490566,28.9473684211,53.8287542756
4eup,11.1111111111,100.0,30.5555555556,54.0540540541,51.1386386386
2e7l,33.3333333333,68.7150837989,31.25,50.4504504505,47.6328807858
3ffc,22.2222222222,81.0055865922,28.1818181818,32.4786324786,44.5193447149
