pdb_id,pep_identity,mhc_identity,tcrA_identity,tcrB_identity,total_identity
3o4l,33.3333333333,100.0,32.4074074074,28.6956521739,54.628287708
5men,22.2222222222,100.0,33.3333333333,32.7433628319,51.7535234349
3qeq,11.1111111111,100.0,49.5327102804,35.3982300885,51.1921937652
5bs0,11.1111111111,86.5921787709,35.3982300885,38.9380530973,44.957143825
3ffc,22.2222222222,81.0055865922,28.1818181818,34.188034188,44.8042449998
2e7l,33.3333333333,68.7150837989,26.7857142857,37.5,44.7304247584
