pdb_id,pep_identity,mhc_identity,tcrA_identity,tcrB_identity,total_identity
5men,22.2222222222,100.0,23.2142857143,76.3157894737,57.3290866054
5d2n,22.2222222222,99.4413407821,61.8181818182,33.9130434783,56.5097252175
3o4l,33.3333333333,100.0,23.2142857143,29.0598290598,53.1567969068
3qdj,11.1111111111,100.0,27.6785714286,64.9122807018,52.4688457254
2e7l,33.3333333333,68.7150837989,26.724137931,56.1403508772,47.8268871788
