pdb_id,pep_identity,mhc_identity,tcrA_identity,tcrB_identity,total_identity
4mnq,22.2222222222,100.0,27.8260869565,57.1428571429,54.902231424
3o4l,33.3333333333,100.0,29.203539823,25.4385964912,53.5514671635
4eup,11.1111111111,100.0,26.5486725664,61.2612612613,51.6720260083
2e7l,33.3333333333,68.7150837989,35.0877192982,54.0540540541,48.8731012695
3ffc,22.2222222222,81.0055865922,52.2123893805,29.0598290598,47.9546393449
5bs0,11.1111111111,86.5921787709,33.0434782609,36.9369369369,44.231165827
