pdb_id,pep_identity,mhc_identity,tcrA_identity,tcrB_identity,total_identity
5d2n,22.2222222222,99.4413407821,61.4678899083,40.8695652174,57.6107635224
3o4l,33.3333333333,100.0,20.7207207207,27.1929824561,52.4300616406
4mnq,22.2222222222,100.0,23.4234234234,33.0357142857,50.1505970256
3qeq,11.1111111111,100.0,27.027027027,34.8214285714,47.3451129701
5bs0,11.1111111111,86.5921787709,25.4385964912,58.5585585586,46.5672891357
3ffc,22.2222222222,81.0055865922,32.1428571429,39.3162393162,46.3191190146
