pdb_id,pep_identity,mhc_identity,tcrA_identity,tcrB_identity,total_identity
3o4l,33.3333333333,100.0,29.8245614035,33.9130434783,55.0673785914
5men,22.2222222222,100.0,30.0884955752,48.6725663717,53.8675843986
2e7l,33.3333333333,68.7150837989,58.7719298246,48.2142857143,51.8471749672
4eup,11.1111111111,100.0,32.4561403509,54.4642857143,51.5237747146
3ffc,22.2222222222,81.0055865922,26.724137931,33.3333333333,44.4188481489
