pdb_id,pep_identity,mhc_identity,tcrA_identity,tcrB_identity,total_identity
3o4l,33.3333333333,100.0,36.6071428571,26.9565217391,55.0383885438
5men,22.2222222222,100.0,38.7387387387,31.8584070796,52.5069317105
5eu6,11.1111111111,100.0,48.6725663717,42.9824561404,52.3128741224
3ffc,22.2222222222,81.0055865922,32.4561403509,39.3162393162,46.3713328827
