pdb_id,pep_identity,mhc_identity,tcrA_identity,tcrB_identity,total_identity
3o4l,33.3333333333,100.0,51.8181818182,27.8260869565,57.7184892402
5d2n,22.2222222222,99.4413407821,22.5225225225,68.6956521739,55.7575501175
5men,22.2222222222,100.0,34.8214285714,33.3333333333,52.0998677249
3qdj,11.1111111111,100.0,49.0909090909,36.8421052632,51.359206096
3ffc,22.2222222222,81.0055865922,34.8214285714,53.8461538462,49.1872000077
5bs0,11.1111111111,86.5921787709,38.0530973451,45.6140350877,46.5122853662
