pdb_id,pep_identity,mhc_identity,tcrA_identity,tcrB_identity,total_identity
3o4l,33.3333333333,100.0,59.4339622642,29.203539823,59.217361459
3gsn,22.2222222222,100.0,32.4324324324,47.7876106195,54.1107479161
2e7l,33.3333333333,68.7150837989,32.4561403509,51.8181818182,48.0618594056
