pdb_id,pep_identity,mhc_identity,tcrA_identity,tcrB_identity,total_identity
4eup,11.1111111111,100.0,90.8256880734,32.4324324324,57.5800571213
3o4l,33.3333333333,100.0,39.0909090909,22.1238938053,54.6469115938
5men,22.2222222222,100.0,32.4324324324,33.6283185841,51.7508659102
5d2n,22.2222222222,99.4413407821,20.0,31.0344827586,49.0602681279
