pdb_id,pep_identity,mhc_identity,tcrA_identity,tcrB_identity,total_identity
5men,22.2222222222,100.0,85.4545454545,55.2631578947,64.193691299
3gsn,22.2222222222,100.0,38.0530973451,55.2631578947,56.2934499474
3o4l,33.3333333333,100.0,32.7433628319,25.8620689655,54.2120164107
2f54,11.1111111111,100.0,44.2477876106,54.8672566372,53.5562110783
4eup,11.1111111111,100.0,33.0357142857,56.6371681416,51.9825174416
