pdb_id,pep_identity,mhc_identity,tcrA_identity,tcrB_identity,total_identity
3o4l,33.3333333333,100.0,39.6396396396,30.701754386,56.1680101154
5d2n,22.2222222222,99.4413407821,25.8928571429,55.652173913,54.1453595108
4mnq,22.2222222222,100.0,26.3157894737,40.5405405405,51.8834624098
2e7l,33.3333333333,68.7150837989,57.6576576577,34.5454545455,49.3833244113
3qdj,11.1111111111,100.0,33.3333333333,40.1785714286,49.289021164
3ffc,22.2222222222,81.0055865922,28.9473684211,50.4273504274,47.6383894129
