pdb_id,pep_identity,mhc_identity,tcrA_identity,tcrB_identity,total_identity
3o4l,33.3333333333,100.0,53.1531531532,28.4482758621,58.0446826136
5d2n,22.2222222222,99.4413407821,23.2142857143,61.7391304348,54.713423693
4mnq,22.2222222222,100.0,33.9285714286,35.0877192982,52.2434558619
3qdj,11.1111111111,100.0,50.4504504505,35.0877192982,51.2933986618
3ffc,22.2222222222,81.0055865922,31.8584070796,50.4273504274,48.1235625226
