pdb_id,pep_identity,mhc_identity,tcrA_identity,tcrB_identity,total_identity
3o4l,33.3333333333,100.0,30.701754386,24.5614035088,53.6549707602
2e7l,33.3333333333,68.7150837989,58.7719298246,33.3333333333,49.3670162371
5eu6,11.1111111111,100.0,32.4561403509,38.0530973451,48.788576653
3ffc,22.2222222222,81.0055865922,28.4482758621,35.8974358974,45.1335548981
