pdb_id,pep_identity,mhc_identity,tcrA_identity,tcrB_identity,total_identity
3o4l,33.3333333333,100.0,32.7272727273,25.2173913043,54.1018884497
4qrp,11.1111111111,81.0055865922,88.1818181818,41.592920354,52.3346889904
4mnq,22.2222222222,100.0,29.203539823,30.0884955752,50.6227466404
5eu6,11.1111111111,100.0,31.8584070796,42.1052631579,49.36431541
2e7l,33.3333333333,68.7150837989,51.3513513514,31.25,47.783030936
