pdb_id,pep_identity,mhc_identity,tcrA_identity,tcrB_identity,total_identity
5d2n,22.2222222222,99.4413407821,28.0701754386,67.8260869565,56.5372314006
3o4l,33.3333333333,100.0,30.701754386,27.4336283186,54.1336748952
3ffc,22.2222222222,81.0055865922,52.6315789474,55.5555555556,52.4404586886
5men,22.2222222222,100.0,30.4347826087,29.7297297297,50.7681594638
3qdj,11.1111111111,100.0,34.2105263158,33.0357142857,48.244743804
5bs0,11.1111111111,86.5921787709,33.9130434783,48.6486486486,46.3280453152
2e7l,33.3333333333,68.7150837989,35.652173913,33.0275229358,45.4627551855
