pdb_id,pep_identity,mhc_identity,tcrA_identity,tcrB_identity,total_identity
4eup,11.1111111111,100.0,90.8256880734,53.982300885,61.1717018634
3o4l,33.3333333333,100.0,39.4495412844,28.4482758621,55.7607473022
4mnq,22.2222222222,100.0,32.4324324324,47.3684210526,54.0408829883
2bnr,11.1111111111,100.0,42.4778761062,47.7876106195,52.0812848246
5d2n,22.2222222222,99.4413407821,20.1834862385,33.9130434783,49.5706092876
