pdb_id,pep_identity,mhc_identity,tcrA_identity,tcrB_identity,total_identity
3o4l,33.3333333333,100.0,34.8214285714,24.1379310345,54.2710043788
4mnq,22.2222222222,100.0,29.5652173913,31.5789473684,50.9314348674
3ffc,22.2222222222,81.0055865922,61.0619469027,33.3333333333,50.1418163108
5eu6,11.1111111111,100.0,33.0434782609,37.3913043478,48.7761674718
2e7l,33.3333333333,68.7150837989,32.7433628319,29.203539823,44.3406228199
