pdb_id,pep_identity,mhc_identity,tcrA_identity,tcrB_identity,total_identity
4eup,11.1111111111,100.0,37.2727272727,90.1785714286,58.2789201539
5men,22.2222222222,100.0,35.1351351351,49.5575221239,54.8561836172
3o4l,33.3333333333,100.0,33.0275229358,26.9565217391,54.4417852236
5d2n,22.2222222222,99.4413407821,26.3636363636,30.4347826087,50.0209241635
2e7l,33.3333333333,68.7150837989,28.3185840708,58.0357142857,48.4085221035
