pdb_id,pep_identity,mhc_identity,tcrA_identity,tcrB_identity,total_identity
3o4l,33.3333333333,100.0,31.25,29.5652173913,54.5803140097
4mnq,22.2222222222,100.0,26.3157894737,49.5575221239,53.3862926737
4eup,11.1111111111,100.0,34.8214285714,58.0357142857,52.5132275132
2e7l,33.3333333333,68.7150837989,58.0357142857,49.1071428571,51.8732819012
3ffc,22.2222222222,81.0055865922,28.9473684211,35.8974358974,45.2167369912
5bs0,11.1111111111,86.5921787709,33.3333333333,39.2857142857,44.6709378972
