pdb_id,pep_identity,mhc_identity,tcrA_identity,tcrB_identity,total_identity
3qdj,11.1111111111,100.0,90.0900900901,31.8965517241,57.3681440061
3o4l,33.3333333333,100.0,40.1785714286,32.2033898305,56.5081046543
3ffc,22.2222222222,81.0055865922,31.5789473684,88.0341880342,54.3447921719
5d2n,22.2222222222,99.4413407821,21.4285714286,55.1724137931,53.3213518717
5men,22.2222222222,100.0,32.4324324324,31.0344827586,51.3185599392
5bs0,11.1111111111,86.5921787709,43.3628318584,41.3793103448,46.6914536612
