pdb_id,pep_identity,mhc_identity,tcrA_identity,tcrB_identity,total_identity
3o4l,33.3333333333,100.0,30.701754386,26.724137931,54.0154264973
4mnq,22.2222222222,100.0,29.5652173913,32.4561403509,51.0776336978
3ffc,22.2222222222,81.0055865922,54.3859649123,42.735042735,50.5961042127
5eu6,11.1111111111,100.0,36.5217391304,40.8695652174,49.9355877617
2e7l,33.3333333333,68.7150837989,37.3913043478,29.203539823,45.1152797392
