pdb_id,pep_identity,mhc_identity,tcrA_identity,tcrB_identity,total_identity
3o4l,33.3333333333,100.0,32.4324324324,27.4336283186,54.4221212363
3qdj,11.1111111111,100.0,61.8181818182,39.6396396396,53.9466739467
5men,22.2222222222,100.0,31.8181818182,36.9369369369,52.1999271999
5bs0,11.1111111111,86.5921787709,38.0530973451,58.5585585586,48.6697059446
3ffc,22.2222222222,81.0055865922,30.9734513274,39.3162393162,46.1242180454
2e7l,33.3333333333,68.7150837989,35.3982300885,31.8181818182,45.2188743619
