pdb_id,pep_identity,mhc_identity,tcrA_identity,tcrB_identity,total_identity
3o4l,33.3333333333,100.0,53.6363636364,24.347826087,57.4418093983
5men,22.2222222222,100.0,36.6071428571,32.7433628319,52.2991583556
3qdj,11.1111111111,100.0,53.6363636364,35.3982300885,51.8761359912
5d2n,22.2222222222,99.4413407821,23.4234234234,35.652173913,50.4004538909
