pdb_id,pep_identity,mhc_identity,tcrA_identity,tcrB_identity,total_identity
3qdj,11.1111111111,100.0,90.7407407407,61.0619469027,62.3374849776
3gsn,22.2222222222,100.0,39.8148148148,59.2920353982,57.2585491096
3o4l,33.3333333333,100.0,48.1481481481,28.4482758621,57.2105151128
5men,22.2222222222,100.0,32.4324324324,60.1769911504,56.1756446712
2bnr,11.1111111111,100.0,41.592920354,59.2920353982,53.8511963291
2e7l,33.3333333333,68.7150837989,34.2342342342,61.9469026549,50.0463285256
