pdb_id,pep_identity,mhc_identity,tcrA_identity,tcrB_identity,total_identity
3gsn,22.2222222222,100.0,34.8623853211,55.7522123894,55.8431736925
2e7l,33.3333333333,68.7150837989,30.6306306306,54.0540540541,48.1302531582
