pdb_id,pep_identity,mhc_identity,tcrA_identity,tcrB_identity,total_identity
3o4l,33.3333333333,100.0,37.5,53.5714285714,59.623015873
4mnq,22.2222222222,100.0,39.6396396396,31.25,52.5556806807
5eu6,11.1111111111,100.0,46.017699115,35.9649122807,50.700805603
