pdb_id,pep_identity,mhc_identity,tcrA_identity,tcrB_identity,total_identity
5d2n,22.2222222222,99.4413407821,89.5238095238,35.652173913,61.4171849076
4mnq,22.2222222222,100.0,21.6216216216,54.8672566372,53.4888871172
3o4l,33.3333333333,100.0,20.5607476636,24.347826087,51.9292067362
3qeq,11.1111111111,100.0,29.9065420561,51.3274336283,50.5760329844
2p5w,11.1111111111,100.0,25.4385964912,55.7522123894,50.5688385171
