pdb_id,pep_identity,mhc_identity,tcrA_identity,tcrB_identity,total_identity
5d2n,22.2222222222,99.4413407821,62.6168224299,42.6086956522,58.0921073485
3o4l,33.3333333333,100.0,22.0183486239,26.9565217391,52.6069228383
4mnq,22.2222222222,100.0,22.5225225225,34.5132743363,50.2467068839
3qeq,11.1111111111,100.0,27.5229357798,35.3982300885,47.5238980151
