pdb_id,pep_identity,mhc_identity,tcrA_identity,tcrB_identity,total_identity
5men,22.2222222222,100.0,41.4414414414,90.1785714286,62.6774095524
3gsn,22.2222222222,100.0,38.3928571429,86.7256637168,61.5938275507
2pye,11.1111111111,100.0,38.9380530973,93.75,59.1517125533
3o4l,33.3333333333,100.0,33.0357142857,27.8260869565,54.5880779848
3qdj,11.1111111111,100.0,37.5,63.3928571429,53.8525132275
