pdb_id,pep_identity,mhc_identity,tcrA_identity,tcrB_identity,total_identity
3o4l,33.3333333333,100.0,50.9090909091,28.0701754386,57.6076555024
5d2n,22.2222222222,99.4413407821,22.5225225225,57.3913043478,53.8734921465
5men,22.2222222222,100.0,33.9285714286,35.7142857143,52.3478835979
3qdj,11.1111111111,100.0,48.1818181818,38.3928571429,51.4661495911
3ffc,22.2222222222,81.0055865922,34.8214285714,50.4273504274,48.6173994379
