pdb_id,pep_identity,mhc_identity,tcrA_identity,tcrB_identity,total_identity
2bnq,11.1111111111,100.0,87.610619469,78.7610619469,64.7656506064
5men,22.2222222222,100.0,41.592920354,78.7610619469,60.7997377909
5eu6,11.1111111111,100.0,88.4955752212,38.5964912281,58.2190481119
3o4l,33.3333333333,100.0,38.0530973451,29.3103448276,55.6716848066
3qdj,11.1111111111,100.0,43.3628318584,62.8318584071,54.7361520813
5bs0,11.1111111111,86.5921787709,84.9557522124,34.5132743363,52.4792677188
