pdb_id,pep_identity,mhc_identity,tcrA_identity,tcrB_identity,total_identity
3o4l,33.3333333333,100.0,40.9090909091,27.9661016949,55.9236432118
3ffc,22.2222222222,81.0055865922,35.7142857143,88.0341880342,55.0340152295
5d2n,22.2222222222,99.4413407821,27.2727272727,56.0344827586,54.4390560067
3qdj,11.1111111111,100.0,68.8073394495,32.7586206897,53.9646970602
5men,22.2222222222,100.0,36.036036036,31.0344827586,51.9191605399
5bs0,11.1111111111,86.5921787709,43.3628318584,38.7931034483,46.2604191785
2e7l,33.3333333333,68.7150837989,38.3928571429,31.0344827586,45.587362361
