pdb_id,pep_identity,mhc_identity,tcrA_identity,tcrB_identity,total_identity
3o4l,33.3333333333,100.0,34.5794392523,36.2831858407,56.25488196
5men,22.2222222222,100.0,34.2342342342,50.4504504505,54.8548548549
3qeq,11.1111111111,100.0,51.8867924528,51.7857142857,54.3157881601
5d2n,22.2222222222,99.4413407821,26.8518518519,34.7826086957,50.8269310927
2e7l,33.3333333333,68.7150837989,27.9279279279,49.0909090909,46.8526118805
5bs0,11.1111111111,86.5921787709,38.9380530973,37.8378378378,45.3637451166
