pdb_id,pep_identity,mhc_identity,tcrA_identity,tcrB_identity,total_identity
5men,22.2222222222,100.0,41.0714285714,66.0714285714,58.5978835979
3qdj,11.1111111111,100.0,37.8378378378,91.0714285714,58.5219147719
3o4l,33.3333333333,100.0,34.2342342342,29.5652173913,55.077686382
5d2n,22.2222222222,99.4413407821,26.7857142857,33.0434782609,50.5260530925
2e7l,33.3333333333,68.7150837989,28.5714285714,53.5714285714,47.7066152345
