pdb_id,pep_identity,mhc_identity,tcrA_identity,tcrB_identity,total_identity
3o4l,33.3333333333,100.0,84.6153846154,30.4347826087,63.6194723151
5eu6,11.1111111111,100.0,38.0530973451,81.4159292035,56.9485414618
5men,22.2222222222,100.0,36.036036036,31.8584070796,52.05648126
