pdb_id,pep_identity,mhc_identity,tcrA_identity,tcrB_identity,total_identity
3o4l,33.3333333333,100.0,36.6972477064,22.3214285714,54.2808904908
5men,22.2222222222,100.0,31.8584070796,34.8214285714,51.8540466826
5eu6,11.1111111111,100.0,41.592920354,34.2105263158,49.6709448153
2e7l,33.3333333333,68.7150837989,27.9279279279,35.4545454545,44.5798846078
3ffc,22.2222222222,81.0055865922,28.3185840708,28.813559322,43.9312935036
