pdb_id,pep_identity,mhc_identity,tcrA_identity,tcrB_identity,total_identity
3qdj,11.1111111111,100.0,89.8148148148,62.1621621622,62.3665331999
3gsn,22.2222222222,100.0,41.2844036697,72.5663716814,59.7158699659
5men,22.2222222222,100.0,32.4324324324,75.6756756757,58.7587587588
2pye,11.1111111111,100.0,42.4778761062,74.1071428571,56.4678735309
3o4l,33.3333333333,100.0,40.3669724771,28.9473684211,55.9968345941
