pdb_id,pep_identity,mhc_identity,tcrA_identity,tcrB_identity,total_identity
3o4l,33.3333333333,100.0,51.8181818182,26.0869565217,57.4286341678
5men,22.2222222222,100.0,34.8214285714,30.9734513274,51.7065540572
5d2n,22.2222222222,99.4413407821,22.5225225225,40.0,50.9749414219
4eup,11.1111111111,100.0,46.3636363636,36.6071428571,50.8655002405
5bs0,11.1111111111,86.5921787709,38.0530973451,65.1785714286,49.773041423
3ffc,22.2222222222,81.0055865922,34.8214285714,41.0256410256,47.050447871
