pdb_id,pep_identity,mhc_identity,tcrA_identity,tcrB_identity,total_identity
3o4l,33.3333333333,100.0,29.4642857143,25.2100840336,53.5568394024
5bs0,11.1111111111,86.5921787709,36.8421052632,88.7931034483,53.5069647459
3qeq,11.1111111111,100.0,44.1441441441,32.7586206897,49.8541645093
3ffc,22.2222222222,81.0055865922,32.4561403509,41.8803418803,46.79868331
2e7l,33.3333333333,68.7150837989,25.0,31.0344827586,43.3552195038
