pdb_id,pep_identity,mhc_identity,tcrA_identity,tcrB_identity,total_identity
3o4l,33.3333333333,100.0,30.701754386,24.5614035088,53.6549707602
2bnq,11.1111111111,100.0,42.9824561404,31.5315315315,49.4560349824
2e7l,33.3333333333,68.7150837989,61.4035087719,29.7297297297,49.2050121277
3ffc,22.2222222222,81.0055865922,30.1724137931,32.4786324786,44.8511106501
