pdb_id,pep_identity,mhc_identity,tcrA_identity,tcrB_identity,total_identity
3o4l,33.3333333333,100.0,37.2727272727,25.2173913043,54.8594642073
5men,22.2222222222,100.0,36.6071428571,32.7433628319,52.2991583556
5eu6,11.1111111111,100.0,49.5575221239,37.7192982456,51.5831737653
3ffc,22.2222222222,81.0055865922,31.8584070796,32.4786324786,45.1321095312
