pdb_id,pep_identity,mhc_identity,tcrA_identity,tcrB_identity,total_identity
3qeq,11.1111111111,100.0,82.3008849558,38.0530973451,57.0960340872
5d2n,22.2222222222,99.4413407821,26.9565217391,56.5217391304,54.4675644797
3o4l,33.3333333333,100.0,28.9473684211,28.6956521739,54.0516145436
4mnq,22.2222222222,100.0,32.7433628319,35.3982300885,52.0976728941
3ffc,22.2222222222,81.0055865922,31.8965517241,53.8461538462,48.6997205332
5bs0,11.1111111111,86.5921787709,34.2105263158,45.5357142857,45.8588033943
