pdb_id,pep_identity,mhc_identity,tcrA_identity,tcrB_identity,total_identity
3o4l,33.3333333333,100.0,28.6956521739,23.4782608696,53.1400966184
2f54,11.1111111111,100.0,39.1304347826,35.9649122807,49.5529282143
3ffc,22.2222222222,81.0055865922,51.3043478261,32.2033898305,48.3272258809
2e7l,33.3333333333,68.7150837989,35.3448275862,33.6283185841,45.5116634058
