pdb_id,pep_identity,mhc_identity,tcrA_identity,tcrB_identity,total_identity
3qdj,11.1111111111,100.0,88.0733944954,34.8214285714,57.5195075482
3o4l,33.3333333333,100.0,40.0,25.0,55.2777777778
5men,22.2222222222,100.0,33.3333333333,33.9285714286,51.9510582011
5d2n,22.2222222222,99.4413407821,28.1818181818,30.1724137931,50.2802263306
