pdb_id,pep_identity,mhc_identity,tcrA_identity,tcrB_identity,total_identity
3gsn,22.2222222222,100.0,39.8148148148,48.2456140351,55.4174788824
2e7l,33.3333333333,68.7150837989,28.8288288288,53.982300885,47.8179939964
5bs0,11.1111111111,86.5921787709,40.7079646018,35.9649122807,45.3465761078
3ffc,22.2222222222,81.0055865922,27.6785714286,32.4786324786,44.435470256
