pdb_id,pep_identity,mhc_identity,tcrA_identity,tcrB_identity,total_identity
4mnq,22.2222222222,100.0,37.5,50.4504504505,55.3991491491
3o4l,33.3333333333,100.0,33.3333333333,30.0884955752,55.0147492625
4eup,11.1111111111,100.0,37.2727272727,58.5585585586,53.0089180089
2e7l,33.3333333333,68.7150837989,24.3243243243,50.0,46.4035264315
5bs0,11.1111111111,86.5921787709,41.592920354,40.0,46.166583353
3ffc,22.2222222222,81.0055865922,33.9285714286,35.0427350427,45.90448735
