pdb_id,pep_identity,mhc_identity,tcrA_identity,tcrB_identity,total_identity
3o4l,33.3333333333,100.0,58.0952380952,55.3571428571,63.3531746032
3gsn,22.2222222222,100.0,32.7272727273,30.4347826087,51.2677499634
4mnq,22.2222222222,100.0,28.5714285714,32.7433628319,50.9598726413
