pdb_id,pep_identity,mhc_identity,tcrA_identity,tcrB_identity,total_identity
2bnq,11.1111111111,100.0,89.3805309735,88.3928571429,66.6659350564
5men,22.2222222222,100.0,39.8230088496,91.8181818182,62.6809391854
3gsn,22.2222222222,100.0,40.5405405405,88.4955752212,62.2467600344
5eu6,11.1111111111,100.0,89.3805309735,35.3982300885,57.833497214
3o4l,33.3333333333,100.0,38.7387387387,30.701754386,56.0178599652
3qdj,11.1111111111,100.0,42.3423423423,63.963963964,54.7547547548
