pdb_id,pep_identity,mhc_identity,tcrA_identity,tcrB_identity,total_identity
3gsn,22.2222222222,100.0,33.9449541284,80.5309734513,59.820062004
3o4l,33.3333333333,100.0,29.3577981651,33.6206896552,54.9408590812
2e7l,33.3333333333,68.7150837989,30.6306306306,56.6371681416,48.5607721728
