pdb_id,pep_identity,mhc_identity,tcrA_identity,tcrB_identity,total_identity
3o4l,33.3333333333,100.0,35.4545454545,30.701754386,55.4704944179
5eu6,11.1111111111,100.0,37.1681415929,59.2920353982,53.1137332022
5men,22.2222222222,100.0,35.1351351351,36.6071428571,52.6977870728
3ffc,22.2222222222,81.0055865922,29.4642857143,52.9914529915,48.1518927224
2e7l,33.3333333333,68.7150837989,28.0701754386,34.8214285714,44.4980730457
