pdb_id,pep_identity,mhc_identity,tcrA_identity,tcrB_identity,total_identity
4eup,11.1111111111,100.0,35.4545454545,89.1891891892,57.810992811
4mnq,22.2222222222,100.0,43.119266055,55.8558558559,57.2365943926
3o4l,33.3333333333,100.0,33.3333333333,28.3185840708,54.7197640118
5d2n,22.2222222222,99.4413407821,25.4545454545,30.4347826087,49.869409012
2e7l,33.3333333333,68.7150837989,29.203539823,56.3636363636,48.2773350752
