pdb_id,pep_identity,mhc_identity,tcrA_identity,tcrB_identity,total_identity
3qeq,11.1111111111,100.0,27.8260869565,90.1785714286,56.7044801012
5men,22.2222222222,100.0,29.5652173913,64.5454545455,56.4258527302
2e7l,33.3333333333,68.7150837989,62.6086956522,63.3027522936,55.0013803684
3o4l,33.3333333333,100.0,31.3043478261,29.8245614035,54.6325959827
5d2n,22.2222222222,99.4413407821,26.724137931,34.7826086957,50.8056454392
3ffc,22.2222222222,81.0055865922,30.7692307692,35.0427350427,45.3779305735
