pdb_id,pep_identity,mhc_identity,tcrA_identity,tcrB_identity,total_identity
3o4l,33.3333333333,100.0,32.4324324324,27.1929824561,54.3820135925
5men,22.2222222222,100.0,44.8598130841,33.9285714286,53.8721381595
5eu6,11.1111111111,100.0,40.7079646018,46.017699115,51.4913143232
3ffc,22.2222222222,81.0055865922,30.0884955752,42.735042735,46.5465259898
2e7l,33.3333333333,68.7150837989,29.203539823,33.3333333333,44.4389512368
