pdb_id,pep_identity,mhc_identity,tcrA_identity,tcrB_identity,total_identity
3o4l,33.3333333333,100.0,58.6538461538,28.0701754386,58.8984480432
4mnq,22.2222222222,100.0,30.0,35.7142857143,51.6931216931
5d2n,22.2222222222,99.4413407821,22.9357798165,34.7826086957,50.1742524201
3qdj,11.1111111111,100.0,43.119266055,33.0357142857,49.7295337605
