pdb_id,pep_identity,mhc_identity,tcrA_identity,tcrB_identity,total_identity
4eup,11.1111111111,100.0,62.1621621622,57.6576576577,57.007007007
3o4l,33.3333333333,100.0,33.0357142857,30.9734513274,55.1126387133
4mnq,22.2222222222,100.0,30.0,51.3513513514,54.2992992993
5d2n,22.2222222222,99.4413407821,22.5225225225,34.7826086957,50.1053762045
2e7l,33.3333333333,68.7150837989,33.3333333333,50.0,47.905027933
5bs0,11.1111111111,86.5921787709,41.592920354,38.7387387387,45.9563731428
