pdb_id,pep_identity,mhc_identity,tcrA_identity,tcrB_identity,total_identity
3o4l,33.3333333333,100.0,53.1531531532,25.8620689655,57.6136481309
5men,22.2222222222,100.0,36.6071428571,30.0884955752,51.8566804795
5d2n,22.2222222222,99.4413407821,23.2142857143,42.6086956522,51.5250178959
3qdj,11.1111111111,100.0,51.3513513514,32.7433628319,51.0528227342
5bs0,11.1111111111,86.5921787709,35.3982300885,53.0973451327,47.3170258309
3ffc,22.2222222222,81.0055865922,31.8584070796,44.4444444444,47.1264115255
