pdb_id,pep_identity,mhc_identity,tcrA_identity,tcrB_identity,total_identity
5eu6,11.1111111111,100.0,88.4955752212,44.2477876106,59.1609308423
5bs0,11.1111111111,86.5921787709,84.9557522124,68.4684684685,58.1384667408
3o4l,33.3333333333,100.0,38.0530973451,28.9473684211,55.6111887388
5men,22.2222222222,100.0,41.592920354,33.6363636364,53.2789547391
3qeq,11.1111111111,100.0,32.7433628319,33.0357142857,48.0002165566
