pdb_id,pep_identity,mhc_identity,tcrA_identity,tcrB_identity,total_identity
5d2n,22.2222222222,99.4413407821,25.0,58.2608695652,54.4313325957
5men,22.2222222222,100.0,42.2018348624,32.7433628319,53.2316070231
3qeq,11.1111111111,100.0,37.962962963,44.2477876106,50.7388287993
3ffc,22.2222222222,81.0055865922,28.5714285714,51.2820512821,47.7181829137
5bs0,11.1111111111,86.5921787709,38.0530973451,41.592920354,45.8420995772
2e7l,33.3333333333,68.7150837989,27.9279279279,35.3982300885,44.5704987135
