pdb_id,pep_identity,mhc_identity,tcrA_identity,tcrB_identity,total_identity
2bnq,11.1111111111,100.0,85.8407079646,89.2857142857,66.2247740788
5men,22.2222222222,100.0,41.4414414414,91.0714285714,62.8262190762
3gsn,22.2222222222,100.0,40.0,90.2654867257,62.451655195
5eu6,11.1111111111,100.0,89.3805309735,37.1681415929,58.1284824648
3o4l,33.3333333333,100.0,38.1818181818,28.6956521739,55.5906895037
3qdj,11.1111111111,100.0,41.8181818182,64.2857142857,54.721019721
