pdb_id,pep_identity,mhc_identity,tcrA_identity,tcrB_identity,total_identity
4eup,11.1111111111,100.0,36.036036036,88.2882882883,57.7577577578
5men,22.2222222222,100.0,41.4414414414,50.4504504505,56.0560560561
3o4l,33.3333333333,100.0,32.4324324324,31.8584070796,55.1595843631
5d2n,22.2222222222,99.4413407821,25.0,28.6956521739,49.5037963638
2e7l,33.3333333333,68.7150837989,28.5714285714,56.3636363636,48.1719831999
