pdb_id,pep_identity,mhc_identity,tcrA_identity,tcrB_identity,total_identity
3o4l,33.3333333333,100.0,33.6538461538,24.1379310345,54.0764073092
4mnq,22.2222222222,100.0,27.9279279279,31.5789473684,50.6585532901
4eup,11.1111111111,100.0,37.962962963,32.7433628319,48.8214246695
2e7l,33.3333333333,68.7150837989,33.3333333333,37.1681415929,45.7663848651
3ffc,22.2222222222,81.0055865922,32.7272727273,32.4786324786,45.2769204725
5bs0,11.1111111111,86.5921787709,30.0884955752,39.4736842105,44.161459925
