pdb_id,pep_identity,mhc_identity,tcrA_identity,tcrB_identity,total_identity
3o4l,33.3333333333,100.0,58.6538461538,28.0701754386,58.8984480432
5d2n,22.2222222222,99.4413407821,22.9357798165,67.8260869565,55.681498797
5men,22.2222222222,100.0,30.3571428571,32.7433628319,51.2574916889
3qdj,11.1111111111,100.0,43.119266055,36.2831858407,50.2707790197
3ffc,22.2222222222,81.0055865922,38.1818181818,52.9914529915,49.6048148003
