pdb_id,pep_identity,mhc_identity,tcrA_identity,tcrB_identity,total_identity
3qdj,11.1111111111,100.0,88.8888888889,41.0714285714,58.6970899471
3o4l,33.3333333333,100.0,38.8888888889,33.3333333333,56.4814814815
5d2n,22.2222222222,99.4413407821,21.2962962963,66.0869565217,55.1183964711
5men,22.2222222222,100.0,34.2342342342,38.7387387387,52.9029029029
3ffc,22.2222222222,81.0055865922,32.1428571429,56.4102564103,49.1681218637
