pdb_id,pep_identity,mhc_identity,tcrA_identity,tcrB_identity,total_identity
5men,22.2222222222,100.0,85.4545454545,31.3043478261,60.2005562875
5eu6,11.1111111111,100.0,41.592920354,65.2173913043,54.8387556468
3o4l,33.3333333333,100.0,32.7433628319,28.2051282051,54.6025262839
3qdj,11.1111111111,100.0,35.7142857143,33.9130434783,48.6415919025
3ffc,22.2222222222,81.0055865922,32.1739130435,52.1367521368,48.4610471348
