pdb_id,pep_identity,mhc_identity,tcrA_identity,tcrB_identity,total_identity
3o4l,33.3333333333,100.0,32.1428571429,30.0884955752,54.8163365641
4mnq,22.2222222222,100.0,29.8245614035,50.4504504505,54.1199093831
2e7l,33.3333333333,68.7150837989,61.6071428571,50.0,52.6173295203
4eup,11.1111111111,100.0,33.0357142857,58.5585585586,52.3027491777
4qrp,11.1111111111,81.0055865922,51.7857142857,33.6283185841,44.9412380461
5bs0,11.1111111111,86.5921787709,29.8245614035,40.0,44.2051901946
