pdb_id,pep_identity,mhc_identity,tcrA_identity,tcrB_identity,total_identity
5d2n,22.2222222222,99.4413407821,23.4234234234,87.9310344828,59.1135973191
3o4l,33.3333333333,100.0,52.7272727273,28.813559322,58.0345831193
4mnq,22.2222222222,100.0,36.6071428571,33.6206896552,52.4453794928
3qdj,11.1111111111,100.0,50.0,34.4827586207,51.1174968072
3ffc,22.2222222222,81.0055865922,33.9285714286,56.4102564103,49.4657409113
