pdb_id,pep_identity,mhc_identity,tcrA_identity,tcrB_identity,total_identity
4eup,11.1111111111,100.0,88.0733944954,87.3873873874,66.2805006842
3o4l,33.3333333333,100.0,40.0,27.1929824561,55.6432748538
3gsn,22.2222222222,100.0,40.0,46.9026548673,55.224516552
5men,22.2222222222,100.0,33.3333333333,49.1071428571,54.4808201058
