pdb_id,pep_identity,mhc_identity,tcrA_identity,tcrB_identity,total_identity
3o4l,33.3333333333,100.0,35.7142857143,27.4336283186,54.9690967833
4mnq,22.2222222222,100.0,36.036036036,36.9369369369,52.9029029029
5eu6,11.1111111111,100.0,47.7876106195,39.8230088496,51.6388069485
3ffc,22.2222222222,81.0055865922,31.5789473684,39.3162393162,46.2251340522
2e7l,33.3333333333,68.7150837989,32.7433628319,29.0909090909,44.3218510312
