pdb_id,pep_identity,mhc_identity,tcrA_identity,tcrB_identity,total_identity
4eup,11.1111111111,100.0,36.6071428571,86.4864864865,57.5526419276
5men,22.2222222222,100.0,42.7272727273,48.2142857143,55.8976671477
3o4l,33.3333333333,100.0,32.7433628319,25.4385964912,54.141437665
5d2n,22.2222222222,99.4413407821,24.1071428571,29.5652173913,49.4999143762
2e7l,33.3333333333,68.7150837989,28.6956521739,56.7567567568,48.2582071992
