pdb_id,pep_identity,mhc_identity,tcrA_identity,tcrB_identity,total_identity
3o4l,33.3333333333,100.0,34.5794392523,29.8245614035,55.1784445538
5eu6,11.1111111111,100.0,38.0530973451,58.407079646,53.1137332022
5men,22.2222222222,100.0,34.2342342342,36.6071428571,52.5476369226
3ffc,22.2222222222,81.0055865922,28.1818181818,52.1367521368,47.7956979912
2e7l,33.3333333333,68.7150837989,27.9279279279,35.7142857143,44.6231746511
