pdb_id,pep_identity,mhc_identity,tcrA_identity,tcrB_identity,total_identity
5men,22.2222222222,100.0,29.8245614035,76.5765765766,58.4742637374
2e7l,33.3333333333,68.7150837989,69.9115044248,57.6576576577,55.2776660578
3o4l,33.3333333333,100.0,32.7433628319,28.9473684211,54.7262329866
3qdj,11.1111111111,100.0,31.8584070796,63.0630630631,52.8572820608
5d2n,22.2222222222,99.4413407821,26.3157894737,30.4347826087,50.0129496818
