pdb_id,pep_identity,mhc_identity,tcrA_identity,tcrB_identity,total_identity
5d2n,22.2222222222,99.4413407821,22.4299065421,68.9655172414,55.787091632
3o4l,33.3333333333,100.0,32.380952381,25.641025641,54.1147741148
4mnq,22.2222222222,100.0,31.1926605505,28.4482758621,50.6808968095
3ffc,22.2222222222,81.0055865922,33.6363636364,54.7008547009,49.1321393277
3qdj,11.1111111111,100.0,38.3177570093,33.6206896552,49.0267781478
5bs0,11.1111111111,86.5921787709,31.8584070796,43.1034482759,45.0614058533
2e7l,33.3333333333,68.7150837989,32.4324324324,32.1739130435,44.7838632901
