pdb_id,pep_identity,mhc_identity,tcrA_identity,tcrB_identity,total_identity
5d2n,22.2222222222,99.4413407821,24.7787610619,90.4347826087,59.7567782799
3o4l,33.3333333333,100.0,31.25,29.5652173913,54.5803140097
4mnq,22.2222222222,100.0,27.1929824561,33.6283185841,50.8776242474
2e7l,33.3333333333,68.7150837989,58.0357142857,33.6283185841,49.2934778557
3ffc,22.2222222222,81.0055865922,30.701754386,55.5555555556,48.7854879284
4qrp,11.1111111111,81.0055865922,51.7857142857,56.1403508772,48.6932434282
3qdj,11.1111111111,100.0,33.0357142857,36.2831858407,48.5901870581
