pdb_id,pep_identity,mhc_identity,tcrA_identity,tcrB_identity,total_identity
3qeq,11.1111111111,100.0,44.5454545455,87.0689655172,58.9727737142
5men,22.2222222222,100.0,35.1351351351,58.6206896552,56.3667115391
3o4l,33.3333333333,100.0,39.0909090909,27.731092437,55.5814446991
5d2n,22.2222222222,99.4413407821,27.2727272727,37.6068376068,51.3677818147
2e7l,33.3333333333,68.7150837989,39.2857142857,60.3448275862,50.6212293561
3ffc,22.2222222222,81.0055865922,43.75,35.8974358974,47.6838422544
