pdb_id,pep_identity,mhc_identity,tcrA_identity,tcrB_identity,total_identity
5eu6,11.1111111111,100.0,41.592920354,79.6460176991,57.2435267126
3o4l,33.3333333333,100.0,33.0275229358,31.3043478261,55.1664229048
5men,22.2222222222,100.0,40.7079646018,33.6283185841,53.1301212717
3ffc,22.2222222222,81.0055865922,30.0884955752,58.9743589744,49.2530786964
5bs0,11.1111111111,86.5921787709,38.9380530973,44.6428571429,46.4979150007
