pdb_id,pep_identity,mhc_identity,tcrA_identity,tcrB_identity,total_identity
4eup,11.1111111111,100.0,88.1818181818,52.2123893805,60.4360716308
3o4l,33.3333333333,100.0,40.5405405405,28.4482758621,55.9425805115
4mnq,22.2222222222,100.0,33.3333333333,49.1228070175,54.4834307992
5d2n,22.2222222222,99.4413407821,21.6216216216,33.0434782609,49.6653709819
2e7l,33.3333333333,68.7150837989,37.1681415929,53.0973451327,49.0603868317
