pdb_id,pep_identity,mhc_identity,tcrA_identity,tcrB_identity,total_identity
3o4l,33.3333333333,100.0,51.3513513514,32.7433628319,58.4602301416
3gsn,22.2222222222,100.0,42.3423423423,61.9469026549,58.1222815736
2e7l,33.3333333333,68.7150837989,35.3982300885,60.0,49.9158440588
