pdb_id,pep_identity,mhc_identity,tcrA_identity,tcrB_identity,total_identity
3o4l,33.3333333333,100.0,40.1785714286,24.1379310345,55.1638615216
4mnq,22.2222222222,100.0,30.4347826087,30.701754386,50.9301635732
3ffc,22.2222222222,81.0055865922,61.9469026549,36.7521367521,50.859109506
5eu6,11.1111111111,100.0,33.0434782609,40.0,49.2109500805
2e7l,33.3333333333,68.7150837989,33.6283185841,30.9734513274,44.783100696
