pdb_id,pep_identity,mhc_identity,tcrA_identity,tcrB_identity,total_identity
5d2n,22.2222222222,99.4413407821,60.0,40.8695652174,57.3661152043
3o4l,33.3333333333,100.0,20.5357142857,26.3157894737,52.2530284043
4mnq,22.2222222222,100.0,23.2142857143,33.9285714286,50.2645502646
3qdj,11.1111111111,100.0,26.7857142857,37.5,47.7513227513
5bs0,11.1111111111,86.5921787709,26.0869565217,61.2612612613,47.1257995912
3ffc,22.2222222222,81.0055865922,30.9734513274,42.735042735,46.6940186152
