pdb_id,pep_identity,mhc_identity,tcrA_identity,tcrB_identity,total_identity
3qdj,11.1111111111,100.0,90.0900900901,63.963963964,62.7127127127
3gsn,22.2222222222,100.0,37.5,76.1061946903,59.6751065225
5men,22.2222222222,100.0,33.3333333333,77.4774774775,59.2092092092
2pye,11.1111111111,100.0,42.4778761062,75.8928571429,56.7654925785
3o4l,33.3333333333,100.0,40.1785714286,28.9473684211,55.9654344194
