pdb_id,pep_identity,mhc_identity,tcrA_identity,tcrB_identity,total_identity
4eup,11.1111111111,100.0,34.8623853211,84.8214285714,56.9843393525
5men,22.2222222222,100.0,35.1351351351,46.9026548673,54.4137057411
3o4l,33.3333333333,100.0,32.0754716981,25.2173913043,53.9932549449
5d2n,22.2222222222,99.4413407821,27.1028037383,29.5652173913,49.9991911897
2e7l,33.3333333333,68.7150837989,26.1261261261,55.3571428571,47.5966838746
