pdb_id,pep_identity,mhc_identity,tcrA_identity,tcrB_identity,total_identity
3qdj,11.1111111111,100.0,87.962962963,35.3982300885,57.5972358789
3o4l,33.3333333333,100.0,39.8148148148,30.4347826087,56.1527106817
4mnq,22.2222222222,100.0,33.3333333333,33.6283185841,51.9010160603
5d2n,22.2222222222,99.4413407821,23.1481481481,40.8695652174,51.2241398957
5bs0,11.1111111111,86.5921787709,40.7079646018,59.2920353982,49.2344299607
3ffc,22.2222222222,81.0055865922,39.2857142857,39.3162393162,47.5095952051
