pdb_id,pep_identity,mhc_identity,tcrA_identity,tcrB_identity,total_identity
3o4l,33.3333333333,100.0,34.5794392523,30.0884955752,55.2224335824
5men,22.2222222222,100.0,35.1351351351,50.4504504505,55.005005005
3qeq,11.1111111111,100.0,50.9433962264,52.6785714286,54.3073649795
2e7l,33.3333333333,68.7150837989,29.7297297297,50.0,47.3044273324
5bs0,11.1111111111,86.5921787709,37.1681415929,40.9090909091,45.5806353777
3ffc,22.2222222222,81.0055865922,29.0909090909,35.0427350427,45.0982102937
