pdb_id,pep_identity,mhc_identity,tcrA_identity,tcrB_identity,total_identity
3o4l,33.3333333333,100.0,53.7037037037,33.6206896552,58.9985100043
3ffc,22.2222222222,81.0055865922,33.0357142857,87.1794871795,54.4451365157
5d2n,22.2222222222,99.4413407821,29.3577981651,53.9130434783,54.4329946087
5men,22.2222222222,100.0,34.8214285714,31.5789473684,51.807470064
3qdj,11.1111111111,100.0,48.623853211,32.4561403509,50.5503692974
