pdb_id,pep_identity,mhc_identity,tcrA_identity,tcrB_identity,total_identity
4mnq,22.2222222222,100.0,28.0701754386,58.0357142857,55.0917223615
3o4l,33.3333333333,100.0,31.25,30.701754386,54.7697368421
2e7l,33.3333333333,68.7150837989,63.3928571429,54.954954955,53.7407743937
4eup,11.1111111111,100.0,36.6071428571,59.4594594595,53.0481374231
5bs0,11.1111111111,86.5921787709,35.0877192982,34.8214285714,44.219287939
