pdb_id,pep_identity,mhc_identity,tcrA_identity,tcrB_identity,total_identity
3o4l,33.3333333333,100.0,38.1818181818,53.982300885,59.8051309556
5eu6,11.1111111111,100.0,88.4955752212,33.3333333333,57.3418551295
2p5e,11.1111111111,100.0,83.185840708,30.0884955752,55.9160930842
5bs0,11.1111111111,86.5921787709,81.4159292035,28.0701754386,50.815447401
3qeq,11.1111111111,100.0,30.9090909091,37.7192982456,48.4751018962
