pdb_id,pep_identity,mhc_identity,tcrA_identity,tcrB_identity,total_identity
3o4l,33.3333333333,100.0,33.9449541284,35.0877192982,55.9498900156
5d2n,22.2222222222,99.4413407821,28.1818181818,51.3043478261,53.8022153361
5men,22.2222222222,100.0,34.2342342342,35.7142857143,52.3988273988
3qeq,11.1111111111,100.0,52.7777777778,32.7433628319,51.290560472
3ffc,22.2222222222,81.0055865922,30.6306306306,48.7179487179,47.6340328296
5bs0,11.1111111111,86.5921787709,37.1681415929,41.0714285714,45.6076916547
