pdb_id,pep_identity,mhc_identity,tcrA_identity,tcrB_identity,total_identity
2bnq,11.1111111111,100.0,85.8407079646,54.954954955,60.502980857
3o4l,33.3333333333,100.0,37.2727272727,31.5789473684,55.9197235513
5bs0,11.1111111111,86.5921787709,80.5309734513,34.8214285714,51.7931636311
3qeq,11.1111111111,100.0,30.9090909091,50.8928571429,50.6706950457
5d2n,22.2222222222,99.4413407821,22.5225225225,28.6956521739,49.0908834509
2e7l,33.3333333333,68.7150837989,36.036036036,53.1531531532,48.8810039089
