pdb_id,pep_identity,mhc_identity,tcrA_identity,tcrB_identity,total_identity
3o4l,33.3333333333,100.0,33.0357142857,27.8260869565,54.5880779848
5eu6,11.1111111111,100.0,36.8421052632,59.2920353982,53.0593938139
2e7l,33.3333333333,68.7150837989,70.5357142857,36.2831858407,51.8192890651
4mnq,22.2222222222,100.0,29.8245614035,35.3982300885,51.6112059894
3ffc,22.2222222222,81.0055865922,28.9473684211,52.1367521368,47.9232896978
