pdb_id,pep_identity,mhc_identity,tcrA_identity,tcrB_identity,total_identity
5eu6,11.1111111111,100.0,32.4561403509,90.4347826087,57.5188575303
3o4l,33.3333333333,100.0,31.8584070796,28.2051282051,54.4550336586
2e7l,33.3333333333,68.7150837989,69.0265486726,34.7826086957,51.3176652721
5men,22.2222222222,100.0,28.9473684211,33.9130434783,51.2174760573
3ffc,22.2222222222,81.0055865922,27.8260869565,56.4102564103,48.4486601659
