pdb_id,pep_identity,mhc_identity,tcrA_identity,tcrB_identity,total_identity
3o4l,33.3333333333,100.0,32.7272727273,26.724137931,54.3530128875
5men,22.2222222222,100.0,44.9541284404,30.0884955752,53.2478447433
5eu6,11.1111111111,100.0,41.592920354,42.1052631579,50.986734289
3ffc,22.2222222222,81.0055865922,30.3571428571,41.8803418803,46.4488503944
2e7l,33.3333333333,68.7150837989,28.5714285714,30.0884955752,43.7927930685
