pdb_id,pep_identity,mhc_identity,tcrA_identity,tcrB_identity,total_identity
5men,22.2222222222,100.0,36.036036036,52.7272727273,55.5346255346
3o4l,33.3333333333,100.0,34.2592592593,26.5486725664,54.5790997487
3qeq,11.1111111111,100.0,51.4018691589,53.5714285714,54.5325866588
2e7l,33.3333333333,68.7150837989,26.7857142857,56.880733945,47.9605470825
5bs0,11.1111111111,86.5921787709,38.0530973451,34.2342342342,44.6156518906
