pdb_id,pep_identity,mhc_identity,tcrA_identity,tcrB_identity,total_identity
5d2n,22.2222222222,99.4413407821,54.7169811321,69.5652173913,61.2682207553
3o4l,33.3333333333,100.0,24.0740740741,27.1929824561,52.9889538661
4mnq,22.2222222222,100.0,21.6216216216,28.3185840708,49.0641083561
