pdb_id,pep_identity,mhc_identity,tcrA_identity,tcrB_identity,total_identity
3o4l,33.3333333333,100.0,84.4660194175,23.9316239316,62.510718336
5men,22.2222222222,100.0,39.0909090909,27.8260869565,51.8935734153
3gsn,22.2222222222,100.0,33.9449541284,27.8260869565,51.0359142549
