pdb_id,pep_identity,mhc_identity,tcrA_identity,tcrB_identity,total_identity
3o4l,33.3333333333,100.0,28.5714285714,30.0884955752,54.2210984689
5men,22.2222222222,100.0,32.1428571429,32.4324324324,51.5032890033
3qdj,11.1111111111,100.0,37.5,35.1351351351,49.1428928929
5bs0,11.1111111111,86.5921787709,32.7433628319,40.5405405405,44.7817471894
3ffc,22.2222222222,81.0055865922,23.6842105263,31.6239316239,43.6272932965
2e7l,33.3333333333,68.7150837989,24.7787610619,32.7272727273,43.6004780089
