pdb_id,pep_identity,mhc_identity,tcrA_identity,tcrB_identity,total_identity
3qdj,11.1111111111,100.0,87.962962963,31.8584070796,57.0072653775
3o4l,33.3333333333,100.0,39.4495412844,23.4782608696,54.9324114701
4mnq,22.2222222222,100.0,34.2342342342,31.8584070796,51.7561809597
5d2n,22.2222222222,99.4413407821,22.0183486239,33.9130434783,49.8764196851
3ffc,22.2222222222,81.0055865922,33.9285714286,33.3333333333,45.6195870651
