pdb_id,pep_identity,mhc_identity,tcrA_identity,tcrB_identity,total_identity
5men,22.2222222222,100.0,28.9473684211,91.0714285714,60.7438735728
3o4l,33.3333333333,100.0,38.1818181818,28.6956521739,55.5906895037
2e7l,33.3333333333,68.7150837989,63.0630630631,56.25,53.9016495546
3qdj,11.1111111111,100.0,35.1351351351,64.2857142857,53.6071786072
5d2n,22.2222222222,99.4413407821,27.9279279279,30.4347826087,50.2816394242
