pdb_id,pep_identity,mhc_identity,tcrA_identity,tcrB_identity,total_identity
5men,22.2222222222,100.0,86.3636363636,34.5454545455,60.8922558923
5bs0,11.1111111111,86.5921787709,39.8230088496,92.7927927928,54.6703969011
3o4l,33.3333333333,100.0,31.1926605505,26.3157894737,54.0291861151
5d2n,22.2222222222,99.4413407821,22.2222222222,46.9565217391,52.0843116617
