pdb_id,pep_identity,mhc_identity,tcrA_identity,tcrB_identity,total_identity
3o4l,33.3333333333,100.0,30.9090909091,24.347826087,53.6539306105
2e7l,33.3333333333,68.7150837989,57.6576576577,34.8214285714,49.4293200823
2p5e,11.1111111111,100.0,30.701754386,37.5,48.4039961014
4qrp,11.1111111111,81.0055865922,50.4504504505,30.9734513274,44.2762161974
