pdb_id,pep_identity,mhc_identity,tcrA_identity,tcrB_identity,total_identity
3qdj,11.1111111111,100.0,87.962962963,35.9649122807,57.691682911
5d2n,22.2222222222,99.4413407821,22.2222222222,73.0434782609,56.4321377486
3o4l,33.3333333333,100.0,39.8148148148,31.0344827586,56.2526607067
5men,22.2222222222,100.0,33.0275229358,32.4561403509,51.6546846219
3ffc,22.2222222222,81.0055865922,32.1428571429,54.7008547009,48.8832215788
