pdb_id,pep_identity,mhc_identity,tcrA_identity,tcrB_identity,total_identity
3o4l,33.3333333333,100.0,32.4324324324,25.4385964912,54.0896159317
3qdj,11.1111111111,100.0,63.6363636364,33.6283185841,53.2478174071
5men,22.2222222222,100.0,32.7272727273,35.3982300885,52.09499121
3ffc,22.2222222222,81.0055865922,29.203539823,44.4444444444,46.6839336494
2e7l,33.3333333333,68.7150837989,33.6283185841,36.6071428571,45.7220492843
5bs0,11.1111111111,86.5921787709,37.1681415929,36.2831858407,44.8096511996
