pdb_id,pep_identity,mhc_identity,tcrA_identity,tcrB_identity,total_identity
3o4l,33.3333333333,100.0,35.5140186916,29.203539823,55.2307041969
5men,22.2222222222,100.0,36.036036036,50.4504504505,55.1551551552
3qeq,11.1111111111,100.0,50.9433962264,51.7857142857,54.1585554557
2e7l,33.3333333333,68.7150837989,27.027027027,51.8181818182,47.1570071849
3ffc,22.2222222222,81.0055865922,28.1818181818,33.3333333333,44.6617948573
5bs0,11.1111111111,86.5921787709,36.2831858407,36.036036036,44.6209669401
