pdb_id,pep_identity,mhc_identity,tcrA_identity,tcrB_identity,total_identity
3qdj,11.1111111111,100.0,90.8256880734,32.4561403509,57.5840084411
3o4l,33.3333333333,100.0,40.0,33.0434782609,56.6183574879
5d2n,22.2222222222,99.4413407821,23.6363636364,49.5652173913,52.7547845061
5men,22.2222222222,100.0,36.036036036,32.4561403509,52.1561034719
3ffc,22.2222222222,81.0055865922,33.0357142857,47.8632478632,47.892429963
