pdb_id,pep_identity,mhc_identity,tcrA_identity,tcrB_identity,total_identity
5eu6,11.1111111111,100.0,86.7256637168,57.8947368421,61.1404371302
2bnr,11.1111111111,100.0,86.7256637168,29.8245614035,56.4620745571
3o4l,33.3333333333,100.0,38.1818181818,33.6206896552,56.4115290839
3ffc,22.2222222222,81.0055865922,34.5132743363,87.1794871795,54.6913965241
5bs0,11.1111111111,86.5921787709,84.0707964602,41.2280701754,53.4509077333
4mnq,22.2222222222,100.0,38.9380530973,30.701754386,52.3473753213
4qrp,11.1111111111,81.0055865922,31.8181818182,87.7192982456,50.6284792451
3qdj,11.1111111111,100.0,43.6363636364,32.4561403509,49.7191210349
