pdb_id,pep_identity,mhc_identity,tcrA_identity,tcrB_identity,total_identity
3gsn,22.2222222222,100.0,41.2844036697,77.8761061947,60.6008257181
4mnq,22.2222222222,100.0,39.0909090909,74.3362831858,59.6452727869
3o4l,33.3333333333,100.0,35.7798165138,29.3103448276,55.292804668
