pdb_id,pep_identity,mhc_identity,tcrA_identity,tcrB_identity,total_identity
4eup,11.1111111111,100.0,34.2105263158,84.8214285714,56.8756961849
2e7l,33.3333333333,68.7150837989,64.0350877193,57.1428571429,54.2124631878
3o4l,33.3333333333,100.0,30.701754386,25.2173913043,53.7643020595
5men,22.2222222222,100.0,30.701754386,46.9026548673,53.6748089496
5d2n,22.2222222222,99.4413407821,26.9565217391,29.5652173913,49.9748108565
