pdb_id,pep_identity,mhc_identity,tcrA_identity,tcrB_identity,total_identity
5men,22.2222222222,100.0,43.6363636364,50.4504504505,56.4218764219
3o4l,33.3333333333,100.0,27.6785714286,30.9734513274,54.2197815704
3qeq,11.1111111111,100.0,45.045045045,55.3571428571,53.7707350207
5d2n,22.2222222222,99.4413407821,25.8928571429,31.3043478261,50.0873884963
2e7l,33.3333333333,68.7150837989,24.1071428571,53.6363636364,46.9733901263
