pdb_id,pep_identity,mhc_identity,tcrA_identity,tcrB_identity,total_identity
3qeq,11.1111111111,100.0,28.8288288288,90.2654867257,56.8860896295
2e7l,33.3333333333,68.7150837989,70.2702702703,62.8318584071,56.199827157
5men,22.2222222222,100.0,28.9473684211,61.0619469027,55.7422932947
3o4l,33.3333333333,100.0,32.4324324324,28.4482758621,54.5912291602
5d2n,22.2222222222,99.4413407821,25.8928571429,36.5217391304,50.9569537137
