pdb_id,pep_identity,mhc_identity,tcrA_identity,tcrB_identity,total_identity
3o4l,33.3333333333,100.0,51.8181818182,25.0,57.2474747475
5men,22.2222222222,100.0,34.8214285714,30.701754386,51.6612712336
5d2n,22.2222222222,99.4413407821,22.5225225225,42.6086956522,51.4097240306
3qdj,11.1111111111,100.0,49.0909090909,34.2105263158,50.9206096048
5bs0,11.1111111111,86.5921787709,38.0530973451,61.4035087719,49.1438643135
3ffc,22.2222222222,81.0055865922,34.8214285714,41.8803418803,47.1928980134
