pdb_id,pep_identity,mhc_identity,tcrA_identity,tcrB_identity,total_identity
5bs0,11.1111111111,86.5921787709,40.7079646018,90.350877193,54.4109035931
3o4l,33.3333333333,100.0,32.1428571429,26.4957264957,54.2175417175
5men,22.2222222222,100.0,43.119266055,33.3333333333,53.4828406388
4eup,11.1111111111,100.0,36.9369369369,35.9649122807,49.18734524
3ffc,22.2222222222,81.0055865922,28.9473684211,41.8803418803,46.2138879884
2e7l,33.3333333333,68.7150837989,28.9473684211,28.9473684211,43.6652618511
