pdb_id,pep_identity,mhc_identity,tcrA_identity,tcrB_identity,total_identity
3qeq,11.1111111111,100.0,94.4444444444,33.9285714286,58.4325396825
3o4l,33.3333333333,100.0,30.2752293578,27.1929824561,54.0224797468
5d2n,22.2222222222,99.4413407821,30.0,40.8695652174,52.3661152043
4mnq,22.2222222222,100.0,33.9285714286,32.1428571429,51.7526455026
5bs0,11.1111111111,86.5921787709,32.7433628319,58.0357142857,47.6976094803
3ffc,22.2222222222,81.0055865922,38.9380530973,39.3162393162,47.4516516737
