pdb_id,pep_identity,mhc_identity,tcrA_identity,tcrB_identity,total_identity
5d2n,22.2222222222,99.4413407821,48.1818181818,33.0434782609,54.0920704086
4mnq,22.2222222222,100.0,20.5357142857,33.3333333333,49.7189153439
3qdj,11.1111111111,100.0,20.5357142857,35.0877192982,46.307609301
3ffc,22.2222222222,81.0055865922,25.6637168142,35.0427350427,44.5270115809
2e7l,33.3333333333,68.7150837989,27.5862068966,33.6283185841,44.2185599575
5bs0,11.1111111111,86.5921787709,23.4782608696,41.592920354,43.4129601646
