pdb_id,pep_identity,mhc_identity,tcrA_identity,tcrB_identity,total_identity
3gsn,22.2222222222,100.0,26.1261261261,54.8672566372,54.239637868
2e7l,33.3333333333,68.7150837989,27.1929824561,56.3636363636,47.9422421807
3ffc,22.2222222222,81.0055865922,31.5315315315,33.3333333333,45.2200804156
