pdb_id,pep_identity,mhc_identity,tcrA_identity,tcrB_identity,total_identity
2bnq,11.1111111111,100.0,90.2654867257,55.8558558559,61.390594134
4mnq,22.2222222222,100.0,39.8230088496,58.1818181818,57.0748785793
3o4l,33.3333333333,100.0,38.3928571429,25.6637168142,55.1205401039
5bs0,11.1111111111,86.5921787709,87.610619469,37.2727272727,53.3816544176
3qdj,11.1111111111,100.0,43.75,52.2522522523,53.0374124124
2e7l,33.3333333333,68.7150837989,37.1681415929,55.0458715596,49.3851412362
