pdb_id,pep_identity,mhc_identity,tcrA_identity,tcrB_identity,total_identity
3o4l,33.3333333333,100.0,32.1100917431,29.5652173913,54.7236626335
5men,22.2222222222,100.0,25.6637168142,39.8230088496,51.655195018
5eu6,11.1111111111,100.0,26.724137931,56.6371681416,50.9305880491
3ffc,22.2222222222,81.0055865922,26.9565217391,50.4273504274,47.3065816325
2e7l,33.3333333333,68.7150837989,32.7586206897,33.6283185841,45.080628923
