pdb_id,pep_identity,mhc_identity,tcrA_identity,tcrB_identity,total_identity
2bnq,11.1111111111,100.0,86.7256637168,49.5575221239,59.7509013438
3o4l,33.3333333333,100.0,38.7387387387,31.0344827586,56.073314694
5bs0,11.1111111111,86.5921787709,81.4159292035,36.8421052632,52.2774357051
3qeq,11.1111111111,100.0,32.4324324324,50.8771929825,50.9219746062
5d2n,22.2222222222,99.4413407821,22.3214285714,34.7826086957,50.071860546
2e7l,33.3333333333,68.7150837989,35.7142857143,47.7876106195,47.9331217664
