pdb_id,pep_identity,mhc_identity,tcrA_identity,tcrB_identity,total_identity
3qdj,11.1111111111,100.0,88.9908256881,66.0714285714,62.8807460803
3gsn,22.2222222222,100.0,40.0,74.3362831858,59.7967879384
5men,22.2222222222,100.0,33.3333333333,79.4642857143,59.5403439153
2pye,11.1111111111,100.0,43.3628318584,79.4642857143,57.5082232992
3o4l,33.3333333333,100.0,39.0909090909,30.4347826087,56.0320597277
