pdb_id,pep_identity,mhc_identity,tcrA_identity,tcrB_identity,total_identity
3o4l,33.3333333333,100.0,50.4504504505,26.724137931,57.3068758414
5men,22.2222222222,100.0,34.8214285714,34.2105263158,52.2460665553
5d2n,22.2222222222,99.4413407821,22.3214285714,42.6086956522,51.376208372
3qdj,11.1111111111,100.0,48.6486486486,35.9649122807,51.1392971919
5bs0,11.1111111111,86.5921787709,36.2831858407,58.7719298246,48.4102825716
3ffc,22.2222222222,81.0055865922,30.9734513274,41.8803418803,46.5515684728
