pdb_id,pep_identity,mhc_identity,tcrA_identity,tcrB_identity,total_identity
3o4l,33.3333333333,100.0,31.25,25.4385964912,53.8925438596
5bs0,11.1111111111,86.5921787709,33.3333333333,92.7927927928,53.588784315
4mnq,22.2222222222,100.0,28.9473684211,31.5315315315,50.8205573995
2e7l,33.3333333333,68.7150837989,63.3928571429,31.5315315315,49.8368704898
4eup,11.1111111111,100.0,36.6071428571,35.7142857143,49.0906084656
3ffc,22.2222222222,81.0055865922,28.0701754386,42.735042735,46.2101393004
