pdb_id,pep_identity,mhc_identity,tcrA_identity,tcrB_identity,total_identity
5d2n,22.2222222222,99.4413407821,25.4545454545,86.9565217391,59.2896988671
3o4l,33.3333333333,100.0,34.2342342342,29.8245614035,55.1209103841
4mnq,22.2222222222,100.0,41.2844036697,33.0357142857,53.1274270666
3qeq,11.1111111111,100.0,39.0909090909,36.2831858407,49.5993861923
3ffc,22.2222222222,81.0055865922,30.9734513274,56.4102564103,48.9732208944
