pdb_id,pep_identity,mhc_identity,tcrA_identity,tcrB_identity,total_identity
3qdj,11.1111111111,100.0,88.8888888889,64.8648648649,62.6626626627
3gsn,22.2222222222,100.0,37.962962963,79.6460176991,60.3422375178
5men,22.2222222222,100.0,34.2342342342,81.981981982,60.1101101101
2bnr,11.1111111111,100.0,40.7079646018,78.5714285714,56.9169358992
3o4l,33.3333333333,100.0,38.8888888889,28.0701754386,55.604288499
