pdb_id,pep_identity,mhc_identity,tcrA_identity,tcrB_identity,total_identity
3o4l,33.3333333333,100.0,57.6923076923,25.0,58.2264957265
5bs0,11.1111111111,86.5921787709,36.2831858407,91.1504424779,53.8067013471
5d2n,22.2222222222,99.4413407821,22.0183486239,45.2173913043,51.7604776561
4eup,11.1111111111,100.0,47.7064220183,36.2831858407,51.0353050135
4mnq,22.2222222222,100.0,28.5714285714,31.8584070796,50.8123800159
3ffc,22.2222222222,81.0055865922,33.6363636364,41.8803418803,46.9953871909
