pdb_id,pep_identity,mhc_identity,tcrA_identity,tcrB_identity,total_identity
3o4l,33.3333333333,100.0,35.1351351351,30.701754386,55.4172593646
5eu6,11.1111111111,100.0,49.5575221239,55.7522123894,54.5886594559
4mnq,22.2222222222,100.0,36.6071428571,39.6396396396,53.4485378235
3ffc,22.2222222222,81.0055865922,31.8584070796,49.5726495726,47.9811123802
2e7l,33.3333333333,68.7150837989,33.0357142857,35.1351351351,45.3779472809
