pdb_id,pep_identity,mhc_identity,tcrA_identity,tcrB_identity,total_identity
3o4l,33.3333333333,100.0,37.037037037,24.347826087,54.6752549651
4mnq,22.2222222222,100.0,38.7387387387,30.9734513274,52.3594390851
5eu6,11.1111111111,100.0,42.4778761062,39.4736842105,50.6956304232
3ffc,22.2222222222,81.0055865922,29.4642857143,35.0427350427,45.160439731
2e7l,33.3333333333,68.7150837989,27.9279279279,31.25,43.8791270321
