pdb_id,pep_identity,mhc_identity,tcrA_identity,tcrB_identity,total_identity
3o4l,33.3333333333,100.0,28.9473684211,30.701754386,54.3859649123
5men,22.2222222222,100.0,32.7433628319,40.1785714286,52.8943964508
5eu6,11.1111111111,100.0,30.701754386,56.6371681416,51.593524125
2e7l,33.3333333333,68.7150837989,57.8947368421,34.8214285714,49.4688332797
4qrp,11.1111111111,81.0055865922,50.8771929825,50.0,47.5184313982
