pdb_id,pep_identity,mhc_identity,tcrA_identity,tcrB_identity,total_identity
5d2n,22.2222222222,99.4413407821,28.0701754386,68.6956521739,56.6821589369
3qeq,11.1111111111,100.0,82.1428571429,34.5132743363,56.4797256169
3o4l,33.3333333333,100.0,30.9734513274,28.9473684211,54.4312477359
4mnq,22.2222222222,100.0,33.9285714286,30.0884955752,51.410251908
3ffc,22.2222222222,81.0055865922,32.1739130435,56.4102564103,49.1732978471
5bs0,11.1111111111,86.5921787709,34.5132743363,47.7876106195,46.2845774533
