pdb_id,pep_identity,mhc_identity,tcrA_identity,tcrB_identity,total_identity
3gsn,22.2222222222,100.0,31.1926605505,55.7522123894,55.2315528974
2e7l,33.3333333333,68.7150837989,35.7142857143,54.0540540541,48.9775290055
3ffc,22.2222222222,81.0055865922,33.6363636364,29.0598290598,44.8586350542
