pdb_id,pep_identity,mhc_identity,tcrA_identity,tcrB_identity,total_identity
3o4l,33.3333333333,100.0,34.2342342342,26.4957264957,54.5661045661
2e7l,33.3333333333,68.7150837989,70.2702702703,35.0877192982,51.5758039722
5eu6,11.1111111111,100.0,33.3333333333,46.9565217391,50.4186795491
5men,22.2222222222,100.0,28.9473684211,28.0701754386,50.2436647173
3ffc,22.2222222222,81.0055865922,28.9473684211,47.8632478632,47.2110389855
