pdb_id,pep_identity,mhc_identity,tcrA_identity,tcrB_identity,total_identity
4eup,11.1111111111,100.0,91.7431192661,89.1891891892,67.1924217796
3gsn,22.2222222222,100.0,38.1818181818,52.2123893805,55.8064420011
3o4l,33.3333333333,100.0,39.0909090909,28.3185840708,55.6793599714
4mnq,22.2222222222,100.0,31.5315315315,55.8558558559,55.3053053053
