pdb_id,pep_identity,mhc_identity,tcrA_identity,tcrB_identity,total_identity
4eup,11.1111111111,100.0,33.9285714286,91.0714285714,57.8703703704
5men,22.2222222222,100.0,35.7142857143,51.3274336283,55.2476939645
3o4l,33.3333333333,100.0,33.9285714286,27.8260869565,54.7368875086
5d2n,22.2222222222,99.4413407821,20.3539823009,31.3043478261,49.1642426893
2e7l,33.3333333333,68.7150837989,25.6637168142,56.25,47.6684251798
