pdb_id,pep_identity,mhc_identity,tcrA_identity,tcrB_identity,total_identity
5eu6,11.1111111111,100.0,88.4955752212,46.017699115,59.4559160931
5bs0,11.1111111111,86.5921787709,83.185840708,59.8214285714,56.4023081739
3o4l,33.3333333333,100.0,36.6071428571,27.1929824561,55.0777986633
5men,22.2222222222,100.0,40.7079646018,33.9285714286,53.1801634125
3qeq,11.1111111111,100.0,31.25,34.8214285714,48.0489417989
