pdb_id,pep_identity,mhc_identity,tcrA_identity,tcrB_identity,total_identity
4mnq,22.2222222222,100.0,28.9473684211,55.7522123894,54.8573375425
2e7l,33.3333333333,68.7150837989,69.6428571429,55.3571428571,54.8494723774
3o4l,33.3333333333,100.0,34.8214285714,25.2173913043,54.4509144237
4eup,11.1111111111,100.0,33.9285714286,59.8214285714,52.662037037
3ffc,22.2222222222,81.0055865922,26.3157894737,32.4786324786,44.2083399302
