pdb_id,pep_identity,mhc_identity,tcrA_identity,tcrB_identity,total_identity
3o4l,33.3333333333,100.0,28.6956521739,28.9473684211,54.0516145436
4mnq,22.2222222222,100.0,28.9473684211,37.8378378378,51.8716084506
5eu6,11.1111111111,100.0,38.2608695652,41.592920354,50.3460020236
3ffc,22.2222222222,81.0055865922,52.1739130435,41.0256410256,49.9425286163
2e7l,33.3333333333,68.7150837989,33.6206896552,29.7297297297,44.5745422749
