pdb_id,pep_identity,mhc_identity,tcrA_identity,tcrB_identity,total_identity
3qeq,11.1111111111,100.0,30.3571428571,91.0714285714,57.2751322751
5men,22.2222222222,100.0,28.0701754386,61.6071428571,55.6869604567
2e7l,33.3333333333,68.7150837989,59.8214285714,62.5,54.403043806
3o4l,33.3333333333,100.0,30.3571428571,27.8260869565,54.1416494134
5d2n,22.2222222222,99.4413407821,27.4336283186,35.652173913,51.0688213734
