pdb_id,pep_identity,mhc_identity,tcrA_identity,tcrB_identity,total_identity
3o4l,33.3333333333,100.0,29.5652173913,22.4137931034,53.1076128602
2f54,11.1111111111,100.0,36.5217391304,33.9130434783,48.7761674718
3ffc,22.2222222222,81.0055865922,52.1739130435,29.6610169492,48.0484246036
2e7l,33.3333333333,68.7150837989,37.0689655172,34.2105263158,45.8960543496
