pdb_id,pep_identity,mhc_identity,tcrA_identity,tcrB_identity,total_identity
3o4l,33.3333333333,100.0,62.1359223301,25.8620689655,59.110776327
5d2n,22.2222222222,99.4413407821,25.9259259259,50.4347826087,53.2813057572
5men,22.2222222222,100.0,29.4642857143,33.9130434783,51.3036289395
3qdj,11.1111111111,100.0,44.4444444444,32.1739130435,49.806763285
3ffc,22.2222222222,81.0055865922,35.4545454545,45.2991452991,47.8682180637
