pdb_id,pep_identity,mhc_identity,tcrA_identity,tcrB_identity,total_identity
3o4l,33.3333333333,100.0,30.0884955752,27.3504273504,54.0175982654
5eu6,11.1111111111,100.0,32.4561403509,47.8260869565,50.4174082549
4mnq,22.2222222222,100.0,26.3157894737,31.5789473684,50.3898635478
2e7l,33.3333333333,68.7150837989,56.6371681416,30.701754386,48.572626132
3ffc,22.2222222222,81.0055865922,27.8260869565,47.0085470085,46.881708599
