pdb_id,pep_identity,mhc_identity,tcrA_identity,tcrB_identity,total_identity
3o4l,33.3333333333,100.0,32.4324324324,25.2173913043,54.0527484006
3qdj,11.1111111111,100.0,63.6363636364,33.3333333333,53.1986531987
5men,22.2222222222,100.0,31.8181818182,35.0877192982,51.8917242601
3ffc,22.2222222222,81.0055865922,29.203539823,44.4444444444,46.6839336494
2e7l,33.3333333333,68.7150837989,33.6283185841,36.2831858407,45.6680564482
5bs0,11.1111111111,86.5921787709,37.1681415929,35.9649122807,44.7566056063
