pdb_id,pep_identity,mhc_identity,tcrA_identity,tcrB_identity,total_identity
3o4l,33.3333333333,100.0,33.6448598131,26.0869565217,54.3997471669
5men,22.2222222222,100.0,33.9449541284,35.0877192982,52.2461863119
5eu6,11.1111111111,100.0,31.8584070796,49.1228070175,50.5339060532
3ffc,22.2222222222,81.0055865922,34.2342342342,44.4444444444,47.5223827179
2e7l,33.3333333333,68.7150837989,32.7433628319,35.3982300885,45.3730711975
