pdb_id,pep_identity,mhc_identity,tcrA_identity,tcrB_identity,total_identity
4eup,11.1111111111,100.0,33.3333333333,90.990990991,57.7577577578
5men,22.2222222222,100.0,38.3928571429,50.8928571429,55.6216931217
3o4l,33.3333333333,100.0,39.4495412844,27.1929824561,55.5515317345
5d2n,22.2222222222,99.4413407821,25.4545454545,28.6956521739,49.5795539395
2e7l,33.3333333333,68.7150837989,26.1261261261,56.7567567568,47.8299528579
5bs0,11.1111111111,86.5921787709,45.1327433628,37.8378378378,46.3961934941
