pdb_id,pep_identity,mhc_identity,tcrA_identity,tcrB_identity,total_identity
5d2n,22.2222222222,99.4413407821,29.5652173913,57.3913043478,55.0472746246
3ffc,22.2222222222,81.0055865922,53.9130434783,52.1367521368,52.0842355406
4mnq,22.2222222222,100.0,29.5652173913,35.3982300885,51.5679819874
3qdj,11.1111111111,100.0,31.3043478261,38.0530973451,48.5966112322
2e7l,33.3333333333,68.7150837989,37.0689655172,36.2831858407,46.2414976037
5bs0,11.1111111111,86.5921787709,33.9130434783,42.4778761062,45.2995832248
