pdb_id,pep_identity,mhc_identity,tcrA_identity,tcrB_identity,total_identity
3o4l,33.3333333333,100.0,29.8245614035,28.3185840708,54.1349686902
5men,22.2222222222,100.0,32.4561403509,47.7477477477,54.1080554238
2e7l,33.3333333333,68.7150837989,62.2807017544,50.0,52.7295893365
3qeq,11.1111111111,100.0,29.8245614035,58.9285714286,51.8292258424
4qrp,11.1111111111,81.0055865922,50.0,38.9380530973,45.5285747507
5bs0,11.1111111111,86.5921787709,32.4561403509,36.036036036,43.9831260252
