pdb_id,pep_identity,mhc_identity,tcrA_identity,tcrB_identity,total_identity
5men,22.2222222222,100.0,85.4545454545,34.8214285714,60.7867364117
3o4l,33.3333333333,100.0,33.9449541284,27.4336283186,54.6742081856
5eu6,11.1111111111,100.0,42.4778761062,51.3274336283,52.6712553261
3qeq,11.1111111111,100.0,35.1851851852,34.5132743363,48.6534469573
