pdb_id,pep_identity,mhc_identity,tcrA_identity,tcrB_identity,total_identity
3o4l,33.3333333333,100.0,34.5794392523,31.8584070796,55.5174188331
5men,22.2222222222,100.0,34.2342342342,52.2522522523,55.1551551552
3qeq,11.1111111111,100.0,51.8867924528,53.5714285714,54.6134072077
2e7l,33.3333333333,68.7150837989,27.9279279279,50.9090909091,47.1556421836
5bs0,11.1111111111,86.5921787709,38.9380530973,40.9090909091,45.8756206284
3ffc,22.2222222222,81.0055865922,28.1818181818,35.0427350427,44.9466951422
