pdb_id,pep_identity,mhc_identity,tcrA_identity,tcrB_identity,total_identity
3o4l,33.3333333333,100.0,87.5,28.2051282051,63.7286324786
5men,22.2222222222,100.0,33.0357142857,76.3157894737,58.9659913673
3gsn,22.2222222222,100.0,32.7272727273,74.5614035088,58.6221867801
2pye,11.1111111111,100.0,39.8230088496,78.0701754386,56.6859010851
3qdj,11.1111111111,100.0,43.6363636364,63.1578947368,54.8360800992
