pdb_id,pep_identity,mhc_identity,tcrA_identity,tcrB_identity,total_identity
5eu6,11.1111111111,100.0,33.3333333333,92.9203539823,58.0793182563
3o4l,33.3333333333,100.0,30.0884955752,30.701754386,54.5761527713
5men,22.2222222222,100.0,28.3185840708,35.7142857143,51.4128857049
2e7l,33.3333333333,68.7150837989,57.5221238938,34.8214285714,49.4067311216
3ffc,22.2222222222,81.0055865922,30.4347826087,58.1196581197,49.1683430595
