pdb_id,pep_identity,mhc_identity,tcrA_identity,tcrB_identity,total_identity
3o4l,33.3333333333,100.0,39.0909090909,58.9285714286,60.781024531
3qdj,11.1111111111,100.0,66.9724770642,34.5132743363,53.9513289371
4mnq,22.2222222222,100.0,35.1351351351,32.7433628319,52.0538237352
5eu6,11.1111111111,100.0,46.017699115,32.4561403509,50.1160102814
