pdb_id,pep_identity,mhc_identity,tcrA_identity,tcrB_identity,total_identity
2bnq,11.1111111111,100.0,90.2654867257,77.8761061947,65.0606358571
5men,22.2222222222,100.0,39.8230088496,78.7610619469,60.5047525402
5eu6,11.1111111111,100.0,89.3805309735,36.8421052632,58.0741430765
3o4l,33.3333333333,100.0,38.7387387387,26.724137931,55.3549238894
3qdj,11.1111111111,100.0,43.2432432432,62.8318584071,54.7162206454
5bs0,11.1111111111,86.5921787709,84.0707964602,34.5132743363,52.3317750934
