pdb_id,pep_identity,mhc_identity,tcrA_identity,tcrB_identity,total_identity
3gsn,22.2222222222,100.0,87.2727272727,30.701754386,60.4031543505
3o4l,33.3333333333,100.0,34.5454545455,29.5652173913,55.1295564339
