pdb_id,pep_identity,mhc_identity,tcrA_identity,tcrB_identity,total_identity
4eup,11.1111111111,100.0,82.1428571429,53.982300885,59.724563375
3o4l,33.3333333333,100.0,37.1681415929,28.4482758621,55.3805140203
5men,22.2222222222,100.0,34.8214285714,48.2456140351,54.5852478418
5d2n,22.2222222222,99.4413407821,20.3539823009,33.9130434783,49.599025298
