pdb_id,pep_identity,mhc_identity,tcrA_identity,tcrB_identity,total_identity
3o4l,33.3333333333,100.0,50.9090909091,25.6637168142,57.206579065
5men,22.2222222222,100.0,34.8214285714,37.2727272727,52.7564333814
3qdj,11.1111111111,100.0,48.1818181818,37.8378378378,51.3736463736
5d2n,22.2222222222,99.4413407821,22.5225225225,34.7826086957,50.1053762045
2e7l,33.3333333333,68.7150837989,33.9285714286,38.5321100917,46.0929192975
