pdb_id,pep_identity,mhc_identity,tcrA_identity,tcrB_identity,total_identity
3o4l,33.3333333333,100.0,28.8288288288,56.25,58.6242492492
5men,22.2222222222,100.0,39.0909090909,33.0357142857,52.7618446368
5d2n,22.2222222222,99.4413407821,27.027027027,31.0344827586,50.2314392991
3qeq,11.1111111111,100.0,42.7272727273,30.701754386,49.2752082226
