pdb_id,pep_identity,mhc_identity,tcrA_identity,tcrB_identity,total_identity
3qdj,11.1111111111,100.0,89.1891891892,34.2342342342,57.6076076076
3o4l,33.3333333333,100.0,39.2857142857,27.1929824561,55.5242272348
4mnq,22.2222222222,100.0,35.1351351351,32.7272727273,52.0511420511
5d2n,22.2222222222,99.4413407821,21.4285714286,43.4782608696,51.3723263845
5bs0,11.1111111111,86.5921787709,40.7079646018,69.3693693694,50.9139856225
3ffc,22.2222222222,81.0055865922,31.5789473684,47.0085470085,47.5071853343
