pdb_id,pep_identity,mhc_identity,tcrA_identity,tcrB_identity,total_identity
3qeq,11.1111111111,100.0,82.1428571429,30.3571428571,55.787037037
3o4l,33.3333333333,100.0,29.203539823,27.1929824561,53.8438648243
5men,22.2222222222,100.0,37.2727272727,31.25,52.1611952862
5d2n,22.2222222222,99.4413407821,27.1929824561,41.7391304348,52.0432064833
5bs0,11.1111111111,86.5921787709,30.0884955752,66.6666666667,48.6936236677
3ffc,22.2222222222,81.0055865922,32.1739130435,41.8803418803,46.7516454254
