pdb_id,pep_identity,mhc_identity,tcrA_identity,tcrB_identity,total_identity
3gsn,22.2222222222,100.0,83.185840708,32.1739130435,59.967366366
3o4l,33.3333333333,100.0,31.8584070796,29.0598290598,54.597483801
3ffc,22.2222222222,81.0055865922,25.2173913043,57.264957265,48.1563276997
