pdb_id,pep_identity,mhc_identity,tcrA_identity,tcrB_identity,total_identity
5d2n,22.2222222222,99.4413407821,29.8245614035,66.0869565217,56.539773989
3o4l,33.3333333333,100.0,34.2105263158,30.7692307692,55.2744039586
3ffc,22.2222222222,81.0055865922,61.4035087719,60.6837606838,54.7571478474
5men,22.2222222222,100.0,31.3043478261,31.3043478261,51.1755233494
3qeq,11.1111111111,100.0,32.4561403509,39.1304347826,48.9681328926
2e7l,33.3333333333,68.7150837989,34.7826086957,36.5217391304,45.9001970151
