pdb_id,pep_identity,mhc_identity,tcrA_identity,tcrB_identity,total_identity
3o4l,33.3333333333,100.0,47.2727272727,26.5486725664,56.7480110843
4mnq,22.2222222222,100.0,31.8584070796,55.8558558559,55.3597845633
4eup,11.1111111111,100.0,45.9459459459,60.3603603604,54.7547547548
5d2n,22.2222222222,99.4413407821,24.3243243243,30.4347826087,49.6810388236
2e7l,33.3333333333,68.7150837989,35.1351351351,56.3636363636,49.2659342939
