pdb_id,pep_identity,mhc_identity,tcrA_identity,tcrB_identity,total_identity
3o4l,33.3333333333,100.0,53.7037037037,28.9473684211,58.2196231319
5d2n,22.2222222222,99.4413407821,24.7706422018,56.5217391304,54.1032512235
5men,22.2222222222,100.0,34.2342342342,36.9369369369,52.6026026026
3qdj,11.1111111111,100.0,49.5412844037,36.6071428571,51.3951082472
3ffc,22.2222222222,81.0055865922,32.1428571429,51.2820512821,48.313421009
