pdb_id,pep_identity,mhc_identity,tcrA_identity,tcrB_identity,total_identity
3qdj,11.1111111111,100.0,93.5185185185,62.6086956522,63.0582393988
3gsn,22.2222222222,100.0,38.8888888889,74.7826086957,59.6859903382
5men,22.2222222222,100.0,34.2342342342,74.7826086957,58.9102145624
2pye,11.1111111111,100.0,41.592920354,74.7826086957,56.4329585453
3o4l,33.3333333333,100.0,41.6666666667,27.1186440678,55.9086629002
