pdb_id,pep_identity,mhc_identity,tcrA_identity,tcrB_identity,total_identity
3o4l,33.3333333333,100.0,87.1287128713,26.724137931,63.4199195782
3gsn,22.2222222222,100.0,35.5140186916,78.7610619469,59.7865875138
5men,22.2222222222,100.0,32.1428571429,77.8761061947,59.0772346303
2bnr,11.1111111111,100.0,38.0530973451,76.9911504425,56.211078335
3qdj,11.1111111111,100.0,41.6666666667,61.9469026549,54.3059652573
