pdb_id,pep_identity,mhc_identity,tcrA_identity,tcrB_identity,total_identity
5men,22.2222222222,100.0,32.7433628319,53.982300885,55.1950180269
3o4l,33.3333333333,100.0,30.4347826087,30.4347826087,54.5893719807
2e7l,33.3333333333,68.7150837989,60.8695652174,49.1071428571,52.3455903898
4eup,11.1111111111,100.0,33.9130434783,56.25,52.0642109501
3ffc,22.2222222222,81.0055865922,29.0598290598,32.4786324786,44.6656798612
