pdb_id,pep_identity,mhc_identity,tcrA_identity,tcrB_identity,total_identity
5eu6,11.1111111111,100.0,40.7079646018,92.9824561404,59.3187738274
3o4l,33.3333333333,100.0,31.5315315315,28.4482758621,54.44107901
5men,22.2222222222,100.0,32.7272727273,35.0877192982,52.0432394117
3ffc,22.2222222222,81.0055865922,31.8584070796,58.1196581197,49.4056138047
3qeq,11.1111111111,100.0,34.2342342342,35.9649122807,48.7368947895
