pdb_id,pep_identity,mhc_identity,tcrA_identity,tcrB_identity,total_identity
5d2n,22.2222222222,99.4413407821,32.4324324324,58.9743589744,55.7889862359
3o4l,33.3333333333,100.0,39.0909090909,27.9661016949,55.6206129087
3ffc,22.2222222222,81.0055865922,34.5132743363,82.0512820513,53.8366956694
5men,22.2222222222,100.0,38.3928571429,26.4957264957,51.5555046805
3qeq,11.1111111111,100.0,38.5321100917,32.4786324786,48.8721607988
5bs0,11.1111111111,86.5921787709,45.1327433628,41.8803418803,47.0699441679
