pdb_id,pep_identity,mhc_identity,tcrA_identity,tcrB_identity,total_identity
3qdj,11.1111111111,100.0,88.9908256881,35.9649122807,57.8629933652
3o4l,33.3333333333,100.0,40.9090909091,25.8620689655,55.5729710902
5men,22.2222222222,100.0,32.4324324324,35.9649122807,52.1402981929
5d2n,22.2222222222,99.4413407821,20.9090909091,33.9130434783,49.6915433993
