pdb_id,pep_identity,mhc_identity,tcrA_identity,tcrB_identity,total_identity
3o4l,33.3333333333,100.0,31.8584070796,26.9565217391,54.2469325809
4mnq,22.2222222222,100.0,26.3157894737,32.7433628319,50.5839327917
5eu6,11.1111111111,100.0,35.0877192982,42.9824561404,50.0487329435
2e7l,33.3333333333,68.7150837989,60.1769911504,32.1428571429,49.4027804263
4qrp,11.1111111111,81.0055865922,51.3274336283,40.7079646018,46.0447989394
