pdb_id,pep_identity,mhc_identity,tcrA_identity,tcrB_identity,total_identity
3gsn,22.2222222222,100.0,35.7142857143,58.407079646,56.4276349675
2e7l,33.3333333333,68.7150837989,31.5789473684,54.128440367,48.3007036666
