pdb_id,pep_identity,mhc_identity,tcrA_identity,tcrB_identity,total_identity
3gsn,22.2222222222,100.0,35.1351351351,45.1327433628,54.1187204904
2e7l,33.3333333333,68.7150837989,30.9734513274,48.6486486486,47.2864890401
3ffc,22.2222222222,81.0055865922,32.7433628319,30.7692307692,44.9947018716
