pdb_id,pep_identity,mhc_identity,tcrA_identity,tcrB_identity,total_identity
5d2n,22.2222222222,99.4413407821,20.9090909091,75.652173913,56.6480651385
4eup,11.1111111111,100.0,86.2385321101,30.9734513274,56.57236761
3o4l,33.3333333333,100.0,39.0909090909,28.0701754386,55.6379585327
4mnq,22.2222222222,100.0,33.6363636364,30.6306306306,51.4519064519
3ffc,22.2222222222,81.0055865922,32.1428571429,59.8290598291,49.7379224335
5bs0,11.1111111111,86.5921787709,44.2477876106,47.3214285714,47.8292993244
2e7l,33.3333333333,68.7150837989,33.0357142857,36.3636363636,45.5826974856
