pdb_id,pep_identity,mhc_identity,tcrA_identity,tcrB_identity,total_identity
5men,22.2222222222,100.0,34.2342342342,91.8181818182,61.7494767495
3gsn,22.2222222222,100.0,35.1351351351,89.3805309735,61.4933517588
2p5e,11.1111111111,100.0,37.1681415929,84.8214285714,57.3686320644
3qeq,11.1111111111,100.0,48.623853211,61.6071428571,55.4088697151
3o4l,33.3333333333,100.0,31.8181818182,28.9473684211,54.572036151
