pdb_id,pep_identity,mhc_identity,tcrA_identity,tcrB_identity,total_identity
3o4l,33.3333333333,100.0,53.2110091743,28.9473684211,58.137507377
4mnq,22.2222222222,100.0,33.0357142857,37.8378378378,52.552999428
3qdj,11.1111111111,100.0,48.623853211,40.5405405405,51.897769329
5d2n,22.2222222222,99.4413407821,22.7272727273,44.347826087,51.7337041372
5bs0,11.1111111111,86.5921787709,37.1681415929,66.6666666667,49.8735646706
3ffc,22.2222222222,81.0055865922,33.0357142857,41.0256410256,46.7528288234
