pdb_id,pep_identity,mhc_identity,tcrA_identity,tcrB_identity,total_identity
5bs0,11.1111111111,86.5921787709,38.9380530973,92.8571428571,54.5336292864
3o4l,33.3333333333,100.0,33.0275229358,25.8620689655,54.259376428
4eup,11.1111111111,100.0,61.4678899083,38.0530973451,53.6238682459
5men,22.2222222222,100.0,31.8181818182,32.7433628319,51.5009981824
3ffc,22.2222222222,81.0055865922,30.3571428571,41.8803418803,46.4488503944
2e7l,33.3333333333,68.7150837989,33.3333333333,29.203539823,44.4389512368
