pdb_id,pep_identity,mhc_identity,tcrA_identity,tcrB_identity,total_identity
3o4l,33.3333333333,100.0,52.2935779817,28.6956521739,57.9426494704
5d2n,22.2222222222,99.4413407821,22.7272727273,66.0869565217,55.356892543
5men,22.2222222222,100.0,33.9285714286,33.6283185841,52.0002224095
3qdj,11.1111111111,100.0,47.7064220183,34.5132743363,50.7403197628
3ffc,22.2222222222,81.0055865922,33.0357142857,61.5384615385,50.1716322422
