pdb_id,pep_identity,mhc_identity,tcrA_identity,tcrB_identity,total_identity
4eup,11.1111111111,100.0,29.5652173913,86.4864864865,56.3789876833
5men,22.2222222222,100.0,29.203539823,48.2142857143,53.6437116636
3o4l,33.3333333333,100.0,27.8260869565,25.4385964912,53.3218916857
5d2n,22.2222222222,99.4413407821,26.9565217391,30.4347826087,50.1197383928
2e7l,33.3333333333,68.7150837989,35.3448275862,56.7567567568,49.3664031012
3ffc,22.2222222222,81.0055865922,51.3043478261,28.2051282051,47.6608489433
