pdb_id,pep_identity,mhc_identity,tcrA_identity,tcrB_identity,total_identity
5men,22.2222222222,100.0,85.4545454545,65.1785714286,65.8462602213
3qdj,11.1111111111,100.0,35.7798165138,91.9642857143,58.3277207417
3gsn,22.2222222222,100.0,41.2844036697,61.9469026549,57.9459584615
3o4l,33.3333333333,100.0,33.0275229358,30.4347826087,55.0214953685
2f54,11.1111111111,100.0,41.592920354,65.1785714286,54.8322856675
