pdb_id,pep_identity,mhc_identity,tcrA_identity,tcrB_identity,total_identity
3qdj,11.1111111111,100.0,89.9082568807,32.4561403509,57.4311032423
3o4l,33.3333333333,100.0,40.0,26.4957264957,55.5270655271
5d2n,22.2222222222,99.4413407821,22.7272727273,43.4782608696,51.5887766009
5men,22.2222222222,100.0,34.2342342342,29.8245614035,51.4172066804
5bs0,11.1111111111,86.5921787709,38.9380530973,64.6017699115,49.8244004622
3ffc,22.2222222222,81.0055865922,33.0357142857,40.1709401709,46.6103786809
