pdb_id,pep_identity,mhc_identity,tcrA_identity,tcrB_identity,total_identity
3qdj,11.1111111111,100.0,66.9724770642,61.9469026549,58.5236003236
5men,22.2222222222,100.0,31.8181818182,58.407079646,55.7782843181
3o4l,33.3333333333,100.0,33.6363636364,26.9565217391,54.5432586737
5d2n,22.2222222222,99.4413407821,22.9357798165,33.0434782609,49.8843973477
2e7l,33.3333333333,68.7150837989,33.0357142857,60.7142857143,49.6411390441
