pdb_id,pep_identity,mhc_identity,tcrA_identity,tcrB_identity,total_identity
3o4l,33.3333333333,100.0,29.5652173913,28.6956521739,54.154589372
5men,22.2222222222,100.0,30.4347826087,46.9026548673,53.6303136534
3qeq,11.1111111111,100.0,32.1739130435,59.2920353982,52.2813617773
3ffc,22.2222222222,81.0055865922,55.652173913,32.4786324786,49.0977373367
2e7l,33.3333333333,68.7150837989,35.3448275862,49.1071428571,48.0914674513
5bs0,11.1111111111,86.5921787709,36.5217391304,35.3982300885,44.5544248305
