pdb_id,pep_identity,mhc_identity,tcrA_identity,tcrB_identity,total_identity
3qdj,11.1111111111,100.0,91.6666666667,63.7168141593,62.9342838414
3gsn,22.2222222222,100.0,40.3669724771,90.2654867257,62.5128172745
5men,22.2222222222,100.0,35.1351351351,91.1504424779,61.7883370096
2bnr,11.1111111111,100.0,42.4778761062,90.2654867257,59.1609308423
3o4l,33.3333333333,100.0,40.3669724771,29.3103448276,56.0573306619
