pdb_id,pep_identity,mhc_identity,tcrA_identity,tcrB_identity,total_identity
3o4l,33.3333333333,100.0,59.6153846154,30.4347826087,59.4528056485
3gsn,22.2222222222,100.0,33.9449541284,40.350877193,53.1233792943
