pdb_id,pep_identity,mhc_identity,tcrA_identity,tcrB_identity,total_identity
3o4l,33.3333333333,100.0,50.8928571429,25.2173913043,57.1294858523
4mnq,22.2222222222,100.0,33.0357142857,54.8672566372,55.3912358946
4eup,11.1111111111,100.0,50.8928571429,58.9285714286,55.3406084656
2e7l,33.3333333333,68.7150837989,35.0877192982,55.3571428571,49.0902827366
5d2n,22.2222222222,99.4413407821,21.2389380531,29.5652173913,49.0218802422
