pdb_id,pep_identity,mhc_identity,tcrA_identity,tcrB_identity,total_identity
3o4l,33.3333333333,100.0,50.4504504505,30.9734513274,58.0150947408
5men,22.2222222222,100.0,34.5454545455,32.4324324324,51.9037219037
4eup,11.1111111111,100.0,46.8468468468,33.3333333333,50.4004004004
5d2n,22.2222222222,99.4413407821,22.3214285714,33.9130434783,49.9269330097
