pdb_id,pep_identity,mhc_identity,tcrA_identity,tcrB_identity,total_identity
3o4l,33.3333333333,100.0,29.7297297297,24.7863247863,53.5304535305
4eup,11.1111111111,100.0,37.2727272727,34.2105263158,48.9509126351
3ffc,22.2222222222,81.0055865922,36.2831858407,35.8974358974,46.4393732278
5bs0,11.1111111111,86.5921787709,34.5132743363,40.0,44.9866423501
2e7l,33.3333333333,68.7150837989,30.9734513274,32.4561403509,44.5877376571
