pdb_id,pep_identity,mhc_identity,tcrA_identity,tcrB_identity,total_identity
5d2n,22.2222222222,99.4413407821,26.1261261261,54.7826086957,54.0393101384
3ffc,22.2222222222,81.0055865922,24.7787610619,86.3247863248,52.9265275026
5men,22.2222222222,100.0,29.7297297297,35.9649122807,51.6898477425
3qdj,11.1111111111,100.0,34.5454545455,37.7192982456,49.0811625022
5bs0,11.1111111111,86.5921787709,31.8584070796,41.2280701754,44.7488428365
