pdb_id,pep_identity,mhc_identity,tcrA_identity,tcrB_identity,total_identity
5men,22.2222222222,100.0,29.4642857143,75.2212389381,58.1883281828
2e7l,33.3333333333,68.7150837989,68.75,59.2920353982,55.3564782771
3o4l,33.3333333333,100.0,31.25,26.724137931,54.1068007663
3qdj,11.1111111111,100.0,30.3571428571,62.8318584071,52.5685372477
5d2n,22.2222222222,99.4413407821,25.6637168142,33.0434782609,50.339053514
