pdb_id,pep_identity,mhc_identity,tcrA_identity,tcrB_identity,total_identity
3o4l,33.3333333333,100.0,33.3333333333,24.5614035088,54.0935672515
4eup,11.1111111111,100.0,59.6330275229,37.8378378378,53.2821812638
4mnq,22.2222222222,100.0,30.0,32.1428571429,51.0978835979
5bs0,11.1111111111,86.5921787709,37.1681415929,42.3423423423,45.8195106166
2e7l,33.3333333333,68.7150837989,32.4324324324,37.8378378378,45.7278507558
3ffc,22.2222222222,81.0055865922,30.3571428571,35.8974358974,45.4516993972
