pdb_id,pep_identity,mhc_identity,tcrA_identity,tcrB_identity,total_identity
3qdj,11.1111111111,100.0,87.962962963,65.1785714286,62.5606261023
3gsn,22.2222222222,100.0,37.962962963,79.6460176991,60.3422375178
5men,22.2222222222,100.0,31.5315315315,81.25,59.5376626627
2bnr,11.1111111111,100.0,42.4778761062,80.3571428571,57.5095401976
3o4l,33.3333333333,100.0,39.8148148148,28.6956521739,55.8628556092
