pdb_id,pep_identity,mhc_identity,tcrA_identity,tcrB_identity,total_identity
5d2n,22.2222222222,99.4413407821,22.3214285714,77.3913043478,57.1733098213
4qrp,11.1111111111,81.0055865922,87.3873873874,60.0,55.2701304657
3o4l,33.3333333333,100.0,32.4324324324,28.2051282051,54.5507045507
4mnq,22.2222222222,100.0,30.6306306306,31.3043478261,51.0632371502
4eup,11.1111111111,100.0,36.036036036,33.0434782609,48.5502894199
2e7l,33.3333333333,68.7150837989,50.8928571429,33.9130434783,48.1504558143
