pdb_id,pep_identity,mhc_identity,tcrA_identity,tcrB_identity,total_identity
5d2n,22.2222222222,99.4413407821,85.9813084112,44.347826087,62.2760434178
3o4l,33.3333333333,100.0,20.1834862385,28.9473684211,52.632920221
4mnq,22.2222222222,100.0,22.5225225225,37.8378378378,50.8008008008
