pdb_id,pep_identity,mhc_identity,tcrA_identity,tcrB_identity,total_identity
5d2n,22.2222222222,99.4413407821,23.0088495575,76.5217391304,57.1429524494
3o4l,33.3333333333,100.0,29.4642857143,28.0701754386,54.0335213033
4mnq,22.2222222222,100.0,29.8245614035,33.3333333333,51.2670565302
2e7l,33.3333333333,68.7150837989,59.8214285714,34.2342342342,49.692082845
3ffc,22.2222222222,81.0055865922,27.1929824561,57.264957265,48.4855928916
3qdj,11.1111111111,100.0,33.0357142857,32.1428571429,47.9001322751
