pdb_id,pep_identity,mhc_identity,tcrA_identity,tcrB_identity,total_identity
3o4l,33.3333333333,100.0,28.1818181818,23.7288135593,53.0962164013
4eup,11.1111111111,100.0,36.6972477064,30.4347826087,48.2257087562
3ffc,22.2222222222,81.0055865922,32.1428571429,30.7692307692,44.8946175901
2e7l,33.3333333333,68.7150837989,30.3571428571,28.6956521739,43.8582715492
5bs0,11.1111111111,86.5921787709,30.9734513274,35.652173913,43.6720341674
