pdb_id,pep_identity,mhc_identity,tcrA_identity,tcrB_identity,total_identity
5men,22.2222222222,100.0,35.7142857143,90.2654867257,61.7373694807
3gsn,22.2222222222,100.0,34.5132743363,88.4955752212,61.242215667
2p5e,11.1111111111,100.0,35.3982300885,90.2654867257,57.9809898394
3o4l,33.3333333333,100.0,31.8584070796,27.5862068966,54.3518801071
3qeq,11.1111111111,100.0,40.1785714286,59.2920353982,53.6154715082
