pdb_id,pep_identity,mhc_identity,tcrA_identity,tcrB_identity,total_identity
3qdj,11.1111111111,100.0,89.8148148148,60.1769911504,62.0356713646
3gsn,22.2222222222,100.0,38.8888888889,67.2566371681,58.4316617502
5men,22.2222222222,100.0,33.3333333333,61.9469026549,56.6207800721
3o4l,33.3333333333,100.0,39.8148148148,31.8965517241,56.3963388676
2f53,11.1111111111,100.0,39.8230088496,61.0619469027,53.8511963291
