pdb_id,pep_identity,mhc_identity,tcrA_identity,tcrB_identity,total_identity
3qdj,11.1111111111,100.0,88.1818181818,65.7657657658,62.694967695
3gsn,22.2222222222,100.0,38.7387387387,88.4955752212,61.9464597341
5men,22.2222222222,100.0,32.4324324324,92.7927927928,61.6116116116
2bnr,11.1111111111,100.0,43.3628318584,89.2857142857,59.1451280611
3o4l,33.3333333333,100.0,38.7387387387,31.5789473684,56.1640587956
