pdb_id,pep_identity,mhc_identity,tcrA_identity,tcrB_identity,total_identity
3o4l,33.3333333333,100.0,39.4495412844,25.2173913043,55.2222665426
3qdj,11.1111111111,100.0,63.8888888889,35.3982300885,53.5848901999
4mnq,22.2222222222,100.0,29.0909090909,33.6283185841,51.1939453532
5bs0,11.1111111111,86.5921787709,37.1681415929,41.9642857143,45.7565011786
2e7l,33.3333333333,68.7150837989,33.3333333333,33.9285714286,45.2264565044
3ffc,22.2222222222,81.0055865922,30.3571428571,34.188034188,45.1667991123
