pdb_id,pep_identity,mhc_identity,tcrA_identity,tcrB_identity,total_identity
3o4l,33.3333333333,100.0,25.2252252252,26.3157894737,53.0346135609
5eu6,11.1111111111,100.0,33.6283185841,47.7876106195,50.606358571
3ffc,22.2222222222,81.0055865922,23.0088495575,42.735042735,45.3665849869
2e7l,33.3333333333,68.7150837989,25.0,32.4324324324,43.5882111161
