pdb_id,pep_identity,mhc_identity,tcrA_identity,tcrB_identity,total_identity
3o4l,33.3333333333,100.0,32.4324324324,28.2051282051,54.5507045507
5men,22.2222222222,100.0,34.8214285714,31.3043478261,51.7617034737
3qeq,11.1111111111,100.0,50.0,27.8260869565,50.0080515298
5bs0,11.1111111111,86.5921787709,37.7192982456,39.1304347826,45.3760521321
3ffc,22.2222222222,81.0055865922,28.3185840708,32.4786324786,44.5421390297
2e7l,33.3333333333,68.7150837989,26.9565217391,31.5789473684,43.772050562
