pdb_id,pep_identity,mhc_identity,tcrA_identity,tcrB_identity,total_identity
3o4l,33.3333333333,100.0,34.5794392523,35.3982300885,56.1073893346
5men,22.2222222222,100.0,34.2342342342,48.6486486486,54.5545545546
3qeq,11.1111111111,100.0,50.9433962264,50.8928571429,54.0097459319
5d2n,22.2222222222,99.4413407821,26.8518518519,32.1739130435,50.392148484
2e7l,33.3333333333,68.7150837989,27.9279279279,49.0909090909,46.8526118805
5bs0,11.1111111111,86.5921787709,38.9380530973,36.036036036,45.0634448163
