pdb_id,pep_identity,mhc_identity,tcrA_identity,tcrB_identity,total_identity
5bs0,11.1111111111,86.5921787709,45.1327433628,93.6936936937,55.7055028034
3o4l,33.3333333333,100.0,38.3928571429,26.3157894737,55.2292188805
4eup,11.1111111111,100.0,65.7657657658,36.6071428571,54.0991884742
5d2n,22.2222222222,99.4413407821,26.7857142857,46.0869565217,52.699966136
4mnq,22.2222222222,100.0,35.1351351351,34.5454545455,52.3541723542
3ffc,22.2222222222,81.0055865922,42.1052631579,41.0256410256,48.2644203021
2e7l,33.3333333333,68.7150837989,38.5964912281,31.1926605505,45.6476643405
