pdb_id,pep_identity,mhc_identity,tcrA_identity,tcrB_identity,total_identity
3o4l,33.3333333333,100.0,53.2110091743,31.5789473684,58.5761038682
3gsn,22.2222222222,100.0,43.119266055,35.9649122807,53.92143713
3ffc,22.2222222222,81.0055865922,33.9285714286,50.4273504274,48.4685899141
