pdb_id,pep_identity,mhc_identity,tcrA_identity,tcrB_identity,total_identity
3o4l,33.3333333333,100.0,30.6306306306,53.5714285714,58.4781209781
5men,22.2222222222,100.0,31.5789473684,31.8584070796,51.3136331488
5d2n,22.2222222222,99.4413407821,24.1071428571,31.8965517241,49.8884700983
2e7l,33.3333333333,68.7150837989,60.3603603604,32.4324324324,49.4816045095
3qdj,11.1111111111,100.0,34.2342342342,33.6283185841,48.3474625068
