pdb_id,pep_identity,mhc_identity,tcrA_identity,tcrB_identity,total_identity
4eup,11.1111111111,100.0,85.3211009174,90.990990991,66.4223856884
5men,22.2222222222,100.0,33.9449541284,56.25,55.7732330955
3o4l,33.3333333333,100.0,38.8888888889,28.9473684211,55.7504873294
3gsn,22.2222222222,100.0,37.962962963,50.4424778761,55.4749808806
