pdb_id,pep_identity,mhc_identity,tcrA_identity,tcrB_identity,total_identity
3gsn,22.2222222222,100.0,38.8888888889,85.8407079646,61.529006883
5men,22.2222222222,100.0,30.0,90.0900900901,60.7557557558
2p5e,11.1111111111,100.0,36.2831858407,91.0714285714,58.2628061057
3qdj,11.1111111111,100.0,62.962962963,63.0630630631,58.041374708
3o4l,33.3333333333,100.0,33.3333333333,28.0701754386,54.6783625731
