pdb_id,pep_identity,mhc_identity,tcrA_identity,tcrB_identity,total_identity
3o4l,33.3333333333,100.0,31.5315315315,30.701754386,54.816658764
4mnq,22.2222222222,100.0,28.9473684211,43.2432432432,52.7725093515
5eu6,11.1111111111,100.0,35.0877192982,56.6371681416,52.324518277
2e7l,33.3333333333,68.7150837989,63.0630630631,35.1351351351,50.3825054104
3ffc,22.2222222222,81.0055865922,28.9473684211,50.4273504274,47.6383894129
