pdb_id,pep_identity,mhc_identity,tcrA_identity,tcrB_identity,total_identity
5d2n,22.2222222222,99.4413407821,63.2075471698,53.0434782609,59.9296919066
3o4l,33.3333333333,100.0,22.2222222222,29.5652173913,53.07568438
5men,22.2222222222,100.0,25.2252252252,35.3982300885,50.8446499597
3ffc,22.2222222222,81.0055865922,31.8181818182,49.5726495726,47.9744081699
