pdb_id,pep_identity,mhc_identity,tcrA_identity,tcrB_identity,total_identity
3qdj,11.1111111111,100.0,88.1818181818,36.6071428571,57.8351972102
3o4l,33.3333333333,100.0,37.8378378378,29.8245614035,55.7215109847
5d2n,22.2222222222,99.4413407821,20.7207207207,54.7826086957,53.1384092375
5men,22.2222222222,100.0,34.2342342342,35.1351351351,52.3023023023
3ffc,22.2222222222,81.0055865922,30.9734513274,52.1367521368,48.2609701822
5bs0,11.1111111111,86.5921787709,39.8230088496,45.045045045,46.7124389431
