pdb_id,pep_identity,mhc_identity,tcrA_identity,tcrB_identity,total_identity
2bnq,11.1111111111,100.0,87.610619469,51.3513513514,60.1973655071
3o4l,33.3333333333,100.0,38.0530973451,28.3185840708,55.5063913471
5bs0,11.1111111111,86.5921787709,84.9557522124,36.036036036,52.7330613354
3qeq,11.1111111111,100.0,32.7433628319,51.7857142857,51.1252165566
5d2n,22.2222222222,99.4413407821,22.8070175439,30.4347826087,49.4281543602
2e7l,33.3333333333,68.7150837989,34.2105263158,56.3636363636,49.111832824
