pdb_id,pep_identity,mhc_identity,tcrA_identity,tcrB_identity,total_identity
3qdj,11.1111111111,100.0,88.8888888889,39.8230088496,58.4890199934
3o4l,33.3333333333,100.0,39.8148148148,26.9565217391,55.5730005368
4mnq,22.2222222222,100.0,33.3333333333,38.9380530973,52.7859718125
5d2n,22.2222222222,99.4413407821,23.1481481481,40.8695652174,51.2241398957
5bs0,11.1111111111,86.5921787709,40.7079646018,58.407079646,49.0869373353
3ffc,22.2222222222,81.0055865922,39.2857142857,41.0256410256,47.79449549
