pdb_id,pep_identity,mhc_identity,tcrA_identity,tcrB_identity,total_identity
3qdj,11.1111111111,100.0,87.037037037,35.1351351351,57.3990657324
3o4l,33.3333333333,100.0,39.8148148148,26.5486725664,55.5050256746
4mnq,22.2222222222,100.0,32.4324324324,33.6363636364,51.7522067522
5d2n,22.2222222222,99.4413407821,21.2962962963,40.8695652174,50.9154979204
5bs0,11.1111111111,86.5921787709,38.9380530973,61.2612612613,49.2676490205
3ffc,22.2222222222,81.0055865922,33.0357142857,45.2991452991,47.4650795356
