pdb_id,pep_identity,mhc_identity,tcrA_identity,tcrB_identity,total_identity
3o4l,33.3333333333,100.0,84.6153846154,33.6206896552,64.1504568229
3ffc,22.2222222222,81.0055865922,32.4324324324,87.1794871795,54.3445895401
5eu6,11.1111111111,100.0,39.8230088496,57.8947368421,53.3233279856
3gsn,22.2222222222,100.0,32.7272727273,35.9649122807,52.1894382421
5men,22.2222222222,100.0,34.2342342342,31.5789473684,51.7096043412
