pdb_id,pep_identity,mhc_identity,tcrA_identity,tcrB_identity,total_identity
3qdj,11.1111111111,100.0,88.8888888889,36.036036036,57.8578578579
3o4l,33.3333333333,100.0,38.8888888889,28.3185840708,55.6456899377
4mnq,22.2222222222,100.0,33.3333333333,34.2342342342,52.002002002
5d2n,22.2222222222,99.4413407821,21.2962962963,41.7391304348,51.0604254566
5bs0,11.1111111111,86.5921787709,39.8230088496,61.2612612613,49.4151416458
3ffc,22.2222222222,81.0055865922,31.25,44.4444444444,47.0250103455
