pdb_id,pep_identity,mhc_identity,tcrA_identity,tcrB_identity,total_identity
5men,22.2222222222,100.0,29.8245614035,89.1891891892,60.5763658395
3o4l,33.3333333333,100.0,33.6283185841,29.8245614035,55.0199244424
2e7l,33.3333333333,68.7150837989,69.0265486726,55.8558558559,54.8298731321
3qdj,11.1111111111,100.0,38.0530973451,62.1621621622,53.7395802883
5d2n,22.2222222222,99.4413407821,26.3157894737,28.6956521739,49.7230946094
