pdb_id,pep_identity,mhc_identity,tcrA_identity,tcrB_identity,total_identity
3o4l,33.3333333333,100.0,56.6037735849,27.9661016949,58.5394236577
5d2n,22.2222222222,99.4413407821,20.7207207207,56.8965517241,53.4907330756
5men,22.2222222222,100.0,30.9090909091,34.4827586207,51.639382329
3qdj,11.1111111111,100.0,41.4414414414,36.2068965517,49.9784267026
3ffc,22.2222222222,81.0055865922,33.0357142857,52.1367521368,48.6046806752
