pdb_id,pep_identity,mhc_identity,tcrA_identity,tcrB_identity,total_identity
3o4l,33.3333333333,100.0,30.9734513274,28.4482758621,54.3480656427
4mnq,22.2222222222,100.0,28.0701754386,33.6283185841,51.0238230779
5eu6,11.1111111111,100.0,35.9649122807,44.7368421053,50.4873294347
2e7l,33.3333333333,68.7150837989,59.2920353982,30.0884955752,48.9128942063
3ffc,22.2222222222,81.0055865922,27.8260869565,43.5897435897,46.3119080292
