pdb_id,pep_identity,mhc_identity,tcrA_identity,tcrB_identity,total_identity
4eup,11.1111111111,100.0,34.8214285714,87.7192982456,57.4604915065
3o4l,33.3333333333,100.0,31.5315315315,26.4957264957,54.1156541157
4mnq,22.2222222222,100.0,29.8245614035,48.6956521739,53.8274430036
2e7l,33.3333333333,68.7150837989,62.1621621622,55.2631578947,53.5870257202
5d2n,22.2222222222,99.4413407821,33.9285714286,29.3103448276,51.0943403775
