pdb_id,pep_identity,mhc_identity,tcrA_identity,tcrB_identity,total_identity
3o4l,33.3333333333,100.0,83.8095238095,28.3185840708,63.1324624245
5men,22.2222222222,100.0,34.8214285714,59.4594594595,56.4542220792
3gsn,22.2222222222,100.0,36.036036036,57.5221238938,56.3337673957
3qdj,11.1111111111,100.0,43.2432432432,63.0630630631,54.7547547548
2bnr,11.1111111111,100.0,38.9380530973,64.8648648649,54.3375233641
