pdb_id,pep_identity,mhc_identity,tcrA_identity,tcrB_identity,total_identity
5d2n,22.2222222222,99.4413407821,52.7777777778,33.0434782609,54.8580636746
5men,22.2222222222,100.0,25.4545454545,32.7433628319,50.4403921218
3qeq,11.1111111111,100.0,29.0909090909,28.3185840708,46.6052858973
3ffc,22.2222222222,81.0055865922,27.9279279279,35.0427350427,44.9043800999
