pdb_id,pep_identity,mhc_identity,tcrA_identity,tcrB_identity,total_identity
3o4l,33.3333333333,100.0,57.6923076923,25.4237288136,58.2971171954
4mnq,22.2222222222,100.0,28.5714285714,59.4827586207,55.4164386061
4eup,11.1111111111,100.0,47.7064220183,56.5217391304,54.4083972285
5d2n,22.2222222222,99.4413407821,22.0183486239,31.6239316239,49.4949010427
2e7l,33.3333333333,68.7150837989,33.9285714286,51.3043478261,48.2216255865
