pdb_id,pep_identity,mhc_identity,tcrA_identity,tcrB_identity,total_identity
3o4l,33.3333333333,100.0,51.3274336283,29.9145299145,57.9847717016
5eu6,11.1111111111,100.0,42.1052631579,78.2608695652,57.0980591576
5men,22.2222222222,100.0,33.6283185841,31.3043478261,51.5628518091
3ffc,22.2222222222,81.0055865922,33.0434782609,59.8290598291,49.8880259531
