pdb_id,pep_identity,mhc_identity,tcrA_identity,tcrB_identity,total_identity
2bnq,11.1111111111,100.0,89.3805309735,54.4642857143,61.0111731517
3o4l,33.3333333333,100.0,38.9380530973,30.4347826087,56.0065837288
5bs0,11.1111111111,86.5921787709,84.0707964602,35.3982300885,52.4792677188
3qeq,11.1111111111,100.0,32.7433628319,50.4424778761,50.9013438217
5d2n,22.2222222222,99.4413407821,23.6842105263,30.4347826087,49.5743531906
