pdb_id,pep_identity,mhc_identity,tcrA_identity,tcrB_identity,total_identity
3o4l,33.3333333333,100.0,54.128440367,35.3982300885,59.365556187
3gsn,22.2222222222,100.0,41.2844036697,53.0973451327,56.4710322078
2e7l,33.3333333333,68.7150837989,35.1351351351,49.5412844037,48.1288756339
