pdb_id,pep_identity,mhc_identity,tcrA_identity,tcrB_identity,total_identity
5eu6,11.1111111111,100.0,88.4955752212,56.6371681416,61.2258275975
2bnr,11.1111111111,100.0,87.610619469,32.7433628319,57.0960340872
3o4l,33.3333333333,100.0,39.8230088496,33.3333333333,56.6371681416
5bs0,11.1111111111,86.5921787709,83.185840708,43.75,53.7237367453
4mnq,22.2222222222,100.0,37.1681415929,36.036036036,52.9414370122
3qdj,11.1111111111,100.0,41.592920354,37.5,50.2191904294
