pdb_id,pep_identity,mhc_identity,tcrA_identity,tcrB_identity,total_identity
2bnq,11.1111111111,100.0,86.7256637168,49.5495495495,59.7495725814
3o4l,33.3333333333,100.0,36.9369369369,34.5132743363,56.35281299
5bs0,11.1111111111,86.5921787709,82.3008849558,35.1351351351,52.1404333092
3qeq,11.1111111111,100.0,31.5315315315,52.6785714286,51.0720541971
5d2n,22.2222222222,99.4413407821,22.3214285714,31.3043478261,49.492150401
2e7l,33.3333333333,68.7150837989,33.9285714286,57.2727272727,49.2163554943
