pdb_id,pep_identity,mhc_identity,tcrA_identity,tcrB_identity,total_identity
4eup,11.1111111111,100.0,90.8256880734,56.7567567568,61.6341111754
3o4l,33.3333333333,100.0,39.4495412844,30.701754386,56.1363270562
4mnq,22.2222222222,100.0,32.4324324324,50.0,54.4794794795
2bnr,11.1111111111,100.0,42.4778761062,49.5495495495,52.374941313
