pdb_id,pep_identity,mhc_identity,tcrA_identity,tcrB_identity,total_identity
5d2n,22.2222222222,99.4413407821,24.2990654206,87.9310344828,59.259537652
3o4l,33.3333333333,100.0,40.7407407407,28.813559322,56.0368277882
3qdj,11.1111111111,100.0,63.8888888889,34.4827586207,53.432311622
4mnq,22.2222222222,100.0,29.0909090909,32.7586206897,51.0489957042
3ffc,22.2222222222,81.0055865922,29.4642857143,55.5555555556,48.5792431498
