pdb_id,pep_identity,mhc_identity,tcrA_identity,tcrB_identity,total_identity
3o4l,33.3333333333,100.0,33.9130434783,21.9298245614,53.7515891177
3ffc,22.2222222222,81.0055865922,60.0,33.3333333333,49.9648251604
3qeq,11.1111111111,100.0,30.4347826087,41.0714285714,48.9547389004
2e7l,33.3333333333,68.7150837989,36.2068965517,37.8378378378,46.356928109
5bs0,11.1111111111,86.5921787709,32.1739130435,37.5,44.1800821346
