pdb_id,pep_identity,mhc_identity,tcrA_identity,tcrB_identity,total_identity
3qeq,11.1111111111,100.0,82.1428571429,30.3571428571,55.787037037
3o4l,33.3333333333,100.0,29.203539823,26.3157894737,53.6976659939
5bs0,11.1111111111,86.5921787709,31.8584070796,94.5454545455,53.6350735649
5d2n,22.2222222222,99.4413407821,28.0701754386,45.2173913043,52.7691154586
5men,22.2222222222,100.0,34.8214285714,33.3333333333,52.0998677249
3ffc,22.2222222222,81.0055865922,31.3043478261,41.8803418803,46.6067178892
