pdb_id,pep_identity,mhc_identity,tcrA_identity,tcrB_identity,total_identity
3gsn,22.2222222222,100.0,33.6448598131,29.5652173913,51.2757536081
2e7l,33.3333333333,68.7150837989,33.3333333333,31.25,44.780027933
3ffc,22.2222222222,81.0055865922,31.8181818182,27.1186440678,44.2320739191
