pdb_id,pep_identity,mhc_identity,tcrA_identity,tcrB_identity,total_identity
3o4l,33.3333333333,100.0,32.0754716981,26.724137931,54.2443793826
4mnq,22.2222222222,100.0,27.027027027,32.4561403509,50.6546019704
4eup,11.1111111111,100.0,37.962962963,36.2831858407,49.411395171
5bs0,11.1111111111,86.5921787709,30.0884955752,64.9122807018,48.4012260068
3ffc,22.2222222222,81.0055865922,33.6363636364,41.8803418803,46.9953871909
2e7l,33.3333333333,68.7150837989,35.7142857143,29.203539823,44.8357766336
