pdb_id,pep_identity,mhc_identity,tcrA_identity,tcrB_identity,total_identity
3qdj,11.1111111111,100.0,88.0733944954,63.0630630631,62.2264466301
3gsn,22.2222222222,100.0,45.4545454545,72.5663716814,60.4108935967
5men,22.2222222222,100.0,34.2342342342,75.6756756757,59.0590590591
2pye,11.1111111111,100.0,42.4778761062,74.1071428571,56.4678735309
3o4l,33.3333333333,100.0,39.0909090909,28.9473684211,55.7841573631
