pdb_id,pep_identity,mhc_identity,tcrA_identity,tcrB_identity,total_identity
4eup,11.1111111111,100.0,87.3873873874,53.5087719298,60.5197302566
3o4l,33.3333333333,100.0,38.3928571429,28.2051282051,55.5441086691
4mnq,22.2222222222,100.0,31.5315315315,46.9565217391,53.8220829525
5d2n,22.2222222222,99.4413407821,19.6428571429,32.7586206897,49.2881006402
2e7l,33.3333333333,68.7150837989,33.3333333333,53.5087719298,48.4898232546
