pdb_id,pep_identity,mhc_identity,tcrA_identity,tcrB_identity,total_identity
3gsn,22.2222222222,100.0,86.3636363636,61.9469026549,65.4591639105
3qdj,11.1111111111,100.0,39.0909090909,89.3805309735,58.4489437144
5men,22.2222222222,100.0,35.7142857143,62.8318584071,57.1650980943
3o4l,33.3333333333,100.0,32.7272727273,29.3103448276,54.7840473703
2pye,11.1111111111,100.0,40.7079646018,62.8318584071,54.2936742052
