pdb_id,pep_identity,mhc_identity,tcrA_identity,tcrB_identity,total_identity
3o4l,33.3333333333,100.0,35.7142857143,33.6206896552,56.0002736727
5d2n,22.2222222222,99.4413407821,26.5486725664,53.9130434783,53.9648070089
3ffc,22.2222222222,81.0055865922,29.8245614035,87.1794871795,53.9099443686
5men,22.2222222222,100.0,39.6396396396,31.5789473684,52.6105052421
3qdj,11.1111111111,100.0,40.1785714286,32.4561403509,49.1428223336
5bs0,11.1111111111,86.5921787709,42.4778761062,41.2280701754,46.518754341
