pdb_id,pep_identity,mhc_identity,tcrA_identity,tcrB_identity,total_identity
3qdj,11.1111111111,100.0,37.962962963,92.9203539823,58.8509231946
5men,22.2222222222,100.0,29.7297297297,65.4867256637,56.610149973
3o4l,33.3333333333,100.0,29.3577981651,31.0344827586,54.5098245984
5d2n,22.2222222222,99.4413407821,24.7706422018,33.0434782609,50.1902077452
2e7l,33.3333333333,68.7150837989,30.6306306306,53.982300885,48.1182942967
