pdb_id,pep_identity,mhc_identity,tcrA_identity,tcrB_identity,total_identity
3qeq,11.1111111111,100.0,50.4587155963,58.9285714286,55.2682515412
3o4l,33.3333333333,100.0,33.6363636364,28.3185840708,54.7702690623
5men,22.2222222222,100.0,34.2342342342,47.7477477477,54.4044044044
2e7l,33.3333333333,68.7150837989,28.0701754386,50.0,47.0278349505
5bs0,11.1111111111,86.5921787709,39.8230088496,36.036036036,45.2109374416
3ffc,22.2222222222,81.0055865922,27.6785714286,32.4786324786,44.435470256
