pdb_id,pep_identity,mhc_identity,tcrA_identity,tcrB_identity,total_identity
3gsn,22.2222222222,100.0,88.1818181818,29.8245614035,60.4084706716
3o4l,33.3333333333,100.0,33.6363636364,24.7863247863,54.1815591816
5bs0,11.1111111111,86.5921787709,41.592920354,87.7192982456,54.1197997273
