pdb_id,pep_identity,mhc_identity,tcrA_identity,tcrB_identity,total_identity
3o4l,33.3333333333,100.0,51.3274336283,28.813559322,57.8012766028
5eu6,11.1111111111,100.0,42.1052631579,60.3448275862,54.1120521611
5men,22.2222222222,100.0,33.6283185841,33.6206896552,51.9489087806
3ffc,22.2222222222,81.0055865922,33.0434782609,56.4102564103,49.3182253833
