pdb_id,pep_identity,mhc_identity,tcrA_identity,tcrB_identity,total_identity
5men,22.2222222222,100.0,28.6956521739,78.7610619469,58.6501930942
3o4l,33.3333333333,100.0,29.5652173913,29.3103448276,54.2570381476
3qdj,11.1111111111,100.0,31.3043478261,62.8318584071,52.7264047426
5d2n,22.2222222222,99.4413407821,28.6956521739,29.5652173913,50.264665929
2e7l,33.3333333333,68.7150837989,37.9310344828,56.6371681416,49.7775061481
3ffc,22.2222222222,81.0055865922,52.1739130435,36.7521367521,49.2302779041
