pdb_id,pep_identity,mhc_identity,tcrA_identity,tcrB_identity,total_identity
4eup,11.1111111111,100.0,86.3636363636,89.1891891892,66.2958412958
3o4l,33.3333333333,100.0,39.6396396396,26.3157894737,55.4370159633
3gsn,22.2222222222,100.0,37.8378378378,47.7876106195,55.011648817
5men,22.2222222222,100.0,33.3333333333,50.0,54.6296296296
