pdb_id,pep_identity,mhc_identity,tcrA_identity,tcrB_identity,total_identity
5d2n,22.2222222222,99.4413407821,29.8245614035,57.3913043478,55.0904986267
3ffc,22.2222222222,81.0055865922,60.5263157895,52.1367521368,53.1864475925
5men,22.2222222222,100.0,33.9130434783,35.3982300885,52.2926196685
3qdj,11.1111111111,100.0,34.2105263158,38.0530973451,49.0809743139
2e7l,33.3333333333,68.7150837989,33.0434782609,36.2831858407,45.570583061
5bs0,11.1111111111,86.5921787709,33.0434782609,42.4778761062,45.1546556885
