pdb_id,pep_identity,mhc_identity,tcrA_identity,tcrB_identity,total_identity
3o4l,33.3333333333,100.0,33.3333333333,30.0884955752,55.0147492625
4mnq,22.2222222222,100.0,28.9473684211,51.3513513514,54.1238607028
2e7l,33.3333333333,68.7150837989,68.4210526316,50.0,53.7529811493
4eup,11.1111111111,100.0,32.4561403509,58.5585585586,52.2061535219
5bs0,11.1111111111,86.5921787709,35.9649122807,38.7387387387,45.0183717973
3ffc,22.2222222222,81.0055865922,25.8620689655,35.8974358974,44.7025204153
