pdb_id,pep_identity,mhc_identity,tcrA_identity,tcrB_identity,total_identity
5d2n,22.2222222222,99.4413407821,88.9908256881,54.7826086957,64.5167600654
3o4l,33.3333333333,100.0,20.7207207207,28.2051282051,52.5987525988
