pdb_id,pep_identity,mhc_identity,tcrA_identity,tcrB_identity,total_identity
3o4l,33.3333333333,100.0,60.3773584906,31.8584070796,59.8170720395
3gsn,22.2222222222,100.0,33.3333333333,48.6725663717,54.4083906916
2e7l,33.3333333333,68.7150837989,32.4561403509,50.9090909091,47.9103442541
