pdb_id,pep_identity,mhc_identity,tcrA_identity,tcrB_identity,total_identity
3o4l,33.3333333333,100.0,28.0701754386,26.2711864407,53.501338091
5bs0,11.1111111111,86.5921787709,33.9130434783,91.3043478261,53.4373285114
3ffc,22.2222222222,81.0055865922,52.6315789474,45.2991452991,50.7310569792
4eup,11.1111111111,100.0,28.9473684211,37.3913043478,48.0934824985
2e7l,33.3333333333,68.7150837989,34.7826086957,30.4347826087,44.8857042615
