pdb_id,pep_identity,mhc_identity,tcrA_identity,tcrB_identity,total_identity
3o4l,33.3333333333,100.0,36.2831858407,30.1724137931,55.5203777167
5eu6,11.1111111111,100.0,48.6725663717,61.4035087719,55.383049561
5men,22.2222222222,100.0,38.3928571429,35.9649122807,53.1337023113
3ffc,22.2222222222,81.0055865922,31.3043478261,53.8461538462,48.6010198835
2e7l,33.3333333333,68.7150837989,28.9473684211,35.0877192982,44.688653664
