pdb_id,pep_identity,mhc_identity,tcrA_identity,tcrB_identity,total_identity
5d2n,22.2222222222,99.4413407821,49.0740740741,44.347826087,56.124837695
3o4l,33.3333333333,100.0,20.9090909091,25.2173913043,52.13219148
4mnq,22.2222222222,100.0,22.0183486239,30.0884955752,49.4252147739
5bs0,11.1111111111,86.5921787709,24.5614035088,64.6017699115,47.4282921974
3qeq,11.1111111111,100.0,30.0,31.8584070796,47.3467715503
3ffc,22.2222222222,81.0055865922,27.027027027,42.735042735,46.0362812318
