pdb_id,pep_identity,mhc_identity,tcrA_identity,tcrB_identity,total_identity
3qdj,11.1111111111,100.0,35.7798165138,90.1785714286,58.0301016941
5men,22.2222222222,100.0,30.9090909091,63.3928571429,56.4577320827
3o4l,33.3333333333,100.0,31.7757009346,30.4347826087,54.8128583683
5d2n,22.2222222222,99.4413407821,22.9357798165,30.4347826087,49.449614739
2e7l,33.3333333333,68.7150837989,30.9734513274,53.5714285714,48.1069523605
