pdb_id,pep_identity,mhc_identity,tcrA_identity,tcrB_identity,total_identity
3o4l,33.3333333333,100.0,33.9449541284,25.4237288136,54.3392249348
4qrp,11.1111111111,81.0055865922,90.0,39.6551724138,52.3147613034
5men,22.2222222222,100.0,29.203539823,31.0344827586,50.780411171
5eu6,11.1111111111,100.0,33.6283185841,47.8632478632,50.6189647783
2e7l,33.3333333333,68.7150837989,52.2522522523,33.0434782609,48.2320941296
