pdb_id,pep_identity,mhc_identity,tcrA_identity,tcrB_identity,total_identity
3o4l,33.3333333333,100.0,89.2156862745,27.3504273504,63.8721300486
5men,22.2222222222,100.0,33.9285714286,35.9649122807,52.3896546923
5d2n,22.2222222222,99.4413407821,21.2962962963,44.347826087,51.4952080653
