pdb_id,pep_identity,mhc_identity,tcrA_identity,tcrB_identity,total_identity
3qeq,11.1111111111,100.0,85.4545454545,53.5714285714,60.208032708
5men,22.2222222222,100.0,35.7142857143,49.5495495495,54.9513799514
3o4l,33.3333333333,100.0,31.5315315315,30.0884955752,54.7144489622
5d2n,22.2222222222,99.4413407821,28.5714285714,33.9130434783,50.9685996764
