pdb_id,pep_identity,mhc_identity,tcrA_identity,tcrB_identity,total_identity
3o4l,33.3333333333,100.0,31.5789473684,31.8965517241,55.0236942932
5men,22.2222222222,100.0,28.9473684211,31.8584070796,50.8750366575
5eu6,11.1111111111,100.0,31.5789473684,41.2280701754,49.171539961
2e7l,33.3333333333,68.7150837989,55.2631578947,28.3185840708,47.9464293717
4qrp,11.1111111111,81.0055865922,50.0,41.2280701754,45.9102442637
