pdb_id,pep_identity,mhc_identity,tcrA_identity,tcrB_identity,total_identity
3gsn,22.2222222222,100.0,35.1351351351,49.5575221239,54.8561836172
2e7l,33.3333333333,68.7150837989,30.9734513274,50.0,47.5117142653
3ffc,22.2222222222,81.0055865922,32.7433628319,35.0427350427,45.7069525839
