pdb_id,pep_identity,mhc_identity,tcrA_identity,tcrB_identity,total_identity
3gsn,22.2222222222,100.0,37.1681415929,90.2654867257,61.9796787938
5men,22.2222222222,100.0,33.9285714286,91.9642857143,61.7228835979
2f53,11.1111111111,100.0,45.6140350877,88.3928571429,59.3715190755
3qdj,11.1111111111,100.0,64.2857142857,64.2857142857,58.4656084656
3o4l,33.3333333333,100.0,38.0530973451,28.6956521739,55.569236031
2e7l,33.3333333333,68.7150837989,39.1304347826,54.4642857143,49.6152591269
