pdb_id,pep_identity,mhc_identity,tcrA_identity,tcrB_identity,total_identity
3o4l,33.3333333333,100.0,28.9473684211,53.5087719298,58.1871345029
2f54,11.1111111111,100.0,46.0869565217,37.7192982456,51.0047461649
5d2n,22.2222222222,99.4413407821,27.1929824561,31.8965517241,50.4027766982
3ffc,22.2222222222,81.0055865922,52.6315789474,28.813559322,47.9834593164
3qdj,11.1111111111,100.0,28.9473684211,33.9130434783,47.5137723536
