pdb_id,pep_identity,mhc_identity,tcrA_identity,tcrB_identity,total_identity
4eup,11.1111111111,100.0,65.1785714286,59.4594594595,57.810042185
4mnq,22.2222222222,100.0,36.6071428571,58.0357142857,56.5145502646
3o4l,33.3333333333,100.0,40.7079646018,27.1929824561,55.7612689541
5d2n,22.2222222222,99.4413407821,26.5486725664,30.4347826087,50.0517635306
2e7l,33.3333333333,68.7150837989,39.1304347826,54.0540540541,49.5468871835
5bs0,11.1111111111,86.5921787709,46.4912280702,35.7142857143,46.2686822581
