pdb_id,pep_identity,mhc_identity,tcrA_identity,tcrB_identity,total_identity
3o4l,33.3333333333,100.0,30.0884955752,29.203539823,54.3264503441
5men,22.2222222222,100.0,30.4347826087,48.6486486486,53.921312617
4eup,11.1111111111,100.0,27.4336283186,56.7567567568,51.0687678829
3ffc,22.2222222222,81.0055865922,51.3274336283,35.8974358974,48.9467478591
2e7l,33.3333333333,68.7150837989,34.2105263158,51.8181818182,48.3542570664
5bs0,11.1111111111,86.5921787709,33.0434782609,39.6396396396,44.6816162774
