pdb_id,pep_identity,mhc_identity,tcrA_identity,tcrB_identity,total_identity
3o4l,33.3333333333,100.0,40.0,28.9473684211,55.9356725146
5d2n,22.2222222222,99.4413407821,27.027027027,44.347826087,52.4503298538
4mnq,22.2222222222,100.0,28.0701754386,37.8378378378,51.7254096201
2e7l,33.3333333333,68.7150837989,69.3693693694,29.7297297297,50.5326555606
3qdj,11.1111111111,100.0,32.4324324324,40.5405405405,49.1991991992
5bs0,11.1111111111,86.5921787709,31.5789473684,66.6666666667,48.9420322999
4qrp,11.1111111111,81.0055865922,48.6486486486,42.1052631579,45.8312178689
