pdb_id,pep_identity,mhc_identity,tcrA_identity,tcrB_identity,total_identity
5eu6,11.1111111111,100.0,92.0353982301,41.592920354,59.3084234677
5bs0,11.1111111111,86.5921787709,83.185840708,67.5675675676,57.6933313399
3o4l,33.3333333333,100.0,39.2857142857,31.5789473684,56.2552213868
4mnq,22.2222222222,100.0,38.9380530973,34.2342342342,52.9361219627
3qeq,11.1111111111,100.0,32.1428571429,31.25,47.6025132275
