pdb_id,pep_identity,mhc_identity,tcrA_identity,tcrB_identity,total_identity
3o4l,33.3333333333,100.0,33.3333333333,25.2173913043,54.2028985507
3qdj,11.1111111111,100.0,66.3636363636,33.6283185841,53.7023628617
4mnq,22.2222222222,100.0,30.9090909091,32.7433628319,51.3494830309
5bs0,11.1111111111,86.5921787709,38.0530973451,38.0530973451,45.2521290757
3ffc,22.2222222222,81.0055865922,29.203539823,33.3333333333,44.8320817975
2e7l,33.3333333333,68.7150837989,32.7433628319,29.4642857143,44.3840804684
