pdb_id,pep_identity,mhc_identity,tcrA_identity,tcrB_identity,total_identity
3o4l,33.3333333333,100.0,31.3043478261,28.6956521739,54.4444444444
5men,22.2222222222,100.0,29.5652173913,46.9026548673,53.4853861172
2e7l,33.3333333333,68.7150837989,55.652173913,49.1071428571,51.4760251724
4eup,11.1111111111,100.0,31.3043478261,53.5714285714,51.18299977
4qrp,11.1111111111,81.0055865922,50.4347826087,39.8230088496,45.7485311441
5bs0,11.1111111111,86.5921787709,31.3043478261,35.3982300885,43.6848596131
