pdb_id,pep_identity,mhc_identity,tcrA_identity,tcrB_identity,total_identity
5d2n,22.2222222222,99.4413407821,22.1238938053,89.5652173913,59.1693728676
3o4l,33.3333333333,100.0,51.7857142857,29.5652173913,58.0029330573
5men,22.2222222222,100.0,38.1818181818,34.5132743363,52.8565894938
3qdj,11.1111111111,100.0,47.3214285714,36.2831858407,50.9711394391
3ffc,22.2222222222,81.0055865922,34.2105263158,56.4102564103,49.5127333925
