pdb_id,pep_identity,mhc_identity,tcrA_identity,tcrB_identity,total_identity
3qdj,11.1111111111,100.0,88.8888888889,29.8245614035,56.8226120858
3o4l,33.3333333333,100.0,42.5925925926,23.275862069,55.4225202214
4mnq,22.2222222222,100.0,33.3333333333,29.8245614035,51.2670565302
5d2n,22.2222222222,99.4413407821,30.5555555556,33.0434782609,51.1543599709
