pdb_id,pep_identity,mhc_identity,tcrA_identity,tcrB_identity,total_identity
3o4l,33.3333333333,100.0,32.1100917431,24.5614035088,53.8896936531
5men,22.2222222222,100.0,30.3571428571,32.1428571429,51.1574074074
4eup,11.1111111111,100.0,36.036036036,35.1351351351,48.8988988989
3ffc,22.2222222222,81.0055865922,34.5132743363,32.4786324786,45.5745874073
2e7l,33.3333333333,68.7150837989,33.9130434783,29.7297297297,44.6232679121
5bs0,11.1111111111,86.5921787709,29.8245614035,40.5405405405,44.2952802847
