pdb_id,pep_identity,mhc_identity,tcrA_identity,tcrB_identity,total_identity
3qdj,11.1111111111,100.0,88.0733944954,65.7657657658,62.6768970806
3gsn,22.2222222222,100.0,38.1818181818,92.9203539823,62.5911027681
5men,22.2222222222,100.0,32.4324324324,93.6936936937,61.7617617618
2bnr,11.1111111111,100.0,42.4778761062,89.2857142857,58.9976354357
3o4l,33.3333333333,100.0,40.9090909091,35.0877192982,57.110579479
