pdb_id,pep_identity,mhc_identity,tcrA_identity,tcrB_identity,total_identity
3qeq,11.1111111111,100.0,94.4444444444,33.3333333333,58.3333333333
3ffc,22.2222222222,81.0055865922,38.9380530973,86.3247863248,55.2864095085
5d2n,22.2222222222,99.4413407821,30.0,55.652173913,54.8298833203
3o4l,33.3333333333,100.0,30.2752293578,29.3103448276,54.3753734753
5men,22.2222222222,100.0,33.9285714286,30.701754386,51.5124617098
