pdb_id,pep_identity,mhc_identity,tcrA_identity,tcrB_identity,total_identity
3o4l,33.3333333333,100.0,29.8245614035,26.2711864407,53.7937357518
5men,22.2222222222,100.0,28.6956521739,30.1724137931,50.5520850686
5eu6,11.1111111111,100.0,36.5217391304,42.735042735,50.2465006813
3ffc,22.2222222222,81.0055865922,52.6315789474,40.1709401709,49.8763561245
2e7l,33.3333333333,68.7150837989,37.3913043478,32.1739130435,45.6103419426
