pdb_id,pep_identity,mhc_identity,tcrA_identity,tcrB_identity,total_identity
3o4l,33.3333333333,100.0,51.8181818182,27.8260869565,57.7184892402
3ffc,22.2222222222,81.0055865922,34.8214285714,86.3247863248,54.6003054208
5d2n,22.2222222222,99.4413407821,22.5225225225,60.8695652174,54.4532022914
5men,22.2222222222,100.0,34.8214285714,30.0884955752,51.5590614318
3qdj,11.1111111111,100.0,49.0909090909,30.9734513274,50.3810971068
