pdb_id,pep_identity,mhc_identity,tcrA_identity,tcrB_identity,total_identity
3qdj,11.1111111111,100.0,90.7407407407,34.7826086957,57.9575952764
3o4l,33.3333333333,100.0,40.3669724771,29.9145299145,56.1580281764
4mnq,22.2222222222,100.0,33.3333333333,33.0434782609,51.8035426731
5d2n,22.2222222222,99.4413407821,22.9357798165,40.5172413793,51.1300245341
5bs0,11.1111111111,86.5921787709,41.592920354,57.3913043478,49.0651340777
3ffc,22.2222222222,81.0055865922,33.9285714286,40.1709401709,46.7591882047
