pdb_id,pep_identity,mhc_identity,tcrA_identity,tcrB_identity,total_identity
5eu6,11.1111111111,100.0,87.610619469,39.1304347826,58.160546079
3o4l,33.3333333333,100.0,39.4495412844,23.275862069,54.8986783367
5bs0,11.1111111111,86.5921787709,83.185840708,39.4736842105,53.0110174471
5men,22.2222222222,100.0,40.1785714286,30.701754386,52.5541283765
