pdb_id,pep_identity,mhc_identity,tcrA_identity,tcrB_identity,total_identity
3o4l,33.3333333333,100.0,31.25,27.8260869565,54.2904589372
5men,22.2222222222,100.0,27.1929824561,46.017699115,52.9425210026
2e7l,33.3333333333,68.7150837989,58.0357142857,49.1071428571,51.8732819012
3qeq,11.1111111111,100.0,28.5714285714,58.407079646,51.5334550733
4qrp,11.1111111111,81.0055865922,52.6785714286,38.9380530973,45.9750033221
5bs0,11.1111111111,86.5921787709,32.4561403509,34.5132743363,43.7293324085
