pdb_id,pep_identity,mhc_identity,tcrA_identity,tcrB_identity,total_identity
5d2n,22.2222222222,99.4413407821,88.785046729,33.6206896552,60.9554770655
3o4l,33.3333333333,100.0,21.1009174312,23.0769230769,51.8074178625
4mnq,22.2222222222,100.0,22.5225225225,32.1739130435,49.8568133351
