pdb_id,pep_identity,mhc_identity,tcrA_identity,tcrB_identity,total_identity
5men,22.2222222222,100.0,35.7142857143,88.3928571429,61.4252645503
3gsn,22.2222222222,100.0,35.1351351351,86.7256637168,61.0508738827
3o4l,33.3333333333,100.0,38.7387387387,29.5652173913,55.8284371328
3qeq,11.1111111111,100.0,36.3636363636,61.6071428571,53.3655002405
