pdb_id,pep_identity,mhc_identity,tcrA_identity,tcrB_identity,total_identity
3o4l,33.3333333333,100.0,33.0357142857,27.1929824561,54.4825605681
5men,22.2222222222,100.0,30.0884955752,36.9369369369,51.9116461594
4qrp,11.1111111111,81.0055865922,86.6071428571,40.350877193,51.8652359095
5eu6,11.1111111111,100.0,39.8230088496,48.6725663717,51.7862995739
2e7l,33.3333333333,68.7150837989,50.4424778761,30.6306306306,47.5283237952
