pdb_id,pep_identity,mhc_identity,tcrA_identity,tcrB_identity,total_identity
3o4l,33.3333333333,100.0,29.8245614035,25.8620689655,53.7255495059
5bs0,11.1111111111,86.5921787709,35.652173913,91.1504424779,53.7015326925
3ffc,22.2222222222,81.0055865922,53.5087719298,41.0256410256,50.1650050974
4eup,11.1111111111,100.0,30.701754386,36.2831858407,48.2011937415
2e7l,33.3333333333,68.7150837989,35.652173913,30.0884955752,44.9729172921
