pdb_id,pep_identity,mhc_identity,tcrA_identity,tcrB_identity,total_identity
3qdj,11.1111111111,100.0,90.7407407407,34.5132743363,57.9127062165
3o4l,33.3333333333,100.0,39.8148148148,22.1238938053,54.7675625478
5men,22.2222222222,100.0,33.3333333333,33.6283185841,51.9010160603
5d2n,22.2222222222,99.4413407821,21.2962962963,31.8965517241,49.4199956715
