pdb_id,pep_identity,mhc_identity,tcrA_identity,tcrB_identity,total_identity
3qeq,11.1111111111,100.0,83.0357142857,50.8928571429,59.3584656085
5men,22.2222222222,100.0,36.6071428571,59.4594594595,56.7518411268
3o4l,33.3333333333,100.0,30.9734513274,26.5486725664,54.0314650934
5d2n,22.2222222222,99.4413407821,28.0701754386,29.5652173913,50.1604198064
2e7l,33.3333333333,68.7150837989,27.1929824561,54.5454545455,47.6392118777
