pdb_id,pep_identity,mhc_identity,tcrA_identity,tcrB_identity,total_identity
5d2n,22.2222222222,99.4413407821,32.1100917431,88.6956521739,60.6888116543
3o4l,33.3333333333,100.0,55.5555555556,30.701754386,58.820662768
4mnq,22.2222222222,100.0,33.9285714286,33.0357142857,51.9014550265
3qdj,11.1111111111,100.0,47.7064220183,35.7142857143,50.9404883258
3ffc,22.2222222222,81.0055865922,33.9285714286,55.5555555556,49.3232907688
