pdb_id,pep_identity,mhc_identity,tcrA_identity,tcrB_identity,total_identity
5d2n,22.2222222222,99.4413407821,28.8288288288,76.724137931,58.1466821281
3o4l,33.3333333333,100.0,32.7272727273,26.2711864407,54.2775209724
4mnq,22.2222222222,100.0,29.203539823,30.1724137931,50.6367330101
2e7l,33.3333333333,68.7150837989,62.1621621622,33.6206896552,49.9799476803
3ffc,22.2222222222,81.0055865922,28.9473684211,60.6837606838,49.3477911223
4eup,11.1111111111,100.0,34.8214285714,31.8965517241,48.1567004196
