pdb_id,pep_identity,mhc_identity,tcrA_identity,tcrB_identity,total_identity
5men,22.2222222222,100.0,36.9369369369,49.5495495495,55.1551551552
3o4l,33.3333333333,100.0,33.6363636364,30.0884955752,55.065254313
3qeq,11.1111111111,100.0,50.4587155963,51.7857142857,54.0777753507
2e7l,33.3333333333,68.7150837989,26.3157894737,49.0909090909,46.5839221382
5bs0,11.1111111111,86.5921787709,38.0530973451,40.0,45.5766128515
3ffc,22.2222222222,81.0055865922,27.6785714286,34.188034188,44.7203705409
