pdb_id,pep_identity,mhc_identity,tcrA_identity,tcrB_identity,total_identity
3o4l,33.3333333333,100.0,32.4324324324,30.1724137931,54.878585482
4qrp,11.1111111111,81.0055865922,88.2882882883,50.8771929825,53.8998127796
5eu6,11.1111111111,100.0,30.9734513274,57.8947368421,51.848401732
5men,22.2222222222,100.0,30.0884955752,35.0877192982,51.6034432197
2e7l,33.3333333333,68.7150837989,50.0,35.9649122807,48.3436244242
