pdb_id,pep_identity,mhc_identity,tcrA_identity,tcrB_identity,total_identity
3o4l,33.3333333333,100.0,58.4905660377,29.9145299145,59.1786271032
5men,22.2222222222,100.0,29.4642857143,50.4347826087,54.0572521279
4eup,11.1111111111,100.0,42.3423423423,56.1403508772,53.4508192403
5d2n,22.2222222222,99.4413407821,22.5225225225,34.4827586207,50.055401192
