pdb_id,pep_identity,mhc_identity,tcrA_identity,tcrB_identity,total_identity
3o4l,33.3333333333,100.0,59.8039215686,24.347826087,58.4697357204
3gsn,22.2222222222,100.0,33.6448598131,30.9734513274,51.5104592642
