pdb_id,pep_identity,mhc_identity,tcrA_identity,tcrB_identity,total_identity
3o4l,33.3333333333,100.0,86.4077669903,27.4336283186,63.4180103293
4eup,11.1111111111,100.0,40.3669724771,91.8918918919,59.0801810985
3gsn,22.2222222222,100.0,33.9449541284,50.4424778761,54.8053127415
5men,22.2222222222,100.0,33.0357142857,51.3513513514,54.8052516803
2p5w,11.1111111111,100.0,38.0530973451,53.5714285714,52.3077913565
