pdb_id,pep_identity,mhc_identity,tcrA_identity,tcrB_identity,total_identity
5men,22.2222222222,100.0,29.5652173913,61.2612612613,55.8784871828
3o4l,33.3333333333,100.0,30.4347826087,26.5486725664,53.9416869736
2e7l,33.3333333333,68.7150837989,55.652173913,53.6363636364,52.2308953023
4eup,11.1111111111,100.0,32.1739130435,58.5585585586,52.1591156374
5d2n,22.2222222222,99.4413407821,23.275862069,28.6956521739,49.2164400419
