pdb_id,pep_identity,mhc_identity,tcrA_identity,tcrB_identity,total_identity
3o4l,33.3333333333,100.0,59.6153846154,30.701754386,59.4973009447
5d2n,22.2222222222,99.4413407821,22.9357798165,53.0434782609,53.217730681
5men,22.2222222222,100.0,28.5714285714,36.6071428571,51.6038359788
3qdj,11.1111111111,100.0,42.2018348624,33.9285714286,49.7254380855
3ffc,22.2222222222,81.0055865922,34.5454545455,51.2820512821,48.7138539094
