pdb_id,pep_identity,mhc_identity,tcrA_identity,tcrB_identity,total_identity
5d2n,22.2222222222,99.4413407821,60.5504587156,42.6086956522,57.7477133961
3o4l,33.3333333333,100.0,21.6216216216,25.8620689655,52.3583928756
5men,22.2222222222,100.0,26.6055045872,30.0884955752,50.1897407678
3ffc,22.2222222222,81.0055865922,32.1428571429,44.4444444444,47.1738198694
3qeq,11.1111111111,100.0,27.027027027,33.6283185841,47.1462613056
