pdb_id,pep_identity,mhc_identity,tcrA_identity,tcrB_identity,total_identity
3qdj,11.1111111111,100.0,87.2727272727,40.5405405405,58.3392483392
3o4l,33.3333333333,100.0,39.6396396396,28.9473684211,55.8756124546
5men,22.2222222222,100.0,35.7798165138,36.9369369369,52.8601996492
5d2n,22.2222222222,99.4413407821,20.7207207207,44.347826087,51.3992788027
5bs0,11.1111111111,86.5921787709,39.8230088496,66.6666666667,50.3160425467
3ffc,22.2222222222,81.0055865922,33.6283185841,41.0256410256,46.8515962064
