pdb_id,pep_identity,mhc_identity,tcrA_identity,tcrB_identity,total_identity
3qdj,11.1111111111,100.0,32.7433628319,90.2654867257,57.5385119633
5men,22.2222222222,100.0,28.0701754386,63.7168141593,56.0385723404
3o4l,33.3333333333,100.0,30.9734513274,27.5862068966,54.2043874818
2e7l,33.3333333333,68.7150837989,57.5221238938,53.982300885,52.6002098405
5d2n,22.2222222222,99.4413407821,24.5614035088,33.0434782609,50.1553346297
