pdb_id,pep_identity,mhc_identity,tcrA_identity,tcrB_identity,total_identity
3o4l,33.3333333333,100.0,84.4660194175,26.5486725664,62.9468931084
4eup,11.1111111111,100.0,40.3669724771,89.1891891892,58.6297306481
5men,22.2222222222,100.0,33.0357142857,50.4504504505,54.6551015301
3gsn,22.2222222222,100.0,32.1100917431,49.5575221239,54.3520097186
2f53,11.1111111111,100.0,38.0530973451,51.7857142857,52.0101723088
