pdb_id,pep_identity,mhc_identity,tcrA_identity,tcrB_identity,total_identity
5d2n,22.2222222222,99.4413407821,51.376146789,33.0434782609,54.6244585098
4mnq,22.2222222222,100.0,21.6216216216,33.3333333333,49.8998998999
3qeq,11.1111111111,100.0,36.9369369369,28.0701754386,47.8715557663
3ffc,22.2222222222,81.0055865922,34.8214285714,35.0427350427,46.0532968738
