pdb_id,pep_identity,mhc_identity,tcrA_identity,tcrB_identity,total_identity
3o4l,33.3333333333,100.0,33.9449541284,30.9734513274,55.2641786871
5men,22.2222222222,100.0,34.2342342342,50.4504504505,54.8548548549
3qeq,11.1111111111,100.0,50.9259259259,52.6785714286,54.3044532628
2e7l,33.3333333333,68.7150837989,27.4336283186,49.0909090909,46.7702286123
5bs0,11.1111111111,86.5921787709,40.7079646018,39.6396396396,45.9590306676
3ffc,22.2222222222,81.0055865922,27.9279279279,34.188034188,44.7619299575
