pdb_id,pep_identity,mhc_identity,tcrA_identity,tcrB_identity,total_identity
4eup,11.1111111111,100.0,87.1559633028,87.3873873874,66.1275954854
3o4l,33.3333333333,100.0,49.0740740741,26.3157894737,57.0094217024
3gsn,22.2222222222,100.0,38.8888888889,49.5575221239,55.4818092429
4mnq,22.2222222222,100.0,33.3333333333,51.7857142857,54.9272486772
2f53,11.1111111111,100.0,40.7079646018,58.0357142857,53.4943168516
