pdb_id,pep_identity,mhc_identity,tcrA_identity,tcrB_identity,total_identity
3o4l,33.3333333333,100.0,57.6923076923,30.0884955752,59.0745783224
4eup,11.1111111111,100.0,47.7064220183,58.5585585586,54.7478671332
4mnq,22.2222222222,100.0,28.5714285714,50.4504504505,53.9110539111
5d2n,22.2222222222,99.4413407821,22.0183486239,33.0434782609,49.7314921489
2e7l,33.3333333333,68.7150837989,33.9285714286,50.0,48.0042342822
