pdb_id,pep_identity,mhc_identity,tcrA_identity,tcrB_identity,total_identity
5men,22.2222222222,100.0,36.9369369369,52.5862068966,55.661264713
3o4l,33.3333333333,100.0,31.25,24.5762711864,53.7488229755
4eup,11.1111111111,100.0,33.0357142857,58.2608695652,52.2531343455
2e7l,33.3333333333,68.7150837989,48.6725663717,53.9130434783,51.1137406857
4qrp,11.1111111111,81.0055865922,87.5,26.724137931,49.7429222229
5d2n,22.2222222222,99.4413407821,23.0088495575,30.7692307692,49.5175343892
