pdb_id,pep_identity,mhc_identity,tcrA_identity,tcrB_identity,total_identity
3o4l,33.3333333333,100.0,52.6785714286,26.5486725664,57.6489851103
4mnq,22.2222222222,100.0,33.9285714286,34.5454545455,52.1530784031
5eu6,11.1111111111,100.0,47.7876106195,39.8230088496,51.6388069485
5bs0,11.1111111111,86.5921787709,37.1681415929,63.963963964,49.4231142202
3ffc,22.2222222222,81.0055865922,32.4561403509,40.1709401709,46.5137830251
