pdb_id,pep_identity,mhc_identity,tcrA_identity,tcrB_identity,total_identity
3o4l,33.3333333333,100.0,30.701754386,26.4957264957,53.9773579247
5men,22.2222222222,100.0,32.4561403509,38.2608695652,52.5269090601
5eu6,11.1111111111,100.0,35.9649122807,45.2173913043,50.5674209679
2e7l,33.3333333333,68.7150837989,62.2807017544,27.8260869565,49.0339371626
3ffc,22.2222222222,81.0055865922,27.5862068966,40.1709401709,45.7021274494
