pdb_id,pep_identity,mhc_identity,tcrA_identity,tcrB_identity,total_identity
5d2n,22.2222222222,99.4413407821,87.2727272727,28.6956521739,59.8825842426
4mnq,22.2222222222,100.0,21.4285714286,54.4642857143,53.3895502646
3o4l,33.3333333333,100.0,20.5357142857,23.6842105263,51.8144319131
3qeq,11.1111111111,100.0,29.4642857143,58.0357142857,51.6203703704
