pdb_id,pep_identity,mhc_identity,tcrA_identity,tcrB_identity,total_identity
3qeq,11.1111111111,100.0,38.3928571429,88.6956521739,58.2184552565
5men,22.2222222222,100.0,30.3571428571,59.1304347826,55.655337014
3o4l,33.3333333333,100.0,28.3185840708,26.2711864407,53.5427395297
5d2n,22.2222222222,99.4413407821,25.4385964912,36.2068965517,50.8287698419
2e7l,33.3333333333,68.7150837989,25.4385964912,60.8695652174,48.4008326622
