pdb_id,pep_identity,mhc_identity,tcrA_identity,tcrB_identity,total_identity
5men,22.2222222222,100.0,40.7079646018,55.2631578947,56.7359278235
3o4l,33.3333333333,100.0,34.2342342342,24.1379310345,54.1731386559
3qeq,11.1111111111,100.0,40.5405405405,50.0,52.1271271271
5d2n,22.2222222222,99.4413407821,26.7857142857,29.5652173913,49.9463429476
2e7l,33.3333333333,68.7150837989,26.7857142857,53.982300885,47.4774749059
