pdb_id,pep_identity,mhc_identity,tcrA_identity,tcrB_identity,total_identity
3o4l,33.3333333333,100.0,51.8181818182,30.1724137931,58.109543713
5d2n,22.2222222222,99.4413407821,22.5225225225,54.7826086957,53.4387095378
5men,22.2222222222,100.0,34.8214285714,34.2105263158,52.2460665553
3qdj,11.1111111111,100.0,49.0909090909,35.9649122807,51.2130072656
3ffc,22.2222222222,81.0055865922,34.8214285714,52.1367521368,48.9022997228
