pdb_id,pep_identity,mhc_identity,tcrA_identity,tcrB_identity,total_identity
3o4l,33.3333333333,100.0,34.2342342342,26.724137931,54.6041731387
5bs0,11.1111111111,86.5921787709,32.4561403509,88.4955752212,52.726382556
5men,22.2222222222,100.0,28.9473684211,31.8584070796,50.8750366575
2e7l,33.3333333333,68.7150837989,70.2702702703,29.203539823,50.595107393
4eup,11.1111111111,100.0,29.4642857143,34.5132743363,47.6999637121
3ffc,22.2222222222,81.0055865922,28.9473684211,38.4615384615,45.6440874186
