pdb_id,pep_identity,mhc_identity,tcrA_identity,tcrB_identity,total_identity
3o4l,33.3333333333,100.0,30.0884955752,25.4237288136,53.6964818426
5eu6,11.1111111111,100.0,34.2105263158,44.4444444444,50.1461988304
2e7l,33.3333333333,68.7150837989,61.0619469027,30.4347826087,49.2655939626
3ffc,22.2222222222,81.0055865922,29.5652173913,47.0085470085,47.1715636714
