pdb_id,pep_identity,mhc_identity,tcrA_identity,tcrB_identity,total_identity
5d2n,22.2222222222,99.4413407821,25.2252252252,66.9565217391,55.9181454955
3o4l,33.3333333333,100.0,33.6363636364,30.1724137931,55.0792406827
5men,22.2222222222,100.0,27.1929824561,30.701754386,50.3898635478
4qrp,11.1111111111,81.0055865922,51.3513513514,63.1578947368,49.7904402491
3qeq,11.1111111111,100.0,28.1818181818,45.6140350877,49.3363459153
2e7l,33.3333333333,68.7150837989,56.7567567568,35.0877192982,49.3235517199
