pdb_id,pep_identity,mhc_identity,tcrA_identity,tcrB_identity,total_identity
5eu6,11.1111111111,100.0,89.3805309735,36.8421052632,58.0741430765
3o4l,33.3333333333,100.0,39.4495412844,24.347826087,55.0773390063
5bs0,11.1111111111,86.5921787709,84.9557522124,39.2857142857,53.274674377
5men,22.2222222222,100.0,39.8230088496,31.8584070796,52.6876433956
