pdb_id,pep_identity,mhc_identity,tcrA_identity,tcrB_identity,total_identity
3o4l,33.3333333333,100.0,34.5794392523,25.2173913043,54.4105828706
5eu6,11.1111111111,100.0,38.0530973451,53.5087719298,52.2973485829
5men,22.2222222222,100.0,34.2342342342,33.3333333333,52.002002002
3ffc,22.2222222222,81.0055865922,28.1818181818,47.8632478632,47.083447279
2e7l,33.3333333333,68.7150837989,27.9279279279,36.2831858407,44.7179913388
