pdb_id,pep_identity,mhc_identity,tcrA_identity,tcrB_identity,total_identity
3qdj,11.1111111111,100.0,90.7407407407,36.6071428571,58.2616843034
3o4l,33.3333333333,100.0,40.3669724771,28.9473684211,55.9968345941
5d2n,22.2222222222,99.4413407821,22.9357798165,54.7826086957,53.5075857535
5men,22.2222222222,100.0,33.6363636364,37.5,52.5968013468
3ffc,22.2222222222,81.0055865922,33.9285714286,53.8461538462,49.0383904839
5bs0,11.1111111111,86.5921787709,39.8230088496,46.8468468468,47.0127392434
