pdb_id,pep_identity,mhc_identity,tcrA_identity,tcrB_identity,total_identity
4eup,11.1111111111,100.0,85.3211009174,52.2123893805,59.95928542
3o4l,33.3333333333,100.0,38.8888888889,26.724137931,55.3799489144
5men,22.2222222222,100.0,34.2342342342,50.8771929825,54.9259786102
5d2n,22.2222222222,99.4413407821,21.2962962963,28.6956521739,48.8865124131
2e7l,33.3333333333,68.7150837989,33.3333333333,53.982300885,48.5687447471
