pdb_id,pep_identity,mhc_identity,tcrA_identity,tcrB_identity,total_identity
4eup,11.1111111111,100.0,30.0884955752,88.3928571429,56.7839291567
3o4l,33.3333333333,100.0,34.8214285714,27.8260869565,54.8856970324
5men,22.2222222222,100.0,32.4561403509,49.5575221239,54.4096844865
5d2n,22.2222222222,99.4413407821,32.1428571429,28.6956521739,50.6942725542
3ffc,22.2222222222,81.0055865922,60.1769911504,29.0598290598,49.2820729732
2e7l,33.3333333333,68.7150837989,32.7433628319,56.25,48.8483661827
