pdb_id,pep_identity,mhc_identity,tcrA_identity,tcrB_identity,total_identity
3gsn,22.2222222222,100.0,40.0,87.610619469,62.0091773189
5men,22.2222222222,100.0,34.5132743363,91.8181818182,61.7959834332
2f53,11.1111111111,100.0,49.5575221239,87.5,59.879957391
3o4l,33.3333333333,100.0,33.6363636364,28.0701754386,54.7288676236
3qdj,11.1111111111,100.0,36.3636363636,63.0630630631,53.6081536082
