pdb_id,pep_identity,mhc_identity,tcrA_identity,tcrB_identity,total_identity
3o4l,33.3333333333,100.0,29.4642857143,29.9145299145,54.3409137159
5men,22.2222222222,100.0,36.9369369369,37.3913043478,53.1287809549
5eu6,11.1111111111,100.0,33.3333333333,55.652173913,51.8679549114
3ffc,22.2222222222,81.0055865922,33.3333333333,52.1367521368,48.6542838498
2e7l,33.3333333333,68.7150837989,25.8928571429,32.1739130435,43.6939340751
