pdb_id,pep_identity,mhc_identity,tcrA_identity,tcrB_identity,total_identity
5d2n,22.2222222222,99.4413407821,25.6880733945,69.5652173913,56.4300694657
3o4l,33.3333333333,100.0,31.1926605505,27.5862068966,54.2409223523
5men,22.2222222222,100.0,31.5315315315,28.6956521739,50.7786046916
3qdj,11.1111111111,100.0,45.3703703704,33.0434782609,50.1060118089
3ffc,22.2222222222,81.0055865922,33.0357142857,56.4102564103,49.3169313875
5bs0,11.1111111111,86.5921787709,33.6283185841,47.3684210526,46.0672199001
