pdb_id,pep_identity,mhc_identity,tcrA_identity,tcrB_identity,total_identity
3qdj,11.1111111111,100.0,88.9908256881,30.4347826087,56.9413050865
3o4l,33.3333333333,100.0,39.0909090909,29.9145299145,55.9453509454
5d2n,22.2222222222,99.4413407821,21.8181818182,53.0434782609,53.031464348
5men,22.2222222222,100.0,34.2342342342,33.9130434783,52.0986203595
3ffc,22.2222222222,81.0055865922,33.9285714286,48.7179487179,48.1836896292
5bs0,11.1111111111,86.5921787709,40.7079646018,39.4736842105,45.9313714294
