pdb_id,pep_identity,mhc_identity,tcrA_identity,tcrB_identity,total_identity
3o4l,33.3333333333,100.0,51.8181818182,33.0434782609,58.5880544576
3gsn,22.2222222222,100.0,42.7272727273,40.350877193,54.5870990608
3ffc,22.2222222222,81.0055865922,34.8214285714,49.5726495726,48.4749492955
