pdb_id,pep_identity,mhc_identity,tcrA_identity,tcrB_identity,total_identity
5d2n,22.2222222222,99.4413407821,32.7433628319,60.0,56.0117481401
3o4l,33.3333333333,100.0,33.0357142857,28.9473684211,54.7749582289
4qrp,11.1111111111,81.0055865922,54.4642857143,78.7610619469,52.9097905113
2e7l,33.3333333333,68.7150837989,67.8571428571,31.25,50.5339961869
4mnq,22.2222222222,100.0,28.9473684211,27.4336283186,50.1375735307
4eup,11.1111111111,100.0,29.4642857143,34.8214285714,47.7513227513
5bs0,11.1111111111,86.5921787709,31.5789473684,43.3628318584,45.0580598318
