pdb_id,pep_identity,mhc_identity,tcrA_identity,tcrB_identity,total_identity
3o4l,33.3333333333,100.0,32.1100917431,28.3185840708,54.5158904134
3qdj,11.1111111111,100.0,62.962962963,40.5405405405,54.2876209543
4mnq,22.2222222222,100.0,30.9090909091,38.7387387387,52.3487123487
5bs0,11.1111111111,86.5921787709,38.0530973451,59.4594594595,48.8198560948
3ffc,22.2222222222,81.0055865922,37.5,39.3162393162,47.2119761575
2e7l,33.3333333333,68.7150837989,33.3333333333,31.8181818182,44.8747249027
