pdb_id,pep_identity,mhc_identity,tcrA_identity,tcrB_identity,total_identity
3o4l,33.3333333333,100.0,58.4905660377,25.8620689655,58.503216945
5eu6,11.1111111111,100.0,46.9026548673,43.4782608696,52.1005229932
5men,22.2222222222,100.0,30.3571428571,32.4561403509,51.2096212754
5bs0,11.1111111111,86.5921787709,36.2831858407,56.1403508772,47.9716860803
3ffc,22.2222222222,81.0055865922,34.8214285714,40.1709401709,46.9079977285
