pdb_id,pep_identity,mhc_identity,tcrA_identity,tcrB_identity,total_identity
4eup,11.1111111111,100.0,34.2342342342,88.3928571429,57.4748855999
5men,22.2222222222,100.0,39.8230088496,48.6725663717,55.4900032776
3o4l,33.3333333333,100.0,36.3636363636,26.9565217391,54.9978041282
5d2n,22.2222222222,99.4413407821,27.9279279279,30.4347826087,50.2816394242
2e7l,33.3333333333,68.7150837989,27.027027027,58.0357142857,48.1932625962
