pdb_id,pep_identity,mhc_identity,tcrA_identity,tcrB_identity,total_identity
3o4l,33.3333333333,100.0,34.2592592593,31.8584070796,55.4640555009
3qdj,11.1111111111,100.0,68.5185185185,31.5315315315,53.7120453787
4mnq,22.2222222222,100.0,29.0909090909,34.5454545455,51.3468013468
5bs0,11.1111111111,86.5921787709,38.0530973451,36.9369369369,45.066102341
3ffc,22.2222222222,81.0055865922,29.4642857143,31.6239316239,44.5906391612
2e7l,33.3333333333,68.7150837989,32.4324324324,30.5555555556,44.5141370421
