pdb_id,pep_identity,mhc_identity,tcrA_identity,tcrB_identity,total_identity
3o4l,33.3333333333,100.0,30.701754386,27.8260869565,54.1990846682
4mnq,22.2222222222,100.0,28.0701754386,34.5132743363,51.1713157032
5eu6,11.1111111111,100.0,35.9649122807,46.4912280702,50.7797270955
2e7l,33.3333333333,68.7150837989,58.7719298246,33.0357142857,49.3174130625
3ffc,22.2222222222,81.0055865922,29.3103448276,42.735042735,46.4168341986
