pdb_id,pep_identity,mhc_identity,tcrA_identity,tcrB_identity,total_identity
4eup,11.1111111111,100.0,85.3211009174,88.2882882883,65.971935238
3o4l,33.3333333333,100.0,40.3669724771,26.3157894737,55.5582381029
3gsn,22.2222222222,100.0,39.4495412844,48.6725663717,55.4277586834
5men,22.2222222222,100.0,32.4324324324,49.1071428571,54.3306699557
