pdb_id,pep_identity,mhc_identity,tcrA_identity,tcrB_identity,total_identity
3o4l,33.3333333333,100.0,29.203539823,26.0869565217,53.6595271686
2f54,11.1111111111,100.0,39.1304347826,32.1428571429,48.9159190246
3ffc,22.2222222222,81.0055865922,53.0973451327,32.4786324786,48.67193254
2e7l,33.3333333333,68.7150837989,35.0877192982,32.1428571429,45.2212351176
