pdb_id,pep_identity,mhc_identity,tcrA_identity,tcrB_identity,total_identity
3o4l,33.3333333333,100.0,36.9369369369,30.1724137931,55.6293362328
5eu6,11.1111111111,100.0,51.3274336283,45.6140350877,53.1939484897
5men,22.2222222222,100.0,37.5,34.2105263158,52.6924951267
3ffc,22.2222222222,81.0055865922,32.7433628319,41.0256410256,46.7041035811
