pdb_id,pep_identity,mhc_identity,tcrA_identity,tcrB_identity,total_identity
5d2n,22.2222222222,99.4413407821,52.3364485981,52.5862068966,58.0416302506
3o4l,33.3333333333,100.0,21.1009174312,28.813559322,52.7635239033
5men,22.2222222222,100.0,24.5454545455,34.4827586207,50.5787762684
3ffc,22.2222222222,81.0055865922,28.1818181818,50.4273504274,47.5107977063
3qeq,11.1111111111,100.0,29.3577981651,31.8965517241,47.2460953519
