pdb_id,pep_identity,mhc_identity,tcrA_identity,tcrB_identity,total_identity
3o4l,33.3333333333,100.0,34.8214285714,31.3043478261,55.4654071774
3ffc,22.2222222222,81.0055865922,61.9469026549,45.2991452991,52.2836109305
5men,22.2222222222,100.0,30.701754386,30.3571428571,50.9172236146
5eu6,11.1111111111,100.0,33.0434782609,46.017699115,50.213899933
2e7l,33.3333333333,68.7150837989,33.6283185841,33.0357142857,45.126811189
