pdb_id,pep_identity,mhc_identity,tcrA_identity,tcrB_identity,total_identity
3qeq,11.1111111111,100.0,94.4444444444,33.0434782609,58.2850241546
3o4l,33.3333333333,100.0,30.2752293578,27.1186440678,54.0100900154
5d2n,22.2222222222,99.4413407821,30.0,43.9655172414,52.8821072083
4mnq,22.2222222222,100.0,33.9285714286,33.0434782609,51.9027490223
5bs0,11.1111111111,86.5921787709,32.7433628319,66.9565217391,49.1844107225
3ffc,22.2222222222,81.0055865922,38.9380530973,46.1538461538,48.5912528133
