pdb_id,pep_identity,mhc_identity,tcrA_identity,tcrB_identity,total_identity
3o4l,33.3333333333,100.0,33.9285714286,24.347826087,54.1571773637
5men,22.2222222222,100.0,32.1428571429,34.7826086957,51.8949850472
3qeq,11.1111111111,100.0,41.4414414414,35.652173913,49.8859729295
5bs0,11.1111111111,86.5921787709,39.8230088496,30.701754386,44.3218904999
2e7l,33.3333333333,68.7150837989,24.7787610619,34.5132743363,43.8981449438
3ffc,22.2222222222,81.0055865922,26.3157894737,30.5084745763,43.8799802798
