pdb_id,pep_identity,mhc_identity,tcrA_identity,tcrB_identity,total_identity
5men,22.2222222222,100.0,30.4347826087,59.8214285714,55.7834426041
3o4l,33.3333333333,100.0,33.0434782609,28.9473684211,54.7762522248
3qeq,11.1111111111,100.0,31.3043478261,74.1071428571,54.6056188176
5d2n,22.2222222222,99.4413407821,29.5652173913,33.0434782609,50.9893036101
3ffc,22.2222222222,81.0055865922,61.7391304348,34.188034188,50.3971303753
2e7l,33.3333333333,68.7150837989,33.6206896552,60.3603603604,49.67964738
