pdb_id,pep_identity,mhc_identity,tcrA_identity,tcrB_identity,total_identity
3o4l,33.3333333333,100.0,31.8584070796,25.641025641,54.0276832312
5men,22.2222222222,100.0,28.0701754386,33.0434782609,50.9263496907
2e7l,33.3333333333,68.7150837989,61.9469026549,34.2105263158,50.0423772058
4eup,11.1111111111,100.0,37.1681415929,35.9649122807,49.2258793493
5bs0,11.1111111111,86.5921787709,33.3333333333,41.2280701754,44.9946638788
3ffc,22.2222222222,81.0055865922,27.8260869565,35.0427350427,44.8874066047
