pdb_id,pep_identity,mhc_identity,tcrA_identity,tcrB_identity,total_identity
3o4l,33.3333333333,100.0,59.2233009709,27.4336283186,58.8872659927
4mnq,22.2222222222,100.0,30.0,62.7272727273,56.1952861953
3qdj,11.1111111111,100.0,44.4444444444,56.7567567568,53.9039039039
5d2n,22.2222222222,99.4413407821,22.2222222222,28.6956521739,49.0408334008
2e7l,33.3333333333,68.7150837989,32.4324324324,55.0458715596,48.5958563761
