pdb_id,pep_identity,mhc_identity,tcrA_identity,tcrB_identity,total_identity
3o4l,33.3333333333,100.0,35.3982300885,27.1929824561,54.8763132019
5men,22.2222222222,100.0,33.9130434783,31.25,51.6012479871
3ffc,22.2222222222,81.0055865922,61.0619469027,32.4786324786,49.9993661683
5eu6,11.1111111111,100.0,36.5217391304,36.2831858407,49.1711911989
2e7l,33.3333333333,68.7150837989,33.3333333333,29.7297297297,44.5266495546
