pdb_id,pep_identity,mhc_identity,tcrA_identity,tcrB_identity,total_identity
3qdj,11.1111111111,100.0,88.9908256881,65.7894736842,62.8337535991
3gsn,22.2222222222,100.0,40.0,78.9473684211,60.5653021442
5men,22.2222222222,100.0,33.3333333333,80.701754386,59.746588694
2bnr,11.1111111111,100.0,42.4778761062,79.8245614035,57.420776622
3o4l,33.3333333333,100.0,39.0909090909,29.0598290598,55.8029008029
