pdb_id,pep_identity,mhc_identity,tcrA_identity,tcrB_identity,total_identity
3qeq,11.1111111111,100.0,82.1428571429,52.6785714286,59.5072751323
4mnq,22.2222222222,100.0,33.0357142857,50.4504504505,54.6551015301
3o4l,33.3333333333,100.0,29.203539823,30.0884955752,54.3264503441
5d2n,22.2222222222,99.4413407821,26.3157894737,33.0434782609,50.4477322905
