pdb_id,pep_identity,mhc_identity,tcrA_identity,tcrB_identity,total_identity
4eup,11.1111111111,100.0,30.3571428571,86.4864864865,56.510975261
2e7l,33.3333333333,68.7150837989,68.4684684685,56.7567567568,54.8870099149
3o4l,33.3333333333,100.0,31.8181818182,25.4385964912,53.9872408293
5men,22.2222222222,100.0,29.8245614035,48.2142857143,53.7472152604
5d2n,22.2222222222,99.4413407821,26.1261261261,29.5652173913,49.8364115877
