pdb_id,pep_identity,mhc_identity,tcrA_identity,tcrB_identity,total_identity
3o4l,33.3333333333,100.0,30.0,25.6637168142,53.7217305801
3qdj,11.1111111111,100.0,37.6146788991,32.4324324324,48.7115555923
5bs0,11.1111111111,86.5921787709,32.7433628319,63.0630630631,48.5355009432
3ffc,22.2222222222,81.0055865922,33.0357142857,39.3162393162,46.4679285385
2e7l,33.3333333333,68.7150837989,30.3571428571,30.9090909091,44.2271780051
