pdb_id,pep_identity,mhc_identity,tcrA_identity,tcrB_identity,total_identity
3gsn,22.2222222222,100.0,37.037037037,54.3859649123,55.9779077323
2e7l,33.3333333333,68.7150837989,27.9279279279,53.982300885,47.6678438462
