pdb_id,pep_identity,mhc_identity,tcrA_identity,tcrB_identity,total_identity
3o4l,33.3333333333,100.0,31.5789473684,53.0973451327,58.5571598613
5men,22.2222222222,100.0,31.5789473684,31.5789473684,51.2670565302
5d2n,22.2222222222,99.4413407821,29.5652173913,31.0344827586,50.6544710264
2e7l,33.3333333333,68.7150837989,60.5263157895,31.25,49.3121916757
3qdj,11.1111111111,100.0,35.0877192982,34.2105263158,48.5867446394
