pdb_id,pep_identity,mhc_identity,tcrA_identity,tcrB_identity,total_identity
5bs0,11.1111111111,86.5921787709,83.185840708,92.0353982301,61.771303117
5eu6,11.1111111111,100.0,93.8053097345,46.4912280702,60.4197933378
2bnr,11.1111111111,100.0,88.4955752212,30.9734513274,56.9485414618
3o4l,33.3333333333,100.0,38.7387387387,25.8620689655,55.2112457285
4mnq,22.2222222222,100.0,38.0530973451,30.9734513274,52.2451655195
