pdb_id,pep_identity,mhc_identity,tcrA_identity,tcrB_identity,total_identity
5d2n,22.2222222222,99.4413407821,22.8070175439,68.6956521739,55.8049659544
3o4l,33.3333333333,100.0,30.0884955752,26.5486725664,53.883972468
4mnq,22.2222222222,100.0,26.3157894737,30.6306306306,50.2318107581
2e7l,33.3333333333,68.7150837989,56.6371681416,33.6363636364,49.0617276737
3ffc,22.2222222222,81.0055865922,27.8260869565,53.8461538462,48.0213097386
3qdj,11.1111111111,100.0,31.8584070796,33.0357142857,47.8527239313
5bs0,11.1111111111,86.5921787709,30.701754386,45.5357142857,45.2740080726
