pdb_id,pep_identity,mhc_identity,tcrA_identity,tcrB_identity,total_identity
3o4l,33.3333333333,100.0,28.4403669725,26.0869565217,53.5323316935
5eu6,11.1111111111,100.0,32.7433628319,36.8421052632,48.6346150529
3ffc,22.2222222222,81.0055865922,31.25,35.0427350427,45.4580587786
2e7l,33.3333333333,68.7150837989,30.6306306306,31.25,44.3295774825
