pdb_id,pep_identity,mhc_identity,tcrA_identity,tcrB_identity,total_identity
5d2n,22.2222222222,99.4413407821,51.4285714286,34.7826086957,54.9230510222
5men,22.2222222222,100.0,22.5225225225,32.7433628319,49.9517216331
3qeq,11.1111111111,100.0,28.9719626168,29.203539823,46.7329541103
2e7l,33.3333333333,68.7150837989,26.7857142857,34.8214285714,44.2839961869
3ffc,22.2222222222,81.0055865922,27.2727272727,31.6239316239,44.2253794209
