pdb_id,pep_identity,mhc_identity,tcrA_identity,tcrB_identity,total_identity
4eup,11.1111111111,100.0,47.3214285714,89.2857142857,59.8048941799
3o4l,33.3333333333,100.0,51.7857142857,30.4347826087,58.1478605935
5men,22.2222222222,100.0,36.6071428571,50.4424778761,55.2490108629
5d2n,22.2222222222,99.4413407821,24.7787610619,29.5652173913,49.6118507437
2e7l,33.3333333333,68.7150837989,34.2105263158,56.25,49.09289343
