pdb_id,pep_identity,mhc_identity,tcrA_identity,tcrB_identity,total_identity
3qeq,11.1111111111,100.0,29.0909090909,94.6428571429,57.6593314093
5d2n,22.2222222222,99.4413407821,50.9259259259,36.5217391304,55.1291318442
5men,22.2222222222,100.0,22.5225225225,59.8214285714,54.4647325897
3o4l,33.3333333333,100.0,21.8181818182,26.9565217391,52.573561704
2e7l,33.3333333333,68.7150837989,28.9473684211,60.7142857143,48.9597480666
