pdb_id,pep_identity,mhc_identity,tcrA_identity,tcrB_identity,total_identity
3o4l,33.3333333333,100.0,36.036036036,24.5614035088,54.5440177019
5men,22.2222222222,100.0,36.2831858407,35.0877192982,52.6358915972
5eu6,11.1111111111,100.0,46.9026548673,34.7826086957,50.6512476309
2e7l,33.3333333333,68.7150837989,34.8214285714,34.8214285714,45.6232819012
3ffc,22.2222222222,81.0055865922,33.6283185841,30.5084745763,45.0987351315
