pdb_id,pep_identity,mhc_identity,tcrA_identity,tcrB_identity,total_identity
3o4l,33.3333333333,100.0,32.4324324324,24.5762711864,53.9458950476
4eup,11.1111111111,100.0,60.9090909091,34.7826086957,52.9856536378
5men,22.2222222222,100.0,31.8181818182,31.8965517241,51.3598629978
5bs0,11.1111111111,86.5921787709,38.0530973451,39.6551724138,45.5191415872
3ffc,22.2222222222,81.0055865922,30.9734513274,35.0427350427,45.4119673332
2e7l,33.3333333333,68.7150837989,35.3982300885,32.1739130435,45.2781628994
