pdb_id,pep_identity,mhc_identity,tcrA_identity,tcrB_identity,total_identity
2bnq,11.1111111111,100.0,86.7256637168,36.5217391304,57.5782708449
3o4l,33.3333333333,100.0,47.7064220183,22.8813559322,56.2090741029
5bs0,11.1111111111,86.5921787709,82.3008849558,37.0689655172,52.4627383729
5d2n,22.2222222222,99.4413407821,25.4545454545,33.3333333333,50.3525007994
