pdb_id,pep_identity,mhc_identity,tcrA_identity,tcrB_identity,total_identity
3o4l,33.3333333333,100.0,44.6428571429,26.9565217391,56.3776742581
5d2n,22.2222222222,99.4413407821,23.8938053097,54.7826086957,53.667256669
5men,22.2222222222,100.0,32.7433628319,32.7433628319,51.655195018
3qeq,11.1111111111,100.0,33.9285714286,45.1327433628,50.2139228356
3ffc,22.2222222222,81.0055865922,33.3333333333,50.4273504274,48.3693835649
5bs0,11.1111111111,86.5921787709,38.9380530973,39.8230088496,45.6946069518
2e7l,33.3333333333,68.7150837989,32.7433628319,35.3982300885,45.3730711975
