pdb_id,pep_identity,mhc_identity,tcrA_identity,tcrB_identity,total_identity
3o4l,33.3333333333,100.0,37.2727272727,27.3504273504,55.214970215
5eu6,11.1111111111,100.0,48.6725663717,50.8620689655,53.6261429266
5men,22.2222222222,100.0,39.0909090909,34.4827586207,53.0030186927
3ffc,22.2222222222,81.0055865922,30.9734513274,46.1538461538,47.263819185
2e7l,33.3333333333,68.7150837989,26.1261261261,35.652173913,44.3125223839
