pdb_id,pep_identity,mhc_identity,tcrA_identity,tcrB_identity,total_identity
3o4l,33.3333333333,100.0,38.7387387387,23.6842105263,54.848269322
3qdj,11.1111111111,100.0,66.3636363636,34.2105263158,53.7993974836
5men,22.2222222222,100.0,35.1351351351,33.3333333333,52.1521521522
3ffc,22.2222222222,81.0055865922,42.4778761062,34.7457627119,47.2798760745
2e7l,33.3333333333,68.7150837989,38.9380530973,35.7142857143,46.4581955127
5bs0,11.1111111111,86.5921787709,44.2477876106,32.4561403509,45.3517512876
