pdb_id,pep_identity,mhc_identity,tcrA_identity,tcrB_identity,total_identity
3o4l,33.3333333333,100.0,32.7272727273,26.9565217391,54.3917435222
5men,22.2222222222,100.0,36.036036036,29.5652173913,51.6742829786
5eu6,11.1111111111,100.0,40.7079646018,42.6086956522,50.9231470794
3ffc,22.2222222222,81.0055865922,29.4642857143,45.2991452991,46.8698414404
