pdb_id,pep_identity,mhc_identity,tcrA_identity,tcrB_identity,total_identity
3o4l,33.3333333333,100.0,34.8214285714,26.724137931,54.7020388615
3ffc,22.2222222222,81.0055865922,60.1769911504,38.4615384615,50.8490245401
5men,22.2222222222,100.0,30.4347826087,27.8260869565,50.4508856683
5eu6,11.1111111111,100.0,34.7826086957,37.3913043478,49.0660225443
2e7l,33.3333333333,68.7150837989,32.7433628319,28.9473684211,44.2979275862
