pdb_id,pep_identity,mhc_identity,tcrA_identity,tcrB_identity,total_identity
5d2n,22.2222222222,99.4413407821,88.8888888889,47.8260869565,63.340350309
3o4l,33.3333333333,100.0,20.9090909091,26.9565217391,52.4220465525
