pdb_id,pep_identity,mhc_identity,tcrA_identity,tcrB_identity,total_identity
3o4l,33.3333333333,100.0,30.3571428571,30.0884955752,54.5187175165
5men,22.2222222222,100.0,29.8245614035,50.4504504505,54.1199093831
2e7l,33.3333333333,68.7150837989,58.0357142857,51.8181818182,52.3251217281
4eup,11.1111111111,100.0,31.25,58.5585585586,52.0051301301
3ffc,22.2222222222,81.0055865922,26.3157894737,35.8974358974,44.7781405
5bs0,11.1111111111,86.5921787709,29.8245614035,40.9090909091,44.3567053461
