pdb_id,pep_identity,mhc_identity,tcrA_identity,tcrB_identity,total_identity
3o4l,33.3333333333,100.0,58.4905660377,27.8260869565,58.8305532768
3gsn,22.2222222222,100.0,33.3333333333,32.7433628319,51.7535234349
5bs0,11.1111111111,86.5921787709,41.592920354,69.3693693694,51.0614782479
3ffc,22.2222222222,81.0055865922,35.7142857143,43.5897435897,47.6266078221
