pdb_id,pep_identity,mhc_identity,tcrA_identity,tcrB_identity,total_identity
3gsn,22.2222222222,100.0,85.4545454545,47.7876106195,62.9477667531
5men,22.2222222222,100.0,38.1818181818,49.5495495495,55.3626353626
3o4l,33.3333333333,100.0,32.7272727273,30.9734513274,55.0612317869
4eup,11.1111111111,100.0,37.2727272727,55.8558558559,52.5584675585
2p5w,11.1111111111,100.0,39.8230088496,50.0,52.007538512
