pdb_id,pep_identity,mhc_identity,tcrA_identity,tcrB_identity,total_identity
3qeq,11.1111111111,100.0,94.4444444444,32.1428571429,58.1349206349
3o4l,33.3333333333,100.0,30.2752293578,28.9473684211,54.3148774076
5d2n,22.2222222222,99.4413407821,30.0,44.347826087,52.9458253493
4mnq,22.2222222222,100.0,33.9285714286,37.8378378378,52.7018089518
5bs0,11.1111111111,86.5921787709,32.7433628319,66.6666666667,49.1361015438
3ffc,22.2222222222,81.0055865922,38.9380530973,41.0256410256,47.7365519586
