pdb_id,pep_identity,mhc_identity,tcrA_identity,tcrB_identity,total_identity
4eup,11.1111111111,100.0,31.8584070796,90.0900900901,57.3617865653
3o4l,33.3333333333,100.0,36.036036036,27.4336283186,55.0227218369
4mnq,22.2222222222,100.0,27.8260869565,50.4504504505,53.7868303086
5d2n,22.2222222222,99.4413407821,28.8288288288,30.4347826087,50.4317895744
2e7l,33.3333333333,68.7150837989,36.2831858407,59.0909090909,49.9118215327
3ffc,22.2222222222,81.0055865922,53.0973451327,35.0427350427,49.0992829674
