pdb_id,pep_identity,mhc_identity,tcrA_identity,tcrB_identity,total_identity
3gsn,22.2222222222,100.0,38.3928571429,93.8053097345,62.7737685536
5men,22.2222222222,100.0,34.5132743363,92.7927927928,61.9584185956
2f54,11.1111111111,100.0,40.7079646018,88.3928571429,58.5538406611
3o4l,33.3333333333,100.0,45.5357142857,33.3333333333,57.5892857143
3qdj,11.1111111111,100.0,44.6428571429,65.7657657658,55.4384741885
