pdb_id,pep_identity,mhc_identity,tcrA_identity,tcrB_identity,total_identity
3o4l,33.3333333333,100.0,94.1747572816,28.3185840708,64.8600013365
4eup,11.1111111111,100.0,42.2018348624,91.8918918919,59.3859914961
4mnq,22.2222222222,100.0,31.25,52.7272727273,54.736952862
3gsn,22.2222222222,100.0,33.0275229358,50.4424778761,54.6524075427
