pdb_id,pep_identity,mhc_identity,tcrA_identity,tcrB_identity,total_identity
2bnq,11.1111111111,100.0,85.8407079646,48.6486486486,59.4519298059
3o4l,33.3333333333,100.0,39.2857142857,31.8584070796,56.3017980053
5bs0,11.1111111111,86.5921787709,83.185840708,34.2342342342,52.1377757844
3qeq,11.1111111111,100.0,31.25,50.8928571429,50.7275132275
2e7l,33.3333333333,68.7150837989,35.3982300885,56.3636363636,49.3097834528
5d2n,22.2222222222,99.4413407821,21.2389380531,28.6956521739,48.876952706
