pdb_id,pep_identity,mhc_identity,tcrA_identity,tcrB_identity,total_identity
3o4l,33.3333333333,100.0,34.8214285714,22.8070175439,54.0491854637
4mnq,22.2222222222,100.0,29.5652173913,30.3571428571,50.7278007821
3ffc,22.2222222222,81.0055865922,60.1769911504,31.6239316239,49.7094234005
5eu6,11.1111111111,100.0,34.7826086957,34.5132743363,48.5863508757
2e7l,33.3333333333,68.7150837989,32.7433628319,34.2342342342,45.1790718884
