pdb_id,pep_identity,mhc_identity,tcrA_identity,tcrB_identity,total_identity
3o4l,33.3333333333,100.0,51.3513513514,33.3333333333,58.5585585586
3gsn,22.2222222222,100.0,42.3423423423,38.5964912281,54.2305463358
3ffc,22.2222222222,81.0055865922,33.6283185841,51.2820512821,48.5609979158
