pdb_id,pep_identity,mhc_identity,tcrA_identity,tcrB_identity,total_identity
3qdj,11.1111111111,100.0,88.8888888889,63.1578947368,62.3781676413
3gsn,22.2222222222,100.0,37.962962963,74.5614035088,59.4948018194
5men,22.2222222222,100.0,33.3333333333,75.4385964912,58.8693957115
2pye,11.1111111111,100.0,39.8230088496,74.5614035088,56.1011057634
3o4l,33.3333333333,100.0,38.8888888889,28.2051282051,55.6267806268
