pdb_id,pep_identity,mhc_identity,tcrA_identity,tcrB_identity,total_identity
3o4l,33.3333333333,100.0,30.9734513274,29.203539823,54.4739429695
5men,22.2222222222,100.0,29.8245614035,47.7477477477,53.6694589326
2e7l,33.3333333333,68.7150837989,56.6371681416,51.8181818182,52.092030704
4eup,11.1111111111,100.0,33.6283185841,52.2522522523,51.3504655098
3ffc,22.2222222222,81.0055865922,33.0434782609,31.6239316239,45.1871712523
5bs0,11.1111111111,86.5921787709,34.2105263158,34.2342342342,43.9752233857
