pdb_id,pep_identity,mhc_identity,tcrA_identity,tcrB_identity,total_identity
5d2n,22.2222222222,99.4413407821,27.1929824561,55.652173913,54.362047063
5men,22.2222222222,100.0,30.701754386,33.3333333333,51.4132553606
2e7l,33.3333333333,68.7150837989,60.1769911504,36.8421052632,50.1859884463
3qdj,11.1111111111,100.0,34.5132743363,35.0877192982,48.6372026428
3ffc,22.2222222222,81.0055865922,27.8260869565,56.4102564103,48.4486601659
5bs0,11.1111111111,86.5921787709,30.701754386,43.8596491228,44.9946638788
