pdb_id,pep_identity,mhc_identity,tcrA_identity,tcrB_identity,total_identity
5d2n,22.2222222222,99.4413407821,29.9065420561,65.811965812,56.5076056461
3o4l,33.3333333333,100.0,27.358490566,26.2711864407,53.3827239456
5men,22.2222222222,100.0,30.9090909091,28.2051282051,50.5931105931
3ffc,22.2222222222,81.0055865922,24.5454545455,56.4102564103,47.9018880974
3qdj,11.1111111111,100.0,31.4814814815,31.6239316239,47.5546058879
5bs0,11.1111111111,86.5921787709,30.0884955752,46.5517241379,45.3411332462
