pdb_id,pep_identity,mhc_identity,tcrA_identity,tcrB_identity,total_identity
5eu6,11.1111111111,100.0,41.592920354,77.8761061947,56.9485414618
3o4l,33.3333333333,100.0,31.5315315315,30.4347826087,54.7721634678
5men,22.2222222222,100.0,41.2844036697,33.6283185841,53.2261944497
3ffc,22.2222222222,81.0055865922,28.3185840708,56.4102564103,48.5307430183
