pdb_id,pep_identity,mhc_identity,tcrA_identity,tcrB_identity,total_identity
5d2n,22.2222222222,99.4413407821,50.0,53.9130434783,57.8733615812
3o4l,33.3333333333,100.0,21.8181818182,33.6206896552,53.6842563567
3ffc,22.2222222222,81.0055865922,27.9279279279,87.1794871795,53.5938387894
5men,22.2222222222,100.0,21.6216216216,31.5789473684,49.6075022391
3qeq,11.1111111111,100.0,30.0,33.3333333333,47.5925925926
