pdb_id,pep_identity,mhc_identity,tcrA_identity,tcrB_identity,total_identity
3o4l,33.3333333333,100.0,31.8584070796,25.8620689655,54.0645237853
5men,22.2222222222,100.0,32.7433628319,29.8245614035,51.1687281133
2e7l,33.3333333333,68.7150837989,67.2566371681,30.9734513274,50.38782046
5eu6,11.1111111111,100.0,32.4561403509,44.347826087,49.83769811
3ffc,22.2222222222,81.0055865922,27.8260869565,46.1538461538,46.7392584565
