pdb_id,pep_identity,mhc_identity,tcrA_identity,tcrB_identity,total_identity
5d2n,22.2222222222,99.4413407821,25.0,57.3913043478,54.2864050594
5men,22.2222222222,100.0,31.5315315315,35.3982300885,51.8957010107
3qdj,11.1111111111,100.0,36.9369369369,38.0530973451,49.535376084
3ffc,22.2222222222,81.0055865922,31.5789473684,52.1367521368,48.361886189
2e7l,33.3333333333,68.7150837989,32.4561403509,36.2831858407,45.4726934093
5bs0,11.1111111111,86.5921787709,34.5132743363,42.4778761062,45.3996217011
