pdb_id,pep_identity,mhc_identity,tcrA_identity,tcrB_identity,total_identity
3gsn,22.2222222222,100.0,38.7387387387,50.0,55.5305305305
2e7l,33.3333333333,68.7150837989,32.1428571429,55.7522123894,48.6653172994
3ffc,22.2222222222,81.0055865922,31.8584070796,33.3333333333,45.2745596736
