pdb_id,pep_identity,mhc_identity,tcrA_identity,tcrB_identity,total_identity
5d2n,22.2222222222,99.4413407821,61.6822429907,56.5217391304,60.2551846883
3o4l,33.3333333333,100.0,21.1009174312,27.8260869565,52.5989451757
5men,22.2222222222,100.0,24.3243243243,36.2831858407,50.8419924349
3ffc,22.2222222222,81.0055865922,33.6363636364,51.2820512821,48.5623387579
