pdb_id,pep_identity,mhc_identity,tcrA_identity,tcrB_identity,total_identity
3o4l,33.3333333333,100.0,31.8181818182,55.3571428571,58.9736652237
3qdj,11.1111111111,100.0,63.3027522936,33.6283185841,53.1922155166
5men,22.2222222222,100.0,30.9090909091,30.9734513274,51.0544977802
5d2n,22.2222222222,99.4413407821,22.0183486239,30.1724137931,49.2529814043
