pdb_id,pep_identity,mhc_identity,tcrA_identity,tcrB_identity,total_identity
2bnq,11.1111111111,100.0,86.7256637168,75.0,63.9913143232
5men,22.2222222222,100.0,37.1681415929,77.2727272727,59.814218885
3o4l,33.3333333333,100.0,37.8378378378,28.0701754386,55.4291133239
3qdj,11.1111111111,100.0,42.3423423423,63.963963964,54.7547547548
5bs0,11.1111111111,86.5921787709,82.3008849558,37.2727272727,52.4966986654
