pdb_id,pep_identity,mhc_identity,tcrA_identity,tcrB_identity,total_identity
3o4l,33.3333333333,100.0,60.5769230769,23.4782608696,58.4536417689
3gsn,22.2222222222,100.0,33.9449541284,31.8584070796,51.7079676088
