pdb_id,pep_identity,mhc_identity,tcrA_identity,tcrB_identity,total_identity
3qdj,11.1111111111,100.0,89.8148148148,36.2831858407,58.0533704796
3o4l,33.3333333333,100.0,38.5321100917,32.1739130435,56.2287816336
5d2n,22.2222222222,99.4413407821,19.2660550459,65.2173913043,54.6350953932
5men,22.2222222222,100.0,33.9449541284,33.6283185841,52.0029528595
3ffc,22.2222222222,81.0055865922,32.1428571429,58.1196581197,49.4530221486
