pdb_id,pep_identity,mhc_identity,tcrA_identity,tcrB_identity,total_identity
5men,22.2222222222,100.0,34.2342342342,77.6785714286,59.3928750179
3qeq,11.1111111111,100.0,50.4587155963,58.9285714286,55.2682515412
3o4l,33.3333333333,100.0,33.6363636364,29.5652173913,54.9780412824
5d2n,22.2222222222,99.4413407821,26.1261261261,34.7826086957,50.7059768051
2e7l,33.3333333333,68.7150837989,27.1929824561,57.1428571429,48.0721123106
