pdb_id,pep_identity,mhc_identity,tcrA_identity,tcrB_identity,total_identity
5bs0,11.1111111111,86.5921787709,49.5575221239,92.8571428571,56.3035407909
3o4l,33.3333333333,100.0,34.5132743363,25.8620689655,54.5070016614
5men,22.2222222222,100.0,38.3928571429,32.7433628319,52.5967774032
5d2n,22.2222222222,99.4413407821,25.4385964912,43.4782608696,52.0406638949
4eup,11.1111111111,100.0,41.592920354,37.1681415929,50.1638806949
3ffc,22.2222222222,81.0055865922,31.3043478261,41.8803418803,46.6067178892
