pdb_id,pep_identity,mhc_identity,tcrA_identity,tcrB_identity,total_identity
3o4l,33.3333333333,100.0,51.8181818182,26.9565217391,57.573561704
5d2n,22.2222222222,99.4413407821,22.5225225225,69.5652173913,55.9024776538
5men,22.2222222222,100.0,34.8214285714,28.0701754386,51.2226747424
3qdj,11.1111111111,100.0,49.0909090909,32.4561403509,50.628211944
3ffc,22.2222222222,81.0055865922,34.8214285714,52.9914529915,49.0447498653
5bs0,11.1111111111,86.5921787709,38.0530973451,45.1327433628,46.4320700787
