pdb_id,pep_identity,mhc_identity,tcrA_identity,tcrB_identity,total_identity
3gsn,22.2222222222,100.0,36.4485981308,47.7876106195,54.7801088658
2e7l,33.3333333333,68.7150837989,27.027027027,51.8181818182,47.1570071849
3ffc,22.2222222222,81.0055865922,28.1818181818,35.8974358974,45.0891452847
