pdb_id,pep_identity,mhc_identity,tcrA_identity,tcrB_identity,total_identity
3o4l,33.3333333333,100.0,58.6538461538,27.5862068966,58.8177866195
5d2n,22.2222222222,99.4413407821,22.9357798165,63.4782608696,54.9568611158
5men,22.2222222222,100.0,30.3571428571,33.3333333333,51.3558201058
3qdj,11.1111111111,100.0,43.119266055,35.0877192982,50.0715345959
3ffc,22.2222222222,81.0055865922,37.2727272727,52.1367521368,49.3108495064
