pdb_id,pep_identity,mhc_identity,tcrA_identity,tcrB_identity,total_identity
5men,22.2222222222,100.0,30.4347826087,83.7837837838,59.7771684728
3o4l,33.3333333333,100.0,33.0357142857,28.9473684211,54.7749582289
3qdj,11.1111111111,100.0,32.1428571429,67.5675675676,53.6554411554
5d2n,22.2222222222,99.4413407821,31.25,31.3043478261,50.9802456391
2e7l,33.3333333333,68.7150837989,37.1681415929,55.8558558559,49.5201386189
3ffc,22.2222222222,81.0055865922,53.982300885,35.0427350427,49.2467755927
