pdb_id,pep_identity,mhc_identity,tcrA_identity,tcrB_identity,total_identity
3o4l,33.3333333333,100.0,33.6363636364,27.3504273504,54.6089096089
5men,22.2222222222,100.0,34.2342342342,31.3043478261,51.6638377508
3qeq,11.1111111111,100.0,49.5412844037,33.0434782609,50.8011641478
5bs0,11.1111111111,86.5921787709,39.8230088496,38.2608695652,45.5817430298
3ffc,22.2222222222,81.0055865922,28.5714285714,35.8974358974,45.1540803496
2e7l,33.3333333333,68.7150837989,27.1929824561,35.9649122807,44.5424548335
