pdb_id,pep_identity,mhc_identity,tcrA_identity,tcrB_identity,total_identity
5d2n,22.2222222222,99.4413407821,88.0733944954,37.0689655172,61.4115810036
3o4l,33.3333333333,100.0,20.7207207207,53.982300885,56.8949480454
5men,22.2222222222,100.0,22.5225225225,29.8245614035,49.4652547284
