pdb_id,pep_identity,mhc_identity,tcrA_identity,tcrB_identity,total_identity
3o4l,33.3333333333,100.0,51.8181818182,28.4482758621,57.8221873912
3ffc,22.2222222222,81.0055865922,41.0714285714,91.452991453,56.4966729422
5d2n,22.2222222222,99.4413407821,24.3243243243,54.7826086957,53.7390098381
5men,22.2222222222,100.0,34.8214285714,30.701754386,51.6612712336
3qdj,11.1111111111,100.0,47.2727272727,31.5789473684,50.1789828106
