pdb_id,pep_identity,mhc_identity,tcrA_identity,tcrB_identity,total_identity
2bnq,11.1111111111,100.0,86.7256637168,48.6486486486,59.5994224313
3o4l,33.3333333333,100.0,39.0909090909,30.0884955752,55.9743452221
5bs0,11.1111111111,86.5921787709,83.185840708,38.7387387387,52.8885265351
3qeq,11.1111111111,100.0,31.8181818182,54.4642857143,51.4174482924
5d2n,22.2222222222,99.4413407821,24.3243243243,34.7826086957,50.4056765048
2e7l,33.3333333333,68.7150837989,36.036036036,52.7272727273,48.810023838
