pdb_id,pep_identity,mhc_identity,tcrA_identity,tcrB_identity,total_identity
4eup,11.1111111111,100.0,85.5855855856,56.7567567568,60.7607607608
4mnq,22.2222222222,100.0,31.5315315315,57.6576576577,55.6056056056
3o4l,33.3333333333,100.0,39.2857142857,24.7787610619,55.1218570024
5d2n,22.2222222222,99.4413407821,21.4285714286,30.4347826087,49.198413341
2e7l,33.3333333333,68.7150837989,35.0877192982,55.4545454545,49.1065165029
