pdb_id,pep_identity,mhc_identity,tcrA_identity,tcrB_identity,total_identity
4eup,11.1111111111,100.0,88.0733944954,90.990990991,66.8811012848
3o4l,33.3333333333,100.0,40.0,27.4336283186,55.6833824975
3gsn,22.2222222222,100.0,40.0,49.5575221239,55.6669944281
5men,22.2222222222,100.0,35.1351351351,51.8181818182,55.232960233
