pdb_id,pep_identity,mhc_identity,tcrA_identity,tcrB_identity,total_identity
3o4l,33.3333333333,100.0,29.5652173913,22.8070175439,53.173150267
5eu6,11.1111111111,100.0,36.5217391304,38.2608695652,49.500805153
3ffc,22.2222222222,81.0055865922,52.1739130435,33.8983050847,48.7546392928
2e7l,33.3333333333,68.7150837989,37.9310344828,35.7142857143,46.2903590769
