pdb_id,pep_identity,mhc_identity,tcrA_identity,tcrB_identity,total_identity
5men,22.2222222222,100.0,88.0733944954,31.8584070796,60.7293743366
3o4l,33.3333333333,100.0,31.5315315315,27.8260869565,54.3373808591
5d2n,22.2222222222,99.4413407821,23.6363636364,32.1739130435,49.8562337814
