pdb_id,pep_identity,mhc_identity,tcrA_identity,tcrB_identity,total_identity
3o4l,33.3333333333,100.0,33.0357142857,27.1929824561,54.4825605681
5bs0,11.1111111111,86.5921787709,32.7433628319,94.5454545455,53.7825661902
4qrp,11.1111111111,81.0055865922,89.2857142857,39.4736842105,52.1654656505
5men,22.2222222222,100.0,30.9734513274,34.5454545455,51.6605583862
4eup,11.1111111111,100.0,35.7142857143,38.3928571429,49.3882275132
2e7l,33.3333333333,68.7150837989,49.5575221239,31.1926605505,47.4745028231
