pdb_id,pep_identity,mhc_identity,tcrA_identity,tcrB_identity,total_identity
3gsn,22.2222222222,100.0,83.185840708,75.4385964912,67.1781469406
5men,22.2222222222,100.0,36.2831858407,74.5614035088,59.2148389657
2f53,11.1111111111,100.0,42.9824561404,76.3157894737,56.9200779727
3o4l,33.3333333333,100.0,31.8584070796,27.3504273504,54.3125835161
