pdb_id,pep_identity,mhc_identity,tcrA_identity,tcrB_identity,total_identity
5d2n,22.2222222222,99.4413407821,30.1886792453,52.1739130435,54.2816197162
5men,22.2222222222,100.0,30.0,33.0434782609,51.2479871176
3qdj,11.1111111111,100.0,29.9065420561,29.5652173913,46.9489969449
3ffc,22.2222222222,81.0055865922,22.7272727273,52.1367521368,46.8866070821
2e7l,33.3333333333,68.7150837989,31.5315315315,33.9130434783,44.9235682124
5bs0,11.1111111111,86.5921787709,27.4336283186,40.8695652174,43.9516288833
