pdb_id,pep_identity,mhc_identity,tcrA_identity,tcrB_identity,total_identity
3o4l,33.3333333333,100.0,85.4368932039,28.9473684211,63.5084880486
5d2n,22.2222222222,99.4413407821,19.2660550459,67.8260869565,55.0698780018
5men,22.2222222222,100.0,33.0357142857,27.4336283186,50.8189645081
