pdb_id,pep_identity,mhc_identity,tcrA_identity,tcrB_identity,total_identity
3o4l,33.3333333333,100.0,85.4368932039,30.9734513274,63.846168533
4mnq,22.2222222222,100.0,31.25,38.7387387387,52.4055305305
3gsn,22.2222222222,100.0,33.9449541284,31.8584070796,51.7079676088
