pdb_id,pep_identity,mhc_identity,tcrA_identity,tcrB_identity,total_identity
3gsn,22.2222222222,100.0,86.2385321101,38.0530973451,61.4560123166
3o4l,33.3333333333,100.0,33.0275229358,30.9734513274,55.1112734883
4mnq,22.2222222222,100.0,37.5,34.2342342342,52.6964464464
3qdj,11.1111111111,100.0,39.4495412844,36.036036036,49.6179665904
