pdb_id,pep_identity,mhc_identity,tcrA_identity,tcrB_identity,total_identity
5d2n,22.2222222222,99.4413407821,50.4672897196,35.0427350427,54.8061917952
4mnq,22.2222222222,100.0,20.7207207207,31.8965517241,49.5102861482
3qeq,11.1111111111,100.0,30.2752293578,27.5862068966,46.6806097461
3ffc,22.2222222222,81.0055865922,27.2727272727,33.3333333333,44.5102797058
2e7l,33.3333333333,68.7150837989,27.4336283186,33.0434782609,44.0956568073
