pdb_id,pep_identity,mhc_identity,tcrA_identity,tcrB_identity,total_identity
3qdj,11.1111111111,100.0,88.8888888889,64.8648648649,62.6626626627
3gsn,22.2222222222,100.0,38.8888888889,76.1061946903,59.9065880039
5men,22.2222222222,100.0,32.4324324324,78.3783783784,59.2092092092
2f53,11.1111111111,100.0,41.592920354,76.7857142857,56.766809477
3o4l,33.3333333333,100.0,40.7407407407,28.0701754386,55.9129304743
