pdb_id,pep_identity,mhc_identity,tcrA_identity,tcrB_identity,total_identity
5men,22.2222222222,100.0,30.4347826087,78.3783783784,58.8762675719
3o4l,33.3333333333,100.0,35.0877192982,28.0701754386,54.9707602339
3qdj,11.1111111111,100.0,32.4561403509,64.8648648649,53.257204573
5d2n,22.2222222222,99.4413407821,29.8245614035,33.0434782609,51.0325276122
3ffc,22.2222222222,81.0055865922,59.649122807,30.7692307692,49.4789952008
2e7l,33.3333333333,68.7150837989,33.9130434783,58.5585585586,49.4280727169
