pdb_id,pep_identity,mhc_identity,tcrA_identity,tcrB_identity,total_identity
3gsn,22.2222222222,100.0,33.9449541284,76.1061946903,59.0825988772
3o4l,33.3333333333,100.0,29.3577981651,28.4482758621,54.0787901156
2e7l,33.3333333333,68.7150837989,30.6306306306,56.6371681416,48.5607721728
