pdb_id,pep_identity,mhc_identity,tcrA_identity,tcrB_identity,total_identity
3gsn,22.2222222222,100.0,34.5132743363,48.6725663717,54.6050475254
2e7l,33.3333333333,68.7150837989,25.4385964912,51.8181818182,46.8922687623
3ffc,22.2222222222,81.0055865922,23.4782608696,38.4615384615,44.7325694933
