pdb_id,pep_identity,mhc_identity,tcrA_identity,tcrB_identity,total_identity
3gsn,22.2222222222,100.0,44.2477876106,51.3043478261,56.6660966469
2e7l,33.3333333333,68.7150837989,35.0877192982,48.2456140351,47.905027933
5bs0,11.1111111111,86.5921787709,46.017699115,38.5964912281,46.6701283512
3ffc,22.2222222222,81.0055865922,33.0434782609,36.7521367521,46.041872107
