pdb_id,pep_identity,mhc_identity,tcrA_identity,tcrB_identity,total_identity
3o4l,33.3333333333,100.0,32.7433628319,25.8620689655,54.2120164107
5men,22.2222222222,100.0,32.1428571429,34.2105263158,51.7996379838
5eu6,11.1111111111,100.0,35.0877192982,50.0,51.2183235867
2e7l,33.3333333333,68.7150837989,69.0265486726,28.9473684211,50.3451252263
3ffc,22.2222222222,81.0055865922,27.8260869565,42.735042735,46.1694578867
