pdb_id,pep_identity,mhc_identity,tcrA_identity,tcrB_identity,total_identity
5d2n,22.2222222222,99.4413407821,28.1818181818,67.8260869565,56.5558385245
3o4l,33.3333333333,100.0,37.2727272727,29.203539823,55.5238222937
5men,22.2222222222,100.0,35.7142857143,30.6306306306,51.7982267982
3qeq,11.1111111111,100.0,44.9541284404,34.5132743363,50.2816041665
3ffc,22.2222222222,81.0055865922,32.4561403509,55.5555555556,49.0778855892
5bs0,11.1111111111,86.5921787709,32.4561403509,48.6486486486,46.0852281273
