pdb_id,pep_identity,mhc_identity,tcrA_identity,tcrB_identity,total_identity
3o4l,33.3333333333,100.0,30.9734513274,27.5862068966,54.2043874818
4mnq,22.2222222222,100.0,27.6785714286,34.2105263158,51.0555903648
5eu6,11.1111111111,100.0,31.5789473684,46.0869565217,49.9813543521
2e7l,33.3333333333,68.7150837989,56.6371681416,31.8584070796,48.7654015809
3ffc,22.2222222222,81.0055865922,28.6956521739,41.8803418803,46.1719352805
