pdb_id,pep_identity,mhc_identity,tcrA_identity,tcrB_identity,total_identity
5men,22.2222222222,100.0,27.6785714286,74.1071428571,57.705026455
3o4l,33.3333333333,100.0,30.3571428571,26.9565217391,53.9967218772
2e7l,33.3333333333,68.7150837989,57.1428571429,57.1428571429,53.0637580917
3qdj,11.1111111111,100.0,33.9285714286,61.6071428571,52.9596560847
5d2n,22.2222222222,99.4413407821,22.1238938053,33.9130434783,49.8940105487
