pdb_id,pep_identity,mhc_identity,tcrA_identity,tcrB_identity,total_identity
3o4l,33.3333333333,100.0,54.128440367,28.3185840708,58.1856151841
5men,22.2222222222,100.0,36.6071428571,30.6306306306,51.947036322
3qdj,11.1111111111,100.0,53.2110091743,35.1351351351,51.7613944219
5d2n,22.2222222222,99.4413407821,23.6363636364,40.8695652174,51.3055091437
5bs0,11.1111111111,86.5921787709,34.5132743363,66.3636363636,49.380581744
3ffc,22.2222222222,81.0055865922,32.1428571429,41.0256410256,46.6040192996
