pdb_id,pep_identity,mhc_identity,tcrA_identity,tcrB_identity,total_identity
3qdj,11.1111111111,100.0,93.6936936937,50.4504504505,61.0610610611
3o4l,33.3333333333,100.0,40.1785714286,30.0884955752,56.1556222784
3gsn,22.2222222222,100.0,38.3928571429,49.5575221239,55.3991372852
4mnq,22.2222222222,100.0,33.3333333333,50.4504504505,54.7047047047
2p5e,11.1111111111,100.0,39.8230088496,49.5495495495,51.9324634369
