pdb_id,pep_identity,mhc_identity,tcrA_identity,tcrB_identity,total_identity
4eup,11.1111111111,100.0,66.0550458716,57.6576576577,57.6558209586
3o4l,33.3333333333,100.0,40.9090909091,30.0884955752,56.2773755252
5men,22.2222222222,100.0,36.9369369369,49.5495495495,55.1551551552
5d2n,22.2222222222,99.4413407821,26.3636363636,33.9130434783,50.6006343084
2e7l,33.3333333333,68.7150837989,38.3928571429,51.8181818182,49.0513122042
5bs0,11.1111111111,86.5921787709,43.3628318584,40.5405405405,46.5516586938
3ffc,22.2222222222,81.0055865922,33.9285714286,37.6068376068,46.3318377774
