pdb_id,pep_identity,mhc_identity,tcrA_identity,tcrB_identity,total_identity
5men,22.2222222222,100.0,29.7297297297,77.6785714286,58.6421242671
3qdj,11.1111111111,100.0,37.962962963,64.2857142857,54.0784832451
3o4l,33.3333333333,100.0,29.3577981651,27.8260869565,53.9750919647
5d2n,22.2222222222,99.4413407821,24.7706422018,33.0434782609,50.1902077452
2e7l,33.3333333333,68.7150837989,30.6306306306,58.0357142857,48.7938631968
