pdb_id,pep_identity,mhc_identity,tcrA_identity,tcrB_identity,total_identity
5men,22.2222222222,100.0,41.0714285714,57.1428571429,57.1097883598
3o4l,33.3333333333,100.0,37.5,30.701754386,55.8114035088
4eup,11.1111111111,100.0,33.9285714286,58.5585585586,52.4515587016
5d2n,22.2222222222,99.4413407821,26.5486725664,30.4347826087,50.0517635306
2e7l,33.3333333333,68.7150837989,26.5486725664,54.0540540541,47.4499268141
5bs0,11.1111111111,86.5921787709,46.9026548673,34.8214285714,46.1884438671
