pdb_id,pep_identity,mhc_identity,tcrA_identity,tcrB_identity,total_identity
3qdj,11.1111111111,100.0,90.7407407407,63.3928571429,62.7259700176
3gsn,22.2222222222,100.0,41.6666666667,76.1061946903,60.3695509669
5men,22.2222222222,100.0,33.3333333333,75.8928571429,58.9451058201
2f53,11.1111111111,100.0,40.7079646018,76.7857142857,56.6193168516
3o4l,33.3333333333,100.0,40.7407407407,28.6956521739,56.0171765969
