pdb_id,pep_identity,mhc_identity,tcrA_identity,tcrB_identity,total_identity
3qdj,11.1111111111,100.0,87.962962963,61.6071428571,61.9653880071
3gsn,22.2222222222,100.0,37.962962963,74.3362831858,59.4572817655
5men,22.2222222222,100.0,33.3333333333,75.0,58.7962962963
2pye,11.1111111111,100.0,39.8230088496,75.8928571429,56.3230147024
3o4l,33.3333333333,100.0,38.8888888889,30.4347826087,55.998389694
