pdb_id,pep_identity,mhc_identity,tcrA_identity,tcrB_identity,total_identity
3o4l,33.3333333333,100.0,31.7757009346,30.9734513274,54.9026364881
5men,22.2222222222,100.0,33.6363636364,50.4504504505,54.7552097552
4eup,11.1111111111,100.0,33.0275229358,58.5585585586,52.3013839528
2e7l,33.3333333333,68.7150837989,30.9734513274,50.0,47.5117142653
3ffc,22.2222222222,81.0055865922,35.1351351351,35.0427350427,46.1055813011
5bs0,11.1111111111,86.5921787709,31.8584070796,40.0,44.544164474
