pdb_id,pep_identity,mhc_identity,tcrA_identity,tcrB_identity,total_identity
3gsn,22.2222222222,100.0,44.2477876106,54.8672566372,57.259914782
2e7l,33.3333333333,68.7150837989,35.0877192982,48.6486486486,47.9722003686
5bs0,11.1111111111,86.5921787709,46.017699115,37.5,46.4873798132
