pdb_id,pep_identity,mhc_identity,tcrA_identity,tcrB_identity,total_identity
5men,22.2222222222,100.0,36.6071428571,75.8928571429,59.4907407407
3o4l,33.3333333333,100.0,35.7142857143,28.6956521739,55.1794340925
3qeq,11.1111111111,100.0,35.1351351351,62.5,53.3095595596
5eu6,11.1111111111,100.0,49.5575221239,39.8230088496,51.9337921993
2e7l,33.3333333333,68.7150837989,27.4336283186,58.9285714286,48.4098390019
