pdb_id,pep_identity,mhc_identity,tcrA_identity,tcrB_identity,total_identity
3qdj,11.1111111111,100.0,88.8888888889,34.8214285714,57.6554232804
3o4l,33.3333333333,100.0,40.7407407407,27.1929824561,55.7667316439
5men,22.2222222222,100.0,34.2342342342,32.1428571429,51.8035893036
5d2n,22.2222222222,99.4413407821,23.1481481481,39.1304347826,50.9342848232
5bs0,11.1111111111,86.5921787709,39.8230088496,57.1428571429,48.7287409594
3ffc,22.2222222222,81.0055865922,33.9285714286,39.3162393162,46.6167380623
