pdb_id,pep_identity,mhc_identity,tcrA_identity,tcrB_identity,total_identity
3gsn,22.2222222222,100.0,32.1100917431,52.5862068966,54.856790514
2e7l,33.3333333333,68.7150837989,32.1428571429,54.7826086957,48.5037166838
3ffc,22.2222222222,81.0055865922,33.6363636364,29.9145299145,45.0010851966
