pdb_id,pep_identity,mhc_identity,tcrA_identity,tcrB_identity,total_identity
3o4l,33.3333333333,100.0,30.9090909091,53.0973451327,58.4455171181
4mnq,22.2222222222,100.0,30.3571428571,29.8245614035,50.7710247842
5d2n,22.2222222222,99.4413407821,26.1261261261,31.0344827586,50.0812891489
2e7l,33.3333333333,68.7150837989,61.2612612613,32.1428571429,49.5834921114
3qdj,11.1111111111,100.0,35.1351351351,32.4561403509,48.302249618
