pdb_id,pep_identity,mhc_identity,tcrA_identity,tcrB_identity,total_identity
3o4l,33.3333333333,100.0,54.128440367,28.3185840708,58.1856151841
5men,22.2222222222,100.0,37.5,32.7272727273,52.4452861953
3qdj,11.1111111111,100.0,49.5412844037,32.4324324324,50.6993231764
5d2n,22.2222222222,99.4413407821,24.5454545455,33.0434782609,50.1526764692
