pdb_id,pep_identity,mhc_identity,tcrA_identity,tcrB_identity,total_identity
4eup,11.1111111111,100.0,59.6330275229,58.5585585586,56.7356347173
3o4l,33.3333333333,100.0,32.1100917431,30.0884955752,54.8108756642
4mnq,22.2222222222,100.0,30.0,50.4504504505,54.1491491491
5d2n,22.2222222222,99.4413407821,23.1481481481,33.0434782609,49.9197920696
2e7l,33.3333333333,68.7150837989,34.2342342342,50.0,48.0551780831
5bs0,11.1111111111,86.5921787709,38.9380530973,40.0,45.7241054769
3ffc,22.2222222222,81.0055865922,31.25,35.8974358974,45.600508921
