pdb_id,pep_identity,mhc_identity,tcrA_identity,tcrB_identity,total_identity
3qeq,11.1111111111,100.0,30.2752293578,94.6902654867,57.8646195111
5men,22.2222222222,100.0,29.7297297297,58.407079646,55.43020897
3o4l,33.3333333333,100.0,37.6146788991,25.8620689655,55.0239024219
5d2n,22.2222222222,99.4413407821,26.6055045872,35.652173913,50.9308007515
2e7l,33.3333333333,68.7150837989,30.6306306306,60.1769911504,49.1507426743
