pdb_id,pep_identity,mhc_identity,tcrA_identity,tcrB_identity,total_identity
2bnq,11.1111111111,100.0,89.3805309735,48.6486486486,60.0419003074
3o4l,33.3333333333,100.0,39.2857142857,35.3982300885,56.8917685068
5bs0,11.1111111111,86.5921787709,87.610619469,38.7387387387,53.625989662
3qeq,11.1111111111,100.0,32.1428571429,51.7857142857,51.0251322751
5d2n,22.2222222222,99.4413407821,23.8938053097,34.7826086957,50.3339233357
2e7l,33.3333333333,68.7150837989,37.1681415929,49.5412844037,48.4677100435
