pdb_id,pep_identity,mhc_identity,tcrA_identity,tcrB_identity,total_identity
3o4l,33.3333333333,100.0,35.1351351351,26.0869565217,54.6481263873
4qrp,11.1111111111,81.0055865922,90.990990991,46.017699115,53.5403475854
4mnq,22.2222222222,100.0,29.203539823,31.8584070796,50.9177318912
5eu6,11.1111111111,100.0,32.7433628319,42.9824561404,49.6580068657
2e7l,33.3333333333,68.7150837989,51.7857142857,33.0357142857,48.153043806
