pdb_id,pep_identity,mhc_identity,tcrA_identity,tcrB_identity,total_identity
5men,22.2222222222,100.0,37.5,88.5964912281,61.7568226121
3gsn,22.2222222222,100.0,36.3636363636,86.8421052632,61.2750310119
2p5e,11.1111111111,100.0,47.7876106195,83.3333333333,58.8905276958
3o4l,33.3333333333,100.0,37.2727272727,27.3504273504,55.214970215
3qdj,11.1111111111,100.0,36.3636363636,62.2807017544,53.4777600567
