pdb_id,pep_identity,mhc_identity,tcrA_identity,tcrB_identity,total_identity
4eup,11.1111111111,100.0,31.25,90.0900900901,57.2603853854
4mnq,22.2222222222,100.0,26.3157894737,56.7567567568,54.5861651125
3o4l,33.3333333333,100.0,30.9090909091,28.3185840708,54.3157236078
2e7l,33.3333333333,68.7150837989,56.7567567568,56.3636363636,52.8695378975
5d2n,22.2222222222,99.4413407821,24.3243243243,29.5652173913,49.5361112874
