pdb_id,pep_identity,mhc_identity,tcrA_identity,tcrB_identity,total_identity
3gsn,22.2222222222,100.0,87.3873873874,30.701754386,60.4222643696
3o4l,33.3333333333,100.0,33.3333333333,26.4957264957,54.415954416
5bs0,11.1111111111,86.5921787709,40.7079646018,66.6666666667,50.4635351721
