pdb_id,pep_identity,mhc_identity,tcrA_identity,tcrB_identity,total_identity
3o4l,33.3333333333,100.0,33.9130434783,33.6206896552,55.7000666333
4mnq,22.2222222222,100.0,31.3043478261,50.0,54.2914653784
4eup,11.1111111111,100.0,33.0434782609,54.8672566372,51.6888261867
5d2n,22.2222222222,99.4413407821,28.6956521739,35.652173913,51.2791586826
3ffc,22.2222222222,81.0055865922,60.8695652174,32.4786324786,49.9673025541
2e7l,33.3333333333,68.7150837989,34.4827586207,47.7876106195,47.7278672508
5bs0,11.1111111111,86.5921787709,38.2608695652,36.8421052632,45.0849257654
