pdb_id,pep_identity,mhc_identity,tcrA_identity,tcrB_identity,total_identity
3o4l,33.3333333333,100.0,58.4905660377,25.2173913043,58.3957706681
5men,22.2222222222,100.0,32.1428571429,31.8584070796,51.4076181112
5d2n,22.2222222222,99.4413407821,23.4234234234,33.9130434783,50.1105988184
3qdj,11.1111111111,100.0,41.4414414414,34.5132743363,49.6961563333
