pdb_id,pep_identity,mhc_identity,tcrA_identity,tcrB_identity,total_identity
5men,22.2222222222,100.0,28.5714285714,85.7142857143,59.7883597884
3o4l,33.3333333333,100.0,58.0952380952,28.6956521739,58.9095928226
3qdj,11.1111111111,100.0,41.8181818182,69.6428571429,55.6138768639
5d2n,22.2222222222,99.4413407821,21.8181818182,30.4347826087,49.2633484059
2e7l,33.3333333333,68.7150837989,32.7433628319,54.4642857143,48.5507471351
