pdb_id,pep_identity,mhc_identity,tcrA_identity,tcrB_identity,total_identity
3o4l,33.3333333333,100.0,52.6785714286,27.4336283186,57.7964777356
5d2n,22.2222222222,99.4413407821,23.0088495575,67.8260869565,55.6936770871
4mnq,22.2222222222,100.0,33.9285714286,29.4642857143,51.3062169312
3qdj,11.1111111111,100.0,50.8928571429,33.0357142857,51.0251322751
3ffc,22.2222222222,81.0055865922,31.5789473684,56.4102564103,49.0741369012
5bs0,11.1111111111,86.5921787709,39.8230088496,49.5495495495,47.4631896939
