pdb_id,pep_identity,mhc_identity,tcrA_identity,tcrB_identity,total_identity
5men,22.2222222222,100.0,36.036036036,51.3513513514,55.3053053053
3o4l,33.3333333333,100.0,33.9449541284,30.9734513274,55.2641786871
3qeq,11.1111111111,100.0,50.9259259259,53.5714285714,54.4532627866
2e7l,33.3333333333,68.7150837989,26.5486725664,50.9090909091,46.92576629
5bs0,11.1111111111,86.5921787709,36.2831858407,40.0,45.2816276008
3ffc,22.2222222222,81.0055865922,27.9279279279,35.0427350427,44.9043800999
