pdb_id,pep_identity,mhc_identity,tcrA_identity,tcrB_identity,total_identity
3o4l,33.3333333333,100.0,35.7142857143,26.0869565217,54.7446514838
4mnq,22.2222222222,100.0,39.6396396396,32.7433628319,52.804574486
5eu6,11.1111111111,100.0,41.592920354,35.9649122807,49.9633424762
3ffc,22.2222222222,81.0055865922,29.8245614035,33.3333333333,44.9355853943
2e7l,33.3333333333,68.7150837989,28.9473684211,30.3571428571,43.9002242571
