pdb_id,pep_identity,mhc_identity,tcrA_identity,tcrB_identity,total_identity
3qdj,11.1111111111,100.0,90.7407407407,33.0357142857,57.6664462081
3o4l,33.3333333333,100.0,46.7889908257,25.4385964912,56.4823756639
5d2n,22.2222222222,99.4413407821,22.0183486239,42.6086956522,51.3256950475
4mnq,22.2222222222,100.0,32.4324324324,30.3571428571,51.2056699557
5bs0,11.1111111111,86.5921787709,39.8230088496,65.1785714286,50.0680266737
3ffc,22.2222222222,81.0055865922,32.1428571429,43.5897435897,47.0313697269
