pdb_id,pep_identity,mhc_identity,tcrA_identity,tcrB_identity,total_identity
3o4l,33.3333333333,100.0,33.0275229358,23.9316239316,53.937635589
5men,22.2222222222,100.0,35.4545454545,31.3043478261,51.8672229542
3qeq,11.1111111111,100.0,50.0,29.5652173913,50.2979066023
5bs0,11.1111111111,86.5921787709,36.2831858407,41.2280701754,45.4863059634
3ffc,22.2222222222,81.0055865922,28.8288288288,35.0427350427,45.0545302501
2e7l,33.3333333333,68.7150837989,26.5486725664,32.4561403509,43.8502745303
