pdb_id,pep_identity,mhc_identity,tcrA_identity,tcrB_identity,total_identity
3ffc,22.2222222222,81.0055865922,60.8695652174,87.1794871795,59.0841116709
3o4l,33.3333333333,100.0,34.7826086957,33.6206896552,55.8449941696
5d2n,22.2222222222,99.4413407821,29.5652173913,53.9130434783,54.4675644797
5men,22.2222222222,100.0,31.3043478261,31.5789473684,51.2212899398
3qeq,11.1111111111,100.0,32.1739130435,33.3333333333,47.9549114332
