pdb_id,pep_identity,mhc_identity,tcrA_identity,tcrB_identity,total_identity
5men,22.2222222222,100.0,32.1428571429,87.7192982456,60.7177666388
3o4l,33.3333333333,100.0,32.4561403509,28.2051282051,54.5546558704
2e7l,33.3333333333,68.7150837989,67.5438596491,55.2631578947,54.4839753014
3qdj,11.1111111111,100.0,30.701754386,61.4035087719,52.38791423
5d2n,22.2222222222,99.4413407821,26.0869565217,31.3043478261,50.1197383928
