pdb_id,pep_identity,mhc_identity,tcrA_identity,tcrB_identity,total_identity
3o4l,33.3333333333,100.0,31.8584070796,30.4347826087,54.8266427258
5eu6,11.1111111111,100.0,37.3913043478,58.407079646,53.0034343693
3ffc,22.2222222222,81.0055865922,53.0973451327,52.1367521368,51.9482858164
5men,22.2222222222,100.0,29.5652173913,35.3982300885,51.5679819874
2e7l,33.3333333333,68.7150837989,35.9649122807,38.0530973451,46.3524739817
