pdb_id,pep_identity,mhc_identity,tcrA_identity,tcrB_identity,total_identity
5eu6,11.1111111111,100.0,90.2654867257,64.6017699115,62.8482464766
2bnr,11.1111111111,100.0,87.610619469,31.25,56.8471402819
3o4l,33.3333333333,100.0,39.2857142857,28.0701754386,55.6704260652
5bs0,11.1111111111,86.5921787709,86.7256637168,46.9026548673,54.8391497247
5men,22.2222222222,100.0,39.8230088496,30.0884955752,52.3926581449
3qdj,11.1111111111,100.0,45.5357142857,34.5132743363,50.3785351407
