pdb_id,pep_identity,mhc_identity,tcrA_identity,tcrB_identity,total_identity
3o4l,33.3333333333,100.0,30.2752293578,26.5486725664,53.9150947651
4mnq,22.2222222222,100.0,31.5315315315,33.6363636364,51.6020566021
5eu6,11.1111111111,100.0,31.8584070796,43.3628318584,49.5739101934
3ffc,22.2222222222,81.0055865922,34.8214285714,40.1709401709,46.9079977285
2e7l,33.3333333333,68.7150837989,30.6306306306,33.9449541284,44.7787365039
