pdb_id,pep_identity,mhc_identity,tcrA_identity,tcrB_identity,total_identity
5men,22.2222222222,100.0,29.8245614035,76.3157894737,58.4307992203
3o4l,33.3333333333,100.0,30.701754386,28.2051282051,54.2622582096
2e7l,33.3333333333,68.7150837989,61.4035087719,57.0175438596,53.7529811493
3qdj,11.1111111111,100.0,32.4561403509,64.0350877193,53.1189083821
5d2n,22.2222222222,99.4413407821,26.9565217391,32.1739130435,50.4095934652
