pdb_id,pep_identity,mhc_identity,tcrA_identity,tcrB_identity,total_identity
3qdj,11.1111111111,100.0,88.8888888889,32.1428571429,57.208994709
3o4l,33.3333333333,100.0,38.8888888889,23.6842105263,54.873294347
5men,22.2222222222,100.0,33.9449541284,31.25,51.6065664288
5d2n,22.2222222222,99.4413407821,19.4444444444,33.0434782609,49.302508119
