pdb_id,pep_identity,mhc_identity,tcrA_identity,tcrB_identity,total_identity
3qdj,11.1111111111,100.0,88.8888888889,33.9285714286,57.5066137566
3o4l,33.3333333333,100.0,39.8148148148,25.4385964912,55.3200129955
5d2n,22.2222222222,99.4413407821,23.1481481481,48.6956521739,52.5284877218
4mnq,22.2222222222,100.0,33.3333333333,30.3571428571,51.3558201058
5bs0,11.1111111111,86.5921787709,41.592920354,61.6071428571,49.7677738292
3ffc,22.2222222222,81.0055865922,39.2857142857,40.1709401709,47.6520453476
