pdb_id,pep_identity,mhc_identity,tcrA_identity,tcrB_identity,total_identity
3qdj,11.1111111111,100.0,87.2727272727,53.5714285714,60.5110630111
5men,22.2222222222,100.0,33.3333333333,56.25,55.6712962963
3o4l,33.3333333333,100.0,37.8378378378,28.0701754386,55.4291133239
5eu6,11.1111111111,100.0,42.4778761062,31.8584070796,49.426417568
