pdb_id,pep_identity,mhc_identity,tcrA_identity,tcrB_identity,total_identity
5bs0,11.1111111111,86.5921787709,45.1327433628,93.6936936937,55.7055028034
3o4l,33.3333333333,100.0,38.0530973451,26.0869565217,55.1344534223
5men,22.2222222222,100.0,38.3928571429,33.0357142857,52.6455026455
5d2n,22.2222222222,99.4413407821,26.3157894737,44.347826087,52.3317902616
4eup,11.1111111111,100.0,33.6283185841,37.5,48.891756801
3ffc,22.2222222222,81.0055865922,33.0434782609,41.0256410256,46.7541228192
