pdb_id,pep_identity,mhc_identity,tcrA_identity,tcrB_identity,total_identity
3o4l,33.3333333333,100.0,89.1089108911,29.203539823,64.1631862301
5men,22.2222222222,100.0,33.0357142857,50.4504504505,54.6551015301
3gsn,22.2222222222,100.0,34.5794392523,47.7876106195,54.468582386
2bnr,11.1111111111,100.0,38.9380530973,55.8558558559,52.8360218626
4eup,11.1111111111,100.0,39.4495412844,54.954954955,52.7711197436
