pdb_id,pep_identity,mhc_identity,tcrA_identity,tcrB_identity,total_identity
4eup,11.1111111111,100.0,33.0357142857,87.610619469,57.1447593295
4mnq,22.2222222222,100.0,29.8245614035,49.1228070175,53.8986354776
3o4l,33.3333333333,100.0,30.6306306306,25.8620689655,53.8598943771
2e7l,33.3333333333,68.7150837989,59.4594594595,57.5221238938,53.5130696029
5d2n,22.2222222222,99.4413407821,25.8928571429,30.4347826087,49.94246096
