pdb_id,pep_identity,mhc_identity,tcrA_identity,tcrB_identity,total_identity
3o4l,33.3333333333,100.0,47.3214285714,27.8260869565,56.9690303658
5d2n,22.2222222222,99.4413407821,26.5486725664,57.3913043478,54.5445171538
4mnq,22.2222222222,100.0,31.8584070796,34.5132743363,51.8026876434
3qdj,11.1111111111,100.0,46.4285714286,35.3982300885,50.6748372899
3ffc,22.2222222222,81.0055865922,35.9649122807,53.8461538462,49.3777806259
5bs0,11.1111111111,86.5921787709,38.0530973451,44.2477876106,46.2845774533
2e7l,33.3333333333,68.7150837989,35.3982300885,37.1681415929,46.1105343243
