pdb_id,pep_identity,mhc_identity,tcrA_identity,tcrB_identity,total_identity
3o4l,33.3333333333,100.0,38.0530973451,30.701754386,55.9035863996
5men,22.2222222222,100.0,38.3928571429,50.0,55.4728835979
4eup,11.1111111111,100.0,35.3982300885,57.6576576577,52.5463516614
5d2n,22.2222222222,99.4413407821,24.5614035088,33.9130434783,50.300262166
5bs0,11.1111111111,86.5921787709,49.5575221239,37.5,47.0773503147
2e7l,33.3333333333,68.7150837989,26.3157894737,50.4504504505,46.8105123648
3ffc,22.2222222222,81.0055865922,31.3043478261,34.188034188,45.3246666072
