pdb_id,pep_identity,mhc_identity,tcrA_identity,tcrB_identity,total_identity
5men,22.2222222222,100.0,38.0530973451,53.9130434783,56.068430878
3o4l,33.3333333333,100.0,33.0357142857,24.7863247863,54.0814509565
4eup,11.1111111111,100.0,30.0884955752,57.8947368421,51.7009091066
5d2n,22.2222222222,99.4413407821,29.4642857143,29.3103448276,50.3502927584
3ffc,22.2222222222,81.0055865922,60.1769911504,32.4786324786,49.851873543
2e7l,33.3333333333,68.7150837989,31.8584070796,54.3859649123,48.3902010427
