pdb_id,pep_identity,mhc_identity,tcrA_identity,tcrB_identity,total_identity
5d2n,22.2222222222,99.4413407821,57.9439252336,36.5217391304,56.2987983955
3o4l,33.3333333333,100.0,22.0183486239,27.5862068966,52.7118703645
4mnq,22.2222222222,100.0,21.6216216216,35.0877192982,50.1922975607
3qeq,11.1111111111,100.0,33.0275229358,29.8245614035,47.5123844269
