pdb_id,pep_identity,mhc_identity,tcrA_identity,tcrB_identity,total_identity
3o4l,33.3333333333,100.0,37.962962963,28.9473684211,55.5961663418
4mnq,22.2222222222,100.0,38.7387387387,33.9285714286,52.851959102
5eu6,11.1111111111,100.0,43.3628318584,37.1681415929,50.4588659456
3ffc,22.2222222222,81.0055865922,28.5714285714,33.3333333333,44.7267299223
