pdb_id,pep_identity,mhc_identity,tcrA_identity,tcrB_identity,total_identity
3gsn,22.2222222222,100.0,36.036036036,86.9565217391,61.2395003699
4mnq,22.2222222222,100.0,30.9090909091,83.4782608696,59.8052993705
3qdj,11.1111111111,100.0,61.8181818182,61.7391304348,57.6299224125
2p5e,11.1111111111,100.0,38.0530973451,82.6086956522,57.1473358699
3o4l,33.3333333333,100.0,32.4324324324,27.9661016949,54.510866799
2e7l,33.3333333333,68.7150837989,35.3982300885,55.652173913,49.1912063777
