pdb_id,pep_identity,mhc_identity,tcrA_identity,tcrB_identity,total_identity
3gsn,22.2222222222,100.0,34.8623853211,61.0619469027,56.7281294447
2e7l,33.3333333333,68.7150837989,30.6306306306,52.6785714286,47.9010060539
