pdb_id,pep_identity,mhc_identity,tcrA_identity,tcrB_identity,total_identity
3o4l,33.3333333333,100.0,31.25,29.3103448276,54.537835249
3ffc,22.2222222222,81.0055865922,25.4385964912,94.0170940171,54.3185513562
5eu6,11.1111111111,100.0,35.0877192982,64.0350877193,53.5575048733
2e7l,33.3333333333,68.7150837989,68.75,32.4561403509,50.8838291026
5men,22.2222222222,100.0,29.4642857143,30.701754386,50.7684140908
