pdb_id,pep_identity,mhc_identity,tcrA_identity,tcrB_identity,total_identity
5d2n,22.2222222222,99.4413407821,25.8928571429,57.3913043478,54.4352145832
3ffc,22.2222222222,81.0055865922,32.4561403509,77.7777777778,52.7815892929
5men,22.2222222222,100.0,30.6306306306,28.5714285714,50.6077506078
3qdj,11.1111111111,100.0,38.7387387387,30.3571428571,48.553017303
5bs0,11.1111111111,86.5921787709,32.7433628319,44.1441441441,45.38234779
2e7l,33.3333333333,68.7150837989,30.701754386,30.6306306306,44.2382032135
