pdb_id,pep_identity,mhc_identity,tcrA_identity,tcrB_identity,total_identity
3gsn,22.2222222222,100.0,47.7477477477,50.4424778761,57.1057783447
2e7l,33.3333333333,68.7150837989,28.5714285714,53.1531531532,47.6369026648
5bs0,11.1111111111,86.5921787709,44.2477876106,37.5,46.1923945625
