pdb_id,pep_identity,mhc_identity,tcrA_identity,tcrB_identity,total_identity
3o4l,33.3333333333,100.0,51.8181818182,27.1929824561,57.6129718235
5bs0,11.1111111111,86.5921787709,38.9380530973,92.7927927928,54.5229042757
5men,22.2222222222,100.0,34.8214285714,34.2342342342,52.250017875
5d2n,22.2222222222,99.4413407821,22.5225225225,46.0869565217,51.9894341755
4eup,11.1111111111,100.0,46.3636363636,36.6071428571,50.8655002405
3ffc,22.2222222222,81.0055865922,35.7142857143,41.0256410256,47.1992573948
