pdb_id,pep_identity,mhc_identity,tcrA_identity,tcrB_identity,total_identity
3gsn,22.2222222222,100.0,87.1559633028,48.2456140351,63.307670297
5men,22.2222222222,100.0,39.2857142857,50.0,55.6216931217
3o4l,33.3333333333,100.0,35.7798165138,30.1724137931,55.4364828289
4eup,11.1111111111,100.0,38.1818181818,57.5221238938,52.9876940496
2p5w,11.1111111111,100.0,41.592920354,51.7543859649,52.5949214235
