pdb_id,pep_identity,mhc_identity,tcrA_identity,tcrB_identity,total_identity
5eu6,11.1111111111,100.0,88.4955752212,48.2456140351,59.8272352464
5bs0,11.1111111111,86.5921787709,83.185840708,61.0619469027,56.6090612291
2p5e,11.1111111111,100.0,83.185840708,32.1428571429,56.2584866788
3o4l,33.3333333333,100.0,39.4495412844,26.9565217391,55.512121615
3qeq,11.1111111111,100.0,34.8623853211,34.5132743363,48.5996469799
