pdb_id,pep_identity,mhc_identity,tcrA_identity,tcrB_identity,total_identity
3o4l,33.3333333333,100.0,30.4347826087,29.8245614035,54.4876684465
5eu6,11.1111111111,100.0,36.5217391304,59.2920353982,53.0059994585
5men,22.2222222222,100.0,28.6956521739,38.7387387387,51.9798058928
3ffc,22.2222222222,81.0055865922,52.1739130435,52.9914529915,51.9368306106
2e7l,33.3333333333,68.7150837989,36.2068965517,35.1351351351,45.9064776585
