pdb_id,pep_identity,mhc_identity,tcrA_identity,tcrB_identity,total_identity
3o4l,33.3333333333,100.0,34.7826086957,23.4782608696,54.154589372
4mnq,22.2222222222,100.0,31.3043478261,30.9734513274,51.120373933
3ffc,22.2222222222,81.0055865922,60.8695652174,31.6239316239,49.8248524117
5eu6,11.1111111111,100.0,34.7826086957,34.2105263158,48.5358928723
2e7l,33.3333333333,68.7150837989,34.4827586207,33.9285714286,45.4180273856
