pdb_id,pep_identity,mhc_identity,tcrA_identity,tcrB_identity,total_identity
5men,22.2222222222,100.0,28.6956521739,81.25,59.0650161031
3o4l,33.3333333333,100.0,30.3571428571,29.5652173913,54.4315044859
3qdj,11.1111111111,100.0,30.3571428571,64.2857142857,52.8108465608
5d2n,22.2222222222,99.4413407821,34.8214285714,29.5652173913,51.2856286619
2e7l,33.3333333333,68.7150837989,35.3982300885,55.3571428571,49.142034535
3ffc,22.2222222222,81.0055865922,55.7522123894,31.6239316239,48.9719602737
