pdb_id,pep_identity,mhc_identity,tcrA_identity,tcrB_identity,total_identity
3gsn,22.2222222222,100.0,36.6071428571,89.3805309735,61.7386863792
5men,22.2222222222,100.0,30.3571428571,93.8053097345,61.4344828394
2p5e,11.1111111111,100.0,36.2831858407,84.0707964602,57.0960340872
3o4l,33.3333333333,100.0,32.1428571429,29.3103448276,54.6866447729
3qdj,11.1111111111,100.0,34.8214285714,67.2566371681,54.0500479936
