pdb_id,pep_identity,mhc_identity,tcrA_identity,tcrB_identity,total_identity
3o4l,33.3333333333,100.0,51.8181818182,26.724137931,57.5348310693
5men,22.2222222222,100.0,34.8214285714,33.3333333333,52.0998677249
5d2n,22.2222222222,99.4413407821,22.5225225225,41.7391304348,51.2647964943
3qdj,11.1111111111,100.0,49.0909090909,35.9649122807,51.2130072656
5bs0,11.1111111111,86.5921787709,38.0530973451,58.7719298246,48.7052678223
3ffc,22.2222222222,81.0055865922,34.8214285714,43.5897435897,47.4777982983
