pdb_id,pep_identity,mhc_identity,tcrA_identity,tcrB_identity,total_identity
5d2n,22.2222222222,99.4413407821,25.4385964912,88.6956521739,59.576895779
3o4l,33.3333333333,100.0,28.0701754386,28.4482758621,53.8641863279
3ffc,22.2222222222,81.0055865922,51.7543859649,57.264957265,52.5791601431
5men,22.2222222222,100.0,30.0884955752,31.5789473684,51.018647898
3qdj,11.1111111111,100.0,29.8245614035,34.2105263158,47.7095516569
