pdb_id,pep_identity,mhc_identity,tcrA_identity,tcrB_identity,total_identity
5men,22.2222222222,100.0,36.9369369369,54.5454545455,55.9878059878
3o4l,33.3333333333,100.0,33.6363636364,31.8584070796,55.3602395638
3qeq,11.1111111111,100.0,50.4587155963,50.8928571429,53.9289658269
5d2n,22.2222222222,99.4413407821,26.1261261261,33.0434782609,50.4161217326
2e7l,33.3333333333,68.7150837989,27.1929824561,50.0,46.8816361201
5bs0,11.1111111111,86.5921787709,37.1681415929,36.9369369369,44.9186097157
