pdb_id,pep_identity,mhc_identity,tcrA_identity,tcrB_identity,total_identity
4eup,11.1111111111,100.0,33.6206896552,86.7256637168,57.094762599
3o4l,33.3333333333,100.0,31.0344827586,26.724137931,54.0708812261
4mnq,22.2222222222,100.0,30.1724137931,47.3684210526,53.664213215
3ffc,22.2222222222,81.0055865922,81.0344827586,31.6239316239,53.1856720019
5d2n,22.2222222222,99.4413407821,26.724137931,30.4347826087,50.0810077581
2e7l,33.3333333333,68.7150837989,30.7692307692,57.5221238938,48.7313648212
