pdb_id,pep_identity,mhc_identity,tcrA_identity,tcrB_identity,total_identity
3o4l,33.3333333333,100.0,45.9459459459,29.6610169492,57.045604927
5d2n,22.2222222222,99.4413407821,24.1071428571,43.9655172414,51.8999643512
5men,22.2222222222,100.0,32.7433628319,30.4347826087,51.2704316475
3qdj,11.1111111111,100.0,46.8468468468,34.7826086957,50.6419462941
5bs0,11.1111111111,86.5921787709,38.9380530973,65.2173913043,49.9270040276
3ffc,22.2222222222,81.0055865922,34.5132743363,40.1709401709,46.8566386893
