pdb_id,pep_identity,mhc_identity,tcrA_identity,tcrB_identity,total_identity
3o4l,33.3333333333,100.0,37.2727272727,30.9734513274,55.8188075445
4mnq,22.2222222222,100.0,39.0909090909,34.5454545455,53.0134680135
5d2n,22.2222222222,99.4413407821,27.9279279279,33.0434782609,50.7164220329
3qdj,11.1111111111,100.0,40.9090909091,35.1351351351,49.7110747111
5bs0,11.1111111111,86.5921787709,40.7079646018,40.5405405405,46.1091808177
