pdb_id,pep_identity,mhc_identity,tcrA_identity,tcrB_identity,total_identity
5men,22.2222222222,100.0,89.0909090909,34.8214285714,61.3927970178
3o4l,33.3333333333,100.0,33.6363636364,30.701754386,55.1674641148
5eu6,11.1111111111,100.0,41.592920354,57.5221238938,53.5562110783
