pdb_id,pep_identity,mhc_identity,tcrA_identity,tcrB_identity,total_identity
5d2n,22.2222222222,99.4413407821,28.6956521739,67.8260869565,56.6414775232
3o4l,33.3333333333,100.0,30.701754386,28.4482758621,54.3027828191
5men,22.2222222222,100.0,32.4561403509,27.8260869565,50.7877786253
2e7l,33.3333333333,68.7150837989,60.5263157895,31.5789473684,49.3670162371
3ffc,22.2222222222,81.0055865922,28.4482758621,55.5555555556,48.4099081744
3qdj,11.1111111111,100.0,34.2105263158,32.1739130435,48.1011102636
5bs0,11.1111111111,86.5921787709,32.4561403509,48.2456140351,46.0180556917
