pdb_id,pep_identity,mhc_identity,tcrA_identity,tcrB_identity,total_identity
5d2n,22.2222222222,99.4413407821,52.3364485981,34.4827586207,55.0243888713
5men,22.2222222222,100.0,21.6216216216,33.9130434783,49.9965182574
3qeq,11.1111111111,100.0,33.9449541284,31.3043478261,47.9119206961
3ffc,22.2222222222,81.0055865922,30.0,35.0427350427,45.2497254453
2e7l,33.3333333333,68.7150837989,28.3185840708,34.2105263158,44.4376574418
