pdb_id,pep_identity,mhc_identity,tcrA_identity,tcrB_identity,total_identity
4eup,11.1111111111,100.0,86.2385321101,35.0877192982,57.2580789384
3o4l,33.3333333333,100.0,40.0,27.5862068966,55.7088122605
5d2n,22.2222222222,99.4413407821,28.1818181818,49.5652173913,53.5123602636
4mnq,22.2222222222,100.0,33.3333333333,33.9130434783,51.9484702093
3ffc,22.2222222222,81.0055865922,33.9285714286,46.1538461538,47.7563392019
