pdb_id,pep_identity,mhc_identity,tcrA_identity,tcrB_identity,total_identity
3o4l,33.3333333333,100.0,34.5794392523,24.347826087,54.2656553343
5men,22.2222222222,100.0,34.2342342342,32.7433628319,51.9036735851
3qeq,11.1111111111,100.0,51.8867924528,29.203539823,50.5520924163
5bs0,11.1111111111,86.5921787709,38.9380530973,38.0530973451,45.3996217011
2e7l,33.3333333333,68.7150837989,27.9279279279,34.8214285714,44.4743651273
3ffc,22.2222222222,81.0055865922,28.1818181818,30.7692307692,44.23444443
