pdb_id,pep_identity,mhc_identity,tcrA_identity,tcrB_identity,total_identity
3o4l,33.3333333333,100.0,32.1100917431,26.724137931,54.2501493901
5men,22.2222222222,100.0,31.5315315315,33.9130434783,51.648169909
3qdj,11.1111111111,100.0,45.3703703704,33.0434782609,50.1060118089
3ffc,22.2222222222,81.0055865922,32.1428571429,37.6068376068,46.0342187297
5bs0,11.1111111111,86.5921787709,32.7433628319,38.2608695652,44.4018020269
2e7l,33.3333333333,68.7150837989,32.4324324324,28.9473684211,44.246105853
