pdb_id,pep_identity,mhc_identity,tcrA_identity,tcrB_identity,total_identity
3o4l,33.3333333333,100.0,51.8181818182,27.1929824561,57.6129718235
5d2n,22.2222222222,99.4413407821,22.5225225225,66.9565217391,55.4676950451
5men,22.2222222222,100.0,34.8214285714,27.4336283186,51.1165835557
3qdj,11.1111111111,100.0,49.0909090909,31.8584070796,50.5285897321
3ffc,22.2222222222,81.0055865922,34.8214285714,53.8461538462,49.1872000077
5bs0,11.1111111111,86.5921787709,38.0530973451,44.2477876106,46.2845774533
