pdb_id,pep_identity,mhc_identity,tcrA_identity,tcrB_identity,total_identity
3o4l,33.3333333333,100.0,29.7297297297,28.9473684211,54.2239608029
4mnq,22.2222222222,100.0,27.1929824561,34.5454545455,51.030480241
2e7l,33.3333333333,68.7150837989,63.963963964,30.0,49.6767997047
5eu6,11.1111111111,100.0,29.8245614035,44.2477876106,49.3824285394
4qrp,11.1111111111,81.0055865922,48.6486486486,43.8596491228,46.1236155297
