pdb_id,pep_identity,mhc_identity,tcrA_identity,tcrB_identity,total_identity
5men,22.2222222222,100.0,87.037037037,34.2105263158,60.9486679662
5eu6,11.1111111111,100.0,41.592920354,76.3157894737,56.688488675
3o4l,33.3333333333,100.0,31.8181818182,31.0344827586,54.9198885406
3qeq,11.1111111111,100.0,33.0275229358,41.2280701754,49.4129692222
3ffc,22.2222222222,81.0055865922,31.8584070796,55.5555555556,48.9782633773
