pdb_id,pep_identity,mhc_identity,tcrA_identity,tcrB_identity,total_identity
3o4l,33.3333333333,100.0,31.4814814815,26.0869565217,54.0391841116
5men,22.2222222222,100.0,34.8623853211,31.8584070796,51.8608728075
5eu6,11.1111111111,100.0,38.0530973451,49.1228070175,51.5663544308
3ffc,22.2222222222,81.0055865922,27.2727272727,46.1538461538,46.6470318426
2e7l,33.3333333333,68.7150837989,27.6785714286,33.9285714286,44.2839961869
