pdb_id,pep_identity,mhc_identity,tcrA_identity,tcrB_identity,total_identity
3o4l,33.3333333333,100.0,52.6785714286,23.9316239316,57.2128103378
4mnq,22.2222222222,100.0,33.9285714286,32.1739130435,51.7578214861
4eup,11.1111111111,100.0,47.3214285714,35.0877192982,50.7718950153
5d2n,22.2222222222,99.4413407821,24.7787610619,32.7586206897,50.1440846267
3ffc,22.2222222222,81.0055865922,33.3333333333,35.0427350427,45.8052810008
