pdb_id,pep_identity,mhc_identity,tcrA_identity,tcrB_identity,total_identity
5men,22.2222222222,100.0,35.3982300885,53.1531531532,55.4993046143
3o4l,33.3333333333,100.0,28.3185840708,30.9734513274,54.3264503441
4eup,11.1111111111,100.0,27.4336283186,56.7567567568,51.0687678829
3ffc,22.2222222222,81.0055865922,53.0973451327,32.4786324786,48.67193254
2e7l,33.3333333333,68.7150837989,33.3333333333,49.0909090909,47.7535127814
5bs0,11.1111111111,86.5921787709,34.7826086957,36.9369369369,44.5210208995
