pdb_id,pep_identity,mhc_identity,tcrA_identity,tcrB_identity,total_identity
5d2n,22.2222222222,99.4413407821,51.8518518519,40.8695652174,56.008090513
3o4l,33.3333333333,100.0,20.9090909091,27.4336283186,52.5015643157
5men,22.2222222222,100.0,25.4545454545,32.7272727273,50.4377104377
5bs0,11.1111111111,86.5921787709,23.6842105263,67.2727272727,47.7272529272
3qeq,11.1111111111,100.0,29.0909090909,31.25,47.0938552189
3ffc,22.2222222222,81.0055865922,27.9279279279,42.735042735,46.186431382
