pdb_id,pep_identity,mhc_identity,tcrA_identity,tcrB_identity,total_identity
3o4l,33.3333333333,100.0,33.6363636364,25.641025641,54.324009324
2e7l,33.3333333333,68.7150837989,68.4684684685,34.2105263158,51.1293048414
4mnq,22.2222222222,100.0,28.9473684211,30.701754386,50.6822612086
5eu6,11.1111111111,100.0,33.3333333333,43.4782608696,49.8389694042
4qrp,11.1111111111,81.0055865922,54.0540540541,43.4782608696,46.9609517217
