pdb_id,pep_identity,mhc_identity,tcrA_identity,tcrB_identity,total_identity
3o4l,33.3333333333,100.0,45.4545454545,28.9473684211,56.8447634237
5d2n,22.2222222222,99.4413407821,26.1261261261,68.6956521739,56.3581507181
5men,22.2222222222,100.0,37.5,29.203539823,51.8579973779
3ffc,22.2222222222,81.0055865922,31.8584070796,54.7008547009,48.8358132349
3qeq,11.1111111111,100.0,36.6972477064,33.6283185841,48.7579647521
5bs0,11.1111111111,86.5921787709,45.1327433628,46.017699115,47.759503707
