pdb_id,pep_identity,mhc_identity,tcrA_identity,tcrB_identity,total_identity
5d2n,22.2222222222,99.4413407821,87.962962963,49.5652173913,63.4758843938
3o4l,33.3333333333,100.0,19.0909090909,26.0869565217,51.9740887132
