pdb_id,pep_identity,mhc_identity,tcrA_identity,tcrB_identity,total_identity
5eu6,11.1111111111,100.0,33.0434782609,93.8053097345,58.1785017029
3o4l,33.3333333333,100.0,33.3333333333,28.6956521739,54.7826086957
3ffc,22.2222222222,81.0055865922,60.5263157895,57.264957265,54.0411484472
5men,22.2222222222,100.0,38.0530973451,34.5132743363,52.835136021
