pdb_id,pep_identity,mhc_identity,tcrA_identity,tcrB_identity,total_identity
3o4l,33.3333333333,100.0,31.4814814815,30.9734513274,54.8535999126
5men,22.2222222222,100.0,30.6306306306,50.4504504505,54.2542542543
4eup,11.1111111111,100.0,40.3669724771,58.5585585586,53.524625543
2e7l,33.3333333333,68.7150837989,31.5315315315,52.7272727273,48.0592730872
3ffc,22.2222222222,81.0055865922,30.3571428571,37.6068376068,45.7365996821
5bs0,11.1111111111,86.5921787709,30.9734513274,39.6396396396,44.3366117885
