pdb_id,pep_identity,mhc_identity,tcrA_identity,tcrB_identity,total_identity
3gsn,22.2222222222,100.0,37.037037037,76.3157894737,59.6328784925
3o4l,33.3333333333,100.0,34.5794392523,27.3504273504,54.7660888782
2e7l,33.3333333333,68.7150837989,27.9279279279,54.3859649123,47.7351211841
