pdb_id,pep_identity,mhc_identity,tcrA_identity,tcrB_identity,total_identity
3qdj,11.1111111111,100.0,90.7407407407,37.5,58.4104938272
3o4l,33.3333333333,100.0,41.2844036697,31.5789473684,56.5883362841
5d2n,22.2222222222,99.4413407821,23.8532110092,66.0869565217,55.5445489233
5men,22.2222222222,100.0,34.2342342342,33.9285714286,52.1012083512
3ffc,22.2222222222,81.0055865922,33.0357142857,58.1196581197,49.6018316724
