pdb_id,pep_identity,mhc_identity,tcrA_identity,tcrB_identity,total_identity
3o4l,33.3333333333,100.0,35.3448275862,26.9565217391,54.8280026653
3ffc,22.2222222222,81.0055865922,58.6206896552,44.4444444444,51.5867919547
4mnq,22.2222222222,100.0,31.0344827586,31.8584070796,51.2228890471
5eu6,11.1111111111,100.0,36.2068965517,48.2456140351,51.1124554682
2e7l,33.3333333333,68.7150837989,33.3333333333,33.9285714286,45.2264565044
