pdb_id,pep_identity,mhc_identity,tcrA_identity,tcrB_identity,total_identity
3gsn,22.2222222222,100.0,33.9285714286,48.6725663717,54.5075970408
2e7l,33.3333333333,68.7150837989,25.6637168142,52.7272727273,47.0813039676
3ffc,22.2222222222,81.0055865922,23.6842105263,38.4615384615,44.7668944361
