pdb_id,pep_identity,mhc_identity,tcrA_identity,tcrB_identity,total_identity
3o4l,33.3333333333,100.0,32.4324324324,56.25,59.2248498498
3qdj,11.1111111111,100.0,64.5454545455,34.5132743363,53.546825184
5men,22.2222222222,100.0,32.7272727273,32.1428571429,51.5524290524
5d2n,22.2222222222,99.4413407821,22.7272727273,29.3103448276,49.2274572606
