pdb_id,pep_identity,mhc_identity,tcrA_identity,tcrB_identity,total_identity
3qdj,11.1111111111,100.0,88.1818181818,32.7586206897,57.1937768489
3o4l,33.3333333333,100.0,39.6396396396,27.9661016949,55.7120680002
3ffc,22.2222222222,81.0055865922,33.6283185841,88.0341880342,54.6863540412
5d2n,22.2222222222,99.4413407821,20.7207207207,56.0344827586,53.3470549147
5men,22.2222222222,100.0,36.6972477064,31.0344827586,52.0293624849
5bs0,11.1111111111,86.5921787709,40.7079646018,38.7931034483,45.8179413024
