pdb_id,pep_identity,mhc_identity,tcrA_identity,tcrB_identity,total_identity
3o4l,33.3333333333,100.0,84.7619047619,30.0884955752,63.586177834
5men,22.2222222222,100.0,35.7142857143,50.4504504505,55.1015301015
3gsn,22.2222222222,100.0,34.2342342342,49.5575221239,54.7060334671
4eup,11.1111111111,100.0,41.4414414414,58.5585585586,53.7037037037
2p5w,11.1111111111,100.0,38.0530973451,50.0,51.7125532612
