pdb_id,pep_identity,mhc_identity,tcrA_identity,tcrB_identity,total_identity
3o4l,33.3333333333,100.0,28.9473684211,53.8461538462,58.2433648223
3qeq,11.1111111111,100.0,83.185840708,29.6610169492,55.8448466466
4mnq,22.2222222222,100.0,33.6283185841,31.3559322034,51.5714492053
5d2n,22.2222222222,99.4413407821,27.8260869565,30.5084745763,50.2769479236
