pdb_id,pep_identity,mhc_identity,tcrA_identity,tcrB_identity,total_identity
3o4l,33.3333333333,100.0,34.2342342342,30.0884955752,55.1648994127
5men,22.2222222222,100.0,33.9285714286,49.5495495495,54.6537609038
3qeq,11.1111111111,100.0,49.0909090909,54.4642857143,54.2962361712
2e7l,33.3333333333,68.7150837989,27.8260869565,51.8181818182,47.2901838399
5bs0,11.1111111111,86.5921787709,38.5964912281,39.6396396396,45.6071184386
3ffc,22.2222222222,81.0055865922,27.4336283186,37.6068376068,45.249347259
