pdb_id,pep_identity,mhc_identity,tcrA_identity,tcrB_identity,total_identity
3gsn,22.2222222222,100.0,40.0,73.4513274336,59.649295313
3o4l,33.3333333333,100.0,40.9090909091,28.6956521739,56.0452349583
2e7l,33.3333333333,68.7150837989,40.1785714286,58.9285714286,50.5339961869
