pdb_id,pep_identity,mhc_identity,tcrA_identity,tcrB_identity,total_identity
3o4l,33.3333333333,100.0,32.1428571429,26.4957264957,54.2175417175
5men,22.2222222222,100.0,26.3157894737,31.3043478261,50.3440969574
5eu6,11.1111111111,100.0,31.5789473684,40.5172413793,49.053068495
2e7l,33.3333333333,68.7150837989,58.0357142857,30.701754386,48.805717156
3ffc,22.2222222222,81.0055865922,28.0701754386,38.4615384615,45.4978885882
