pdb_id,pep_identity,mhc_identity,tcrA_identity,tcrB_identity,total_identity
3o4l,33.3333333333,100.0,86.5384615385,26.5486725664,63.2923001286
4mnq,22.2222222222,100.0,32.1428571429,33.3333333333,51.6534391534
3gsn,22.2222222222,100.0,32.7272727273,30.9734513274,51.3575280832
3qdj,11.1111111111,100.0,47.2727272727,36.036036036,50.9218309218
