pdb_id,pep_identity,mhc_identity,tcrA_identity,tcrB_identity,total_identity
3qeq,11.1111111111,100.0,83.7837837838,52.6785714286,59.7807629058
4mnq,22.2222222222,100.0,33.9285714286,54.5454545455,55.4864117364
3o4l,33.3333333333,100.0,31.25,31.8584070796,54.9625122911
5d2n,22.2222222222,99.4413407821,28.3185840708,33.9130434783,50.9264589263
