pdb_id,pep_identity,mhc_identity,tcrA_identity,tcrB_identity,total_identity
5eu6,11.1111111111,100.0,31.5789473684,80.701754386,55.7504873294
3o4l,33.3333333333,100.0,30.0,31.8965517241,54.7605363985
5men,22.2222222222,100.0,28.9473684211,31.5789473684,50.828460039
2e7l,33.3333333333,68.7150837989,61.2612612613,36.8421052632,50.3667001315
3ffc,22.2222222222,81.0055865922,27.1929824561,60.6837606838,49.0553934615
