pdb_id,pep_identity,mhc_identity,tcrA_identity,tcrB_identity,total_identity
3o4l,33.3333333333,100.0,51.8181818182,23.9316239316,57.0694120694
5d2n,22.2222222222,99.4413407821,22.5225225225,42.2413793103,51.3485046403
5men,22.2222222222,100.0,34.8214285714,27.8260869565,51.1819933287
3qdj,11.1111111111,100.0,49.0909090909,31.3043478261,50.4362465232
5bs0,11.1111111111,86.5921787709,38.0530973451,60.8695652174,49.0548737211
3ffc,22.2222222222,81.0055865922,34.8214285714,41.0256410256,47.050447871
