pdb_id,pep_identity,mhc_identity,tcrA_identity,tcrB_identity,total_identity
3o4l,33.3333333333,100.0,33.3333333333,29.8245614035,54.9707602339
5men,22.2222222222,100.0,33.0357142857,33.9285714286,51.9014550265
3qeq,11.1111111111,100.0,48.1818181818,30.3571428571,50.1268638769
5bs0,11.1111111111,86.5921787709,35.0877192982,38.7387387387,44.8721729669
3ffc,22.2222222222,81.0055865922,26.5486725664,35.0427350427,44.6745042063
