pdb_id,pep_identity,mhc_identity,tcrA_identity,tcrB_identity,total_identity
4eup,11.1111111111,100.0,47.7477477477,89.1891891892,59.8598598599
3o4l,33.3333333333,100.0,51.3513513514,28.3185840708,57.7227670148
5men,22.2222222222,100.0,34.8214285714,56.3636363636,55.9382515633
5d2n,22.2222222222,99.4413407821,22.3214285714,31.3043478261,49.492150401
2e7l,33.3333333333,68.7150837989,35.3982300885,57.4074074074,49.4837452934
