pdb_id,pep_identity,mhc_identity,tcrA_identity,tcrB_identity,total_identity
4eup,11.1111111111,100.0,30.6306306306,91.8918918919,57.4574574575
5men,22.2222222222,100.0,30.0,50.0,54.0740740741
3o4l,33.3333333333,100.0,25.2252252252,27.1929824561,53.1808123913
5d2n,22.2222222222,99.4413407821,24.1071428571,29.5652173913,49.4999143762
2e7l,33.3333333333,68.7150837989,25.0,58.5585585586,47.9425654705
