pdb_id,pep_identity,mhc_identity,tcrA_identity,tcrB_identity,total_identity
4eup,11.1111111111,100.0,89.9082568807,56.7567567568,61.4812059766
3o4l,33.3333333333,100.0,40.9090909091,28.9473684211,56.0871876661
4mnq,22.2222222222,100.0,30.6306306306,49.1071428571,54.0303696554
2bnr,11.1111111111,100.0,39.8230088496,50.4504504505,52.082613587
5d2n,22.2222222222,99.4413407821,20.0,32.1739130435,49.2501731754
