pdb_id,pep_identity,mhc_identity,tcrA_identity,tcrB_identity,total_identity
2bnq,11.1111111111,100.0,86.7256637168,60.7142857143,61.6103619422
4mnq,22.2222222222,100.0,38.9380530973,66.3636363636,58.2910223176
3o4l,33.3333333333,100.0,38.1818181818,30.701754386,55.9250398724
3qdj,11.1111111111,100.0,43.6363636364,69.3693693694,55.8713258713
5bs0,11.1111111111,86.5921787709,84.0707964602,34.2342342342,52.2852684098
2e7l,33.3333333333,68.7150837989,37.8378378378,61.8181818182,50.6254756534
5d2n,22.2222222222,99.4413407821,23.4234234234,34.7826086957,50.2555263546
