pdb_id,pep_identity,mhc_identity,tcrA_identity,tcrB_identity,total_identity
5men,22.2222222222,100.0,37.5,49.5495495495,55.248998999
3o4l,33.3333333333,100.0,30.0884955752,30.0884955752,54.4739429695
3qeq,11.1111111111,100.0,43.75,53.5714285714,53.2572751323
2e7l,33.3333333333,68.7150837989,28.3185840708,52.7272727273,47.5237818438
3ffc,22.2222222222,81.0055865922,31.3043478261,38.4615384615,46.0369173194
5bs0,11.1111111111,86.5921787709,37.7192982456,39.6396396396,45.4609196082
