pdb_id,pep_identity,mhc_identity,tcrA_identity,tcrB_identity,total_identity
3o4l,33.3333333333,100.0,34.5794392523,25.641025641,54.4811885933
5men,22.2222222222,100.0,34.2342342342,30.4347826087,51.5189102146
3qeq,11.1111111111,100.0,51.8867924528,28.6956521739,50.4674444748
3ffc,22.2222222222,81.0055865922,28.1818181818,36.7521367521,45.2315954271
5bs0,11.1111111111,86.5921787709,38.9380530973,36.5217391304,45.144395332
2e7l,33.3333333333,68.7150837989,27.9279279279,30.701754386,43.7877527631
