pdb_id,pep_identity,mhc_identity,tcrA_identity,tcrB_identity,total_identity
5d2n,22.2222222222,99.4413407821,60.5504587156,35.652173913,56.5882931062
3o4l,33.3333333333,100.0,20.7207207207,25.0,52.0645645646
4mnq,22.2222222222,100.0,22.5225225225,32.4561403509,49.9038512196
3qdj,11.1111111111,100.0,24.3243243243,32.4561403509,46.5004478162
