pdb_id,pep_identity,mhc_identity,tcrA_identity,tcrB_identity,total_identity
3o4l,33.3333333333,100.0,32.7272727273,25.4385964912,54.1387559809
2e7l,33.3333333333,68.7150837989,68.4684684685,36.036036036,51.4335564615
4mnq,22.2222222222,100.0,29.203539823,33.0357142857,51.1139497589
5eu6,11.1111111111,100.0,33.3333333333,40.7079646018,49.3772533596
3ffc,22.2222222222,81.0055865922,27.1929824561,36.7521367521,45.0667894728
