pdb_id,pep_identity,mhc_identity,tcrA_identity,tcrB_identity,total_identity
3o4l,33.3333333333,100.0,32.1428571429,25.8620689655,54.1119321292
4eup,11.1111111111,100.0,60.3603603604,35.3982300885,52.9968021118
5men,22.2222222222,100.0,30.9090909091,31.5789473684,51.155413787
5bs0,11.1111111111,86.5921787709,40.7079646018,41.2280701754,46.2237690902
3ffc,22.2222222222,81.0055865922,29.8245614035,36.7521367521,45.5053859641
2e7l,33.3333333333,68.7150837989,33.3333333333,35.3982300885,45.4713996144
