pdb_id,pep_identity,mhc_identity,tcrA_identity,tcrB_identity,total_identity
5men,22.2222222222,100.0,29.7297297297,86.4864864865,60.1101101101
3qdj,11.1111111111,100.0,37.962962963,70.2702702703,55.0759092426
3o4l,33.3333333333,100.0,29.3577981651,28.9473684211,54.1619722088
5d2n,22.2222222222,99.4413407821,24.7706422018,31.3043478261,49.9003526728
2e7l,33.3333333333,68.7150837989,30.6306306306,54.954954955,48.2804033083
