pdb_id,pep_identity,mhc_identity,tcrA_identity,tcrB_identity,total_identity
4eup,11.1111111111,100.0,62.3853211009,57.6576576577,57.0442001635
3o4l,33.3333333333,100.0,39.4495412844,30.0884955752,56.0341172544
4mnq,22.2222222222,100.0,29.0909090909,49.5495495495,53.8474838475
5d2n,22.2222222222,99.4413407821,23.1481481481,33.9130434783,50.0647196058
2e7l,33.3333333333,68.7150837989,33.3333333333,52.7272727273,48.3595733875
3ffc,22.2222222222,81.0055865922,30.3571428571,38.4615384615,45.8790498246
