pdb_id,pep_identity,mhc_identity,tcrA_identity,tcrB_identity,total_identity
3qeq,11.1111111111,100.0,27.7777777778,89.3805309735,56.5634218289
5men,22.2222222222,100.0,30.9090909091,61.9469026549,56.2167396681
3o4l,33.3333333333,100.0,31.7757009346,29.3103448276,54.6254520715
5d2n,22.2222222222,99.4413407821,22.9357798165,34.7826086957,50.1742524201
2e7l,33.3333333333,68.7150837989,31.8584070796,60.1769911504,49.3553720824
3ffc,22.2222222222,81.0055865922,33.3333333333,35.8974358974,45.9477311433
