pdb_id,pep_identity,mhc_identity,tcrA_identity,tcrB_identity,total_identity
3o4l,33.3333333333,100.0,53.7037037037,28.9473684211,58.2196231319
5d2n,22.2222222222,99.4413407821,24.7706422018,65.2173913043,55.5525265858
5men,22.2222222222,100.0,33.9285714286,33.9285714286,52.0502645503
3qdj,11.1111111111,100.0,48.623853211,34.8214285714,50.9445840008
3ffc,22.2222222222,81.0055865922,34.8214285714,61.5384615385,50.4692512898
