pdb_id,pep_identity,mhc_identity,tcrA_identity,tcrB_identity,total_identity
3ffc,22.2222222222,81.0055865922,82.3008849558,42.735042735,55.2485908866
3o4l,33.3333333333,100.0,32.4324324324,26.724137931,54.3038728384
4mnq,22.2222222222,100.0,32.4561403509,34.2105263158,51.8518518519
5eu6,11.1111111111,100.0,33.9130434783,45.2173913043,50.2254428341
