pdb_id,pep_identity,mhc_identity,tcrA_identity,tcrB_identity,total_identity
3o4l,33.3333333333,100.0,36.2831858407,27.1186440678,55.0114160959
5eu6,11.1111111111,100.0,51.3274336283,48.275862069,53.6375863199
4mnq,22.2222222222,100.0,36.2831858407,28.6956521739,51.5705470765
3ffc,22.2222222222,81.0055865922,32.1739130435,49.5726495726,48.0336967075
2e7l,33.3333333333,68.7150837989,35.0877192982,34.7826086957,45.6611937097
