pdb_id,pep_identity,mhc_identity,tcrA_identity,tcrB_identity,total_identity
3o4l,33.3333333333,100.0,35.0877192982,29.0598290598,55.1357025041
4mnq,22.2222222222,100.0,40.350877193,40.0,54.1325536062
5eu6,11.1111111111,100.0,42.9824561404,56.5217391304,53.6210695822
3ffc,22.2222222222,81.0055865922,31.0344827586,50.4273504274,47.9862418025
2e7l,33.3333333333,68.7150837989,28.6956521739,33.0434782609,44.3059941165
