pdb_id,pep_identity,mhc_identity,tcrA_identity,tcrB_identity,total_identity
5men,22.2222222222,100.0,37.5,50.9090909091,55.4755892256
3o4l,33.3333333333,100.0,28.8288288288,27.4336283186,53.8215206357
3qeq,11.1111111111,100.0,47.2727272727,52.6785714286,53.6955868206
2e7l,33.3333333333,68.7150837989,25.2252252252,54.128440367,47.2417499761
3ffc,22.2222222222,81.0055865922,33.3333333333,28.2051282051,44.6656798612
