pdb_id,pep_identity,mhc_identity,tcrA_identity,tcrB_identity,total_identity
3o4l,33.3333333333,100.0,34.2342342342,30.0884955752,55.1648994127
5men,22.2222222222,100.0,30.701754386,49.5495495495,54.1159580633
2e7l,33.3333333333,68.7150837989,62.1621621622,49.0909090909,52.5583175863
4eup,11.1111111111,100.0,33.0357142857,57.6576576577,52.1525990276
3ffc,22.2222222222,81.0055865922,28.9473684211,34.188034188,44.9318367063
5bs0,11.1111111111,86.5921787709,29.8245614035,40.0,44.2051901946
