pdb_id,pep_identity,mhc_identity,tcrA_identity,tcrB_identity,total_identity
3o4l,33.3333333333,100.0,35.0877192982,28.9473684211,55.1169590643
4mnq,22.2222222222,100.0,30.4347826087,37.8378378378,52.1195108152
3ffc,22.2222222222,81.0055865922,61.4035087719,41.0256410256,51.4807945711
5eu6,11.1111111111,100.0,33.9130434783,41.592920354,49.6213643424
2e7l,33.3333333333,68.7150837989,34.7826086957,29.7297297297,44.7681954483
