pdb_id,pep_identity,mhc_identity,tcrA_identity,tcrB_identity,total_identity
3o4l,33.3333333333,100.0,31.8181818182,28.9473684211,54.572036151
4mnq,22.2222222222,100.0,28.9473684211,37.8378378378,51.8716084506
2e7l,33.3333333333,68.7150837989,68.4684684685,29.7297297297,50.3825054104
5eu6,11.1111111111,100.0,33.3333333333,41.592920354,49.5247459849
4qrp,11.1111111111,81.0055865922,47.7477477477,42.1052631579,45.6810677187
