pdb_id,pep_identity,mhc_identity,tcrA_identity,tcrB_identity,total_identity
2bnq,11.1111111111,100.0,87.610619469,51.3513513514,60.1973655071
3o4l,33.3333333333,100.0,38.0530973451,30.9734513274,55.9488692232
5bs0,11.1111111111,86.5921787709,83.185840708,38.7387387387,52.8885265351
3qeq,11.1111111111,100.0,30.9734513274,52.6785714286,50.9790408297
5d2n,22.2222222222,99.4413407821,23.6842105263,33.9130434783,50.1540633355
2e7l,33.3333333333,68.7150837989,37.7192982456,50.0,48.636022085
