pdb_id,pep_identity,mhc_identity,tcrA_identity,tcrB_identity,total_identity
4eup,11.1111111111,100.0,45.4545454545,85.7142857143,58.8985088985
3o4l,33.3333333333,100.0,51.376146789,27.8260869565,57.6448167354
5men,22.2222222222,100.0,35.7142857143,49.5575221239,54.9527087138
5d2n,22.2222222222,99.4413407821,22.7272727273,29.5652173913,49.2699360212
2e7l,33.3333333333,68.7150837989,33.3333333333,56.25,48.9466945996
