pdb_id,pep_identity,mhc_identity,tcrA_identity,tcrB_identity,total_identity
5d2n,22.2222222222,99.4413407821,24.347826087,86.9565217391,59.1052456391
3o4l,33.3333333333,100.0,26.3157894737,29.8245614035,53.8011695906
5men,22.2222222222,100.0,29.203539823,33.0357142857,51.1139497589
3qeq,11.1111111111,100.0,38.0530973451,36.2831858407,49.426417568
3ffc,22.2222222222,81.0055865922,24.1379310345,55.5555555556,47.6915173698
