pdb_id,pep_identity,mhc_identity,tcrA_identity,tcrB_identity,total_identity
3o4l,33.3333333333,100.0,39.8148148148,56.25,60.4552469136
3qdj,11.1111111111,100.0,63.8888888889,34.5132743363,53.4373975746
4mnq,22.2222222222,100.0,29.0909090909,32.1428571429,50.9463684464
5d2n,22.2222222222,99.4413407821,23.3644859813,29.3103448276,49.3336594696
