pdb_id,pep_identity,mhc_identity,tcrA_identity,tcrB_identity,total_identity
3qdj,11.1111111111,100.0,89.8148148148,64.8648648649,62.8169836503
3gsn,22.2222222222,100.0,39.4495412844,87.610619469,61.9174341996
5men,22.2222222222,100.0,33.3333333333,90.990990991,61.4614614615
2bnr,11.1111111111,100.0,41.592920354,89.2857142857,58.8501428103
3o4l,33.3333333333,100.0,41.2844036697,30.701754386,56.4421374537
