pdb_id,pep_identity,mhc_identity,tcrA_identity,tcrB_identity,total_identity
3o4l,33.3333333333,100.0,59.4339622642,30.4347826087,59.4225685899
3gsn,22.2222222222,100.0,33.3333333333,48.6725663717,54.4083906916
2e7l,33.3333333333,68.7150837989,32.4561403509,49.1071428571,47.6100195787
