pdb_id,pep_identity,mhc_identity,tcrA_identity,tcrB_identity,total_identity
3o4l,33.3333333333,100.0,87.3786407767,32.4561403509,64.4169079657
5eu6,11.1111111111,100.0,39.8230088496,76.1061946903,56.3585709603
3gsn,22.2222222222,100.0,34.8623853211,31.5789473684,51.814296189
5men,22.2222222222,100.0,32.1428571429,33.3333333333,51.6534391534
