pdb_id,pep_identity,mhc_identity,tcrA_identity,tcrB_identity,total_identity
3qdj,11.1111111111,100.0,87.962962963,63.963963964,62.3581915249
3gsn,22.2222222222,100.0,39.8148148148,76.1061946903,60.0609089916
5men,22.2222222222,100.0,32.4324324324,77.4774774775,59.0590590591
2pye,11.1111111111,100.0,40.7079646018,75.8928571429,56.4705073278
3o4l,33.3333333333,100.0,39.8148148148,29.8245614035,56.0510071475
