pdb_id,pep_identity,mhc_identity,tcrA_identity,tcrB_identity,total_identity
3o4l,33.3333333333,100.0,33.6448598131,25.4385964912,54.2916871618
5men,22.2222222222,100.0,30.6306306306,32.1428571429,51.202988703
3qdj,11.1111111111,100.0,39.4495412844,34.8214285714,49.415532013
3ffc,22.2222222222,81.0055865922,32.4324324324,37.6068376068,46.082481278
2e7l,33.3333333333,68.7150837989,30.9734513274,36.036036036,45.184386938
5bs0,11.1111111111,86.5921787709,29.203539823,41.9642857143,44.4290675502
