pdb_id,pep_identity,mhc_identity,tcrA_identity,tcrB_identity,total_identity
3o4l,33.3333333333,100.0,30.9734513274,30.0884955752,54.6214355949
5men,22.2222222222,100.0,29.8245614035,48.6486486486,53.8196090828
2e7l,33.3333333333,68.7150837989,56.6371681416,53.6363636364,52.3950610071
4eup,11.1111111111,100.0,33.6283185841,56.7567567568,52.1012162605
3ffc,22.2222222222,81.0055865922,33.0434782609,37.6068376068,46.1843222494
5bs0,11.1111111111,86.5921787709,34.2105263158,38.7387387387,44.7259741364
