pdb_id,pep_identity,mhc_identity,tcrA_identity,tcrB_identity,total_identity
3o4l,33.3333333333,100.0,33.0357142857,54.8672566372,59.0949395983
3gsn,22.2222222222,100.0,46.4285714286,30.4347826087,53.551299747
