pdb_id,pep_identity,mhc_identity,tcrA_identity,tcrB_identity,total_identity
3o4l,33.3333333333,100.0,32.4324324324,23.8938053097,53.8321507348
5men,22.2222222222,100.0,30.701754386,30.9090909091,51.0092149566
2e7l,33.3333333333,68.7150837989,63.963963964,32.4074074074,50.0780342726
3qdj,11.1111111111,100.0,41.4414414414,30.6306306306,49.049049049
3ffc,22.2222222222,81.0055865922,28.9473684211,33.3333333333,44.7893865639
5bs0,11.1111111111,86.5921787709,33.3333333333,38.7387387387,44.579775306
