pdb_id,pep_identity,mhc_identity,tcrA_identity,tcrB_identity,total_identity
5men,22.2222222222,100.0,37.5,90.2654867257,62.0349885284
2f53,11.1111111111,100.0,40.7079646018,86.7256637168,58.2759750901
3o4l,33.3333333333,100.0,33.3333333333,32.7586206897,55.4597701149
3qdj,11.1111111111,100.0,40.3669724771,63.7168141593,54.3843348098
