pdb_id,pep_identity,mhc_identity,tcrA_identity,tcrB_identity,total_identity
5d2n,22.2222222222,99.4413407821,54.2857142857,32.1739130435,54.9644588896
4mnq,22.2222222222,100.0,21.6216216216,31.5789473684,49.6075022391
3qeq,11.1111111111,100.0,32.7102803738,28.9473684211,47.3133118362
3ffc,22.2222222222,81.0055865922,28.1818181818,34.188034188,44.8042449998
