pdb_id,pep_identity,mhc_identity,tcrA_identity,tcrB_identity,total_identity
3o4l,33.3333333333,100.0,36.3636363636,23.6842105263,54.4524189261
5men,22.2222222222,100.0,39.8230088496,31.25,52.5862422157
3qeq,11.1111111111,100.0,41.8181818182,36.6071428571,50.1079244829
3ffc,22.2222222222,81.0055865922,31.8584070796,32.4786324786,45.1321095312
2e7l,33.3333333333,68.7150837989,27.027027027,39.6396396396,45.1272501552
5bs0,11.1111111111,86.5921787709,38.0530973451,36.6071428571,45.0111366611
