pdb_id,pep_identity,mhc_identity,tcrA_identity,tcrB_identity,total_identity
3o4l,33.3333333333,100.0,27.358490566,59.8214285714,58.9744309674
3gsn,22.2222222222,100.0,27.5229357798,35.652173913,51.2699256896
