pdb_id,pep_identity,mhc_identity,tcrA_identity,tcrB_identity,total_identity
3o4l,33.3333333333,100.0,29.3577981651,27.8260869565,53.9750919647
4mnq,22.2222222222,100.0,29.7297297297,31.8584070796,51.005430209
3qdj,11.1111111111,100.0,37.962962963,30.0884955752,48.3789467934
3ffc,22.2222222222,81.0055865922,30.3571428571,31.6239316239,44.739448685
2e7l,33.3333333333,68.7150837989,30.6306306306,30.3571428571,44.1807679587
5bs0,11.1111111111,86.5921787709,30.9734513274,35.3982300885,43.6297101967
