pdb_id,pep_identity,mhc_identity,tcrA_identity,tcrB_identity,total_identity
3o4l,33.3333333333,100.0,51.8181818182,55.3571428571,62.306998557
3gsn,22.2222222222,100.0,42.7272727273,30.4347826087,52.9344166301
5men,22.2222222222,100.0,34.8214285714,32.7433628319,52.001539308
3qdj,11.1111111111,100.0,49.0909090909,35.3982300885,51.1185602336
