pdb_id,pep_identity,mhc_identity,tcrA_identity,tcrB_identity,total_identity
3o4l,33.3333333333,100.0,29.4642857143,34.5132743363,55.1073711195
5men,22.2222222222,100.0,29.203539823,50.4504504505,54.0164057863
4eup,11.1111111111,100.0,28.3185840708,55.8558558559,51.0661103581
3ffc,22.2222222222,81.0055865922,51.3274336283,32.4786324786,48.3769472893
2e7l,33.3333333333,68.7150837989,35.3982300885,49.0909090909,48.0976622406
5bs0,11.1111111111,86.5921787709,32.1739130435,37.8378378378,44.2363884409
