pdb_id,pep_identity,mhc_identity,tcrA_identity,tcrB_identity,total_identity
3gsn,22.2222222222,100.0,33.9449541284,71.6814159292,58.3451357503
2e7l,33.3333333333,68.7150837989,29.7297297297,57.1428571429,48.4949035228
