pdb_id,pep_identity,mhc_identity,tcrA_identity,tcrB_identity,total_identity
5men,22.2222222222,100.0,28.0701754386,88.4955752212,60.1683658507
3o4l,33.3333333333,100.0,34.5454545455,28.4482758621,54.9433995124
2e7l,33.3333333333,68.7150837989,67.5675675676,54.8672566372,54.4219430782
3qeq,11.1111111111,100.0,30.0,67.2566371681,53.2464765651
5d2n,22.2222222222,99.4413407821,34.2342342342,30.4347826087,51.3326904753
