pdb_id,pep_identity,mhc_identity,tcrA_identity,tcrB_identity,total_identity
5d2n,22.2222222222,99.4413407821,50.0,35.652173913,54.8298833203
5men,22.2222222222,100.0,21.6216216216,47.7876106195,52.3089461143
3qeq,11.1111111111,100.0,30.9090909091,53.0973451327,51.0381097107
2e7l,33.3333333333,68.7150837989,28.0701754386,50.8928571429,47.1766444743
3ffc,22.2222222222,81.0055865922,27.027027027,36.7521367521,45.0391302347
