pdb_id,pep_identity,mhc_identity,tcrA_identity,tcrB_identity,total_identity
3gsn,22.2222222222,100.0,35.1851851852,81.4159292035,60.1742598055
3o4l,33.3333333333,100.0,31.4814814815,28.6956521739,54.4739667203
2e7l,33.3333333333,68.7150837989,34.2342342342,55.3571428571,48.948035226
