pdb_id,pep_identity,mhc_identity,tcrA_identity,tcrB_identity,total_identity
3o4l,33.3333333333,100.0,28.4403669725,28.813559322,53.9867654935
4mnq,22.2222222222,100.0,26.7857142857,31.3043478261,50.4224177594
5eu6,11.1111111111,100.0,33.6283185841,43.9655172414,49.9693430079
3ffc,22.2222222222,81.0055865922,38.9380530973,45.2991452991,48.4488026709
2e7l,33.3333333333,68.7150837989,46.8468468468,33.9130434783,47.4761207649
