pdb_id,pep_identity,mhc_identity,tcrA_identity,tcrB_identity,total_identity
3o4l,33.3333333333,100.0,28.6956521739,27.1929824561,53.7592168828
5bs0,11.1111111111,86.5921787709,34.7826086957,91.8918918919,53.6801800586
4mnq,22.2222222222,100.0,29.203539823,37.8378378378,51.9143036842
3ffc,22.2222222222,81.0055865922,51.3043478261,38.4615384615,49.3702506527
3qdj,11.1111111111,100.0,31.3043478261,36.9369369369,48.4105844975
2e7l,33.3333333333,68.7150837989,35.3448275862,28.8288288288,44.7117484466
