pdb_id,pep_identity,mhc_identity,tcrA_identity,tcrB_identity,total_identity
4eup,11.1111111111,100.0,67.5675675676,55.8558558559,57.6076076076
3o4l,33.3333333333,100.0,40.1785714286,35.3982300885,57.0405780306
4mnq,22.2222222222,100.0,35.1351351351,50.9090909091,55.0814450814
5d2n,22.2222222222,99.4413407821,25.8928571429,33.9130434783,50.522171105
2e7l,33.3333333333,68.7150837989,39.4736842105,49.5412844037,48.8519671464
5bs0,11.1111111111,86.5921787709,46.9026548673,37.8378378378,46.6911787449
