pdb_id,pep_identity,mhc_identity,tcrA_identity,tcrB_identity,total_identity
5men,22.2222222222,100.0,28.0701754386,76.5765765766,58.1818660766
3o4l,33.3333333333,100.0,30.701754386,28.0701754386,54.2397660819
2e7l,33.3333333333,68.7150837989,59.649122807,58.5585585586,53.7174192717
3qeq,11.1111111111,100.0,25.4385964912,68.75,52.7351364522
5d2n,22.2222222222,99.4413407821,23.4782608696,32.1739130435,49.8298833203
