pdb_id,pep_identity,mhc_identity,tcrA_identity,tcrB_identity,total_identity
3o4l,33.3333333333,100.0,51.8181818182,27.1186440678,57.6005820921
5d2n,22.2222222222,99.4413407821,22.5225225225,67.5213675214,55.5618360088
5men,22.2222222222,100.0,34.8214285714,26.4957264957,50.9602665853
3qdj,11.1111111111,100.0,49.0909090909,29.9145299145,50.2046102046
3ffc,22.2222222222,81.0055865922,34.8214285714,53.8461538462,49.1872000077
5bs0,11.1111111111,86.5921787709,38.0530973451,43.5897435897,46.1749034498
