pdb_id,pep_identity,mhc_identity,tcrA_identity,tcrB_identity,total_identity
3o4l,33.3333333333,100.0,29.203539823,33.0434782609,54.8189474584
5men,22.2222222222,100.0,30.701754386,32.4561403509,51.2670565302
5eu6,11.1111111111,100.0,33.3333333333,50.8771929825,51.0721247563
2e7l,33.3333333333,68.7150837989,61.0619469027,36.2831858407,50.2403278346
3ffc,22.2222222222,81.0055865922,27.8260869565,47.8632478632,47.0241587414
