pdb_id,pep_identity,mhc_identity,tcrA_identity,tcrB_identity,total_identity
3o4l,33.3333333333,100.0,34.2342342342,24.5614035088,54.2437174016
5men,22.2222222222,100.0,36.9369369369,31.25,52.1052302302
5eu6,11.1111111111,100.0,47.7876106195,37.1681415929,51.1963290724
3ffc,22.2222222222,81.0055865922,30.9734513274,33.3333333333,45.1270670483
2e7l,33.3333333333,68.7150837989,33.0357142857,32.4324324324,44.9274968304
