pdb_id,pep_identity,mhc_identity,tcrA_identity,tcrB_identity,total_identity
4eup,11.1111111111,100.0,87.2727272727,87.3873873874,66.1470561471
3o4l,33.3333333333,100.0,39.6396396396,28.3185840708,55.7708150629
3gsn,22.2222222222,100.0,41.4414414414,48.6725663717,55.7597420429
5men,22.2222222222,100.0,36.036036036,54.0540540541,55.7557557558
