pdb_id,pep_identity,mhc_identity,tcrA_identity,tcrB_identity,total_identity
3qdj,11.1111111111,100.0,90.0,35.652173913,57.9790660225
3o4l,33.3333333333,100.0,39.6396396396,28.2051282051,55.7519057519
5d2n,22.2222222222,99.4413407821,21.6216216216,56.5217391304,53.5784144601
5men,22.2222222222,100.0,33.3333333333,34.7826086957,52.0933977456
3ffc,22.2222222222,81.0055865922,33.6283185841,56.4102564103,49.4156987705
5bs0,11.1111111111,86.5921787709,39.8230088496,43.4782608696,46.4513082472
