pdb_id,pep_identity,mhc_identity,tcrA_identity,tcrB_identity,total_identity
3gsn,22.2222222222,100.0,34.5132743363,55.7522123894,55.7849885284
2e7l,33.3333333333,68.7150837989,30.4347826087,54.0540540541,48.0976118212
