pdb_id,pep_identity,mhc_identity,tcrA_identity,tcrB_identity,total_identity
3o4l,33.3333333333,100.0,32.7272727273,31.0344827586,55.0714036921
4mnq,22.2222222222,100.0,27.1929824561,55.2631578947,54.4834307992
2e7l,33.3333333333,68.7150837989,62.1621621622,53.0973451327,53.2260569266
4eup,11.1111111111,100.0,33.9285714286,56.6371681416,52.1313269654
