pdb_id,pep_identity,mhc_identity,tcrA_identity,tcrB_identity,total_identity
3qeq,11.1111111111,100.0,87.037037037,34.188034188,57.2412155745
3o4l,33.3333333333,100.0,33.0275229358,33.0508474576,55.4575061767
5d2n,22.2222222222,99.4413407821,37.2727272727,49.5726495726,55.0287504757
4mnq,22.2222222222,100.0,33.9285714286,35.8974358974,52.3784086284
3ffc,22.2222222222,81.0055865922,33.6283185841,48.7179487179,48.1336474885
