pdb_id,pep_identity,mhc_identity,tcrA_identity,tcrB_identity,total_identity
3qdj,11.1111111111,100.0,91.6666666667,51.3513513514,60.8733733734
5men,22.2222222222,100.0,33.6363636364,54.0540540541,55.3558103558
3o4l,33.3333333333,100.0,40.7407407407,23.8938053097,55.2168687862
5d2n,22.2222222222,99.4413407821,23.1481481481,30.4347826087,49.4850094609
