pdb_id,pep_identity,mhc_identity,tcrA_identity,tcrB_identity,total_identity
3o4l,33.3333333333,100.0,33.6283185841,33.6206896552,55.6526124843
5eu6,11.1111111111,100.0,47.7876106195,57.8947368421,54.650761614
3ffc,22.2222222222,81.0055865922,30.4347826087,87.1794871795,54.0116479028
5men,22.2222222222,100.0,37.8378378378,31.5789473684,52.3102049418
