pdb_id,pep_identity,mhc_identity,tcrA_identity,tcrB_identity,total_identity
4eup,11.1111111111,100.0,65.1376146789,88.4955752212,62.6425686871
3gsn,22.2222222222,100.0,38.8888888889,49.1228070175,55.4093567251
3o4l,33.3333333333,100.0,38.8888888889,26.724137931,55.3799489144
5men,22.2222222222,100.0,36.036036036,49.1228070175,54.9338812497
2f53,11.1111111111,100.0,41.592920354,50.8771929825,52.4487225931
