pdb_id,pep_identity,mhc_identity,tcrA_identity,tcrB_identity,total_identity
3o4l,33.3333333333,100.0,30.6306306306,25.2173913043,53.7524481003
2e7l,33.3333333333,68.7150837989,60.3603603604,29.4642857143,48.9869133898
5eu6,11.1111111111,100.0,33.3333333333,36.8421052632,48.7329434698
4qrp,11.1111111111,81.0055865922,52.2522522523,31.8584070796,44.7240091231
