pdb_id,pep_identity,mhc_identity,tcrA_identity,tcrB_identity,total_identity
4eup,11.1111111111,100.0,66.6666666667,57.6576576577,57.7577577578
3o4l,33.3333333333,100.0,39.2857142857,30.0884955752,56.0068127546
4mnq,22.2222222222,100.0,37.6146788991,49.5495495495,55.2681121488
5d2n,22.2222222222,99.4413407821,25.0,34.7826086957,50.5182891174
2e7l,33.3333333333,68.7150837989,37.7192982456,52.7272727273,49.0905675396
5bs0,11.1111111111,86.5921787709,43.3628318584,38.7387387387,46.2513583935
3ffc,22.2222222222,81.0055865922,34.2105263158,36.7521367521,46.2363801161
