pdb_id,pep_identity,mhc_identity,tcrA_identity,tcrB_identity,total_identity
5eu6,11.1111111111,100.0,42.4778761062,75.0,56.6166830547
3o4l,33.3333333333,100.0,32.1428571429,28.813559322,54.6038471886
5men,22.2222222222,100.0,35.3982300885,30.1724137931,51.6691813877
3ffc,22.2222222222,81.0055865922,27.1929824561,55.5555555556,48.2006926067
