pdb_id,pep_identity,mhc_identity,tcrA_identity,tcrB_identity,total_identity
4eup,11.1111111111,100.0,85.3211009174,90.0900900901,66.2722355383
3o4l,33.3333333333,100.0,38.8888888889,28.3185840708,55.6456899377
3gsn,22.2222222222,100.0,38.8888888889,49.5575221239,55.4818092429
5men,22.2222222222,100.0,33.9449541284,50.4504504505,54.8066415039
