pdb_id,pep_identity,mhc_identity,tcrA_identity,tcrB_identity,total_identity
3o4l,33.3333333333,100.0,33.9285714286,28.9473684211,54.9237677527
4mnq,22.2222222222,100.0,26.3157894737,37.8378378378,51.4330119593
2e7l,33.3333333333,68.7150837989,68.75,29.7297297297,50.4294273324
5eu6,11.1111111111,100.0,34.2105263158,41.592920354,49.6709448153
3ffc,22.2222222222,81.0055865922,26.3157894737,41.0256410256,45.6328413547
