pdb_id,pep_identity,mhc_identity,tcrA_identity,tcrB_identity,total_identity
3o4l,33.3333333333,100.0,32.4074074074,31.3043478261,55.0630703167
5men,22.2222222222,100.0,31.5315315315,50.4424778761,54.403075642
4eup,11.1111111111,100.0,40.3669724771,59.8214285714,53.7351038785
2e7l,33.3333333333,68.7150837989,31.5315315315,50.0,47.6047276327
3ffc,22.2222222222,81.0055865922,30.3571428571,35.0427350427,45.3092492548
5bs0,11.1111111111,86.5921787709,30.9734513274,39.2857142857,44.2776242295
