pdb_id,pep_identity,mhc_identity,tcrA_identity,tcrB_identity,total_identity
3o4l,33.3333333333,100.0,84.7619047619,29.3103448276,63.4564860427
5men,22.2222222222,100.0,35.7142857143,75.2212389381,59.2299948495
3gsn,22.2222222222,100.0,34.2342342342,74.3362831858,58.8358269774
2pye,11.1111111111,100.0,38.9380530973,74.3362831858,55.9160930842
3qdj,11.1111111111,100.0,42.3423423423,61.9469026549,54.4185778699
