pdb_id,pep_identity,mhc_identity,tcrA_identity,tcrB_identity,total_identity
3o4l,33.3333333333,100.0,30.4347826087,29.5652173913,54.4444444444
5men,22.2222222222,100.0,30.4347826087,49.5575221239,54.0727915295
4eup,11.1111111111,100.0,33.9130434783,58.0357142857,52.3618299977
2e7l,33.3333333333,68.7150837989,55.652173913,49.1071428571,51.4760251724
3ffc,22.2222222222,81.0055865922,29.0598290598,36.7521367521,45.3779305735
5bs0,11.1111111111,86.5921787709,33.0434782609,39.2857142857,44.6226287185
