pdb_id,pep_identity,mhc_identity,tcrA_identity,tcrB_identity,total_identity
5men,22.2222222222,100.0,35.7142857143,55.2631578947,55.9036480089
3o4l,33.3333333333,100.0,28.9473684211,25.0,53.4356725146
2e7l,33.3333333333,68.7150837989,54.3859649123,53.0973451327,51.9300240516
4eup,11.1111111111,100.0,29.8245614035,59.2920353982,51.8898031707
5d2n,22.2222222222,99.4413407821,22.6086956522,28.6956521739,49.1052456391
