pdb_id,pep_identity,mhc_identity,tcrA_identity,tcrB_identity,total_identity
3qdj,11.1111111111,100.0,88.8888888889,33.0357142857,57.3578042328
3o4l,33.3333333333,100.0,39.8148148148,28.0701754386,55.7586094867
3ffc,22.2222222222,81.0055865922,39.2857142857,77.7777777778,53.9198516154
5d2n,22.2222222222,99.4413407821,23.1481481481,56.5217391304,53.8328355479
4mnq,22.2222222222,100.0,33.3333333333,30.3571428571,51.3558201058
5bs0,11.1111111111,86.5921787709,40.7079646018,46.4285714286,47.0905192991
