pdb_id,pep_identity,mhc_identity,tcrA_identity,tcrB_identity,total_identity
4eup,11.1111111111,100.0,32.7433628319,90.2654867257,57.5385119633
5men,22.2222222222,100.0,33.3333333333,50.8771929825,54.77582846
3o4l,33.3333333333,100.0,30.9734513274,26.724137931,54.0607093209
2e7l,33.3333333333,68.7150837989,61.0619469027,55.7522123894,53.4851655927
5d2n,22.2222222222,99.4413407821,27.1929824561,29.5652173913,50.014220976
