pdb_id,pep_identity,mhc_identity,tcrA_identity,tcrB_identity,total_identity
3qdj,11.1111111111,100.0,87.2727272727,63.7168141593,62.201960609
3gsn,22.2222222222,100.0,37.8378378378,74.3362831858,59.436427578
5men,22.2222222222,100.0,34.2342342342,76.1061946903,59.1308122282
2pye,11.1111111111,100.0,43.3628318584,81.4159292035,57.833497214
3o4l,33.3333333333,100.0,39.6396396396,27.5862068966,55.6487522005
