pdb_id,pep_identity,mhc_identity,tcrA_identity,tcrB_identity,total_identity
3o4l,33.3333333333,100.0,35.5140186916,30.0884955752,55.3781968222
5men,22.2222222222,100.0,36.036036036,49.5495495495,55.005005005
3qeq,11.1111111111,100.0,50.9433962264,51.7857142857,54.1585554557
2e7l,33.3333333333,68.7150837989,28.8288288288,49.0909090909,47.0027620307
5bs0,11.1111111111,86.5921787709,37.1681415929,40.0,45.4291202262
3ffc,22.2222222222,81.0055865922,29.0909090909,34.188034188,44.9557601513
