pdb_id,pep_identity,mhc_identity,tcrA_identity,tcrB_identity,total_identity
3qdj,11.1111111111,100.0,89.8148148148,36.2831858407,58.0533704796
3o4l,33.3333333333,100.0,40.3669724771,28.6956521739,55.9548818863
5d2n,22.2222222222,99.4413407821,22.0183486239,55.652173913,53.4996080909
4mnq,22.2222222222,100.0,35.4545454545,36.2831858407,52.6970292899
3ffc,22.2222222222,81.0055865922,32.1428571429,53.8461538462,48.7407714363
5bs0,11.1111111111,86.5921787709,43.3628318584,44.6428571429,47.2353781276
