pdb_id,pep_identity,mhc_identity,tcrA_identity,tcrB_identity,total_identity
4eup,11.1111111111,100.0,60.7142857143,89.2857142857,62.037037037
4mnq,22.2222222222,100.0,29.7297297297,54.8672566372,54.8402384686
3o4l,33.3333333333,100.0,32.7433628319,27.8260869565,54.5393527425
2f53,11.1111111111,100.0,36.8421052632,52.2123893805,51.879452811
