pdb_id,pep_identity,mhc_identity,tcrA_identity,tcrB_identity,total_identity
5men,22.2222222222,100.0,85.4545454545,30.6306306306,60.0882700883
5bs0,11.1111111111,86.5921787709,43.3628318584,90.0900900901,54.8099169521
3o4l,33.3333333333,100.0,32.1100917431,24.5614035088,53.8896936531
5d2n,22.2222222222,99.4413407821,23.1481481481,45.2173913043,51.9487775769
3qeq,11.1111111111,100.0,36.1111111111,36.6071428571,49.1567460317
