pdb_id,pep_identity,mhc_identity,tcrA_identity,tcrB_identity,total_identity
3o4l,33.3333333333,100.0,35.1351351351,25.641025641,54.5738045738
4mnq,22.2222222222,100.0,35.3982300885,31.3043478261,51.8578370598
5eu6,11.1111111111,100.0,47.7876106195,37.9310344828,51.3234778874
3ffc,22.2222222222,81.0055865922,30.9734513274,35.0427350427,45.4119673332
2e7l,33.3333333333,68.7150837989,33.9285714286,30.701754386,44.7878600132
