pdb_id,pep_identity,mhc_identity,tcrA_identity,tcrB_identity,total_identity
3qdj,11.1111111111,100.0,89.9082568807,51.3513513514,60.5803050757
5men,22.2222222222,100.0,33.6363636364,54.954954955,55.505960506
3o4l,33.3333333333,100.0,40.0,24.7787610619,55.2409046214
5d2n,22.2222222222,99.4413407821,22.7272727273,36.5217391304,50.4293563111
2e7l,33.3333333333,68.7150837989,33.9285714286,55.4545454545,48.9133251913
