pdb_id,pep_identity,mhc_identity,tcrA_identity,tcrB_identity,total_identity
3o4l,33.3333333333,100.0,53.1531531532,28.9473684211,58.1278647068
5men,22.2222222222,100.0,35.7142857143,48.2142857143,54.7288359788
4eup,11.1111111111,100.0,45.9459459459,56.7567567568,54.1541541542
5d2n,22.2222222222,99.4413407821,23.2142857143,34.7826086957,50.2206700698
2e7l,33.3333333333,68.7150837989,33.6283185841,51.3513513514,48.1794173666
