pdb_id,pep_identity,mhc_identity,tcrA_identity,tcrB_identity,total_identity
3o4l,33.3333333333,100.0,30.701754386,27.5862068966,54.1591046582
5men,22.2222222222,100.0,30.4347826087,33.3333333333,51.3687600644
5eu6,11.1111111111,100.0,36.5217391304,46.0869565217,50.8051529791
3ffc,22.2222222222,81.0055865922,51.7543859649,42.735042735,50.1575077215
2e7l,33.3333333333,68.7150837989,35.652173913,31.8584070796,45.2679025429
