pdb_id,pep_identity,mhc_identity,tcrA_identity,tcrB_identity,total_identity
5men,22.2222222222,100.0,29.8245614035,75.0,58.2115009747
3o4l,33.3333333333,100.0,30.3571428571,28.5714285714,54.2658730159
3qdj,11.1111111111,100.0,33.9285714286,62.0689655172,53.036626528
2e7l,33.3333333333,68.7150837989,58.9285714286,55.1724137931,53.0329699144
5d2n,22.2222222222,99.4413407821,26.5486725664,33.3333333333,50.5348553181
