pdb_id,pep_identity,mhc_identity,tcrA_identity,tcrB_identity,total_identity
3o4l,33.3333333333,100.0,32.4561403509,24.7787610619,53.9835946799
4mnq,22.2222222222,100.0,28.9473684211,32.4324324324,50.9707075497
2e7l,33.3333333333,68.7150837989,68.4210526316,30.0,50.419647816
5eu6,11.1111111111,100.0,35.9649122807,37.1681415929,49.2258793493
3ffc,22.2222222222,81.0055865922,27.5862068966,32.4786324786,44.4200761673
