pdb_id,pep_identity,mhc_identity,tcrA_identity,tcrB_identity,total_identity
5men,22.2222222222,100.0,40.1785714286,48.6486486486,55.5452774203
3o4l,33.3333333333,100.0,36.2831858407,30.0884955752,55.5063913471
4eup,11.1111111111,100.0,33.6283185841,56.7567567568,52.1012162605
5bs0,11.1111111111,86.5921787709,46.9026548673,38.1818181818,46.7485088022
2e7l,33.3333333333,68.7150837989,25.4385964912,50.0,46.5892384593
3ffc,22.2222222222,81.0055865922,33.0434782609,34.188034188,45.6145216796
