pdb_id,pep_identity,mhc_identity,tcrA_identity,tcrB_identity,total_identity
3o4l,33.3333333333,100.0,33.6283185841,29.3103448276,54.9342216797
4qrp,11.1111111111,81.0055865922,47.7876106195,90.350877193,53.7286472032
5eu6,11.1111111111,100.0,34.2105263158,60.5263157895,52.8265107212
5men,22.2222222222,100.0,29.8245614035,32.4561403509,51.1208576998
2e7l,33.3333333333,68.7150837989,67.2566371681,30.701754386,50.3425376364
