pdb_id,pep_identity,mhc_identity,tcrA_identity,tcrB_identity,total_identity
3o4l,33.3333333333,100.0,33.3333333333,31.5789473684,55.2631578947
4mnq,22.2222222222,100.0,28.0701754386,32.1428571429,50.776246171
2e7l,33.3333333333,68.7150837989,62.1621621622,28.8288288288,49.1813042092
3qdj,11.1111111111,100.0,36.9369369369,35.7142857143,49.1455741456
5bs0,11.1111111111,86.5921787709,32.4561403509,64.2857142857,48.6914057335
3ffc,22.2222222222,81.0055865922,28.9473684211,40.1709401709,45.9289877035
