pdb_id,pep_identity,mhc_identity,tcrA_identity,tcrB_identity,total_identity
4mnq,22.2222222222,100.0,30.9734513274,56.25,55.2779826286
3o4l,33.3333333333,100.0,33.3333333333,26.3157894737,54.3859649123
4eup,11.1111111111,100.0,36.036036036,56.7567567568,52.5025025025
2e7l,33.3333333333,68.7150837989,50.0,55.8558558559,51.6587816867
4qrp,11.1111111111,81.0055865922,90.0900900901,27.4336283186,50.2928523025
