pdb_id,pep_identity,mhc_identity,tcrA_identity,tcrB_identity,total_identity
3o4l,33.3333333333,100.0,44.6428571429,26.2711864407,56.2634517084
5men,22.2222222222,100.0,32.7433628319,30.1724137931,51.2267035116
5d2n,22.2222222222,99.4413407821,23.8938053097,34.188034188,50.2348275844
4eup,11.1111111111,100.0,44.6428571429,29.5652173913,49.4050494594
3ffc,22.2222222222,81.0055865922,33.3333333333,33.3333333333,45.5203807159
