pdb_id,pep_identity,mhc_identity,tcrA_identity,tcrB_identity,total_identity
3o4l,33.3333333333,100.0,51.3513513514,29.8245614035,57.9737632369
5d2n,22.2222222222,99.4413407821,21.4285714286,55.652173913,53.4013118917
4mnq,22.2222222222,100.0,31.25,36.6071428571,52.0502645503
3qdj,11.1111111111,100.0,45.9459459459,36.6071428571,50.7958851709
3ffc,22.2222222222,81.0055865922,32.7433628319,52.1367521368,48.5559554329
