pdb_id,pep_identity,mhc_identity,tcrA_identity,tcrB_identity,total_identity
4mnq,22.2222222222,100.0,36.6071428571,91.8918918919,62.1572465322
3gsn,22.2222222222,100.0,30.9734513274,91.1504424779,61.0947230416
2f54,11.1111111111,100.0,35.9649122807,90.1785714286,58.0609509886
3qeq,11.1111111111,100.0,44.6428571429,59.8214285714,54.4477513228
3o4l,33.3333333333,100.0,29.203539823,30.701754386,54.4286601459
