pdb_id,pep_identity,mhc_identity,tcrA_identity,tcrB_identity,total_identity
3gsn,22.2222222222,100.0,35.1851851852,73.9130434783,58.9237788513
3o4l,33.3333333333,100.0,28.7037037037,27.9661016949,53.8894120109
2e7l,33.3333333333,68.7150837989,29.7297297297,57.3913043478,48.5363113903
