pdb_id,pep_identity,mhc_identity,tcrA_identity,tcrB_identity,total_identity
2bnq,11.1111111111,100.0,87.610619469,51.3513513514,60.1973655071
3o4l,33.3333333333,100.0,38.3928571429,30.701754386,55.9602130326
5bs0,11.1111111111,86.5921787709,83.185840708,37.5,52.6820700787
3qeq,11.1111111111,100.0,33.9285714286,52.6785714286,51.4715608466
5d2n,22.2222222222,99.4413407821,23.8938053097,34.7826086957,50.3339233357
