pdb_id,pep_identity,mhc_identity,tcrA_identity,tcrB_identity,total_identity
5d2n,22.2222222222,99.4413407821,49.5412844037,42.735042735,55.9339088579
3o4l,33.3333333333,100.0,20.7207207207,26.8907563025,52.379690615
4mnq,22.2222222222,100.0,22.7272727273,33.6206896552,50.1320678045
3qeq,11.1111111111,100.0,29.7297297297,31.8965517241,47.308083946
5bs0,11.1111111111,86.5921787709,27.1929824561,54.3103448276,46.1516511746
3ffc,22.2222222222,81.0055865922,26.7857142857,43.5897435897,46.138512584
