pdb_id,pep_identity,mhc_identity,tcrA_identity,tcrB_identity,total_identity
3o4l,33.3333333333,100.0,33.6283185841,25.2173913043,54.2520627592
4mnq,22.2222222222,100.0,30.4347826087,32.7433628319,51.2704316475
3ffc,22.2222222222,81.0055865922,60.1769911504,33.3333333333,49.9943236854
5eu6,11.1111111111,100.0,33.9130434783,35.9649122807,48.6833629969
2e7l,33.3333333333,68.7150837989,33.3333333333,29.4642857143,44.4824088853
