pdb_id,pep_identity,mhc_identity,tcrA_identity,tcrB_identity,total_identity
5eu6,11.1111111111,100.0,33.3333333333,92.1739130435,57.9549114332
3o4l,33.3333333333,100.0,31.25,28.2051282051,54.3536324786
5men,22.2222222222,100.0,28.0701754386,31.3043478261,50.6364946182
3ffc,22.2222222222,81.0055865922,33.3333333333,57.264957265,49.5089847045
2e7l,33.3333333333,68.7150837989,57.1428571429,35.652173913,49.4819775534
