pdb_id,pep_identity,mhc_identity,tcrA_identity,tcrB_identity,total_identity
3qdj,11.1111111111,100.0,92.7272727273,34.8214285714,58.2951539202
3o4l,33.3333333333,100.0,40.5405405405,25.4385964912,55.4409672831
4mnq,22.2222222222,100.0,33.3333333333,33.0357142857,51.8022486772
5d2n,22.2222222222,99.4413407821,21.6216216216,33.9130434783,49.8102985181
5bs0,11.1111111111,86.5921787709,44.2477876106,41.9642857143,46.9364421815
