pdb_id,pep_identity,mhc_identity,tcrA_identity,tcrB_identity,total_identity
3o4l,33.3333333333,100.0,34.8214285714,55.3571428571,59.4742063492
5men,22.2222222222,100.0,30.4347826087,30.9734513274,50.9754463968
5d2n,22.2222222222,99.4413407821,30.3571428571,30.1724137931,50.6427804432
3ffc,22.2222222222,81.0055865922,61.0619469027,31.3559322034,49.8122494558
3qdj,11.1111111111,100.0,36.6071428571,33.6283185841,48.7429472772
