pdb_id,pep_identity,mhc_identity,tcrA_identity,tcrB_identity,total_identity
3gsn,22.2222222222,100.0,87.962962963,49.5575221239,63.6608215886
4eup,11.1111111111,100.0,39.0909090909,89.2857142857,58.4331409331
3o4l,33.3333333333,100.0,40.7407407407,26.9565217391,55.7273215244
4mnq,22.2222222222,100.0,36.6071428571,49.5575221239,55.1015182376
2p5w,11.1111111111,100.0,40.7079646018,52.2123893805,52.5237627008
