pdb_id,pep_identity,mhc_identity,tcrA_identity,tcrB_identity,total_identity
3gsn,22.2222222222,100.0,36.6071428571,53.5087719298,55.7600598719
2e7l,33.3333333333,68.7150837989,26.5486725664,53.0973451327,47.2904753273
5bs0,11.1111111111,86.5921787709,46.017699115,32.4561403509,45.6467365383
