pdb_id,pep_identity,mhc_identity,tcrA_identity,tcrB_identity,total_identity
3o4l,33.3333333333,100.0,30.0884955752,30.701754386,54.5761527713
5eu6,11.1111111111,100.0,39.1304347826,57.5221238938,53.1457968164
3ffc,22.2222222222,81.0055865922,52.2123893805,52.1367521368,51.800793191
5men,22.2222222222,100.0,27.8260869565,34.8214285714,51.1819933287
2e7l,33.3333333333,68.7150837989,36.8421052632,36.6071428571,46.2576803975
