pdb_id,pep_identity,mhc_identity,tcrA_identity,tcrB_identity,total_identity
3o4l,33.3333333333,100.0,36.6071428571,27.5862068966,55.1433360701
5men,22.2222222222,100.0,37.1681415929,33.3333333333,52.4909865618
5eu6,11.1111111111,100.0,49.5575221239,36.5217391304,51.3835805794
3ffc,22.2222222222,81.0055865922,33.3333333333,35.0427350427,45.8052810008
2e7l,33.3333333333,68.7150837989,33.6283185841,29.203539823,44.4881154453
