pdb_id,pep_identity,mhc_identity,tcrA_identity,tcrB_identity,total_identity
5men,22.2222222222,100.0,43.119266055,50.4504504505,56.3356934917
3o4l,33.3333333333,100.0,33.3333333333,30.0884955752,55.0147492625
3qeq,11.1111111111,100.0,41.1214953271,52.6785714286,52.6703814963
5d2n,22.2222222222,99.4413407821,27.1028037383,33.0434782609,50.5789013346
2e7l,33.3333333333,68.7150837989,28.8288288288,50.0,47.1542771822
5bs0,11.1111111111,86.5921787709,38.9380530973,40.9090909091,45.8756206284
3ffc,22.2222222222,81.0055865922,31.25,35.0427350427,45.4580587786
