pdb_id,pep_identity,mhc_identity,tcrA_identity,tcrB_identity,total_identity
5men,22.2222222222,100.0,27.4336283186,74.3362831858,57.7023926581
3o4l,33.3333333333,100.0,30.6306306306,28.4482758621,54.2909288599
2e7l,33.3333333333,68.7150837989,56.7567567568,59.2920353982,53.3576044032
3qdj,11.1111111111,100.0,32.4324324324,61.9469026549,52.7669262183
5d2n,22.2222222222,99.4413407821,23.2142857143,33.9130434783,50.0757425335
