pdb_id,pep_identity,mhc_identity,tcrA_identity,tcrB_identity,total_identity
3o4l,33.3333333333,100.0,30.0884955752,30.1724137931,54.4879293392
3ffc,22.2222222222,81.0055865922,27.8260869565,88.8888888889,53.861765579
5eu6,11.1111111111,100.0,35.0877192982,59.649122807,52.8265107212
4mnq,22.2222222222,100.0,28.0701754386,31.5789473684,50.6822612086
2e7l,33.3333333333,68.7150837989,59.2920353982,30.701754386,49.0151040081
