pdb_id,pep_identity,mhc_identity,tcrA_identity,tcrB_identity,total_identity
3ffc,22.2222222222,81.0055865922,83.4782608696,44.4444444444,55.7297204905
3o4l,33.3333333333,100.0,31.3043478261,24.7863247863,53.7928898798
5d2n,22.2222222222,99.4413407821,27.8260869565,45.2173913043,52.7284340449
4mnq,22.2222222222,100.0,31.3043478261,32.4561403509,51.3674887702
5bs0,11.1111111111,86.5921787709,36.5217391304,64.9122807018,49.4734332661
3qdj,11.1111111111,100.0,30.4347826087,35.0877192982,47.9574540215
