pdb_id,pep_identity,mhc_identity,tcrA_identity,tcrB_identity,total_identity
5men,22.2222222222,100.0,37.1681415929,76.5765765766,59.698193769
3o4l,33.3333333333,100.0,35.9649122807,29.8245614035,55.4093567251
3qdj,11.1111111111,100.0,33.3333333333,63.0630630631,53.1031031031
5d2n,22.2222222222,99.4413407821,22.6086956522,30.4347826087,49.3951007116
2e7l,33.3333333333,68.7150837989,26.0869565217,57.6576576577,47.9735747406
