pdb_id,pep_identity,mhc_identity,tcrA_identity,tcrB_identity,total_identity
3qdj,11.1111111111,100.0,90.0,31.8584070796,57.3467715503
3o4l,33.3333333333,100.0,39.6396396396,27.1929824561,55.5832147937
5d2n,22.2222222222,99.4413407821,23.4234234234,49.5652173913,52.7192944706
5men,22.2222222222,100.0,36.036036036,33.6283185841,52.3514665108
3ffc,22.2222222222,81.0055865922,32.7433628319,44.4444444444,47.2739041509
