pdb_id,pep_identity,mhc_identity,tcrA_identity,tcrB_identity,total_identity
3qdj,11.1111111111,100.0,91.6666666667,40.1785714286,59.0112433862
5d2n,22.2222222222,99.4413407821,22.0183486239,88.6956521739,59.0068544677
3o4l,33.3333333333,100.0,40.3669724771,30.701754386,56.2892322549
5men,22.2222222222,100.0,35.1351351351,37.8378378378,52.9029029029
3ffc,22.2222222222,81.0055865922,33.0357142857,52.9914529915,48.7471308177
5bs0,11.1111111111,86.5921787709,41.592920354,46.4285714286,47.2380119244
