pdb_id,pep_identity,mhc_identity,tcrA_identity,tcrB_identity,total_identity
5eu6,11.1111111111,100.0,39.8230088496,93.8596491228,59.3174800324
3o4l,33.3333333333,100.0,53.1531531532,29.3103448276,58.1883607746
5men,22.2222222222,100.0,33.9285714286,35.0877192982,52.2434558619
3ffc,22.2222222222,81.0055865922,31.8584070796,59.8290598291,49.6905140896
3qeq,11.1111111111,100.0,33.3333333333,35.9649122807,48.5867446394
