pdb_id,pep_identity,mhc_identity,tcrA_identity,tcrB_identity,total_identity
3qdj,11.1111111111,100.0,89.8148148148,31.8584070796,57.3159073528
3o4l,33.3333333333,100.0,38.8888888889,29.5652173913,55.8534621578
3ffc,22.2222222222,81.0055865922,31.25,88.0341880342,54.2899676105
5d2n,22.2222222222,99.4413407821,21.2962962963,52.1739130435,52.7995558914
5men,22.2222222222,100.0,34.2342342342,30.9734513274,51.6086883344
5bs0,11.1111111111,86.5921787709,39.8230088496,42.8571428571,46.3477885785
