pdb_id,pep_identity,mhc_identity,tcrA_identity,tcrB_identity,total_identity
3o4l,33.3333333333,100.0,51.8181818182,27.8260869565,57.7184892402
5d2n,22.2222222222,99.4413407821,22.5225225225,67.8260869565,55.6126225813
4mnq,22.2222222222,100.0,33.0357142857,28.0701754386,50.9250556948
3qdj,11.1111111111,100.0,47.2727272727,31.5789473684,50.1789828106
3ffc,22.2222222222,81.0055865922,32.1428571429,52.9914529915,48.5983212939
