pdb_id,pep_identity,mhc_identity,tcrA_identity,tcrB_identity,total_identity
3o4l,33.3333333333,100.0,33.0434782609,30.4347826087,55.0241545894
4mnq,22.2222222222,100.0,27.8260869565,50.4424778761,53.7855015462
4eup,11.1111111111,100.0,34.7826086957,58.9285714286,52.6555670577
2e7l,33.3333333333,68.7150837989,60.8695652174,50.0,52.4943999136
3ffc,22.2222222222,81.0055865922,29.9145299145,36.7521367521,45.5203807159
5bs0,11.1111111111,86.5921787709,31.3043478261,39.2857142857,44.332773646
