pdb_id,pep_identity,mhc_identity,tcrA_identity,tcrB_identity,total_identity
3o4l,33.3333333333,100.0,51.8181818182,54.8672566372,62.2253508537
3gsn,22.2222222222,100.0,42.7272727273,33.0434782609,53.3691992388
5men,22.2222222222,100.0,37.2727272727,32.4561403509,52.362218678
3qdj,11.1111111111,100.0,48.1818181818,35.0877192982,50.9152932837
