pdb_id,pep_identity,mhc_identity,tcrA_identity,tcrB_identity,total_identity
3o4l,33.3333333333,100.0,52.2522522523,28.6956521739,57.9357618488
4eup,11.1111111111,100.0,49.5495495495,56.25,54.6702952953
5men,22.2222222222,100.0,33.9285714286,48.6725663717,54.5075970408
5d2n,22.2222222222,99.4413407821,24.1071428571,31.3043478261,49.7897694487
2e7l,33.3333333333,68.7150837989,37.1681415929,54.4642857143,49.2882102619
