pdb_id,pep_identity,mhc_identity,tcrA_identity,tcrB_identity,total_identity
3o4l,33.3333333333,100.0,30.6306306306,30.0884955752,54.5642988121
4mnq,22.2222222222,100.0,29.8245614035,50.4504504505,54.1199093831
4eup,11.1111111111,100.0,34.8214285714,58.5585585586,52.6003682254
2e7l,33.3333333333,68.7150837989,61.2612612613,50.0,52.5596825876
3ffc,22.2222222222,81.0055865922,26.3157894737,35.0427350427,44.6356903575
5bs0,11.1111111111,86.5921787709,31.5789473684,40.0,44.4975878554
