pdb_id,pep_identity,mhc_identity,tcrA_identity,tcrB_identity,total_identity
3qdj,11.1111111111,100.0,90.8256880734,63.7168141593,62.7941207425
3gsn,22.2222222222,100.0,39.0909090909,89.3805309735,62.1526474181
5men,22.2222222222,100.0,32.4324324324,91.1504424779,61.3378865591
2bnr,11.1111111111,100.0,42.4778761062,90.2654867257,59.1609308423
3o4l,33.3333333333,100.0,39.0909090909,29.3103448276,55.8446534309
