pdb_id,pep_identity,mhc_identity,tcrA_identity,tcrB_identity,total_identity
5d2n,22.2222222222,99.4413407821,22.4299065421,67.8260869565,55.5971865845
3qdj,11.1111111111,100.0,62.962962963,33.9285714286,53.1856261023
5men,22.2222222222,100.0,30.9090909091,29.7297297297,50.8472108472
3ffc,22.2222222222,81.0055865922,28.5714285714,55.5555555556,48.430433626
5bs0,11.1111111111,86.5921787709,37.1681415929,48.6486486486,46.8705616676
2e7l,33.3333333333,68.7150837989,32.4324324324,33.0275229358,44.9261316054
