pdb_id,pep_identity,mhc_identity,tcrA_identity,tcrB_identity,total_identity
4eup,11.1111111111,100.0,87.1559633028,58.5585585586,61.3227906806
3o4l,33.3333333333,100.0,40.3669724771,30.0884955752,56.1870224532
5men,22.2222222222,100.0,31.5315315315,50.4504504505,54.4044044044
5d2n,22.2222222222,99.4413407821,21.1009174312,33.0434782609,49.5785869501
