pdb_id,pep_identity,mhc_identity,tcrA_identity,tcrB_identity,total_identity
3o4l,33.3333333333,100.0,28.9473684211,27.5862068966,53.8667069974
5men,22.2222222222,100.0,29.8245614035,36.8421052632,51.8518518519
5eu6,11.1111111111,100.0,36.8421052632,42.6086956522,50.2788371896
2e7l,33.3333333333,68.7150837989,57.8947368421,30.9734513274,48.827503739
3ffc,22.2222222222,81.0055865922,29.3103448276,39.3162393162,45.8470336288
