pdb_id,pep_identity,mhc_identity,tcrA_identity,tcrB_identity,total_identity
5d2n,22.2222222222,99.4413407821,50.9433962264,33.3333333333,54.6006425947
4mnq,22.2222222222,100.0,20.7207207207,31.0344827586,49.3666079873
3qeq,11.1111111111,100.0,28.7037037037,28.4482758621,46.5623669647
2e7l,33.3333333333,68.7150837989,27.6785714286,33.9130434783,44.2814081952
3ffc,22.2222222222,81.0055865922,26.3636363636,30.7692307692,43.9314141269
