pdb_id,pep_identity,mhc_identity,tcrA_identity,tcrB_identity,total_identity
3qdj,11.1111111111,100.0,90.7407407407,40.5405405405,58.9172505839
3o4l,33.3333333333,100.0,48.1481481481,30.0884955752,57.483885065
4mnq,22.2222222222,100.0,32.4324324324,38.7387387387,52.6026026026
5d2n,22.2222222222,99.4413407821,23.1481481481,33.9130434783,50.0647196058
