pdb_id,pep_identity,mhc_identity,tcrA_identity,tcrB_identity,total_identity
3qeq,11.1111111111,100.0,49.5327102804,58.9285714286,55.1139173219
3o4l,33.3333333333,100.0,33.3333333333,28.3185840708,54.7197640118
5men,22.2222222222,100.0,35.1351351351,47.7477477477,54.5545545546
2e7l,33.3333333333,68.7150837989,29.4642857143,50.0,47.2601866631
3ffc,22.2222222222,81.0055865922,29.0909090909,32.4786324786,44.6708598664
5bs0,11.1111111111,86.5921787709,35.3982300885,36.036036036,44.4734743148
