pdb_id,pep_identity,mhc_identity,tcrA_identity,tcrB_identity,total_identity
3o4l,33.3333333333,100.0,30.9734513274,31.3043478261,54.8240776367
5men,22.2222222222,100.0,29.8245614035,30.3571428571,50.7710247842
2e7l,33.3333333333,68.7150837989,64.6017699115,33.0357142857,50.2890530769
5eu6,11.1111111111,100.0,34.2105263158,43.3628318584,49.9659300661
3ffc,22.2222222222,81.0055865922,28.6956521739,43.5897435897,46.4568355654
