pdb_id,pep_identity,mhc_identity,tcrA_identity,tcrB_identity,total_identity
3o4l,33.3333333333,100.0,32.1428571429,24.1071428571,53.8194444444
5men,22.2222222222,100.0,30.701754386,38.7387387387,52.3141562615
2e7l,33.3333333333,68.7150837989,61.6071428571,34.8623853211,50.0943937404
3qdj,11.1111111111,100.0,34.8214285714,39.2857142857,49.3882275132
3ffc,22.2222222222,81.0055865922,28.9473684211,27.9661016949,43.8948479575
