pdb_id,pep_identity,mhc_identity,tcrA_identity,tcrB_identity,total_identity
3o4l,33.3333333333,100.0,38.3928571429,26.5486725664,55.2680327293
5men,22.2222222222,100.0,38.3928571429,33.3333333333,52.6951058201
5eu6,11.1111111111,100.0,51.3274336283,38.0530973451,51.9337921993
3ffc,22.2222222222,81.0055865922,33.3333333333,33.3333333333,45.5203807159
