pdb_id,pep_identity,mhc_identity,tcrA_identity,tcrB_identity,total_identity
3o4l,33.3333333333,100.0,33.3333333333,26.0869565217,54.347826087
4qrp,11.1111111111,81.0055865922,89.1891891892,48.2456140351,53.6113664385
4mnq,22.2222222222,100.0,32.7433628319,29.4642857143,51.1086821651
5eu6,11.1111111111,100.0,32.7433628319,43.3628318584,49.7214028187
2e7l,33.3333333333,68.7150837989,50.8928571429,30.3571428571,47.5578057107
