pdb_id,pep_identity,mhc_identity,tcrA_identity,tcrB_identity,total_identity
3o4l,33.3333333333,100.0,31.3043478261,26.9565217391,54.154589372
5eu6,11.1111111111,100.0,39.1304347826,46.4912280702,51.3073141792
4mnq,22.2222222222,100.0,27.8260869565,33.6283185841,50.9831416642
3ffc,22.2222222222,81.0055865922,53.0434782609,41.8803418803,50.229906295
2e7l,33.3333333333,68.7150837989,37.0689655172,32.1428571429,45.5514428208
