pdb_id,pep_identity,mhc_identity,tcrA_identity,tcrB_identity,total_identity
3o4l,33.3333333333,100.0,52.7272727273,56.25,62.6073232323
3gsn,22.2222222222,100.0,41.8181818182,30.4347826087,52.7829014786
4mnq,22.2222222222,100.0,33.9285714286,32.7433628319,51.8527297841
3qdj,11.1111111111,100.0,48.1818181818,35.3982300885,50.9670450821
