pdb_id,pep_identity,mhc_identity,tcrA_identity,tcrB_identity,total_identity
3o4l,33.3333333333,100.0,25.2252252252,22.8070175439,52.4498182393
3qeq,11.1111111111,100.0,37.2727272727,41.0714285714,50.0943963444
2e7l,33.3333333333,68.7150837989,25.0,37.8378378378,44.489112017
5bs0,11.1111111111,86.5921787709,30.0884955752,37.5,43.8325125566
3ffc,22.2222222222,81.0055865922,23.0088495575,33.3333333333,43.7996334199
