pdb_id,pep_identity,mhc_identity,tcrA_identity,tcrB_identity,total_identity
5d2n,22.2222222222,99.4413407821,49.5412844037,44.4444444444,56.2188091428
3o4l,33.3333333333,100.0,19.8198198198,25.2100840336,51.94942842
5bs0,11.1111111111,86.5921787709,22.8070175439,86.2068965517,50.7367489766
5men,22.2222222222,100.0,23.4234234234,31.8965517241,49.9607365987
3qeq,11.1111111111,100.0,28.8288288288,28.4482758621,46.5832211522
3ffc,22.2222222222,81.0055865922,25.8928571429,39.3162393162,45.277452348
