pdb_id,pep_identity,mhc_identity,tcrA_identity,tcrB_identity,total_identity
3o4l,33.3333333333,100.0,36.3636363636,26.9565217391,54.9978041282
5eu6,11.1111111111,100.0,48.6725663717,49.1228070175,53.3362659352
5men,22.2222222222,100.0,40.0,31.8584070796,52.7171419207
3ffc,22.2222222222,81.0055865922,31.8584070796,45.2991452991,47.2688616679
2e7l,33.3333333333,68.7150837989,26.1261261261,33.9285714286,44.0252553032
