pdb_id,pep_identity,mhc_identity,tcrA_identity,tcrB_identity,total_identity
3qdj,11.1111111111,100.0,89.8148148148,33.0357142857,57.5121252205
5d2n,22.2222222222,99.4413407821,21.2962962963,68.6956521739,55.5531790798
3o4l,33.3333333333,100.0,38.8888888889,27.4336283186,55.4981973124
5men,22.2222222222,100.0,34.2342342342,29.7297297297,51.4014014014
3ffc,22.2222222222,81.0055865922,32.1428571429,55.5555555556,49.0256717212
5bs0,11.1111111111,86.5921787709,39.8230088496,47.3214285714,47.0918361975
