pdb_id,pep_identity,mhc_identity,tcrA_identity,tcrB_identity,total_identity
3qdj,11.1111111111,100.0,89.8148148148,36.2068965517,58.0406555981
3o4l,33.3333333333,100.0,39.8148148148,23.7288135593,55.0350491735
4mnq,22.2222222222,100.0,33.3333333333,35.3448275862,52.187100894
5d2n,22.2222222222,99.4413407821,23.1481481481,35.0427350427,50.2530015333
3ffc,22.2222222222,81.0055865922,39.2857142857,34.188034188,46.6548943504
