pdb_id,pep_identity,mhc_identity,tcrA_identity,tcrB_identity,total_identity
3qdj,11.1111111111,100.0,87.2727272727,62.2807017544,61.9626085416
3gsn,22.2222222222,100.0,37.8378378378,88.5964912281,61.8131289184
5men,22.2222222222,100.0,34.2342342342,88.5964912281,61.2125283178
2pye,11.1111111111,100.0,43.3628318584,86.8421052632,58.7378598906
3o4l,33.3333333333,100.0,39.6396396396,28.2051282051,55.7519057519
