pdb_id,pep_identity,mhc_identity,tcrA_identity,tcrB_identity,total_identity
3gsn,22.2222222222,100.0,89.1891891892,30.0884955752,60.6203548681
3o4l,33.3333333333,100.0,33.3333333333,26.724137931,54.4540229885
4mnq,22.2222222222,100.0,39.2857142857,32.7433628319,52.745586927
5bs0,11.1111111111,86.5921787709,41.592920354,68.75,50.9582500197
