pdb_id,pep_identity,mhc_identity,tcrA_identity,tcrB_identity,total_identity
3qdj,11.1111111111,100.0,91.6666666667,36.2831858407,58.3620124549
3o4l,33.3333333333,100.0,39.4495412844,26.0869565217,55.3671940788
5men,22.2222222222,100.0,34.5454545455,33.6283185841,52.1030362623
5d2n,22.2222222222,99.4413407821,23.8532110092,34.7826086957,50.3271576189
