pdb_id,pep_identity,mhc_identity,tcrA_identity,tcrB_identity,total_identity
5eu6,11.1111111111,100.0,87.610619469,38.2608695652,58.0156185427
3o4l,33.3333333333,100.0,42.2018348624,22.8070175439,55.2792531788
5men,22.2222222222,100.0,40.7079646018,33.3333333333,53.0809570633
5bs0,11.1111111111,86.5921787709,82.3008849558,32.4561403509,51.6939341785
