pdb_id,pep_identity,mhc_identity,tcrA_identity,tcrB_identity,total_identity
5d2n,22.2222222222,99.4413407821,28.4482758621,66.3793103448,56.3591187026
3o4l,33.3333333333,100.0,28.4482758621,32.2033898305,54.5530553932
3ffc,22.2222222222,81.0055865922,60.3448275862,58.9743589744,54.2958006982
5men,22.2222222222,100.0,30.1724137931,33.6206896552,51.3729246488
3qeq,11.1111111111,100.0,34.4827586207,39.6551724138,49.3933588761
2e7l,33.3333333333,68.7150837989,35.0427350427,34.4827586207,45.6037213213
5bs0,11.1111111111,86.5921787709,34.4827586207,41.3793103448,45.2114414549
