pdb_id,pep_identity,mhc_identity,tcrA_identity,tcrB_identity,total_identity
3o4l,33.3333333333,100.0,40.1785714286,29.8245614035,56.1116332498
5eu6,11.1111111111,100.0,47.7876106195,58.407079646,54.7361520813
4mnq,22.2222222222,100.0,35.1351351351,36.6071428571,52.6977870728
3ffc,22.2222222222,81.0055865922,35.0877192982,52.1367521368,48.9466815106
2e7l,33.3333333333,68.7150837989,39.4736842105,35.7142857143,46.5474673649
