pdb_id,pep_identity,mhc_identity,tcrA_identity,tcrB_identity,total_identity
5d2n,22.2222222222,99.4413407821,64.7619047619,67.8260869565,62.6525196212
3o4l,33.3333333333,100.0,22.4299065421,26.9565217391,52.6755158246
