pdb_id,pep_identity,mhc_identity,tcrA_identity,tcrB_identity,total_identity
3o4l,33.3333333333,100.0,45.1327433628,22.8813559322,55.7801276603
5eu6,11.1111111111,100.0,44.2477876106,42.735042735,51.534175428
5men,22.2222222222,100.0,32.7433628319,30.1724137931,51.2267035116
3ffc,22.2222222222,81.0055865922,33.9130434783,39.3162393162,46.6141500706
2e7l,33.3333333333,68.7150837989,35.0877192982,38.2608695652,46.2409038546
