pdb_id,pep_identity,mhc_identity,tcrA_identity,tcrB_identity,total_identity
3o4l,33.3333333333,100.0,33.9285714286,24.5614035088,54.1927736007
5men,22.2222222222,100.0,30.4347826087,32.1428571429,51.170347366
3ffc,22.2222222222,81.0055865922,60.1769911504,32.4786324786,49.851873543
5eu6,11.1111111111,100.0,34.7826086957,36.2831858407,48.8813361264
2e7l,33.3333333333,68.7150837989,32.7433628319,29.7297297297,44.4283211377
