pdb_id,pep_identity,mhc_identity,tcrA_identity,tcrB_identity,total_identity
3o4l,33.3333333333,100.0,50.9090909091,24.1379310345,56.952281435
5men,22.2222222222,100.0,34.8214285714,55.2631578947,55.7548384851
4eup,11.1111111111,100.0,49.0909090909,55.7522123894,54.5108906171
5d2n,22.2222222222,99.4413407821,22.5225225225,29.5652173913,49.2358109871
2e7l,33.3333333333,68.7150837989,33.9285714286,53.982300885,48.6679510963
