pdb_id,pep_identity,mhc_identity,tcrA_identity,tcrB_identity,total_identity
5d2n,22.2222222222,99.4413407821,25.2336448598,86.9565217391,59.2528821013
3o4l,33.3333333333,100.0,31.4814814815,29.8245614035,54.6621182586
5men,22.2222222222,100.0,47.6635514019,33.3333333333,54.2402215299
3qeq,11.1111111111,100.0,39.2523364486,36.2831858407,49.6262907519
3ffc,22.2222222222,81.0055865922,28.5714285714,55.5555555556,48.430433626
