pdb_id,pep_identity,mhc_identity,tcrA_identity,tcrB_identity,total_identity
3o4l,33.3333333333,100.0,31.5315315315,25.4385964912,53.9394657816
5men,22.2222222222,100.0,44.8598130841,33.0357142857,53.7233286357
5eu6,11.1111111111,100.0,42.4778761062,36.2831858407,50.1638806949
3ffc,22.2222222222,81.0055865922,28.3185840708,32.4786324786,44.5421390297
2e7l,33.3333333333,68.7150837989,28.3185840708,29.7297297297,43.6908580108
