pdb_id,pep_identity,mhc_identity,tcrA_identity,tcrB_identity,total_identity
3qeq,11.1111111111,100.0,84.5454545455,36.2068965517,57.1624288866
3o4l,33.3333333333,100.0,30.6306306306,33.3333333333,55.1051051051
5d2n,22.2222222222,99.4413407821,29.4642857143,51.724137931,54.0859249423
4mnq,22.2222222222,100.0,33.9285714286,32.7586206897,51.8552727604
3ffc,22.2222222222,81.0055865922,34.5132743363,50.4273504274,48.5660403987
