pdb_id,pep_identity,mhc_identity,tcrA_identity,tcrB_identity,total_identity
5d2n,22.2222222222,99.4413407821,24.7787610619,68.6956521739,56.1335898741
3o4l,33.3333333333,100.0,37.5,30.0884955752,55.709193707
5men,22.2222222222,100.0,41.0714285714,31.5315315315,52.8412340912
3qeq,11.1111111111,100.0,36.9369369369,35.3982300885,49.0928982079
3ffc,22.2222222222,81.0055865922,31.5789473684,55.5555555556,48.9316867588
5bs0,11.1111111111,86.5921787709,46.017699115,47.3214285714,48.1242845751
