pdb_id,pep_identity,mhc_identity,tcrA_identity,tcrB_identity,total_identity
3qdj,11.1111111111,100.0,88.0733944954,41.4414414414,58.6228430265
3o4l,33.3333333333,100.0,39.0909090909,27.4336283186,55.531867346
4mnq,22.2222222222,100.0,32.4324324324,38.7387387387,52.6026026026
5d2n,22.2222222222,99.4413407821,20.0,34.7826086957,49.6849557841
