pdb_id,pep_identity,mhc_identity,tcrA_identity,tcrB_identity,total_identity
5men,22.2222222222,100.0,31.25,93.8053097345,61.5832923632
3gsn,22.2222222222,100.0,34.8214285714,89.3805309735,61.4410673316
2p5e,11.1111111111,100.0,37.1681415929,84.0707964602,57.2435267126
3o4l,33.3333333333,100.0,32.1428571429,29.3103448276,54.6866447729
3qdj,11.1111111111,100.0,33.9285714286,67.2566371681,53.9012384698
