pdb_id,pep_identity,mhc_identity,tcrA_identity,tcrB_identity,total_identity
3o4l,33.3333333333,100.0,31.8584070796,29.0598290598,54.597483801
5eu6,11.1111111111,100.0,36.8421052632,56.5217391304,52.5976777693
5men,22.2222222222,100.0,30.701754386,39.1304347826,52.3794389355
2e7l,33.3333333333,68.7150837989,69.0265486726,33.9130434783,51.1727377359
3ffc,22.2222222222,81.0055865922,26.9565217391,52.1367521368,47.5914819174
