pdb_id,pep_identity,mhc_identity,tcrA_identity,tcrB_identity,total_identity
5d2n,22.2222222222,99.4413407821,33.6363636364,57.3913043478,55.7257989988
3o4l,33.3333333333,100.0,37.6146788991,27.8260869565,55.3512387537
4mnq,22.2222222222,100.0,37.8378378378,35.3982300885,52.9467520618
3qdj,11.1111111111,100.0,38.5321100917,38.0530973451,49.8012382765
3ffc,22.2222222222,81.0055865922,30.3571428571,52.1367521368,48.1582521038
5bs0,11.1111111111,86.5921787709,39.8230088496,42.4778761062,46.2845774533
