pdb_id,pep_identity,mhc_identity,tcrA_identity,tcrB_identity,total_identity
3o4l,33.3333333333,100.0,50.4504504505,25.4385964912,57.0926189347
4mnq,22.2222222222,100.0,33.9285714286,37.5,52.6455026455
3qdj,11.1111111111,100.0,47.7477477477,38.3928571429,51.3938045188
5d2n,22.2222222222,99.4413407821,22.3214285714,33.9130434783,49.9269330097
