pdb_id,pep_identity,mhc_identity,tcrA_identity,tcrB_identity,total_identity
4eup,11.1111111111,100.0,41.2844036697,91.0714285714,59.0963424106
3o4l,33.3333333333,100.0,58.2524271845,28.6956521739,58.9357910042
5men,22.2222222222,100.0,31.25,51.3274336283,54.5036463455
5d2n,22.2222222222,99.4413407821,24.0740740741,32.1739130435,49.929185521
2e7l,33.3333333333,68.7150837989,32.4324324324,56.25,48.7965444495
