pdb_id,pep_identity,mhc_identity,tcrA_identity,tcrB_identity,total_identity
3gsn,22.2222222222,100.0,39.8230088496,93.8053097345,63.0121271714
3qdj,11.1111111111,100.0,86.6071428571,66.0714285714,62.4834656085
5men,22.2222222222,100.0,33.0357142857,92.8571428571,61.7228835979
2bnr,11.1111111111,100.0,42.9824561404,89.2857142857,59.081732108
3o4l,33.3333333333,100.0,39.8230088496,33.9130434783,56.7337864991
