pdb_id,pep_identity,mhc_identity,tcrA_identity,tcrB_identity,total_identity
3o4l,33.3333333333,100.0,30.9734513274,30.0884955752,54.6214355949
5men,22.2222222222,100.0,29.8245614035,51.3513513514,54.2700595332
4eup,11.1111111111,100.0,32.7433628319,58.5585585586,52.2540239354
2e7l,33.3333333333,68.7150837989,56.6371681416,50.0,51.789000401
4qrp,11.1111111111,81.0055865922,53.982300885,33.6283185841,45.3073358126
5bs0,11.1111111111,86.5921787709,33.3333333333,40.9090909091,44.9415006678
