pdb_id,pep_identity,mhc_identity,tcrA_identity,tcrB_identity,total_identity
3o4l,33.3333333333,100.0,38.9380530973,30.9734513274,56.0963618486
3ffc,22.2222222222,81.0055865922,87.610619469,35.0427350427,54.8514953568
4mnq,22.2222222222,100.0,30.4347826087,51.3513513514,54.3717630674
4eup,11.1111111111,100.0,31.8584070796,57.6576576577,51.9563811599
5d2n,22.2222222222,99.4413407821,29.203539823,34.7826086957,51.2188790879
2e7l,33.3333333333,68.7150837989,30.701754386,50.0,47.4664314417
