pdb_id,pep_identity,mhc_identity,tcrA_identity,tcrB_identity,total_identity
5d2n,22.2222222222,99.4413407821,24.347826087,66.9565217391,55.7719123058
3o4l,33.3333333333,100.0,29.8245614035,27.1929824561,53.9473684211
5men,22.2222222222,100.0,30.0884955752,29.203539823,50.6227466404
4qrp,11.1111111111,81.0055865922,51.7543859649,55.7522123894,48.6233322935
2e7l,33.3333333333,68.7150837989,55.2631578947,32.1428571429,48.583808217
3qdj,11.1111111111,100.0,33.3333333333,32.7433628319,48.0498197312
5bs0,11.1111111111,86.5921787709,32.4561403509,48.2142857143,46.0128343049
