pdb_id,pep_identity,mhc_identity,tcrA_identity,tcrB_identity,total_identity
3o4l,33.3333333333,100.0,51.7857142857,25.2173913043,57.2782953761
5men,22.2222222222,100.0,36.6071428571,32.7433628319,52.2991583556
3qdj,11.1111111111,100.0,49.1071428571,35.3982300885,51.1212658613
5d2n,22.2222222222,99.4413407821,24.7787610619,33.0434782609,50.1915608886
