pdb_id,pep_identity,mhc_identity,tcrA_identity,tcrB_identity,total_identity
3o4l,33.3333333333,100.0,85.5769230769,22.8070175439,62.5084345479
3gsn,22.2222222222,100.0,31.8181818182,30.0884955752,51.0585203063
5men,22.2222222222,100.0,32.1428571429,29.4642857143,51.0085978836
