pdb_id,pep_identity,mhc_identity,tcrA_identity,tcrB_identity,total_identity
5eu6,11.1111111111,100.0,88.4955752212,45.6140350877,59.3886387552
5bs0,11.1111111111,86.5921787709,82.3008849558,59.2920353982,56.166583353
3o4l,33.3333333333,100.0,40.0,26.9565217391,55.6038647343
4mnq,22.2222222222,100.0,38.9380530973,34.5132743363,52.9826286463
3qeq,11.1111111111,100.0,34.5454545455,34.5132743363,48.546825184
