pdb_id,pep_identity,mhc_identity,tcrA_identity,tcrB_identity,total_identity
3gsn,22.2222222222,100.0,41.0714285714,73.4513274336,59.8278667416
3o4l,33.3333333333,100.0,51.7857142857,27.8260869565,57.7130779848
2e7l,33.3333333333,68.7150837989,35.0877192982,58.9285714286,49.6855208319
