pdb_id,pep_identity,mhc_identity,tcrA_identity,tcrB_identity,total_identity
5d2n,22.2222222222,99.4413407821,29.203539823,66.0869565217,56.4362703922
3o4l,33.3333333333,100.0,31.25,32.4561403509,55.0621345029
5men,22.2222222222,100.0,31.5789473684,38.3928571429,52.4027081593
2e7l,33.3333333333,68.7150837989,62.5,34.8214285714,50.2363771393
3qdj,11.1111111111,100.0,34.8214285714,41.0714285714,49.6858465608
4qrp,11.1111111111,81.0055865922,52.6785714286,55.2631578947,48.6958541216
