pdb_id,pep_identity,mhc_identity,tcrA_identity,tcrB_identity,total_identity
5eu6,11.1111111111,100.0,41.592920354,77.8761061947,56.9485414618
3o4l,33.3333333333,100.0,32.7272727273,29.5652173913,54.8265261309
5men,22.2222222222,100.0,36.036036036,30.9734513274,51.9089886347
3ffc,22.2222222222,81.0055865922,29.4642857143,56.4102564103,48.7216932922
