pdb_id,pep_identity,mhc_identity,tcrA_identity,tcrB_identity,total_identity
3qdj,11.1111111111,100.0,89.1891891892,63.963963964,62.5625625626
3gsn,22.2222222222,100.0,39.2857142857,61.9469026549,57.6128435642
3o4l,33.3333333333,100.0,39.2857142857,32.7433628319,56.4492906307
5men,22.2222222222,100.0,32.4324324324,59.4594594595,56.0560560561
2bnr,11.1111111111,100.0,42.4778761062,57.6576576577,53.7262926643
