pdb_id,pep_identity,mhc_identity,tcrA_identity,tcrB_identity,total_identity
4eup,11.1111111111,100.0,87.1559633028,58.0357142857,61.2356499684
3o4l,33.3333333333,100.0,40.7407407407,30.4347826087,56.3070316694
5men,22.2222222222,100.0,36.036036036,56.6371681416,56.1862747703
5d2n,22.2222222222,99.4413407821,22.2222222222,28.6956521739,49.0408334008
