pdb_id,pep_identity,mhc_identity,tcrA_identity,tcrB_identity,total_identity
3o4l,33.3333333333,100.0,45.4545454545,24.7787610619,56.1499955305
4mnq,22.2222222222,100.0,32.1428571429,35.4545454545,52.006974507
3qdj,11.1111111111,100.0,46.3636363636,36.036036036,50.7703157703
5d2n,22.2222222222,99.4413407821,23.4234234234,34.7826086957,50.2555263546
5bs0,11.1111111111,86.5921787709,41.592920354,38.7387387387,45.9563731428
2e7l,33.3333333333,68.7150837989,33.3333333333,35.7798165138,45.5349973519
3ffc,22.2222222222,81.0055865922,34.5132743363,31.6239316239,45.4321372648
