pdb_id,pep_identity,mhc_identity,tcrA_identity,tcrB_identity,total_identity
5d2n,22.2222222222,99.4413407821,27.6785714286,68.6956521739,56.6168916019
3qeq,11.1111111111,100.0,82.7272727273,34.5132743363,56.5771282143
3o4l,33.3333333333,100.0,31.5315315315,28.0701754386,54.3780622728
5men,22.2222222222,100.0,33.0357142857,30.0884955752,51.2614423842
3ffc,22.2222222222,81.0055865922,31.8584070796,55.5555555556,48.9782633773
5bs0,11.1111111111,86.5921787709,30.0884955752,46.9026548673,45.3996217011
