pdb_id,pep_identity,mhc_identity,tcrA_identity,tcrB_identity,total_identity
5d2n,22.2222222222,99.4413407821,27.6785714286,57.3913043478,54.7328336308
5men,22.2222222222,100.0,36.6071428571,34.5132743363,52.5941436063
3qeq,11.1111111111,100.0,43.2432432432,39.8230088496,50.8814123858
3ffc,22.2222222222,81.0055865922,33.3333333333,53.8461538462,48.9391841347
5bs0,11.1111111111,86.5921787709,31.5789473684,44.2477876106,45.2055524572
2e7l,33.3333333333,68.7150837989,28.5714285714,37.1681415929,44.9727340715
