pdb_id,pep_identity,mhc_identity,tcrA_identity,tcrB_identity,total_identity
5d2n,22.2222222222,99.4413407821,28.9473684211,73.9130434783,57.6979229847
3ffc,22.2222222222,81.0055865922,60.5263157895,59.8290598291,54.4684988746
3o4l,33.3333333333,100.0,28.9473684211,27.5862068966,53.8667069974
4mnq,22.2222222222,100.0,29.5652173913,31.5789473684,50.9314348674
3qeq,11.1111111111,100.0,35.0877192982,32.4561403509,48.2943469786
5bs0,11.1111111111,86.5921787709,34.7826086957,47.7876106195,46.3294665132
