pdb_id,pep_identity,mhc_identity,tcrA_identity,tcrB_identity,total_identity
3o4l,33.3333333333,100.0,35.7142857143,27.5862068966,54.9945265463
5eu6,11.1111111111,100.0,50.4424778761,48.2456140351,53.4850523556
5men,22.2222222222,100.0,36.2831858407,28.3185840708,51.5077023927
3ffc,22.2222222222,81.0055865922,32.4561403509,47.8632478632,47.7958343072
2e7l,33.3333333333,68.7150837989,34.5132743363,35.3982300885,45.6680564482
