pdb_id,pep_identity,mhc_identity,tcrA_identity,tcrB_identity,total_identity
5d2n,22.2222222222,99.4413407821,50.4672897196,33.9130434783,54.6179098678
4mnq,22.2222222222,100.0,21.6216216216,33.3333333333,49.8998998999
3qeq,11.1111111111,100.0,29.3577981651,29.8245614035,46.9007636318
3ffc,22.2222222222,81.0055865922,27.2727272727,33.3333333333,44.5102797058
2e7l,33.3333333333,68.7150837989,27.4336283186,34.5132743363,44.3406228199
