pdb_id,pep_identity,mhc_identity,tcrA_identity,tcrB_identity,total_identity
3o4l,33.3333333333,100.0,36.8421052632,28.3185840708,55.3045593334
5men,22.2222222222,100.0,38.9380530973,47.7477477477,55.1883742149
3qeq,11.1111111111,100.0,36.2831858407,58.9285714286,52.9056632486
2e7l,33.3333333333,68.7150837989,26.0869565217,50.0,46.6972984644
5bs0,11.1111111111,86.5921787709,45.6140350877,36.036036036,46.1761084813
3ffc,22.2222222222,81.0055865922,31.8965517241,32.4786324786,45.1384669719
