pdb_id,pep_identity,mhc_identity,tcrA_identity,tcrB_identity,total_identity
5d2n,22.2222222222,99.4413407821,24.1071428571,57.3913043478,54.1375955356
5men,22.2222222222,100.0,30.0,35.3982300885,51.6404457555
3qdj,11.1111111111,100.0,31.5315315315,38.0530973451,48.6344751831
3ffc,22.2222222222,81.0055865922,23.0088495575,52.1367521368,46.9335365538
5bs0,11.1111111111,86.5921787709,30.0884955752,42.4778761062,44.6621585743
2e7l,33.3333333333,68.7150837989,25.0,36.2831858407,44.2300033509
