pdb_id,pep_identity,mhc_identity,tcrA_identity,tcrB_identity,total_identity
5men,22.2222222222,100.0,41.0714285714,61.6071428571,57.8538359788
3qeq,11.1111111111,100.0,38.7387387387,69.6428571429,55.1006363506
3o4l,33.3333333333,100.0,34.2342342342,28.6956521739,54.9327588458
5d2n,22.2222222222,99.4413407821,26.7857142857,34.7826086957,50.815908165
2e7l,33.3333333333,68.7150837989,27.6785714286,62.5,49.0459009488
