pdb_id,pep_identity,mhc_identity,tcrA_identity,tcrB_identity,total_identity
5men,22.2222222222,100.0,32.1739130435,80.9090909091,59.5879080662
3o4l,33.3333333333,100.0,32.1739130435,29.8245614035,54.7775235189
3ffc,22.2222222222,81.0055865922,84.347826087,33.3333333333,54.0227961748
3qdj,11.1111111111,100.0,32.1739130435,65.7657657658,53.3603168386
5d2n,22.2222222222,99.4413407821,28.6956521739,33.0434782609,50.8443760739
2e7l,33.3333333333,68.7150837989,30.1724137931,59.6330275229,48.9837125967
