pdb_id,pep_identity,mhc_identity,tcrA_identity,tcrB_identity,total_identity
4eup,11.1111111111,100.0,61.2612612613,86.7256637168,61.7015245334
5men,22.2222222222,100.0,30.9090909091,50.0,54.2255892256
3o4l,33.3333333333,100.0,32.1428571429,25.8620689655,54.1119321292
2p5e,11.1111111111,100.0,38.9380530973,57.5221238938,53.1137332022
5d2n,22.2222222222,99.4413407821,21.6216216216,31.3043478261,49.3755159094
