pdb_id,pep_identity,mhc_identity,tcrA_identity,tcrB_identity,total_identity
5men,22.2222222222,100.0,29.4642857143,82.1428571429,59.3419312169
3o4l,33.3333333333,100.0,59.6153846154,29.5652173913,59.3078781122
3qdj,11.1111111111,100.0,42.2018348624,69.6428571429,55.6778190379
5d2n,22.2222222222,99.4413407821,24.7706422018,33.0434782609,50.1902077452
2e7l,33.3333333333,68.7150837989,33.0357142857,57.1428571429,49.0459009488
