pdb_id,pep_identity,mhc_identity,tcrA_identity,tcrB_identity,total_identity
3o4l,33.3333333333,100.0,29.3577981651,23.6842105263,53.2847792264
3qdj,11.1111111111,100.0,37.962962963,37.7192982456,49.6507472385
3ffc,22.2222222222,81.0055865922,30.3571428571,33.0508474576,44.9772679906
2e7l,33.3333333333,68.7150837989,30.6306306306,34.8214285714,44.9248155777
5bs0,11.1111111111,86.5921787709,30.9734513274,33.3333333333,43.2855607375
