pdb_id,pep_identity,mhc_identity,tcrA_identity,tcrB_identity,total_identity
3o4l,33.3333333333,100.0,33.9285714286,29.0598290598,54.9425111925
5eu6,11.1111111111,100.0,34.2105263158,56.5217391304,52.1590812781
4mnq,22.2222222222,100.0,26.3157894737,39.1304347826,51.6484447835
2e7l,33.3333333333,68.7150837989,68.75,33.9130434783,51.1266462904
3ffc,22.2222222222,81.0055865922,26.3157894737,52.1367521368,47.4846932065
