pdb_id,pep_identity,mhc_identity,tcrA_identity,tcrB_identity,total_identity
4eup,11.1111111111,100.0,61.8181818182,56.7567567568,56.7995267995
3o4l,33.3333333333,100.0,33.3333333333,30.0884955752,55.0147492625
4mnq,22.2222222222,100.0,31.8181818182,49.5495495495,54.302029302
5d2n,22.2222222222,99.4413407821,22.7272727273,31.3043478261,49.5597910937
2e7l,33.3333333333,68.7150837989,33.6283185841,56.3636363636,49.014798202
5bs0,11.1111111111,86.5921787709,40.7079646018,36.9369369369,45.5085802171
