pdb_id,pep_identity,mhc_identity,tcrA_identity,tcrB_identity,total_identity
3qdj,11.1111111111,100.0,90.7407407407,35.0877192982,58.0084470435
3o4l,33.3333333333,100.0,41.6666666667,25.0,55.5555555556
5men,22.2222222222,100.0,34.2342342342,32.4561403509,51.8558031716
5d2n,22.2222222222,99.4413407821,23.1481481481,33.9130434783,50.0647196058
