pdb_id,pep_identity,mhc_identity,tcrA_identity,tcrB_identity,total_identity
4eup,11.1111111111,100.0,59.6330275229,56.7567567568,56.435334417
4mnq,22.2222222222,100.0,30.0,54.954954955,54.8998998999
3o4l,33.3333333333,100.0,31.8181818182,23.8938053097,53.7297756324
5d2n,22.2222222222,99.4413407821,22.9357798165,29.5652173913,49.3046872028
2e7l,33.3333333333,68.7150837989,33.9285714286,54.5454545455,48.7618100397
