pdb_id,pep_identity,mhc_identity,tcrA_identity,tcrB_identity,total_identity
4eup,11.1111111111,100.0,32.7433628319,82.4561403509,56.2369542342
3o4l,33.3333333333,100.0,34.8214285714,27.3504273504,54.8064204314
5men,22.2222222222,100.0,30.4347826087,46.9565217391,53.6392914654
5d2n,22.2222222222,99.4413407821,32.1428571429,36.2068965517,51.9461466172
3ffc,22.2222222222,81.0055865922,60.1769911504,26.4957264957,48.8547225458
2e7l,33.3333333333,68.7150837989,32.7433628319,56.1403508772,48.8300913289
