pdb_id,pep_identity,mhc_identity,tcrA_identity,tcrB_identity,total_identity
2bnq,11.1111111111,100.0,85.8407079646,53.982300885,60.3408718453
3o4l,33.3333333333,100.0,36.6071428571,25.8620689655,54.8559797482
5bs0,11.1111111111,86.5921787709,82.3008849558,34.2105263158,51.9863318393
3qeq,11.1111111111,100.0,30.3571428571,52.6315789474,50.8684906711
5d2n,22.2222222222,99.4413407821,22.1238938053,31.3043478261,49.45922794
2e7l,33.3333333333,68.7150837989,34.5132743363,55.7522123894,49.0603868317
