pdb_id,pep_identity,mhc_identity,tcrA_identity,tcrB_identity,total_identity
5d2n,22.2222222222,99.4413407821,25.6637168142,70.6896551724,56.6134163325
3o4l,33.3333333333,100.0,38.9380530973,27.3504273504,55.4925245191
3qdj,11.1111111111,100.0,65.1785714286,33.6206896552,53.503580551
5men,22.2222222222,100.0,35.7142857143,29.3103448276,51.5781791644
3ffc,22.2222222222,81.0055865922,33.9130434783,56.4102564103,49.4631529196
5bs0,11.1111111111,86.5921787709,43.8596491228,45.6896551724,47.4926473432
2e7l,33.3333333333,68.7150837989,40.8695652174,31.3043478261,46.0451245513
