pdb_id,pep_identity,mhc_identity,tcrA_identity,tcrB_identity,total_identity
4mnq,22.2222222222,100.0,27.4336283186,58.5585585586,55.0727718869
3o4l,33.3333333333,100.0,30.6306306306,25.6637168142,53.8268356852
2e7l,33.3333333333,68.7150837989,56.7567567568,54.5454545455,52.5665075944
4eup,11.1111111111,100.0,32.1428571429,60.3603603604,52.4542399542
5bs0,11.1111111111,86.5921787709,34.2105263158,37.2727272727,44.4816388921
3ffc,22.2222222222,81.0055865922,28.9473684211,29.0598290598,44.0771358516
