pdb_id,pep_identity,mhc_identity,tcrA_identity,tcrB_identity,total_identity
3gsn,22.2222222222,100.0,36.1111111111,57.7586206897,56.3856960409
2e7l,33.3333333333,68.7150837989,31.5315315315,60.3448275862,49.3288655637
3ffc,22.2222222222,81.0055865922,32.1428571429,38.4615384615,46.1766688722
