pdb_id,pep_identity,mhc_identity,tcrA_identity,tcrB_identity,total_identity
3o4l,33.3333333333,100.0,88.2352941176,26.724137931,63.6043497859
5men,22.2222222222,100.0,32.1428571429,76.9911504425,58.929742005
3gsn,22.2222222222,100.0,35.1851851852,73.4513274336,58.8468261772
2pye,11.1111111111,100.0,38.0530973451,82.3008849558,57.0960340872
3qdj,11.1111111111,100.0,40.7407407407,63.7168141593,54.4466295204
