pdb_id,pep_identity,mhc_identity,tcrA_identity,tcrB_identity,total_identity
3o4l,33.3333333333,100.0,30.9090909091,27.1929824561,54.1281233386
3qdj,11.1111111111,100.0,60.5504587156,39.2857142857,53.6763992039
5men,22.2222222222,100.0,31.4814814815,36.6071428571,52.0888447972
5bs0,11.1111111111,86.5921787709,35.3982300885,58.0357142857,48.1400873564
3ffc,22.2222222222,81.0055865922,28.5714285714,39.3162393162,45.7238809194
2e7l,33.3333333333,68.7150837989,33.0357142857,31.5315315315,44.7773466803
