pdb_id,pep_identity,mhc_identity,tcrA_identity,tcrB_identity,total_identity
5men,22.2222222222,100.0,40.0,53.982300885,56.4044575549
3o4l,33.3333333333,100.0,36.6071428571,30.4347826087,55.6180986888
3qdj,11.1111111111,100.0,36.6071428571,53.982300885,52.1352776607
5d2n,22.2222222222,99.4413407821,23.0088495575,33.9130434783,50.0415031741
5bs0,11.1111111111,86.5921787709,46.017699115,37.1681415929,46.4320700787
2e7l,33.3333333333,68.7150837989,25.6637168142,48.2142857143,46.3291394655
