pdb_id,pep_identity,mhc_identity,tcrA_identity,tcrB_identity,total_identity
5d2n,22.2222222222,99.4413407821,25.9259259259,86.9565217391,59.368262279
3o4l,33.3333333333,100.0,59.2233009709,28.4482758621,59.0563739166
3ffc,22.2222222222,81.0055865922,42.7272727273,57.264957265,51.0746412702
4mnq,22.2222222222,100.0,29.4642857143,32.4561403509,51.0608117516
3qdj,11.1111111111,100.0,41.6666666667,34.2105263158,49.6832358674
