pdb_id,pep_identity,mhc_identity,tcrA_identity,tcrB_identity,total_identity
3o4l,33.3333333333,100.0,60.0,30.9734513274,59.6066863324
3gsn,22.2222222222,100.0,33.6363636364,48.6725663717,54.4588957421
2e7l,33.3333333333,68.7150837989,32.7433628319,50.0,47.806699516
