pdb_id,pep_identity,mhc_identity,tcrA_identity,tcrB_identity,total_identity
4mnq,22.2222222222,100.0,30.4347826087,91.1504424779,61.0049449218
3gsn,22.2222222222,100.0,25.8928571429,89.3805309735,59.9529720935
2p5e,11.1111111111,100.0,32.1739130435,86.7256637168,56.8536331638
3o4l,33.3333333333,100.0,33.9285714286,29.3103448276,54.9842638205
3qeq,11.1111111111,100.0,30.3571428571,61.0619469027,52.273551997
3ffc,22.2222222222,81.0055865922,59.2920353982,29.0598290598,49.1345803478
