pdb_id,pep_identity,mhc_identity,tcrA_identity,tcrB_identity,total_identity
3o4l,33.3333333333,100.0,33.9622641509,25.641025641,54.3783260764
5men,22.2222222222,100.0,34.2342342342,35.652173913,52.388475432
3qeq,11.1111111111,100.0,52.380952381,27.8260869565,50.4048769266
5bs0,11.1111111111,86.5921787709,36.2831858407,37.3913043478,44.8468449921
3ffc,22.2222222222,81.0055865922,29.0909090909,29.9145299145,44.243509439
