pdb_id,pep_identity,mhc_identity,tcrA_identity,tcrB_identity,total_identity
3o4l,33.3333333333,100.0,51.8181818182,25.8620689655,57.3911529084
5men,22.2222222222,100.0,34.8214285714,32.4561403509,51.9536688945
3qdj,11.1111111111,100.0,49.0909090909,35.0877192982,51.0668084352
5d2n,22.2222222222,99.4413407821,22.5225225225,33.9130434783,49.9604486682
3ffc,22.2222222222,81.0055865922,34.8214285714,37.6068376068,46.4806473012
