pdb_id,pep_identity,mhc_identity,tcrA_identity,tcrB_identity,total_identity
5men,22.2222222222,100.0,86.3636363636,28.6956521739,59.9172888303
5d2n,22.2222222222,99.4413407821,22.7272727273,67.8260869565,55.6467476154
3o4l,33.3333333333,100.0,33.3333333333,26.724137931,54.4540229885
3ffc,22.2222222222,81.0055865922,31.8584070796,56.4102564103,49.1207135198
3qdj,11.1111111111,100.0,38.1818181818,33.0434782609,48.9079197775
