pdb_id,pep_identity,mhc_identity,tcrA_identity,tcrB_identity,total_identity
4mnq,22.2222222222,100.0,39.8230088496,46.8468468468,55.1857166901
3o4l,33.3333333333,100.0,34.8214285714,28.3185840708,54.9677798848
3qeq,11.1111111111,100.0,39.2857142857,56.25,52.9596560847
2e7l,33.3333333333,68.7150837989,28.3185840708,49.0909090909,46.9177212377
5bs0,11.1111111111,86.5921787709,42.4778761062,35.1351351351,45.5032651676
3ffc,22.2222222222,81.0055865922,30.701754386,31.6239316239,44.7968839398
