pdb_id,pep_identity,mhc_identity,tcrA_identity,tcrB_identity,total_identity
5d2n,22.2222222222,99.4413407821,49.0909090909,54.7826086957,57.8667739659
3o4l,33.3333333333,100.0,21.4285714286,26.5486725664,52.4406517769
5men,22.2222222222,100.0,22.3214285714,33.0357142857,49.9669312169
3qeq,11.1111111111,100.0,31.25,34.5132743363,47.9975827598
