pdb_id,pep_identity,mhc_identity,tcrA_identity,tcrB_identity,total_identity
3o4l,33.3333333333,100.0,53.7037037037,27.8260869565,58.0327428878
5d2n,22.2222222222,99.4413407821,24.7706422018,65.2173913043,55.5525265858
5men,22.2222222222,100.0,33.9285714286,32.7433628319,51.8527297841
3qdj,11.1111111111,100.0,48.623853211,32.7433628319,50.5982397108
3ffc,22.2222222222,81.0055865922,34.8214285714,58.1196581197,49.89945072
