pdb_id,pep_identity,mhc_identity,tcrA_identity,tcrB_identity,total_identity
3gsn,22.2222222222,100.0,37.3831775701,55.7522123894,56.263305734
2e7l,33.3333333333,68.7150837989,27.027027027,54.954954955,47.6798027077
