pdb_id,pep_identity,mhc_identity,tcrA_identity,tcrB_identity,total_identity
5d2n,22.2222222222,99.4413407821,49.0909090909,51.3043478261,57.2870638209
3o4l,33.3333333333,100.0,21.4285714286,32.4561403509,53.425229741
5men,22.2222222222,100.0,24.5454545455,40.1785714286,51.5280784031
3qeq,11.1111111111,100.0,30.3571428571,32.7433628319,47.5537879852
3ffc,22.2222222222,81.0055865922,28.3185840708,48.7179487179,47.2486917363
