pdb_id,pep_identity,mhc_identity,tcrA_identity,tcrB_identity,total_identity
5d2n,22.2222222222,99.4413407821,49.0909090909,34.7826086957,54.5334406325
5men,22.2222222222,100.0,23.2142857143,32.1428571429,49.9669312169
3qeq,11.1111111111,100.0,31.25,35.7142857143,48.1977513228
2e7l,33.3333333333,68.7150837989,27.5862068966,38.7387387387,45.07029665
3ffc,22.2222222222,81.0055865922,28.3185840708,35.0427350427,44.9694894571
