pdb_id,pep_identity,mhc_identity,tcrA_identity,tcrB_identity,total_identity
3o4l,33.3333333333,100.0,33.9622641509,27.8260869565,54.7425029624
5eu6,11.1111111111,100.0,37.1681415929,59.2920353982,53.1137332022
5men,22.2222222222,100.0,36.9369369369,35.3982300885,52.7966019116
3ffc,22.2222222222,81.0055865922,30.0,52.1367521368,48.0987282943
2e7l,33.3333333333,68.7150837989,27.027027027,36.2831858407,44.5678411887
