pdb_id,pep_identity,mhc_identity,tcrA_identity,tcrB_identity,total_identity
3o4l,33.3333333333,100.0,36.6071428571,24.347826087,54.6036059351
5men,22.2222222222,100.0,39.2857142857,30.9734513274,52.4506016763
5eu6,11.1111111111,100.0,49.5575221239,37.7192982456,51.5831737653
3ffc,22.2222222222,81.0055865922,32.4561403509,35.0427350427,45.6590821704
2e7l,33.3333333333,68.7150837989,24.7787610619,35.7142857143,44.0983135068
