pdb_id,pep_identity,mhc_identity,tcrA_identity,tcrB_identity,total_identity
5d2n,22.2222222222,99.4413407821,52.380952381,45.6896551724,56.8996222603
3o4l,33.3333333333,100.0,22.4299065421,26.2711864407,52.5612932749
5bs0,11.1111111111,86.5921787709,22.8070175439,89.5652173913,51.2964691165
5men,22.2222222222,100.0,24.3243243243,33.0434782609,50.3020411716
3qeq,11.1111111111,100.0,31.7757009346,30.4347826087,47.4054509609
3ffc,22.2222222222,81.0055865922,28.1818181818,41.8803418803,46.0862962818
