pdb_id,pep_identity,mhc_identity,tcrA_identity,tcrB_identity,total_identity
4eup,11.1111111111,100.0,28.8288288288,85.9649122807,56.169327222
5men,22.2222222222,100.0,38.7387387387,48.6956521739,55.3131392262
3o4l,33.3333333333,100.0,29.0909090909,27.3504273504,53.8513338513
5d2n,22.2222222222,99.4413407821,28.1818181818,28.4482758621,49.9928700088
2e7l,33.3333333333,68.7150837989,24.3243243243,55.2631578947,47.2807194139
