pdb_id,pep_identity,mhc_identity,tcrA_identity,tcrB_identity,total_identity
2pye,11.1111111111,100.0,84.9557522124,75.8928571429,63.8451385962
5men,22.2222222222,100.0,39.8230088496,81.0810810811,60.8914223958
3gsn,22.2222222222,100.0,42.8571428571,74.3362831858,60.2729784146
5eu6,11.1111111111,100.0,86.7256637168,33.6283185841,57.0960340872
3o4l,33.3333333333,100.0,36.6071428571,31.5789473684,55.8087928154
3qdj,11.1111111111,100.0,42.8571428571,68.4684684685,55.5913055913
5bs0,11.1111111111,86.5921787709,84.0707964602,32.4324324324,51.9849681095
