pdb_id,pep_identity,mhc_identity,tcrA_identity,tcrB_identity,total_identity
3o4l,33.3333333333,100.0,33.6363636364,25.8620689655,54.3608498781
5men,22.2222222222,100.0,37.8378378378,32.4561403509,52.4564037722
3qeq,11.1111111111,100.0,50.4587155963,32.4561403509,50.8561796949
5bs0,11.1111111111,86.5921787709,37.1681415929,56.1403508772,48.1191787057
3ffc,22.2222222222,81.0055865922,27.6785714286,40.1709401709,45.7175215381
2e7l,33.3333333333,68.7150837989,26.3157894737,32.7433628319,43.859331095
