pdb_id,pep_identity,mhc_identity,tcrA_identity,tcrB_identity,total_identity
3o4l,33.3333333333,100.0,51.8181818182,28.9473684211,57.9053694843
5men,22.2222222222,100.0,34.8214285714,49.1071428571,54.7288359788
4eup,11.1111111111,100.0,46.3636363636,54.0540540541,53.7733187733
5d2n,22.2222222222,99.4413407821,22.5225225225,41.7391304348,51.2647964943
2e7l,33.3333333333,68.7150837989,33.0357142857,50.4504504505,47.9304998334
