pdb_id,pep_identity,mhc_identity,tcrA_identity,tcrB_identity,total_identity
3qeq,11.1111111111,100.0,94.4444444444,29.4642857143,57.6884920635
3o4l,33.3333333333,100.0,30.2752293578,26.5486725664,53.9150947651
4mnq,22.2222222222,100.0,33.9285714286,33.3333333333,51.9510582011
5d2n,22.2222222222,99.4413407821,30.0,34.7826086957,51.3516224507
3ffc,22.2222222222,81.0055865922,38.9380530973,33.3333333333,46.4545006766
