pdb_id,pep_identity,mhc_identity,tcrA_identity,tcrB_identity,total_identity
3o4l,33.3333333333,100.0,53.2110091743,27.1186440678,57.8327199848
5d2n,22.2222222222,99.4413407821,22.7272727273,67.5213675214,55.5959610429
4mnq,22.2222222222,100.0,33.0357142857,26.4957264957,50.6626475376
3qdj,11.1111111111,100.0,48.623853211,29.9145299145,50.126767558
3ffc,22.2222222222,81.0055865922,33.0357142857,53.8461538462,48.8895809601
