pdb_id,pep_identity,mhc_identity,tcrA_identity,tcrB_identity,total_identity
5d2n,22.2222222222,99.4413407821,27.7777777778,66.9565217391,56.3435709209
3o4l,33.3333333333,100.0,32.7102803738,29.203539823,54.7634144773
5men,22.2222222222,100.0,36.3636363636,29.7297297297,51.7563017563
3qeq,11.1111111111,100.0,52.8301886792,34.5132743363,51.594280873
3ffc,22.2222222222,81.0055865922,28.1818181818,55.5555555556,48.365498561
5bs0,11.1111111111,86.5921787709,37.1681415929,47.3214285714,46.6493583214
