pdb_id,pep_identity,mhc_identity,tcrA_identity,tcrB_identity,total_identity
3qdj,11.1111111111,100.0,90.7407407407,35.3982300885,58.0601988419
3o4l,33.3333333333,100.0,48.1481481481,25.2173913043,56.6720343532
4mnq,22.2222222222,100.0,32.4324324324,33.6283185841,51.7508659102
5d2n,22.2222222222,99.4413407821,23.1481481481,34.7826086957,50.2096471421
