pdb_id,pep_identity,mhc_identity,tcrA_identity,tcrB_identity,total_identity
3o4l,33.3333333333,100.0,29.8245614035,25.2173913043,53.6181032291
2p5e,11.1111111111,100.0,40.350877193,33.9285714286,49.4169451406
2e7l,33.3333333333,68.7150837989,57.0175438596,29.4642857143,48.4297773064
3ffc,22.2222222222,81.0055865922,29.3103448276,33.3333333333,44.8498826316
