pdb_id,pep_identity,mhc_identity,tcrA_identity,tcrB_identity,total_identity
3qdj,11.1111111111,100.0,88.8888888889,30.3571428571,56.9113756614
3o4l,33.3333333333,100.0,40.7407407407,30.9734513274,56.3968097891
5d2n,22.2222222222,99.4413407821,22.2222222222,58.2608695652,53.9683696327
3ffc,22.2222222222,81.0055865922,31.25,76.0683760684,52.2956656162
4mnq,22.2222222222,100.0,32.4324324324,28.8288288288,50.950950951
5bs0,11.1111111111,86.5921787709,38.9380530973,41.9642857143,46.0514864293
