pdb_id,pep_identity,mhc_identity,tcrA_identity,tcrB_identity,total_identity
3o4l,33.3333333333,100.0,40.0,30.0884955752,56.1258603736
2e7l,33.3333333333,68.7150837989,69.3693693694,50.0,53.911033939
4mnq,22.2222222222,100.0,28.0701754386,50.4504504505,53.8275117222
4eup,11.1111111111,100.0,32.1428571429,58.5585585586,52.1539396539
5d2n,22.2222222222,99.4413407821,27.027027027,33.0434782609,50.5662718828
