pdb_id,pep_identity,mhc_identity,tcrA_identity,tcrB_identity,total_identity
3o4l,33.3333333333,100.0,37.8378378378,29.8245614035,55.7215109847
5d2n,22.2222222222,99.4413407821,24.1071428571,56.5217391304,53.9926679994
4mnq,22.2222222222,100.0,26.3157894737,40.5405405405,51.8834624098
3qdj,11.1111111111,100.0,33.3333333333,41.9642857143,49.5866402116
2e7l,33.3333333333,68.7150837989,57.6576576577,35.4545454545,49.5348395628
3ffc,22.2222222222,81.0055865922,28.9473684211,50.4273504274,47.6383894129
5bs0,11.1111111111,86.5921787709,31.5789473684,43.75,45.1225878554
