pdb_id,pep_identity,mhc_identity,tcrA_identity,tcrB_identity,total_identity
3o4l,33.3333333333,100.0,33.6363636364,28.4482758621,54.7918843608
5men,22.2222222222,100.0,37.8378378378,30.9734513274,52.209288935
3qeq,11.1111111111,100.0,50.4587155963,35.3982300885,51.3465279845
5bs0,11.1111111111,86.5921787709,37.1681415929,55.7522123894,48.0544889577
3ffc,22.2222222222,81.0055865922,27.6785714286,46.1538461538,46.7146725352
2e7l,33.3333333333,68.7150837989,26.3157894737,33.6283185841,44.0068237204
