pdb_id,pep_identity,mhc_identity,tcrA_identity,tcrB_identity,total_identity
3o4l,33.3333333333,100.0,51.8181818182,27.4336283186,57.6530794672
5d2n,22.2222222222,99.4413407821,22.5225225225,67.8260869565,55.6126225813
5men,22.2222222222,100.0,34.8214285714,29.4642857143,51.455026455
3qdj,11.1111111111,100.0,49.0909090909,33.9285714286,50.8736171236
3ffc,22.2222222222,81.0055865922,34.8214285714,56.4102564103,49.6145504351
5bs0,11.1111111111,86.5921787709,38.0530973451,48.6486486486,47.018054293
