pdb_id,pep_identity,mhc_identity,tcrA_identity,tcrB_identity,total_identity
3o4l,33.3333333333,100.0,28.1818181818,26.9565217391,53.6341677646
5eu6,11.1111111111,100.0,32.7433628319,46.4912280702,50.2428021874
3ffc,22.2222222222,81.0055865922,30.3571428571,42.735042735,46.5913005368
2e7l,33.3333333333,68.7150837989,31.25,33.9285714286,44.8792342822
