pdb_id,pep_identity,mhc_identity,tcrA_identity,tcrB_identity,total_identity
3o4l,33.3333333333,100.0,32.4561403509,30.0884955752,54.8685504321
5men,22.2222222222,100.0,29.8245614035,50.4504504505,54.1199093831
2e7l,33.3333333333,68.7150837989,62.2807017544,50.0,52.7295893365
4eup,11.1111111111,100.0,34.2105263158,58.5585585586,52.4985511828
3ffc,22.2222222222,81.0055865922,29.3103448276,35.0427350427,45.1347829165
5bs0,11.1111111111,86.5921787709,31.5789473684,40.0,44.4975878554
