pdb_id,pep_identity,mhc_identity,tcrA_identity,tcrB_identity,total_identity
4mnq,22.2222222222,100.0,28.9473684211,56.0344827586,54.904382604
3o4l,33.3333333333,100.0,33.9285714286,25.4237288136,54.3364944848
2e7l,33.3333333333,68.7150837989,69.6428571429,52.1739130435,54.3189340751
4eup,11.1111111111,100.0,32.1428571429,57.3913043478,51.9593972855
5bs0,11.1111111111,86.5921787709,35.0877192982,34.4827586207,44.1628429472
