pdb_id,pep_identity,mhc_identity,tcrA_identity,tcrB_identity,total_identity
3o4l,33.3333333333,100.0,30.9090909091,23.9316239316,53.5845635846
3qdj,11.1111111111,100.0,62.3853211009,31.3043478261,52.6519818582
2e7l,33.3333333333,68.7150837989,33.0357142857,33.3333333333,45.0776469806
5bs0,11.1111111111,86.5921787709,37.1681415929,36.5217391304,44.8494100812
3ffc,22.2222222222,81.0055865922,28.5714285714,31.6239316239,44.4418296374
