pdb_id,pep_identity,mhc_identity,tcrA_identity,tcrB_identity,total_identity
4eup,11.1111111111,100.0,85.3211009174,35.1351351351,57.1130763791
3o4l,33.3333333333,100.0,41.6666666667,23.8938053097,55.3711897738
5men,22.2222222222,100.0,34.2342342342,34.5132743363,52.1986588358
5d2n,22.2222222222,99.4413407821,22.2222222222,30.1724137931,49.2869603373
2e7l,33.3333333333,68.7150837989,34.2342342342,36.036036036,45.7278507558
