pdb_id,pep_identity,mhc_identity,tcrA_identity,tcrB_identity,total_identity
5d2n,22.2222222222,99.4413407821,60.9090909091,34.7826086957,56.5031376022
3o4l,33.3333333333,100.0,22.3214285714,34.7826086957,53.961783989
5men,22.2222222222,100.0,24.1071428571,49.5575221239,53.0181849042
4eup,11.1111111111,100.0,27.6785714286,55.3571428571,50.8763227513
2e7l,33.3333333333,68.7150837989,28.4482758621,48.2142857143,46.7932326401
3ffc,22.2222222222,81.0055865922,32.7433628319,32.4786324786,45.2796021565
