pdb_id,pep_identity,mhc_identity,tcrA_identity,tcrB_identity,total_identity
3o4l,33.3333333333,100.0,30.0884955752,23.9316239316,53.4477976956
3qeq,11.1111111111,100.0,44.6428571429,28.6956521739,49.2601219232
5bs0,11.1111111111,86.5921787709,36.8421052632,42.1052631579,45.7256580309
3ffc,22.2222222222,81.0055865922,31.3043478261,35.0427350427,45.4671167496
2e7l,33.3333333333,68.7150837989,27.4336283186,32.4561403509,43.9977671556
