pdb_id,pep_identity,mhc_identity,tcrA_identity,tcrB_identity,total_identity
5eu6,11.1111111111,100.0,92.0353982301,58.6206896552,62.1463850179
2bnr,11.1111111111,100.0,88.4955752212,26.0869565217,56.1341256609
3o4l,33.3333333333,100.0,38.3928571429,30.7692307692,55.9714590965
5bs0,11.1111111111,86.5921787709,86.7256637168,43.9655172414,54.3496267871
5men,22.2222222222,100.0,40.7079646018,27.5862068966,52.1231026571
