pdb_id,pep_identity,mhc_identity,tcrA_identity,tcrB_identity,total_identity
3o4l,33.3333333333,100.0,33.9449541284,28.9473684211,54.9264982027
5men,22.2222222222,100.0,36.036036036,36.9369369369,52.9029029029
3qeq,11.1111111111,100.0,50.9259259259,32.1428571429,50.8818342152
5bs0,11.1111111111,86.5921787709,36.2831858407,66.6666666667,49.7260720452
3ffc,22.2222222222,81.0055865922,27.9279279279,41.0256410256,45.9015310971
