pdb_id,pep_identity,mhc_identity,tcrA_identity,tcrB_identity,total_identity
3o4l,33.3333333333,100.0,29.5652173913,30.701754386,54.4889397407
4mnq,22.2222222222,100.0,28.6956521739,50.8928571429,54.0054922935
4eup,11.1111111111,100.0,29.5652173913,58.5585585586,51.7243330287
3ffc,22.2222222222,81.0055865922,52.1739130435,35.0427350427,48.9453776192
2e7l,33.3333333333,68.7150837989,37.0689655172,49.5495495495,48.4525582219
5bs0,11.1111111111,86.5921787709,33.9130434783,38.3928571429,44.6187467309
