pdb_id,pep_identity,mhc_identity,tcrA_identity,tcrB_identity,total_identity
5d2n,22.2222222222,99.4413407821,87.8504672897,32.1739130435,60.5585843903
5men,22.2222222222,100.0,22.5225225225,78.3783783784,57.5575575576
3o4l,33.3333333333,100.0,19.2660550459,30.701754386,52.7724126831
3qeq,11.1111111111,100.0,30.2752293578,62.5,52.4995752633
