pdb_id,pep_identity,mhc_identity,tcrA_identity,tcrB_identity,total_identity
4eup,11.1111111111,100.0,36.6972477064,88.2882882883,57.8679597028
5men,22.2222222222,100.0,31.5315315315,52.2522522523,54.7047047047
3o4l,33.3333333333,100.0,29.0909090909,31.8584070796,54.6026638062
5d2n,22.2222222222,99.4413407821,25.4545454545,30.4347826087,49.869409012
2e7l,33.3333333333,68.7150837989,28.5714285714,56.3636363636,48.1719831999
