pdb_id,pep_identity,mhc_identity,tcrA_identity,tcrB_identity,total_identity
4eup,11.1111111111,100.0,90.8256880734,59.2920353982,62.0566576156
4mnq,22.2222222222,100.0,32.4324324324,56.1403508772,55.5028712923
3o4l,33.3333333333,100.0,39.4495412844,25.0,55.1860346585
2bnr,11.1111111111,100.0,42.4778761062,54.8672566372,53.2612258276
