pdb_id,pep_identity,mhc_identity,tcrA_identity,tcrB_identity,total_identity
3o4l,33.3333333333,100.0,28.0701754386,30.0884955752,54.1375562801
5men,22.2222222222,100.0,29.203539823,49.0909090909,53.7898155597
4eup,11.1111111111,100.0,29.8245614035,57.6576576577,51.6174068806
3ffc,22.2222222222,81.0055865922,52.6315789474,34.188034188,48.8792051274
2e7l,33.3333333333,68.7150837989,35.652173913,50.9259259259,48.4458223506
5bs0,11.1111111111,86.5921787709,33.0434782609,39.0909090909,44.590161186
