pdb_id,pep_identity,mhc_identity,tcrA_identity,tcrB_identity,total_identity
3o4l,33.3333333333,100.0,28.9473684211,26.724137931,53.7230288365
5eu6,11.1111111111,100.0,34.2105263158,51.3043478261,51.2895160607
2e7l,33.3333333333,68.7150837989,59.649122807,34.2105263158,49.6594138979
3ffc,22.2222222222,81.0055865922,25.0,47.8632478632,46.5531442487
