pdb_id,pep_identity,mhc_identity,tcrA_identity,tcrB_identity,total_identity
3o4l,33.3333333333,100.0,85.4368932039,26.724137931,63.1379496336
3gsn,22.2222222222,100.0,34.8623853211,30.9734513274,51.7133801822
4mnq,22.2222222222,100.0,32.1428571429,32.7433628319,51.5551107365
5bs0,11.1111111111,86.5921787709,38.9380530973,68.75,50.5157721436
