pdb_id,pep_identity,mhc_identity,tcrA_identity,tcrB_identity,total_identity
3gsn,22.2222222222,100.0,32.7272727273,75.652173913,58.8039818475
3o4l,33.3333333333,100.0,58.0952380952,27.1186440678,58.6467581383
2e7l,33.3333333333,68.7150837989,32.7433628319,50.4347826087,47.8791632842
