pdb_id,pep_identity,mhc_identity,tcrA_identity,tcrB_identity,total_identity
4mnq,22.2222222222,100.0,40.5405405405,51.3513513514,56.0560560561
3o4l,33.3333333333,100.0,37.5,30.9734513274,55.8566863324
4eup,11.1111111111,100.0,40.1785714286,60.3603603604,53.7935256685
5d2n,22.2222222222,99.4413407821,26.5486725664,33.0434782609,50.4865461393
2e7l,33.3333333333,68.7150837989,28.9473684211,50.9090909091,47.3255489324
5bs0,11.1111111111,86.5921787709,44.2477876106,40.9090909091,46.7605763806
3ffc,22.2222222222,81.0055865922,28.0701754386,35.8974358974,45.0705381608
