pdb_id,pep_identity,mhc_identity,tcrA_identity,tcrB_identity,total_identity
3o4l,33.3333333333,100.0,88.2352941176,26.3157894737,63.5362917097
4mnq,22.2222222222,100.0,32.1428571429,33.3333333333,51.6534391534
3gsn,22.2222222222,100.0,34.2592592593,30.9734513274,51.6128591719
