pdb_id,pep_identity,mhc_identity,tcrA_identity,tcrB_identity,total_identity
3o4l,33.3333333333,100.0,29.5652173913,24.1379310345,53.3949691821
5eu6,11.1111111111,100.0,36.5217391304,37.3913043478,49.3558776167
3ffc,22.2222222222,81.0055865922,31.6239316239,33.3333333333,45.235480431
2e7l,33.3333333333,68.7150837989,25.2173913043,30.9734513274,43.3812794827
