pdb_id,pep_identity,mhc_identity,tcrA_identity,tcrB_identity,total_identity
3o4l,33.3333333333,100.0,29.3577981651,28.9473684211,54.1619722088
5eu6,11.1111111111,100.0,33.6283185841,59.2920353982,52.5237627008
4mnq,22.2222222222,100.0,29.7297297297,36.6071428571,51.7968861719
3ffc,22.2222222222,81.0055865922,30.3571428571,52.9914529915,48.3007022462
2e7l,33.3333333333,68.7150837989,30.6306306306,34.8214285714,44.9248155777
