pdb_id,pep_identity,mhc_identity,tcrA_identity,tcrB_identity,total_identity
4mnq,22.2222222222,100.0,27.5862068966,56.6371681416,54.7779699138
3o4l,33.3333333333,100.0,29.3103448276,25.2173913043,53.5324004664
4eup,11.1111111111,100.0,29.3103448276,59.8214285714,51.8923326035
2e7l,33.3333333333,68.7150837989,35.0427350427,53.5714285714,48.7851663131
3ffc,22.2222222222,81.0055865922,53.4482758621,29.9145299145,48.3030705676
5bs0,11.1111111111,86.5921787709,36.2068965517,36.6071428571,44.7034365288
