pdb_id,pep_identity,mhc_identity,tcrA_identity,tcrB_identity,total_identity
3qeq,11.1111111111,100.0,84.6846846847,37.1681415929,57.3458414166
5d2n,22.2222222222,99.4413407821,28.3185840708,58.2608695652,54.9844299408
3o4l,33.3333333333,100.0,29.4642857143,33.3333333333,54.9107142857
5men,22.2222222222,100.0,35.7142857143,36.036036036,52.6991276991
3ffc,22.2222222222,81.0055865922,33.3333333333,50.4273504274,48.3693835649
