pdb_id,pep_identity,mhc_identity,tcrA_identity,tcrB_identity,total_identity
3o4l,33.3333333333,100.0,33.3333333333,28.0701754386,54.6783625731
5men,22.2222222222,100.0,34.2342342342,33.0357142857,51.9523988274
3qeq,11.1111111111,100.0,52.3364485981,33.9285714286,51.4145403748
5bs0,11.1111111111,86.5921787709,37.1681415929,58.9285714286,48.5838821309
3ffc,22.2222222222,81.0055865922,30.0,41.0256410256,46.2468764424
2e7l,33.3333333333,68.7150837989,25.8928571429,33.3333333333,43.8871707901
