pdb_id,pep_identity,mhc_identity,tcrA_identity,tcrB_identity,total_identity
3o4l,33.3333333333,100.0,51.8181818182,25.8620689655,57.3911529084
5men,22.2222222222,100.0,34.8214285714,31.5789473684,51.807470064
5d2n,22.2222222222,99.4413407821,22.5225225225,43.4782608696,51.5546515668
3qdj,11.1111111111,100.0,49.0909090909,35.0877192982,51.0668084352
5bs0,11.1111111111,86.5921787709,38.0530973451,64.0350877193,49.5824608048
3ffc,22.2222222222,81.0055865922,34.8214285714,42.735042735,47.3353481559
