pdb_id,pep_identity,mhc_identity,tcrA_identity,tcrB_identity,total_identity
3o4l,33.3333333333,100.0,84.6153846154,24.7787610619,62.6768020573
5men,22.2222222222,100.0,33.3333333333,32.7272727273,51.7508417508
3gsn,22.2222222222,100.0,33.6363636364,30.9734513274,51.5090432347
