pdb_id,pep_identity,mhc_identity,tcrA_identity,tcrB_identity,total_identity
3o4l,33.3333333333,100.0,32.4561403509,54.4642857143,58.931182122
5men,22.2222222222,100.0,29.8245614035,30.3571428571,50.7710247842
4qrp,11.1111111111,81.0055865922,85.9649122807,28.9473684211,49.8576126847
5eu6,11.1111111111,100.0,40.350877193,35.0877192982,49.6101364522
2e7l,33.3333333333,68.7150837989,49.5652173913,30.9090909091,47.4285237608
3qeq,11.1111111111,100.0,29.8245614035,31.5789473684,47.2709551657
