pdb_id,pep_identity,mhc_identity,tcrA_identity,tcrB_identity,total_identity
4eup,11.1111111111,100.0,85.3211009174,58.5585585586,61.016980283
3o4l,33.3333333333,100.0,40.9090909091,31.5789473684,56.5257841574
5men,22.2222222222,100.0,35.1351351351,50.8928571429,55.0787394537
5d2n,22.2222222222,99.4413407821,21.8181818182,34.7826086957,49.9879860871
