pdb_id,pep_identity,mhc_identity,tcrA_identity,tcrB_identity,total_identity
4mnq,22.2222222222,100.0,28.9473684211,54.954954955,54.7244613034
3o4l,33.3333333333,100.0,29.4642857143,31.8584070796,54.6648932434
2e7l,33.3333333333,68.7150837989,59.8214285714,49.0909090909,52.1681953211
3qdj,11.1111111111,100.0,33.9285714286,54.954954955,51.850958101
4qrp,11.1111111111,81.0055865922,49.1071428571,32.7433628319,44.3473168493
5bs0,11.1111111111,86.5921787709,30.701754386,37.8378378378,43.9910286647
