pdb_id,pep_identity,mhc_identity,tcrA_identity,tcrB_identity,total_identity
3o4l,33.3333333333,100.0,51.8181818182,26.2711864407,57.4593391543
5d2n,22.2222222222,99.4413407821,22.5225225225,44.8275862069,51.779539123
5men,22.2222222222,100.0,34.8214285714,28.6956521739,51.326920865
3qdj,11.1111111111,100.0,49.0909090909,32.1739130435,50.5811740594
5bs0,11.1111111111,86.5921787709,38.0530973451,53.5087719298,47.8280748398
3ffc,22.2222222222,81.0055865922,34.8214285714,44.4444444444,47.6202484408
