pdb_id,pep_identity,mhc_identity,tcrA_identity,tcrB_identity,total_identity
5d2n,22.2222222222,99.4413407821,26.8518518519,68.6956521739,56.4791050057
3o4l,33.3333333333,100.0,34.5794392523,26.3157894737,54.5936492321
3qeq,11.1111111111,100.0,51.8867924528,39.8230088496,52.3220039208
5men,22.2222222222,100.0,34.2342342342,26.5486725664,50.8712252075
3ffc,22.2222222222,81.0055865922,28.1818181818,52.9914529915,47.9381481337
5bs0,11.1111111111,86.5921787709,38.9380530973,44.2477876106,46.4320700787
