pdb_id,pep_identity,mhc_identity,tcrA_identity,tcrB_identity,total_identity
3o4l,33.3333333333,100.0,30.6306306306,26.0869565217,53.8973756365
5men,22.2222222222,100.0,36.6071428571,33.3333333333,52.3974867725
5eu6,11.1111111111,100.0,35.0877192982,52.6315789474,51.656920078
3ffc,22.2222222222,81.0055865922,31.5789473684,48.7179487179,47.7920856192
2e7l,33.3333333333,68.7150837989,27.027027027,37.1681415929,44.7153338141
