pdb_id,pep_identity,mhc_identity,tcrA_identity,tcrB_identity,total_identity
3o4l,33.3333333333,100.0,29.0909090909,26.3157894737,53.6788942052
5eu6,11.1111111111,100.0,34.5132743363,47.7876106195,50.7538511963
3ffc,22.2222222222,81.0055865922,32.1428571429,42.735042735,46.8889195845
2e7l,33.3333333333,68.7150837989,31.25,35.1351351351,45.0803282333
