pdb_id,pep_identity,mhc_identity,tcrA_identity,tcrB_identity,total_identity
5d2n,22.2222222222,99.4413407821,27.9279279279,68.6956521739,56.6584510184
3o4l,33.3333333333,100.0,36.3636363636,27.4336283186,55.0773218915
5men,22.2222222222,100.0,39.8230088496,31.5315315315,52.6331641376
3qeq,11.1111111111,100.0,41.8181818182,34.5132743363,49.7589463961
3ffc,22.2222222222,81.0055865922,31.8584070796,56.4102564103,49.1207135198
5bs0,11.1111111111,86.5921787709,38.0530973451,49.1071428571,47.0944699944
