pdb_id,pep_identity,mhc_identity,tcrA_identity,tcrB_identity,total_identity
5d2n,22.2222222222,99.4413407821,27.4336283186,66.9565217391,56.2862126777
3o4l,33.3333333333,100.0,30.3571428571,30.7692307692,54.6321733822
5men,22.2222222222,100.0,28.0701754386,31.3043478261,50.6364946182
2e7l,33.3333333333,68.7150837989,59.8214285714,36.5217391304,50.073333661
3ffc,22.2222222222,81.0055865922,30.701754386,59.8290598291,49.4977386406
3qeq,11.1111111111,100.0,30.3571428571,40.0,48.7632275132
5bs0,11.1111111111,86.5921787709,33.3333333333,41.7391304348,45.0798405887
