pdb_id,pep_identity,mhc_identity,tcrA_identity,tcrB_identity,total_identity
4eup,11.1111111111,100.0,86.4864864865,54.954954955,60.6106106106
3o4l,33.3333333333,100.0,40.1785714286,29.203539823,56.008129653
4mnq,22.2222222222,100.0,33.3333333333,48.6486486486,54.4044044044
5d2n,22.2222222222,99.4413407821,21.4285714286,34.7826086957,49.9230510222
