pdb_id,pep_identity,mhc_identity,tcrA_identity,tcrB_identity,total_identity
3qdj,11.1111111111,100.0,91.6666666667,37.7192982456,58.6013645224
3o4l,33.3333333333,100.0,39.4495412844,29.3103448276,55.9044254631
5d2n,22.2222222222,99.4413407821,22.9357798165,55.652173913,53.6525132897
5men,22.2222222222,100.0,36.3636363636,35.9649122807,52.7954988481
3ffc,22.2222222222,81.0055865922,32.1428571429,53.8461538462,48.7407714363
