pdb_id,pep_identity,mhc_identity,tcrA_identity,tcrB_identity,total_identity
3gsn,22.2222222222,100.0,35.7142857143,53.4482758621,55.6011676701
2e7l,33.3333333333,68.7150837989,26.9565217391,53.9130434783,47.4943999136
5bs0,11.1111111111,86.5921787709,39.4736842105,34.4827586207,44.8938370992
