pdb_id,pep_identity,mhc_identity,tcrA_identity,tcrB_identity,total_identity
3o4l,33.3333333333,100.0,34.2342342342,25.2173913043,54.3530487009
5men,22.2222222222,100.0,28.9473684211,32.7433628319,51.0225292829
2e7l,33.3333333333,68.7150837989,70.2702702703,29.4642857143,50.6385650415
5eu6,11.1111111111,100.0,33.3333333333,35.9649122807,48.5867446394
3ffc,22.2222222222,81.0055865922,28.9473684211,33.3333333333,44.7893865639
