pdb_id,pep_identity,mhc_identity,tcrA_identity,tcrB_identity,total_identity
5men,22.2222222222,100.0,86.3636363636,50.4504504505,63.5430885431
3gsn,22.2222222222,100.0,37.8378378378,49.5575221239,55.3066340677
3o4l,33.3333333333,100.0,33.3333333333,30.0884955752,55.0147492625
2p5w,11.1111111111,100.0,41.592920354,50.0,52.3025237627
4eup,11.1111111111,100.0,31.8181818182,58.5585585586,52.0998270998
