pdb_id,pep_identity,mhc_identity,tcrA_identity,tcrB_identity,total_identity
3gsn,22.2222222222,100.0,45.1327433628,56.6371681416,57.7023926581
2e7l,33.3333333333,68.7150837989,28.9473684211,62.7272727273,49.2952459021
