pdb_id,pep_identity,mhc_identity,tcrA_identity,tcrB_identity,total_identity
3o4l,33.3333333333,100.0,58.2524271845,26.0869565217,58.5010083955
5bs0,11.1111111111,86.5921787709,34.5132743363,91.9642857143,53.6473566358
5d2n,22.2222222222,99.4413407821,24.0740740741,46.0869565217,52.2480261008
5men,22.2222222222,100.0,30.3571428571,32.1428571429,51.1574074074
4eup,11.1111111111,100.0,40.3669724771,36.6071428571,49.8660562594
3ffc,22.2222222222,81.0055865922,33.6363636364,42.735042735,47.1378373334
