pdb_id,pep_identity,mhc_identity,tcrA_identity,tcrB_identity,total_identity
3o4l,33.3333333333,100.0,33.3333333333,25.641025641,54.2735042735
4eup,11.1111111111,100.0,63.6363636364,33.3333333333,53.1986531987
5men,22.2222222222,100.0,30.0,29.8245614035,50.7115009747
5bs0,11.1111111111,86.5921787709,36.2831858407,53.5087719298,47.5330895891
3ffc,22.2222222222,81.0055865922,28.3185840708,46.1538461538,46.8213413089
2e7l,33.3333333333,68.7150837989,33.6283185841,34.2105263158,45.322613194
