pdb_id,pep_identity,mhc_identity,tcrA_identity,tcrB_identity,total_identity
3qdj,11.1111111111,100.0,89.0909090909,67.5675675676,63.1467831468
5men,22.2222222222,100.0,33.3333333333,81.0810810811,59.8098098098
3gsn,22.2222222222,100.0,39.6396396396,73.4513274336,59.589235253
2pye,11.1111111111,100.0,44.2477876106,75.0,56.9116683055
3o4l,33.3333333333,100.0,39.6396396396,32.4561403509,56.4604077762
