pdb_id,pep_identity,mhc_identity,tcrA_identity,tcrB_identity,total_identity
3o4l,33.3333333333,100.0,51.8181818182,29.8245614035,58.0515683147
5men,22.2222222222,100.0,34.8214285714,33.0357142857,52.0502645503
3qdj,11.1111111111,100.0,49.0909090909,33.0357142857,50.7248075998
5d2n,22.2222222222,99.4413407821,22.5225225225,33.9130434783,49.9604486682
