pdb_id,pep_identity,mhc_identity,tcrA_identity,tcrB_identity,total_identity
3qdj,11.1111111111,100.0,90.7407407407,32.1739130435,57.5228126677
3o4l,33.3333333333,100.0,39.4495412844,25.4237288136,55.2566561274
5bs0,11.1111111111,86.5921787709,41.592920354,91.2280701754,54.7045950489
4mnq,22.2222222222,100.0,33.3333333333,32.1739130435,51.6586151369
5d2n,22.2222222222,99.4413407821,22.0183486239,43.9655172414,51.551831979
3ffc,22.2222222222,81.0055865922,33.9285714286,41.0256410256,46.9016383472
