pdb_id,pep_identity,mhc_identity,tcrA_identity,tcrB_identity,total_identity
3o4l,33.3333333333,100.0,45.5357142857,27.5862068966,56.6314313082
5eu6,11.1111111111,100.0,47.7876106195,43.8596491228,52.3115803274
4mnq,22.2222222222,100.0,31.8584070796,34.5132743363,51.8026876434
3ffc,22.2222222222,81.0055865922,34.2105263158,43.5897435897,47.3759812557
