pdb_id,pep_identity,mhc_identity,tcrA_identity,tcrB_identity,total_identity
4eup,11.1111111111,100.0,84.5454545455,58.5585585586,60.8877058877
3o4l,33.3333333333,100.0,39.6396396396,30.701754386,56.1680101154
5men,22.2222222222,100.0,33.3333333333,50.0,54.6296296296
5d2n,22.2222222222,99.4413407821,22.5225225225,33.0434782609,49.815521132
