pdb_id,pep_identity,mhc_identity,tcrA_identity,tcrB_identity,total_identity
5men,22.2222222222,100.0,30.4347826087,81.25,59.3548711755
3o4l,33.3333333333,100.0,34.2105263158,27.8260869565,54.7838799898
3qdj,11.1111111111,100.0,32.4561403509,65.1785714286,53.3094890003
5d2n,22.2222222222,99.4413407821,28.9473684211,31.3043478261,50.5964737093
3ffc,22.2222222222,81.0055865922,58.7719298246,35.8974358974,50.1874972251
2e7l,33.3333333333,68.7150837989,33.9130434783,58.0357142857,49.3409320047
