pdb_id,pep_identity,mhc_identity,tcrA_identity,tcrB_identity,total_identity
3o4l,33.3333333333,100.0,31.3043478261,33.8983050847,55.3115532629
5men,22.2222222222,100.0,27.8260869565,47.4137931034,53.2807207507
3qdj,11.1111111111,100.0,38.2608695652,48.275862069,51.4598256427
2e7l,33.3333333333,68.7150837989,56.5217391304,46.9565217391,51.2625158557
3ffc,22.2222222222,81.0055865922,29.0598290598,32.4786324786,44.6656798612
