pdb_id,pep_identity,mhc_identity,tcrA_identity,tcrB_identity,total_identity
4mnq,22.2222222222,100.0,29.5652173913,56.1403508772,55.0250021188
3o4l,33.3333333333,100.0,28.6956521739,24.1379310345,53.2500416458
2e7l,33.3333333333,68.7150837989,59.1304347826,53.982300885,52.8682616553
4eup,11.1111111111,100.0,30.4347826087,55.7522123894,51.4015362034
