pdb_id,pep_identity,mhc_identity,tcrA_identity,tcrB_identity,total_identity
3qeq,11.1111111111,100.0,94.4444444444,58.9285714286,62.5992063492
3gsn,22.2222222222,100.0,42.2018348624,46.9026548673,55.591489029
4mnq,22.2222222222,100.0,33.9285714286,47.7477477477,54.3534606035
3o4l,33.3333333333,100.0,30.2752293578,28.3185840708,54.2100800159
2p5w,11.1111111111,100.0,32.7433628319,48.2142857143,50.5299784614
