pdb_id,pep_identity,mhc_identity,tcrA_identity,tcrB_identity,total_identity
3o4l,33.3333333333,100.0,57.6923076923,30.0884955752,59.0745783224
4eup,11.1111111111,100.0,47.7064220183,57.6576576577,54.597716983
4mnq,22.2222222222,100.0,28.5714285714,49.5495495495,53.7609037609
5d2n,22.2222222222,99.4413407821,22.0183486239,33.9130434783,49.8764196851
2e7l,33.3333333333,68.7150837989,33.9285714286,51.8181818182,48.3072645852
