pdb_id,pep_identity,mhc_identity,tcrA_identity,tcrB_identity,total_identity
3o4l,33.3333333333,100.0,37.8378378378,26.3157894737,55.136715663
4mnq,22.2222222222,100.0,26.3157894737,33.9285714286,50.7814675578
2e7l,33.3333333333,68.7150837989,57.6576576577,34.2342342342,49.3314543594
4eup,11.1111111111,100.0,33.9285714286,36.9369369369,48.847955098
3ffc,22.2222222222,81.0055865922,28.9473684211,35.0427350427,45.0742868488
5bs0,11.1111111111,86.5921787709,31.5789473684,42.3423423423,44.8879782458
