pdb_id,pep_identity,mhc_identity,tcrA_identity,tcrB_identity,total_identity
3o4l,33.3333333333,100.0,39.8148148148,26.9565217391,55.5730005368
4eup,11.1111111111,100.0,66.0550458716,32.1428571429,53.4033542061
5men,22.2222222222,100.0,35.1351351351,31.8584070796,51.9063311099
5bs0,11.1111111111,86.5921787709,46.9026548673,38.9380530973,46.8745479548
3ffc,22.2222222222,81.0055865922,36.6071428571,36.7521367521,46.6358162063
2e7l,33.3333333333,68.7150837989,39.6396396396,31.25,45.831078984
