pdb_id,pep_identity,mhc_identity,tcrA_identity,tcrB_identity,total_identity
4eup,11.1111111111,100.0,30.4347826087,90.0900900901,57.1245158202
3o4l,33.3333333333,100.0,34.7826086957,28.9473684211,55.0661072972
4mnq,22.2222222222,100.0,30.4347826087,50.0,54.1465378422
5d2n,22.2222222222,99.4413407821,36.5217391304,27.8260869565,51.2791586826
3ffc,22.2222222222,81.0055865922,61.7391304348,29.9145299145,49.684879663
2e7l,33.3333333333,68.7150837989,31.8965517241,56.7567567568,48.7916904576
