pdb_id,pep_identity,mhc_identity,tcrA_identity,tcrB_identity,total_identity
3o4l,33.3333333333,100.0,34.5794392523,24.7787610619,54.3374778302
5men,22.2222222222,100.0,34.2342342342,35.1351351351,52.3023023023
3qeq,11.1111111111,100.0,50.9433962264,33.9285714286,51.1823649795
5bs0,11.1111111111,86.5921787709,38.9380530973,39.6396396396,45.6640454169
2e7l,33.3333333333,68.7150837989,27.9279279279,37.2727272727,44.8829149108
3ffc,22.2222222222,81.0055865922,28.1818181818,33.3333333333,44.6617948573
