pdb_id,pep_identity,mhc_identity,tcrA_identity,tcrB_identity,total_identity
2bnq,11.1111111111,100.0,86.7256637168,35.9649122807,57.48546637
3o4l,33.3333333333,100.0,36.6071428571,23.0769230769,54.3917887668
5bs0,11.1111111111,86.5921787709,83.185840708,37.3913043478,52.6639541367
5d2n,22.2222222222,99.4413407821,22.1238938053,33.6206896552,49.8452849115
