pdb_id,pep_identity,mhc_identity,tcrA_identity,tcrB_identity,total_identity
3o4l,33.3333333333,100.0,31.3043478261,58.9285714286,59.4832643202
4mnq,22.2222222222,100.0,27.8260869565,32.1428571429,50.7355647573
2e7l,33.3333333333,68.7150837989,67.8260869565,29.0909090909,50.1689717186
5d2n,22.2222222222,99.4413407821,24.1379310345,31.0344827586,49.7499233003
3qdj,11.1111111111,100.0,30.4347826087,34.5132743363,47.8617131945
