pdb_id,pep_identity,mhc_identity,tcrA_identity,tcrB_identity,total_identity
3o4l,33.3333333333,100.0,62.1359223301,24.347826087,58.858402514
3gsn,22.2222222222,100.0,34.2592592593,30.9734513274,51.6128591719
