pdb_id,pep_identity,mhc_identity,tcrA_identity,tcrB_identity,total_identity
5d2n,22.2222222222,99.4413407821,27.1929824561,58.2608695652,54.7968296717
3ffc,22.2222222222,81.0055865922,53.5087719298,50.4273504274,51.7319566643
5men,22.2222222222,100.0,29.5652173913,33.9285714286,51.3230388774
3qeq,11.1111111111,100.0,28.9473684211,45.1327433628,49.3837223344
2e7l,33.3333333333,68.7150837989,36.5217391304,34.8214285714,45.9066669944
5bs0,11.1111111111,86.5921787709,38.2608695652,41.0714285714,45.7898129835
