pdb_id,pep_identity,mhc_identity,tcrA_identity,tcrB_identity,total_identity
3ffc,22.2222222222,81.0055865922,94.6902654867,52.1367521368,58.8804392087
5d2n,22.2222222222,99.4413407821,30.0884955752,57.7586206897,55.1957070456
3o4l,33.3333333333,100.0,31.8584070796,27.9661016949,54.4151959069
4mnq,22.2222222222,100.0,32.1739130435,34.4827586207,51.8501860181
3qeq,11.1111111111,100.0,39.8230088496,36.2068965517,49.7086879373
