pdb_id,pep_identity,mhc_identity,tcrA_identity,tcrB_identity,total_identity
3o4l,33.3333333333,100.0,58.0952380952,25.8620689655,58.4373289546
5d2n,22.2222222222,99.4413407821,21.8181818182,44.347826087,51.5821889856
4mnq,22.2222222222,100.0,28.5714285714,32.7433628319,50.9598726413
4eup,11.1111111111,100.0,46.3636363636,33.6283185841,50.3690295283
5bs0,11.1111111111,86.5921787709,37.1681415929,65.4867256637,49.6769078368
3ffc,22.2222222222,81.0055865922,33.3333333333,42.735042735,47.0873322829
