pdb_id,pep_identity,mhc_identity,tcrA_identity,tcrB_identity,total_identity
5d2n,22.2222222222,99.4413407821,31.4814814815,56.0344827586,55.1405150415
3ffc,22.2222222222,81.0055865922,24.3243243243,88.8888888889,53.2781384737
5men,22.2222222222,100.0,31.8181818182,31.8965517241,51.3598629978
3qdj,11.1111111111,100.0,31.1926605505,33.6206896552,47.8392620713
5bs0,11.1111111111,86.5921787709,29.203539823,41.3793103448,44.3315716553
2e7l,33.3333333333,68.7150837989,30.9734513274,30.1724137931,44.2071165642
