pdb_id,pep_identity,mhc_identity,tcrA_identity,tcrB_identity,total_identity
3o4l,33.3333333333,100.0,57.6923076923,26.4957264957,58.4757834758
5d2n,22.2222222222,99.4413407821,22.0183486239,43.4782608696,51.4706225837
4mnq,22.2222222222,100.0,28.5714285714,32.4561403509,50.9120022278
4eup,11.1111111111,100.0,47.7064220183,35.0877192982,50.8360605898
5bs0,11.1111111111,86.5921787709,36.2831858407,69.0265486726,50.1193857129
3ffc,22.2222222222,81.0055865922,33.6363636364,45.2991452991,47.5651877607
