pdb_id,pep_identity,mhc_identity,tcrA_identity,tcrB_identity,total_identity
3o4l,33.3333333333,100.0,33.0357142857,25.6637168142,54.2276829611
2e7l,33.3333333333,68.7150837989,68.75,39.0909090909,51.9896238926
4mnq,22.2222222222,100.0,29.8245614035,33.3333333333,51.2670565302
5eu6,11.1111111111,100.0,33.3333333333,38.9380530973,49.0822681088
3ffc,22.2222222222,81.0055865922,35.0877192982,35.8974358974,46.2401288041
