pdb_id,pep_identity,mhc_identity,tcrA_identity,tcrB_identity,total_identity
4eup,11.1111111111,100.0,86.2385321101,59.8214285714,61.3803638173
5men,22.2222222222,100.0,34.2342342342,55.7522123894,55.7384818447
3o4l,33.3333333333,100.0,38.8888888889,26.0869565217,55.2737520129
