pdb_id,pep_identity,mhc_identity,tcrA_identity,tcrB_identity,total_identity
4eup,11.1111111111,100.0,85.4545454545,31.5315315315,56.5347165347
3o4l,33.3333333333,100.0,40.5405405405,25.6637168142,55.4784873369
5men,22.2222222222,100.0,36.9369369369,30.9734513274,52.0591387848
5d2n,22.2222222222,99.4413407821,22.5225225225,40.0,50.9749414219
3ffc,22.2222222222,81.0055865922,33.6283185841,48.7179487179,48.1336474885
5bs0,11.1111111111,86.5921787709,41.592920354,41.9642857143,46.4939643054
