pdb_id,pep_identity,mhc_identity,tcrA_identity,tcrB_identity,total_identity
3o4l,33.3333333333,100.0,36.6972477064,26.3157894737,54.9466173078
4mnq,22.2222222222,100.0,29.7297297297,33.6283185841,51.3004154597
5eu6,11.1111111111,100.0,32.7433628319,51.3274336283,51.0488364471
3ffc,22.2222222222,81.0055865922,32.1428571429,47.0085470085,47.6011702967
2e7l,33.3333333333,68.7150837989,30.6306306306,37.5,45.3712441492
