pdb_id,pep_identity,mhc_identity,tcrA_identity,tcrB_identity,total_identity
5men,22.2222222222,100.0,38.1818181818,91.9642857143,62.4317580568
3gsn,22.2222222222,100.0,34.2342342342,91.1504424779,61.6381868594
2f54,11.1111111111,100.0,46.9026548673,91.9642857143,60.181527134
3o4l,33.3333333333,100.0,35.1351351351,28.6956521739,55.082908996
3qdj,11.1111111111,100.0,34.2342342342,65.1785714286,53.6058379808
