pdb_id,pep_identity,mhc_identity,tcrA_identity,tcrB_identity,total_identity
3o4l,33.3333333333,100.0,38.3928571429,27.3504273504,55.4016585267
3qdj,11.1111111111,100.0,66.6666666667,33.3333333333,53.7037037037
5men,22.2222222222,100.0,36.9369369369,30.701754386,52.0138559612
5bs0,11.1111111111,86.5921787709,44.2477876106,64.0350877193,50.6149091823
3ffc,22.2222222222,81.0055865922,35.9649122807,41.0256410256,47.2410284892
2e7l,33.3333333333,68.7150837989,38.5964912281,28.9473684211,45.2734489856
