pdb_id,pep_identity,mhc_identity,tcrA_identity,tcrB_identity,total_identity
5men,22.2222222222,100.0,37.5,91.2280701754,62.1954191033
2bnq,11.1111111111,100.0,40.7079646018,86.8421052632,58.2953820145
3o4l,33.3333333333,100.0,33.3333333333,33.3333333333,55.5555555556
3qdj,11.1111111111,100.0,40.3669724771,64.9122807018,54.5835792335
5d2n,22.2222222222,99.4413407821,23.8532110092,32.1739130435,49.8923750102
