pdb_id,pep_identity,mhc_identity,tcrA_identity,tcrB_identity,total_identity
2bnq,11.1111111111,100.0,87.7192982456,57.5221238938,61.2439407269
4mnq,22.2222222222,100.0,37.7192982456,57.0175438596,56.530214425
3o4l,33.3333333333,100.0,39.4736842105,25.8620689655,55.3337366405
3qdj,11.1111111111,100.0,42.1052631579,53.5087719298,52.9727095517
5bs0,11.1111111111,86.5921787709,81.5789473684,35.0877192982,52.0122077385
5d2n,22.2222222222,99.4413407821,22.6086956522,31.3043478261,49.5400282478
