pdb_id,pep_identity,mhc_identity,tcrA_identity,tcrB_identity,total_identity
5d2n,22.2222222222,99.4413407821,24.347826087,66.0869565217,55.6269847696
5men,22.2222222222,100.0,30.0884955752,27.027027027,50.2599945078
2e7l,33.3333333333,68.7150837989,55.2631578947,33.6363636364,48.8327259659
3ffc,22.2222222222,81.0055865922,28.4482758621,57.264957265,48.6948084593
3qdj,11.1111111111,100.0,33.3333333333,30.3571428571,47.6521164021
5bs0,11.1111111111,86.5921787709,33.3333333333,46.4285714286,45.8614140877
