pdb_id,pep_identity,mhc_identity,tcrA_identity,tcrB_identity,total_identity
3o4l,33.3333333333,100.0,31.5315315315,26.724137931,54.1537226882
5bs0,11.1111111111,86.5921787709,32.4561403509,91.1504424779,53.1688604321
4mnq,22.2222222222,100.0,29.8245614035,33.6283185841,51.3162207387
2e7l,33.3333333333,68.7150837989,63.963963964,29.203539823,49.5440563419
4eup,11.1111111111,100.0,36.6071428571,37.1681415929,49.3329177787
3ffc,22.2222222222,81.0055865922,29.8245614035,41.8803418803,46.3600868188
