pdb_id,pep_identity,mhc_identity,tcrA_identity,tcrB_identity,total_identity
3o4l,33.3333333333,100.0,30.9090909091,29.0598290598,54.4392644393
5men,22.2222222222,100.0,30.0884955752,34.7826086957,51.5525914526
5eu6,11.1111111111,100.0,32.4561403509,53.9130434783,51.4319010086
2e7l,33.3333333333,68.7150837989,56.7567567568,33.0434782609,48.9828448803
3ffc,22.2222222222,81.0055865922,27.1929824561,50.4273504274,47.345991752
