pdb_id,pep_identity,mhc_identity,tcrA_identity,tcrB_identity,total_identity
5d2n,22.2222222222,99.4413407821,86.3636363636,32.1739130435,60.310779236
3o4l,33.3333333333,100.0,18.75,24.347826087,51.6274154589
5men,22.2222222222,100.0,22.3214285714,31.8584070796,49.7707133493
