pdb_id,pep_identity,mhc_identity,tcrA_identity,tcrB_identity,total_identity
5men,22.2222222222,100.0,22.0183486239,79.2792792793,57.6236787246
5d2n,22.2222222222,99.4413407821,50.4672897196,33.9130434783,54.6179098678
3o4l,33.3333333333,100.0,20.1834862385,28.9473684211,52.632920221
3qeq,11.1111111111,100.0,29.3577981651,61.6071428571,52.1978605408
2e7l,33.3333333333,68.7150837989,27.4336283186,57.6576576577,48.1980200401
