pdb_id,pep_identity,mhc_identity,tcrA_identity,tcrB_identity,total_identity
4eup,11.1111111111,100.0,84.6846846847,37.5,57.4011511512
3o4l,33.3333333333,100.0,39.2857142857,27.1929824561,55.5242272348
5bs0,11.1111111111,86.5921787709,40.7079646018,94.5454545455,55.1099998186
5men,22.2222222222,100.0,36.036036036,33.3333333333,52.3023023023
5d2n,22.2222222222,99.4413407821,23.2142857143,44.347826087,51.8148729683
3ffc,22.2222222222,81.0055865922,32.4561403509,41.0256410256,46.6562331676
