pdb_id,pep_identity,mhc_identity,tcrA_identity,tcrB_identity,total_identity
3o4l,33.3333333333,100.0,31.5789473684,35.3982300885,55.6073073539
5men,22.2222222222,100.0,32.4561403509,50.9090909091,54.6349459507
2e7l,33.3333333333,68.7150837989,60.5263157895,49.5412844037,52.3607390763
4eup,11.1111111111,100.0,33.3333333333,55.8558558559,51.9019019019
3ffc,22.2222222222,81.0055865922,29.3103448276,32.4786324786,44.7074324892
