pdb_id,pep_identity,mhc_identity,tcrA_identity,tcrB_identity,total_identity
3o4l,33.3333333333,100.0,31.5789473684,26.2711864407,54.0861334126
5men,22.2222222222,100.0,30.4347826087,28.4482758621,50.5545838192
3ffc,22.2222222222,81.0055865922,53.5087719298,39.3162393162,49.8801048125
5eu6,11.1111111111,100.0,38.2608695652,38.4615384615,49.8241050415
2e7l,33.3333333333,68.7150837989,34.7826086957,29.5652173913,44.7407767252
