pdb_id,pep_identity,mhc_identity,tcrA_identity,tcrB_identity,total_identity
3o4l,33.3333333333,100.0,40.7407407407,25.0,55.4012345679
4eup,11.1111111111,100.0,67.8899082569,38.0530973451,54.6942046374
4mnq,22.2222222222,100.0,36.036036036,33.3333333333,52.3023023023
5bs0,11.1111111111,86.5921787709,45.1327433628,40.350877193,46.8150333867
2e7l,33.3333333333,68.7150837989,38.7387387387,38.0530973451,46.8147783914
3ffc,22.2222222222,81.0055865922,35.7142857143,36.7521367521,46.4870066825
