pdb_id,pep_identity,mhc_identity,tcrA_identity,tcrB_identity,total_identity
5men,22.2222222222,100.0,86.2385321101,33.3333333333,60.6693849813
3o4l,33.3333333333,100.0,32.4324324324,25.8620689655,54.1601946774
5d2n,22.2222222222,99.4413407821,23.6363636364,34.7826086957,50.2910163901
3qdj,11.1111111111,100.0,36.3636363636,35.9649122807,49.0917951444
