pdb_id,pep_identity,mhc_identity,tcrA_identity,tcrB_identity,total_identity
4eup,11.1111111111,100.0,30.701754386,90.990990991,57.3191612665
5men,22.2222222222,100.0,31.3043478261,55.3571428571,55.1843225213
3o4l,33.3333333333,100.0,32.4561403509,28.0701754386,54.5321637427
5d2n,22.2222222222,99.4413407821,28.9473684211,30.4347826087,50.4515461731
3ffc,22.2222222222,81.0055865922,58.7719298246,29.0598290598,49.0478960855
2e7l,33.3333333333,68.7150837989,32.1739130435,55.8558558559,48.687767194
