pdb_id,pep_identity,mhc_identity,tcrA_identity,tcrB_identity,total_identity
3o4l,33.3333333333,100.0,34.2342342342,33.6206896552,55.753598426
3ffc,22.2222222222,81.0055865922,31.8584070796,87.1794871795,54.248918648
5d2n,22.2222222222,99.4413407821,25.8928571429,53.9130434783,53.8555044383
5men,22.2222222222,100.0,44.2477876106,31.5789473684,53.3785299039
3qeq,11.1111111111,100.0,39.6396396396,33.3333333333,49.1991991992
5bs0,11.1111111111,86.5921787709,38.9380530973,41.2280701754,45.9287838395
