pdb_id,pep_identity,mhc_identity,tcrA_identity,tcrB_identity,total_identity
2bnq,11.1111111111,100.0,86.7256637168,54.8672566372,60.635857096
3o4l,33.3333333333,100.0,37.5,27.5862068966,55.2921455939
5bs0,11.1111111111,86.5921787709,84.0707964602,33.3333333333,52.1351182596
3qeq,11.1111111111,100.0,32.1428571429,51.7543859649,51.0199108883
2e7l,33.3333333333,68.7150837989,36.2831858407,57.5221238938,49.6503573332
5d2n,22.2222222222,99.4413407821,23.0088495575,30.4347826087,49.4617930292
