pdb_id,pep_identity,mhc_identity,tcrA_identity,tcrB_identity,total_identity
3o4l,33.3333333333,100.0,27.358490566,27.1929824561,53.5363566148
5eu6,11.1111111111,100.0,30.0884955752,41.592920354,48.9839396919
3ffc,22.2222222222,81.0055865922,28.1818181818,38.4615384615,45.516495712
2e7l,33.3333333333,68.7150837989,31.25,30.6306306306,44.3295774825
