pdb_id,pep_identity,mhc_identity,tcrA_identity,tcrB_identity,total_identity
5d2n,22.2222222222,99.4413407821,31.7757009346,52.1739130435,54.5461233311
5men,22.2222222222,100.0,30.9090909091,39.8230088496,52.5294240338
3qdj,11.1111111111,100.0,29.6296296296,36.2831858407,48.0225062821
3ffc,22.2222222222,81.0055865922,28.1818181818,48.7179487179,47.2258974214
2e7l,33.3333333333,68.7150837989,31.25,31.8584070796,44.5342068907
5bs0,11.1111111111,86.5921787709,29.203539823,40.7079646018,44.2196806982
