pdb_id,pep_identity,mhc_identity,tcrA_identity,tcrB_identity,total_identity
3qdj,11.1111111111,100.0,88.8888888889,32.1428571429,57.208994709
3o4l,33.3333333333,100.0,41.6666666667,23.6842105263,55.3362573099
4mnq,22.2222222222,100.0,33.3333333333,32.1428571429,51.6534391534
5d2n,22.2222222222,99.4413407821,29.6296296296,33.9130434783,51.1449665194
