pdb_id,pep_identity,mhc_identity,tcrA_identity,tcrB_identity,total_identity
3gsn,22.2222222222,100.0,33.6363636364,53.0973451327,55.1963588689
2e7l,33.3333333333,68.7150837989,26.1261261261,54.4642857143,47.4478743508
