pdb_id,pep_identity,mhc_identity,tcrA_identity,tcrB_identity,total_identity
3o4l,33.3333333333,100.0,36.9369369369,25.2173913043,54.8034991513
5eu6,11.1111111111,100.0,49.5575221239,43.3628318584,52.5237627008
4mnq,22.2222222222,100.0,35.7142857143,30.3571428571,51.7526455026
3ffc,22.2222222222,81.0055865922,30.9734513274,41.8803418803,46.5515684728
