pdb_id,pep_identity,mhc_identity,tcrA_identity,tcrB_identity,total_identity
3o4l,33.3333333333,100.0,51.7857142857,23.9316239316,57.064000814
5men,22.2222222222,100.0,36.6071428571,32.1739130435,52.2042500575
3qdj,11.1111111111,100.0,49.1071428571,32.1739130435,50.5838796871
5d2n,22.2222222222,99.4413407821,24.7787610619,34.4827586207,50.4314409486
