pdb_id,pep_identity,mhc_identity,tcrA_identity,tcrB_identity,total_identity
3o4l,33.3333333333,100.0,85.8490566038,33.0434782609,64.2598669219
5eu6,11.1111111111,100.0,41.2280701754,58.407079646,53.6428953406
3gsn,22.2222222222,100.0,32.1428571429,40.350877193,52.8230297967
4mnq,22.2222222222,100.0,31.8584070796,36.2831858407,52.0976728941
