pdb_id,pep_identity,mhc_identity,tcrA_identity,tcrB_identity,total_identity
5eu6,11.1111111111,100.0,87.610619469,89.4736842105,66.5510876503
2bnq,11.1111111111,100.0,85.8407079646,33.3333333333,56.8993772534
5d2n,22.2222222222,99.4413407821,21.2389380531,72.1739130435,56.1233295175
3o4l,33.3333333333,100.0,37.5,28.4482758621,55.4358237548
