pdb_id,pep_identity,mhc_identity,tcrA_identity,tcrB_identity,total_identity
3o4l,33.3333333333,100.0,51.8181818182,26.0869565217,57.4286341678
5d2n,22.2222222222,99.4413407821,22.5225225225,70.4347826087,56.04740519
5men,22.2222222222,100.0,34.8214285714,27.1929824561,51.076475912
3qdj,11.1111111111,100.0,49.0909090909,31.5789473684,50.4820131136
3ffc,22.2222222222,81.0055865922,35.7142857143,56.4102564103,49.7633599589
5bs0,11.1111111111,86.5921787709,38.9380530973,46.4912280702,46.8059768219
