pdb_id,pep_identity,mhc_identity,tcrA_identity,tcrB_identity,total_identity
3gsn,22.2222222222,100.0,37.2727272727,78.7610619469,60.0797056107
3o4l,33.3333333333,100.0,34.5454545455,29.8245614035,55.1727804359
2e7l,33.3333333333,68.7150837989,27.9279279279,56.3636363636,48.0647330927
