pdb_id,pep_identity,mhc_identity,tcrA_identity,tcrB_identity,total_identity
3gsn,22.2222222222,100.0,34.8214285714,86.9565217391,61.0370657925
4mnq,22.2222222222,100.0,31.4814814815,83.4782608696,59.9006977992
2p5e,11.1111111111,100.0,36.2831858407,83.4782608696,56.9972781554
3o4l,33.3333333333,100.0,31.25,27.9661016949,54.3137947269
3qeq,11.1111111111,100.0,31.25,60.8695652174,52.3902979066
