pdb_id,pep_identity,mhc_identity,tcrA_identity,tcrB_identity,total_identity
3o4l,33.3333333333,100.0,37.8378378378,30.0884955752,55.7655000133
5men,22.2222222222,100.0,39.2857142857,50.4504504505,55.6967681968
4eup,11.1111111111,100.0,34.2342342342,58.5585585586,52.5025025025
5d2n,22.2222222222,99.4413407821,25.0,33.0434782609,50.2284340449
5bs0,11.1111111111,86.5921787709,46.9026548673,40.0,47.0515391052
2e7l,33.3333333333,68.7150837989,25.8928571429,50.0,46.6649485679
3ffc,22.2222222222,81.0055865922,32.7433628319,35.0427350427,45.7069525839
