pdb_id,pep_identity,mhc_identity,tcrA_identity,tcrB_identity,total_identity
3o4l,33.3333333333,100.0,51.8181818182,30.4347826087,58.1532718489
3ffc,22.2222222222,81.0055865922,32.1428571429,86.3247863248,54.1538768494
5d2n,22.2222222222,99.4413407821,22.5225225225,54.7826086957,53.4387095378
5men,22.2222222222,100.0,33.0357142857,35.3982300885,52.1463981364
3qdj,11.1111111111,100.0,47.2727272727,36.2831858407,50.9630225559
