pdb_id,pep_identity,mhc_identity,tcrA_identity,tcrB_identity,total_identity
3qdj,11.1111111111,100.0,89.9082568807,62.1621621622,62.3821068775
5men,22.2222222222,100.0,33.9449541284,76.5765765766,59.1609958582
3gsn,22.2222222222,100.0,37.2727272727,72.5663716814,59.0472572331
2pye,11.1111111111,100.0,40.7079646018,75.0,56.321697804
3o4l,33.3333333333,100.0,39.0909090909,29.8245614035,55.9303561935
