pdb_id,pep_identity,mhc_identity,tcrA_identity,tcrB_identity,total_identity
3qeq,11.1111111111,100.0,87.037037037,33.3333333333,57.0987654321
3o4l,33.3333333333,100.0,30.2752293578,33.6206896552,55.0937642799
3ffc,22.2222222222,81.0055865922,32.7433628319,87.1794871795,54.3964112734
5d2n,22.2222222222,99.4413407821,29.0909090909,53.9130434783,54.3885130963
5men,22.2222222222,100.0,33.9285714286,31.5789473684,51.6586605402
