pdb_id,pep_identity,mhc_identity,tcrA_identity,tcrB_identity,total_identity
5d2n,22.2222222222,99.4413407821,53.3333333333,65.2173913043,60.3129751077
3o4l,33.3333333333,100.0,22.4299065421,31.5789473684,53.4459200962
5men,22.2222222222,100.0,21.6216216216,34.2342342342,50.0500500501
3qeq,11.1111111111,100.0,32.7102803738,39.8230088496,49.1259185743
3ffc,22.2222222222,81.0055865922,30.0,58.1196581197,49.0958792914
