pdb_id,pep_identity,mhc_identity,tcrA_identity,tcrB_identity,total_identity
3o4l,33.3333333333,100.0,51.8181818182,26.3157894737,57.4667729931
5d2n,22.2222222222,99.4413407821,22.5225225225,68.6956521739,55.7575501175
5men,22.2222222222,100.0,34.8214285714,27.4336283186,51.1165835557
3qdj,11.1111111111,100.0,49.0909090909,30.9734513274,50.3810971068
3ffc,22.2222222222,81.0055865922,34.8214285714,57.264957265,49.7570005775
5bs0,11.1111111111,86.5921787709,38.0530973451,48.6725663717,47.0220405802
