pdb_id,pep_identity,mhc_identity,tcrA_identity,tcrB_identity,total_identity
3o4l,33.3333333333,100.0,52.2522522523,27.8260869565,57.7908343126
5d2n,22.2222222222,99.4413407821,23.2142857143,57.3913043478,53.9887860118
5men,22.2222222222,100.0,36.6071428571,35.3982300885,52.7416362317
3qdj,11.1111111111,100.0,49.5495495495,38.0530973451,51.6374781862
3ffc,22.2222222222,81.0055865922,33.6283185841,52.1367521368,48.7034480583
