pdb_id,pep_identity,mhc_identity,tcrA_identity,tcrB_identity,total_identity
3o4l,33.3333333333,100.0,31.3043478261,31.8584070796,54.9715702621
4mnq,22.2222222222,100.0,31.8584070796,48.1818181818,54.0807782843
4eup,11.1111111111,100.0,27.8260869565,54.0540540541,50.6837272055
3ffc,22.2222222222,81.0055865922,60.8695652174,32.4786324786,49.9673025541
2e7l,33.3333333333,68.7150837989,31.8965517241,49.5412844037,47.589111732
