pdb_id,pep_identity,mhc_identity,tcrA_identity,tcrB_identity,total_identity
3o4l,33.3333333333,100.0,36.6972477064,26.3157894737,54.9466173078
4mnq,22.2222222222,100.0,29.7297297297,33.0357142857,51.2016480766
3qdj,11.1111111111,100.0,39.8148148148,33.0357142857,49.1787918871
3ffc,22.2222222222,81.0055865922,32.1428571429,32.4786324786,45.179517875
5bs0,11.1111111111,86.5921787709,31.8584070796,38.3928571429,44.2763073311
2e7l,33.3333333333,68.7150837989,30.6306306306,29.7297297297,44.0761991041
