pdb_id,pep_identity,mhc_identity,tcrA_identity,tcrB_identity,total_identity
5men,22.2222222222,100.0,86.2385321101,59.8214285714,65.084067521
3gsn,22.2222222222,100.0,37.8378378378,57.5221238938,56.634067696
3qeq,11.1111111111,100.0,33.6363636364,74.1071428571,54.9942881193
3o4l,33.3333333333,100.0,32.4324324324,28.0701754386,54.5282124229
2f54,11.1111111111,100.0,41.592920354,60.3603603604,54.0292504894
