pdb_id,pep_identity,mhc_identity,tcrA_identity,tcrB_identity,total_identity
3o4l,33.3333333333,100.0,31.4814814815,26.4957264957,54.1073124406
4mnq,22.2222222222,100.0,29.7297297297,36.8421052632,51.8360465729
3qdj,11.1111111111,100.0,36.3636363636,40.350877193,49.8227892965
5bs0,11.1111111111,86.5921787709,32.7433628319,66.6666666667,49.1361015438
3ffc,22.2222222222,81.0055865922,34.8214285714,43.5897435897,47.4777982983
2e7l,33.3333333333,68.7150837989,32.4561403509,28.9473684211,44.2500571727
