pdb_id,pep_identity,mhc_identity,tcrA_identity,tcrB_identity,total_identity
3o4l,33.3333333333,100.0,30.0,55.7522123894,58.7364798427
5d2n,22.2222222222,99.4413407821,23.4234234234,37.0689655172,50.6365858249
5men,22.2222222222,100.0,26.7857142857,30.701754386,50.3219855194
2e7l,33.3333333333,68.7150837989,57.6576576577,31.25,48.834081987
3qdj,11.1111111111,100.0,33.3333333333,33.3333333333,48.1481481481
