pdb_id,pep_identity,mhc_identity,tcrA_identity,tcrB_identity,total_identity
3o4l,33.3333333333,100.0,85.7142857143,29.203539823,63.5974153673
4mnq,22.2222222222,100.0,32.1428571429,48.6486486486,54.205991706
3gsn,22.2222222222,100.0,32.4324324324,47.7876106195,54.1107479161
4eup,11.1111111111,100.0,41.4414414414,53.1531531532,52.8028028028
2bnr,11.1111111111,100.0,38.9380530973,49.5495495495,51.7849708115
