pdb_id,pep_identity,mhc_identity,tcrA_identity,tcrB_identity,total_identity
3qdj,11.1111111111,100.0,89.8148148148,60.3603603604,62.0662328996
3gsn,22.2222222222,100.0,41.6666666667,60.1769911504,57.7146837103
5men,22.2222222222,100.0,33.3333333333,62.1621621622,56.6566566567
3o4l,33.3333333333,100.0,41.6666666667,28.0701754386,56.067251462
2f53,11.1111111111,100.0,40.7079646018,61.6071428571,54.0895549469
2e7l,33.3333333333,68.7150837989,33.3333333333,63.963963964,50.2323552603
