pdb_id,pep_identity,mhc_identity,tcrA_identity,tcrB_identity,total_identity
5d2n,22.2222222222,99.4413407821,50.0,32.7586206897,54.3476244497
4mnq,22.2222222222,100.0,21.4285714286,32.1739130435,49.6744881527
3qdj,11.1111111111,100.0,25.8928571429,33.0434782609,46.8597596043
3ffc,22.2222222222,81.0055865922,26.5486725664,37.6068376068,45.1018546337
2e7l,33.3333333333,68.7150837989,27.5862068966,35.0877192982,44.4617934099
5bs0,11.1111111111,86.5921787709,26.0869565217,40.8695652174,43.7271835839
