pdb_id,pep_identity,mhc_identity,tcrA_identity,tcrB_identity,total_identity
5bs0,11.1111111111,86.5921787709,82.3008849558,89.5652173913,61.2121136852
5eu6,11.1111111111,100.0,90.2654867257,43.1034482759,59.2651928706
2bnr,11.1111111111,100.0,85.8407079646,32.1739130435,56.7061405384
3o4l,33.3333333333,100.0,37.5,26.2711864407,55.0729755179
4mnq,22.2222222222,100.0,38.0530973451,33.0434782609,52.5901700084
3qdj,11.1111111111,100.0,41.9642857143,31.3043478261,49.2484759604
