pdb_id,pep_identity,mhc_identity,tcrA_identity,tcrB_identity,total_identity
5d2n,22.2222222222,99.4413407821,28.3185840708,57.3913043478,54.8395024046
5men,22.2222222222,100.0,29.8245614035,35.3982300885,51.6112059894
2e7l,33.3333333333,68.7150837989,63.3928571429,36.2831858407,50.6288128747
3qdj,11.1111111111,100.0,33.9285714286,38.0530973451,49.0339818327
3ffc,22.2222222222,81.0055865922,30.701754386,52.1367521368,48.2156873586
5bs0,11.1111111111,86.5921787709,32.4561403509,42.4778761062,45.0567660369
