pdb_id,pep_identity,mhc_identity,tcrA_identity,tcrB_identity,total_identity
3qdj,11.1111111111,100.0,88.8888888889,65.1785714286,62.7149470899
3gsn,22.2222222222,100.0,40.7407407407,89.3805309735,62.4276193598
5men,22.2222222222,100.0,33.3333333333,91.9642857143,61.6236772487
2bnr,11.1111111111,100.0,41.592920354,90.1785714286,58.9989523341
3o4l,33.3333333333,100.0,41.6666666667,28.6956521739,56.1714975845
