pdb_id,pep_identity,mhc_identity,tcrA_identity,tcrB_identity,total_identity
4eup,11.1111111111,100.0,85.3211009174,58.5585585586,61.016980283
3o4l,33.3333333333,100.0,41.2844036697,31.5789473684,56.5883362841
4mnq,22.2222222222,100.0,33.3333333333,49.1071428571,54.4808201058
2bnr,11.1111111111,100.0,41.592920354,50.4504504505,52.3775988378
5d2n,22.2222222222,99.4413407821,29.3577981651,32.1739130435,50.8098062029
