pdb_id,pep_identity,mhc_identity,tcrA_identity,tcrB_identity,total_identity
3o4l,33.3333333333,100.0,37.5,26.5486725664,55.1192232055
5eu6,11.1111111111,100.0,37.3913043478,46.9026548673,51.0860302396
4mnq,22.2222222222,100.0,27.8260869565,33.6363636364,50.9844825062
3ffc,22.2222222222,81.0055865922,52.2123893805,42.735042735,50.2338416241
2e7l,33.3333333333,68.7150837989,35.3982300885,34.2592592593,45.625720602
