pdb_id,pep_identity,mhc_identity,tcrA_identity,tcrB_identity,total_identity
3ffc,22.2222222222,81.0055865922,84.2105263158,39.3162393162,54.9970638768
3o4l,33.3333333333,100.0,30.701754386,24.347826087,53.6193745233
5men,22.2222222222,100.0,31.8584070796,30.0884955752,51.0652245166
5eu6,11.1111111111,100.0,36.5217391304,43.8596491228,50.4339350792
2e7l,33.3333333333,68.7150837989,29.5652173913,32.1428571429,44.3008181331
