pdb_id,pep_identity,mhc_identity,tcrA_identity,tcrB_identity,total_identity
5d2n,22.2222222222,99.4413407821,29.3103448276,67.8260869565,56.7439262988
3o4l,33.3333333333,100.0,33.6206896552,32.1739130435,55.4102115609
3ffc,22.2222222222,81.0055865922,59.4827586207,58.1196581197,54.0096723949
5men,22.2222222222,100.0,33.3333333333,34.5132743363,52.0485086857
3qeq,11.1111111111,100.0,30.1724137931,40.7079646018,48.8504334362
