pdb_id,pep_identity,mhc_identity,tcrA_identity,tcrB_identity,total_identity
3o4l,33.3333333333,100.0,39.4495412844,27.9661016949,55.680384941
5eu6,11.1111111111,100.0,49.5575221239,59.4827586207,55.2104171611
3ffc,22.2222222222,81.0055865922,33.6283185841,90.5982905983,55.1137044685
5men,22.2222222222,100.0,38.3928571429,30.1724137931,52.1682858967
