pdb_id,pep_identity,mhc_identity,tcrA_identity,tcrB_identity,total_identity
3gsn,22.2222222222,100.0,37.6146788991,49.5575221239,55.2694409112
2e7l,33.3333333333,68.7150837989,27.027027027,50.0,46.8539768819
5bs0,11.1111111111,86.5921787709,42.4778761062,40.0,46.3140759784
3ffc,22.2222222222,81.0055865922,27.4336283186,35.8974358974,44.9644469741
