pdb_id,pep_identity,mhc_identity,tcrA_identity,tcrB_identity,total_identity
3gsn,22.2222222222,100.0,39.8148148148,73.0434782609,59.5504562534
3o4l,33.3333333333,100.0,39.8148148148,27.1186440678,55.6000209249
2e7l,33.3333333333,68.7150837989,37.8378378378,56.5217391304,49.7427352055
