pdb_id,pep_identity,mhc_identity,tcrA_identity,tcrB_identity,total_identity
5men,22.2222222222,100.0,30.0,84.5454545455,59.8316498316
3qdj,11.1111111111,100.0,31.5315315315,66.6666666667,53.4034034034
3o4l,33.3333333333,100.0,25.2252252252,28.0701754386,53.3270112217
5d2n,22.2222222222,99.4413407821,24.1071428571,31.3043478261,49.7897694487
