pdb_id,pep_identity,mhc_identity,tcrA_identity,tcrB_identity,total_identity
5men,22.2222222222,100.0,22.0183486239,76.1061946903,57.0948312931
5d2n,22.2222222222,99.4413407821,48.1481481481,32.1739130435,53.9415312001
3o4l,33.3333333333,100.0,20.0,27.5862068966,52.3754789272
3qeq,11.1111111111,100.0,28.1818181818,57.5221238938,51.321027383
2e7l,33.3333333333,68.7150837989,26.3157894737,56.6371681416,47.84163198
