pdb_id,pep_identity,mhc_identity,tcrA_identity,tcrB_identity,total_identity
5eu6,11.1111111111,100.0,38.5964912281,80.8695652174,56.9480464446
3o4l,33.3333333333,100.0,31.8584070796,29.9145299145,54.7399339435
5men,22.2222222222,100.0,29.7297297297,31.3043478261,50.913087
3ffc,22.2222222222,81.0055865922,28.6956521739,58.9743589744,49.0209381295
2e7l,33.3333333333,68.7150837989,33.0434782609,36.5217391304,45.6103419426
