pdb_id,pep_identity,mhc_identity,tcrA_identity,tcrB_identity,total_identity
3o4l,33.3333333333,100.0,33.0357142857,28.9473684211,54.7749582289
5eu6,11.1111111111,100.0,43.3628318584,58.407079646,53.9986889544
5men,22.2222222222,100.0,41.592920354,36.036036036,53.6789001391
3ffc,22.2222222222,81.0055865922,30.701754386,52.1367521368,48.2156873586
2e7l,33.3333333333,68.7150837989,28.3185840708,37.8378378378,45.0422093622
