pdb_id,pep_identity,mhc_identity,tcrA_identity,tcrB_identity,total_identity
3o4l,33.3333333333,100.0,58.0952380952,29.203539823,58.9942407642
5men,22.2222222222,100.0,31.25,49.0909090909,54.1308922559
4eup,11.1111111111,100.0,40.9090909091,53.1531531532,52.7140777141
5d2n,22.2222222222,99.4413407821,23.6363636364,31.3043478261,49.7113062452
2e7l,33.3333333333,68.7150837989,34.5132743363,55.0458715596,48.9426633601
