pdb_id,pep_identity,mhc_identity,tcrA_identity,tcrB_identity,total_identity
5d2n,22.2222222222,99.4413407821,84.4036697248,33.6206896552,60.2252475648
3o4l,33.3333333333,100.0,18.9189189189,29.9145299145,52.5833525834
4mnq,22.2222222222,100.0,20.7207207207,46.9565217391,52.0202811507
4eup,11.1111111111,100.0,26.1261261261,52.6315789474,50.163321216
