pdb_id,pep_identity,mhc_identity,tcrA_identity,tcrB_identity,total_identity
3qeq,11.1111111111,100.0,94.4444444444,34.8214285714,58.5813492063
3o4l,33.3333333333,100.0,30.2752293578,26.3157894737,53.8762809164
5d2n,22.2222222222,99.4413407821,30.0,42.6086956522,52.6559702768
4mnq,22.2222222222,100.0,33.9285714286,28.8288288288,51.2003074503
3ffc,22.2222222222,81.0055865922,38.9380530973,47.0085470085,48.7337029558
5bs0,11.1111111111,86.5921787709,32.7433628319,56.7567567568,47.4844498921
