pdb_id,pep_identity,mhc_identity,tcrA_identity,tcrB_identity,total_identity
4eup,11.1111111111,100.0,38.1818181818,91.8918918919,58.715988716
4mnq,22.2222222222,100.0,40.5405405405,51.3513513514,56.0560560561
3o4l,33.3333333333,100.0,36.3636363636,28.3185840708,55.2248145168
5d2n,22.2222222222,99.4413407821,27.9279279279,30.4347826087,50.2816394242
2e7l,33.3333333333,68.7150837989,28.5714285714,58.1818181818,48.4750135029
