pdb_id,pep_identity,mhc_identity,tcrA_identity,tcrB_identity,total_identity
5men,22.2222222222,100.0,29.7297297297,54.5454545455,54.7866047866
3o4l,33.3333333333,100.0,31.7757009346,27.4336283186,54.3126659866
3qdj,11.1111111111,100.0,36.6972477064,50.4504504505,51.5616533965
2e7l,33.3333333333,68.7150837989,32.7433628319,55.0458715596,48.6476781093
3ffc,22.2222222222,81.0055865922,36.9369369369,29.9145299145,45.5511807467
