pdb_id,pep_identity,mhc_identity,tcrA_identity,tcrB_identity,total_identity
3o4l,33.3333333333,100.0,52.7272727273,30.0884955752,58.2470724949
4mnq,22.2222222222,100.0,33.9285714286,50.0,54.7288359788
4eup,11.1111111111,100.0,48.1818181818,57.6576576577,54.6769496769
5d2n,22.2222222222,99.4413407821,22.5225225225,34.7826086957,50.1053762045
2e7l,33.3333333333,68.7150837989,34.8214285714,53.2110091743,48.6882120017
