pdb_id,pep_identity,mhc_identity,tcrA_identity,tcrB_identity,total_identity
3qdj,11.1111111111,100.0,88.8888888889,66.0714285714,62.8637566138
3gsn,22.2222222222,100.0,47.2222222222,78.7610619469,61.7379547689
5men,22.2222222222,100.0,33.3333333333,78.5714285714,59.3915343915
2f53,11.1111111111,100.0,41.592920354,76.7857142857,56.766809477
3o4l,33.3333333333,100.0,39.8148148148,33.0434782609,56.5874932904
