pdb_id,pep_identity,mhc_identity,tcrA_identity,tcrB_identity,total_identity
3o4l,33.3333333333,100.0,38.5964912281,28.4482758621,55.6185722928
3ffc,22.2222222222,81.0055865922,85.0877192982,31.6239316239,53.8612114252
4mnq,22.2222222222,100.0,30.4347826087,38.5964912281,52.2459530469
5eu6,11.1111111111,100.0,35.652173913,34.7826086957,48.7761674718
