pdb_id,pep_identity,mhc_identity,tcrA_identity,tcrB_identity,total_identity
3qeq,11.1111111111,100.0,83.7837837838,53.5714285714,59.9295724296
4mnq,22.2222222222,100.0,33.9285714286,51.3513513514,54.9540612041
3o4l,33.3333333333,100.0,31.25,30.0884955752,54.6675270403
5d2n,22.2222222222,99.4413407821,28.3185840708,34.7826086957,51.0713864625
