pdb_id,pep_identity,mhc_identity,tcrA_identity,tcrB_identity,total_identity
3gsn,22.2222222222,100.0,35.7142857143,73.4513274336,58.9350095987
3o4l,33.3333333333,100.0,29.4642857143,30.701754386,54.4721177945
2e7l,33.3333333333,68.7150837989,30.701754386,59.0909090909,48.9815829569
