pdb_id,pep_identity,mhc_identity,tcrA_identity,tcrB_identity,total_identity
3o4l,33.3333333333,100.0,27.5862068966,24.7863247863,53.1731997249
5eu6,11.1111111111,100.0,36.2068965517,36.2068965517,49.1060025543
3ffc,22.2222222222,81.0055865922,50.0,32.4786324786,48.1557083512
2e7l,33.3333333333,68.7150837989,34.188034188,28.9473684211,44.5387061456
