pdb_id,pep_identity,mhc_identity,tcrA_identity,tcrB_identity,total_identity
3o4l,33.3333333333,100.0,31.25,29.203539823,54.5200344149
5men,22.2222222222,100.0,29.8245614035,50.4504504505,54.1199093831
2e7l,33.3333333333,68.7150837989,59.8214285714,51.8181818182,52.6227407757
4eup,11.1111111111,100.0,33.0357142857,54.954954955,51.7021485771
4qrp,11.1111111111,81.0055865922,50.8928571429,32.7433628319,44.6449358969
