pdb_id,pep_identity,mhc_identity,tcrA_identity,tcrB_identity,total_identity
4eup,11.1111111111,100.0,60.9090909091,56.25,56.5635521886
3o4l,33.3333333333,100.0,31.5315315315,33.9130434783,55.3518736127
5men,22.2222222222,100.0,30.9090909091,49.5575221239,54.1518429129
5d2n,22.2222222222,99.4413407821,21.8181818182,34.7826086957,49.9879860871
2e7l,33.3333333333,68.7150837989,33.6283185841,48.2142857143,47.6565730938
5bs0,11.1111111111,86.5921787709,39.8230088496,37.1681415929,45.3996217011
