pdb_id,pep_identity,mhc_identity,tcrA_identity,tcrB_identity,total_identity
3o4l,33.3333333333,100.0,60.0,29.3103448276,59.3295019157
5eu6,11.1111111111,100.0,38.9380530973,93.8596491228,59.1699874071
5men,22.2222222222,100.0,29.4642857143,35.0877192982,51.4994082428
3ffc,22.2222222222,81.0055865922,35.1351351351,59.8290598291,50.2366354322
3qeq,11.1111111111,100.0,31.4814814815,35.9649122807,48.2781026641
