pdb_id,pep_identity,mhc_identity,tcrA_identity,tcrB_identity,total_identity
3o4l,33.3333333333,100.0,35.7142857143,56.25,59.7718253968
5men,22.2222222222,100.0,36.6071428571,36.6071428571,52.9431216931
5eu6,11.1111111111,100.0,51.3274336283,32.4561403509,51.0009660336
