pdb_id,pep_identity,mhc_identity,tcrA_identity,tcrB_identity,total_identity
3qeq,11.1111111111,100.0,82.1428571429,29.5652173913,55.6550494594
3o4l,33.3333333333,100.0,30.9734513274,23.9316239316,53.595290321
4mnq,22.2222222222,100.0,33.9285714286,31.3043478261,51.6128939499
5d2n,22.2222222222,99.4413407821,28.0701754386,32.7586206897,50.6926536895
3ffc,22.2222222222,81.0055865922,32.1739130435,38.4615384615,46.1818448556
5bs0,11.1111111111,86.5921787709,34.5132743363,40.8695652174,45.1315698863
