pdb_id,pep_identity,mhc_identity,tcrA_identity,tcrB_identity,total_identity
3gsn,22.2222222222,100.0,35.1851851852,74.3362831858,58.9943188026
3o4l,33.3333333333,100.0,31.4814814815,29.8245614035,54.6621182586
2e7l,33.3333333333,68.7150837989,32.4324324324,58.5585585586,49.1813042092
