pdb_id,pep_identity,mhc_identity,tcrA_identity,tcrB_identity,total_identity
2bnq,11.1111111111,100.0,88.4955752212,55.8558558559,61.0956088832
4mnq,22.2222222222,100.0,38.0530973451,61.2612612613,57.2931338418
3o4l,33.3333333333,100.0,38.0530973451,27.4336283186,55.3588987217
5bs0,11.1111111111,86.5921787709,84.0707964602,35.1351351351,52.4354185599
3qeq,11.1111111111,100.0,32.7433628319,50.0,50.827597509
5d2n,22.2222222222,99.4413407821,22.8070175439,28.6956521739,49.1382992877
2e7l,33.3333333333,68.7150837989,36.8421052632,53.6363636364,49.0958838607
