pdb_id,pep_identity,mhc_identity,tcrA_identity,tcrB_identity,total_identity
3gsn,22.2222222222,100.0,27.6785714286,60.1769911504,55.3833345039
2e7l,33.3333333333,68.7150837989,36.2831858407,53.6363636364,49.0027306236
3ffc,22.2222222222,81.0055865922,53.982300885,26.4957264957,47.8222741682
