pdb_id,pep_identity,mhc_identity,tcrA_identity,tcrB_identity,total_identity
3o4l,33.3333333333,100.0,33.3333333333,35.3982300885,55.8997050147
5men,22.2222222222,100.0,35.1351351351,50.9090909091,55.0814450814
3qeq,11.1111111111,100.0,49.5327102804,51.7857142857,53.9234411314
5d2n,22.2222222222,99.4413407821,27.5229357798,33.9130434783,50.7938508778
2e7l,33.3333333333,68.7150837989,29.4642857143,49.5412844037,47.1837340637
5bs0,11.1111111111,86.5921787709,35.3982300885,37.8378378378,44.7737746151
