pdb_id,pep_identity,mhc_identity,tcrA_identity,tcrB_identity,total_identity
5d2n,22.2222222222,99.4413407821,22.1238938053,87.8260869565,58.8795177951
3o4l,33.3333333333,100.0,51.7857142857,28.6956521739,57.858005521
5men,22.2222222222,100.0,38.1818181818,32.7433628319,52.561604243
3qdj,11.1111111111,100.0,47.3214285714,35.3982300885,50.8236468137
3ffc,22.2222222222,81.0055865922,34.2105263158,55.5555555556,49.37028325
