pdb_id,pep_identity,mhc_identity,tcrA_identity,tcrB_identity,total_identity
3o4l,33.3333333333,100.0,32.1100917431,26.3157894737,54.1820913139
4qrp,11.1111111111,81.0055865922,87.2727272727,40.7079646018,52.0356812135
4mnq,22.2222222222,100.0,30.9734513274,33.9285714286,51.5577445334
5eu6,11.1111111111,100.0,30.9734513274,46.9026548673,50.0163880695
2e7l,33.3333333333,68.7150837989,49.5495495495,32.4324324324,47.6798027077
