pdb_id,pep_identity,mhc_identity,tcrA_identity,tcrB_identity,total_identity
5men,22.2222222222,100.0,27.6785714286,78.7610619469,58.4806796367
3o4l,33.3333333333,100.0,30.0,29.3103448276,54.3295019157
2e7l,33.3333333333,68.7150837989,57.6576576577,56.6371681416,53.0652766773
3qdj,11.1111111111,100.0,32.4324324324,62.8318584071,52.9144188436
5d2n,22.2222222222,99.4413407821,23.4234234234,29.5652173913,49.3859611372
