pdb_id,pep_identity,mhc_identity,tcrA_identity,tcrB_identity,total_identity
3o4l,33.3333333333,100.0,31.3043478261,30.0884955752,54.6765850113
4mnq,22.2222222222,100.0,30.4347826087,50.4504504505,54.2216129173
4eup,11.1111111111,100.0,32.1739130435,59.4594594595,52.3092657875
2e7l,33.3333333333,68.7150837989,59.1304347826,50.0,52.2045448412
3ffc,22.2222222222,81.0055865922,26.4957264957,35.8974358974,44.8081300037
5bs0,11.1111111111,86.5921787709,32.1739130435,40.0,44.5967488013
