pdb_id,pep_identity,mhc_identity,tcrA_identity,tcrB_identity,total_identity
5men,22.2222222222,100.0,87.037037037,36.9369369369,61.4030697364
3o4l,33.3333333333,100.0,30.9090909091,28.9473684211,54.4205209995
3gsn,22.2222222222,100.0,37.2727272727,30.9734513274,52.1151038408
5bs0,11.1111111111,86.5921787709,38.0530973451,66.6666666667,50.021057296
3qdj,11.1111111111,100.0,33.9449541284,40.5405405405,49.4512861485
