pdb_id,pep_identity,mhc_identity,tcrA_identity,tcrB_identity,total_identity
3o4l,33.3333333333,100.0,30.701754386,31.5789473684,54.8245614035
5men,22.2222222222,100.0,28.9473684211,50.8928571429,54.0474450014
2e7l,33.3333333333,68.7150837989,59.649122807,49.5495495495,52.2159177702
4eup,11.1111111111,100.0,33.3333333333,57.6576576577,52.2022022022
3ffc,22.2222222222,81.0055865922,28.4482758621,35.0427350427,44.9911047556
5bs0,11.1111111111,86.5921787709,32.4561403509,38.3928571429,44.375929543
