pdb_id,pep_identity,mhc_identity,tcrA_identity,tcrB_identity,total_identity
3o4l,33.3333333333,100.0,52.7777777778,30.4347826087,58.3132045089
5men,22.2222222222,100.0,34.5454545455,49.5575221239,54.757903519
4eup,11.1111111111,100.0,46.3636363636,57.1428571429,54.2881192881
5d2n,22.2222222222,99.4413407821,23.8532110092,34.7826086957,50.3271576189
2e7l,33.3333333333,68.7150837989,34.2342342342,49.1071428571,47.9063685593
