pdb_id,pep_identity,mhc_identity,tcrA_identity,tcrB_identity,total_identity
5men,22.2222222222,100.0,86.3636363636,35.9649122807,61.1288321815
3o4l,33.3333333333,100.0,31.5315315315,26.9565217391,54.1924533229
5d2n,22.2222222222,99.4413407821,21.8181818182,50.4347826087,52.5966817393
3qeq,11.1111111111,100.0,35.4545454545,36.8421052632,49.0864788233
