pdb_id,pep_identity,mhc_identity,tcrA_identity,tcrB_identity,total_identity
4eup,11.1111111111,100.0,38.7387387387,84.8214285714,57.6303982554
3o4l,33.3333333333,100.0,37.8378378378,26.9565217391,55.2435043739
4mnq,22.2222222222,100.0,34.5132743363,47.7876106195,54.4575549
5d2n,22.2222222222,99.4413407821,22.3214285714,37.3913043478,50.5066431547
2e7l,33.3333333333,68.7150837989,29.4642857143,57.1428571429,48.4506628536
