pdb_id,pep_identity,mhc_identity,tcrA_identity,tcrB_identity,total_identity
5eu6,11.1111111111,100.0,87.610619469,40.350877193,58.3639531474
3o4l,33.3333333333,100.0,39.4495412844,25.2173913043,55.2222665426
5bs0,11.1111111111,86.5921787709,84.9557522124,38.9380530973,53.2167308456
5men,22.2222222222,100.0,40.1785714286,30.9734513274,52.5994112001
