pdb_id,pep_identity,mhc_identity,tcrA_identity,tcrB_identity,total_identity
3qdj,11.1111111111,100.0,88.3928571429,56.7567567568,61.2286393536
5men,22.2222222222,100.0,35.7142857143,61.2612612613,56.9033319033
3o4l,33.3333333333,100.0,38.9380530973,26.5486725664,55.3588987217
5eu6,11.1111111111,100.0,44.7368421053,29.203539823,49.3604340251
