pdb_id,pep_identity,mhc_identity,tcrA_identity,tcrB_identity,total_identity
3o4l,33.3333333333,100.0,29.3577981651,27.8260869565,53.9750919647
5men,22.2222222222,100.0,31.1926605505,31.25,51.1478508325
5eu6,11.1111111111,100.0,32.7433628319,47.7876106195,50.4588659456
3ffc,22.2222222222,81.0055865922,31.25,46.1538461538,47.3099106304
2e7l,33.3333333333,68.7150837989,30.6306306306,33.9285714286,44.7760060539
