pdb_id,pep_identity,mhc_identity,tcrA_identity,tcrB_identity,total_identity
3gsn,22.2222222222,100.0,36.2831858407,72.5663716814,58.8823336611
3o4l,33.3333333333,100.0,32.7433628319,25.8620689655,54.2120164107
2e7l,33.3333333333,68.7150837989,33.0434782609,57.5221238938,49.1104060699
