pdb_id,pep_identity,mhc_identity,tcrA_identity,tcrB_identity,total_identity
4eup,11.1111111111,100.0,91.7431192661,85.7142857143,66.6132712004
3o4l,33.3333333333,100.0,39.0909090909,26.0869565217,55.3074220466
3gsn,22.2222222222,100.0,38.1818181818,48.6725663717,55.2164714997
4mnq,22.2222222222,100.0,32.4324324324,48.6725663717,54.2582405414
