pdb_id,pep_identity,mhc_identity,tcrA_identity,tcrB_identity,total_identity
5men,22.2222222222,100.0,29.5652173913,50.4504504505,54.076685381
3o4l,33.3333333333,100.0,28.5714285714,29.203539823,54.0736058435
4eup,11.1111111111,100.0,29.203539823,54.954954955,51.0634528334
3ffc,22.2222222222,81.0055865922,51.3274336283,33.3333333333,48.5193974317
2e7l,33.3333333333,68.7150837989,34.5132743363,50.9090909091,48.2531999183
5bs0,11.1111111111,86.5921787709,34.7826086957,36.036036036,44.3708707493
