pdb_id,pep_identity,mhc_identity,tcrA_identity,tcrB_identity,total_identity
3o4l,33.3333333333,100.0,37.2727272727,24.7787610619,54.7863591669
5men,22.2222222222,100.0,43.2432432432,33.3333333333,53.5035035035
5eu6,11.1111111111,100.0,43.3628318584,37.1681415929,50.4588659456
3ffc,22.2222222222,81.0055865922,29.4642857143,33.3333333333,44.8755394461
