pdb_id,pep_identity,mhc_identity,tcrA_identity,tcrB_identity,total_identity
5men,22.2222222222,100.0,34.5454545455,50.0,54.8316498316
3o4l,33.3333333333,100.0,30.6306306306,30.0884955752,54.5642988121
3qeq,11.1111111111,100.0,48.1818181818,51.7857142857,53.6982924483
2e7l,33.3333333333,68.7150837989,26.0869565217,51.8518518519,47.0059404397
5bs0,11.1111111111,86.5921787709,35.0877192982,39.0909090909,44.9308680255
3ffc,22.2222222222,81.0055865922,26.5486725664,34.188034188,44.5320540639
