pdb_id,pep_identity,mhc_identity,tcrA_identity,tcrB_identity,total_identity
3o4l,33.3333333333,100.0,51.8181818182,22.8070175439,56.8819776715
5men,22.2222222222,100.0,34.8214285714,29.4642857143,51.455026455
4eup,11.1111111111,100.0,46.3636363636,33.3333333333,50.3198653199
5d2n,22.2222222222,99.4413407821,22.5225225225,35.652173913,50.2503037407
2e7l,33.3333333333,68.7150837989,33.0357142857,37.8378378378,45.8283977313
3ffc,22.2222222222,81.0055865922,34.8214285714,33.3333333333,45.7683965889
