pdb_id,pep_identity,mhc_identity,tcrA_identity,tcrB_identity,total_identity
3o4l,33.3333333333,100.0,33.3333333333,28.4482758621,54.7413793103
5eu6,11.1111111111,100.0,42.4778761062,60.5263157895,54.204402353
3ffc,22.2222222222,81.0055865922,27.4336283186,88.8888888889,53.796355806
5men,22.2222222222,100.0,35.3982300885,32.4561403509,52.0498024806
