pdb_id,pep_identity,mhc_identity,tcrA_identity,tcrB_identity,total_identity
3o4l,33.3333333333,100.0,31.25,25.0,53.8194444444
3qdj,11.1111111111,100.0,62.1621621622,34.2105263158,53.0991517834
5men,22.2222222222,100.0,31.8181818182,31.5789473684,51.3069289385
5bs0,11.1111111111,86.5921787709,38.9380530973,41.2280701754,45.9287838395
3ffc,22.2222222222,81.0055865922,30.701754386,35.8974358974,45.509134652
2e7l,33.3333333333,68.7150837989,32.4561403509,35.3982300885,45.325200784
