pdb_id,pep_identity,mhc_identity,tcrA_identity,tcrB_identity,total_identity
5men,22.2222222222,100.0,88.1818181818,81.5789473684,69.0342016658
3gsn,22.2222222222,100.0,41.0714285714,84.2105263158,61.6210665553
2f54,11.1111111111,100.0,43.3628318584,78.0701754386,57.2758715865
