pdb_id,pep_identity,mhc_identity,tcrA_identity,tcrB_identity,total_identity
3o4l,33.3333333333,100.0,30.0884955752,28.0701754386,54.1375562801
4mnq,22.2222222222,100.0,28.9473684211,39.0909090909,52.0804536594
5eu6,11.1111111111,100.0,34.2105263158,43.3628318584,49.9659300661
2e7l,33.3333333333,68.7150837989,61.9469026549,30.9090909091,49.4921379714
4qrp,11.1111111111,81.0055865922,48.6725663717,42.9824561404,45.9814029864
