pdb_id,pep_identity,mhc_identity,tcrA_identity,tcrB_identity,total_identity
3o4l,33.3333333333,100.0,94.1176470588,30.4347826087,65.2031827224
3gsn,22.2222222222,100.0,33.3333333333,50.4424778761,54.7033759423
4mnq,22.2222222222,100.0,31.25,50.4424778761,54.3561537201
4eup,11.1111111111,100.0,42.2018348624,57.1428571429,53.5944857046
