pdb_id,pep_identity,mhc_identity,tcrA_identity,tcrB_identity,total_identity
3o4l,33.3333333333,100.0,36.3636363636,54.4642857143,59.5824314574
3gsn,22.2222222222,100.0,44.5454545455,29.5652173913,53.0925193969
