pdb_id,pep_identity,mhc_identity,tcrA_identity,tcrB_identity,total_identity
3o4l,33.3333333333,100.0,52.7272727273,30.4347826087,58.3047870004
5d2n,22.2222222222,99.4413407821,25.2252252252,50.4347826087,53.1645223071
5men,22.2222222222,100.0,35.7142857143,35.3982300885,52.5928267079
3qdj,11.1111111111,100.0,49.0909090909,31.8584070796,50.5285897321
3ffc,22.2222222222,81.0055865922,33.9285714286,51.2820512821,48.6110400566
