pdb_id,pep_identity,mhc_identity,tcrA_identity,tcrB_identity,total_identity
3qdj,11.1111111111,100.0,90.7407407407,54.4642857143,61.2378747795
3o4l,33.3333333333,100.0,39.4495412844,31.5789473684,56.2825258866
4mnq,22.2222222222,100.0,34.8623853211,54.4642857143,55.6285192466
3gsn,22.2222222222,100.0,37.6146788991,50.4424778761,55.4169335366
2p5e,11.1111111111,100.0,39.8230088496,50.4504504505,52.082613587
