pdb_id,pep_identity,mhc_identity,tcrA_identity,tcrB_identity,total_identity
5d2n,22.2222222222,99.4413407821,50.4672897196,53.9130434783,57.9512432011
3o4l,33.3333333333,100.0,21.1009174312,33.6206896552,53.5647122922
3ffc,22.2222222222,81.0055865922,26.3636363636,87.1794871795,53.3331235287
5men,22.2222222222,100.0,20.7207207207,31.5789473684,49.4573520889
3qeq,11.1111111111,100.0,30.2752293578,33.3333333333,47.6384641522
