pdb_id,pep_identity,mhc_identity,tcrA_identity,tcrB_identity,total_identity
3o4l,33.3333333333,100.0,51.8181818182,27.1186440678,57.6005820921
5d2n,22.2222222222,99.4413407821,22.5225225225,56.0344827586,53.647355215
5men,22.2222222222,100.0,34.8214285714,33.6206896552,52.1477604452
3qdj,11.1111111111,100.0,49.0909090909,35.3448275862,51.1096598166
3ffc,22.2222222222,81.0055865922,34.8214285714,50.4273504274,48.6173994379
