pdb_id,pep_identity,mhc_identity,tcrA_identity,tcrB_identity,total_identity
3o4l,33.3333333333,100.0,33.9130434783,29.203539823,54.9638749947
5men,22.2222222222,100.0,28.6956521739,56.3636363636,54.9172888303
2e7l,33.3333333333,68.7150837989,67.8260869565,54.128440367,54.341893598
3qdj,11.1111111111,100.0,33.9130434783,53.1531531532,51.5480698089
