pdb_id,pep_identity,mhc_identity,tcrA_identity,tcrB_identity,total_identity
5d2n,22.2222222222,99.4413407821,48.1818181818,51.3043478261,57.1355486694
3o4l,33.3333333333,100.0,20.5357142857,25.8620689655,52.1774083196
4mnq,22.2222222222,100.0,20.5357142857,33.9130434783,49.8155337014
3qeq,11.1111111111,100.0,28.5714285714,38.2608695652,48.1757533931
3ffc,22.2222222222,81.0055865922,26.5486725664,44.4444444444,46.2414557733
