pdb_id,pep_identity,mhc_identity,tcrA_identity,tcrB_identity,total_identity
5d2n,22.2222222222,99.4413407821,26.1261261261,89.5652173913,59.8364115877
3o4l,33.3333333333,100.0,33.6363636364,28.6956521739,54.8331137462
5men,22.2222222222,100.0,36.9369369369,30.9734513274,52.0591387848
3qeq,11.1111111111,100.0,50.4587155963,37.1681415929,51.6415132352
3ffc,22.2222222222,81.0055865922,27.6785714286,56.4102564103,48.4240742446
