pdb_id,pep_identity,mhc_identity,tcrA_identity,tcrB_identity,total_identity
4eup,11.1111111111,100.0,85.3211009174,59.2920353982,61.139226423
5men,22.2222222222,100.0,34.2342342342,55.2631578947,55.6569727622
3o4l,33.3333333333,100.0,39.0909090909,25.0,55.1262626263
