pdb_id,pep_identity,mhc_identity,tcrA_identity,tcrB_identity,total_identity
3o4l,33.3333333333,100.0,85.4368932039,29.5652173913,63.611462877
5d2n,22.2222222222,99.4413407821,19.2660550459,67.8260869565,55.0698780018
4mnq,22.2222222222,100.0,32.1428571429,32.4561403509,51.507240323
