pdb_id,pep_identity,mhc_identity,tcrA_identity,tcrB_identity,total_identity
5men,22.2222222222,100.0,38.3928571429,85.0877192982,61.3208368143
3gsn,22.2222222222,100.0,34.5132743363,79.8245614035,59.7970466974
3o4l,33.3333333333,100.0,35.3982300885,28.2051282051,55.04500416
3qdj,11.1111111111,100.0,35.3982300885,68.4210526316,54.3402508237
