pdb_id,pep_identity,mhc_identity,tcrA_identity,tcrB_identity,total_identity
3o4l,33.3333333333,100.0,38.0530973451,30.0884955752,55.8013765978
5men,22.2222222222,100.0,38.3928571429,49.5495495495,55.3978085228
4eup,11.1111111111,100.0,36.2831858407,57.6576576577,52.6938442868
5d2n,22.2222222222,99.4413407821,24.5614035088,33.9130434783,50.300262166
5bs0,11.1111111111,86.5921787709,49.5575221239,39.6396396396,47.4339569213
2e7l,33.3333333333,68.7150837989,26.3157894737,51.8181818182,47.0384675927
3ffc,22.2222222222,81.0055865922,31.3043478261,38.4615384615,46.0369173194
