pdb_id,pep_identity,mhc_identity,tcrA_identity,tcrB_identity,total_identity
3o4l,33.3333333333,100.0,31.3043478261,33.6206896552,55.2652840247
3ffc,22.2222222222,81.0055865922,29.0598290598,87.1794871795,53.782488978
5eu6,11.1111111111,100.0,36.5217391304,57.8947368421,52.7731163658
5men,22.2222222222,100.0,29.5652173913,31.5789473684,50.9314348674
2e7l,33.3333333333,68.7150837989,60.8695652174,29.8245614035,49.1318268142
