pdb_id,pep_identity,mhc_identity,tcrA_identity,tcrB_identity,total_identity
5bs0,11.1111111111,86.5921787709,38.9380530973,91.9642857143,54.3848197626
3o4l,33.3333333333,100.0,32.7272727273,25.2173913043,54.1018884497
5men,22.2222222222,100.0,46.7889908257,31.25,53.7472392117
4eup,11.1111111111,100.0,35.7798165138,36.6071428571,49.1015302655
3ffc,22.2222222222,81.0055865922,29.4642857143,41.8803418803,46.3000408706
2e7l,33.3333333333,68.7150837989,29.4642857143,31.25,44.1351866631
