pdb_id,pep_identity,mhc_identity,tcrA_identity,tcrB_identity,total_identity
3o4l,33.3333333333,100.0,34.2105263158,26.724137931,54.6002218189
5men,22.2222222222,100.0,33.0434782609,31.5789473684,51.5111450123
3ffc,22.2222222222,81.0055865922,60.5263157895,37.6068376068,50.7647951709
5eu6,11.1111111111,100.0,36.5217391304,40.0,49.7906602254
2e7l,33.3333333333,68.7150837989,33.0434782609,30.9734513274,44.6856273088
