pdb_id,pep_identity,mhc_identity,tcrA_identity,tcrB_identity,total_identity
3o4l,33.3333333333,100.0,60.3773584906,30.0884955752,59.5220867887
3gsn,22.2222222222,100.0,35.1351351351,47.7876106195,54.5611983665
2e7l,33.3333333333,68.7150837989,31.5789473684,50.9090909091,47.7641454237
