pdb_id,pep_identity,mhc_identity,tcrA_identity,tcrB_identity,total_identity
5d2n,22.2222222222,99.4413407821,26.3157894737,76.5217391304,57.6941091021
3o4l,33.3333333333,100.0,28.9473684211,28.0701754386,53.9473684211
3ffc,22.2222222222,81.0055865922,51.7543859649,57.264957265,52.5791601431
5men,22.2222222222,100.0,27.8260869565,31.25,50.5867552335
3qeq,11.1111111111,100.0,27.1929824561,39.8230088496,48.2063689213
