pdb_id,pep_identity,mhc_identity,tcrA_identity,tcrB_identity,total_identity
3o4l,33.3333333333,100.0,51.3513513514,26.724137931,57.4570259915
4mnq,22.2222222222,100.0,34.5454545455,34.2105263158,52.2000708843
3qdj,11.1111111111,100.0,49.5495495495,35.9649122807,51.2894473421
5d2n,22.2222222222,99.4413407821,21.4285714286,41.7391304348,51.082471312
5bs0,11.1111111111,86.5921787709,37.1681415929,58.7719298246,48.5577751969
3ffc,22.2222222222,81.0055865922,31.8584070796,42.735042735,46.8415112406
