pdb_id,pep_identity,mhc_identity,tcrA_identity,tcrB_identity,total_identity
3o4l,33.3333333333,100.0,88.1188118812,31.5789473684,64.394070986
5d2n,22.2222222222,99.4413407821,27.1028037383,51.3043478261,53.6223795955
5men,22.2222222222,100.0,32.1428571429,36.6071428571,52.1990740741
