pdb_id,pep_identity,mhc_identity,tcrA_identity,tcrB_identity,total_identity
5d2n,22.2222222222,99.4413407821,26.1261261261,57.3913043478,54.4740927471
5men,22.2222222222,100.0,29.8245614035,35.3982300885,51.6112059894
2e7l,33.3333333333,68.7150837989,68.4684684685,36.2831858407,51.4747480956
3qdj,11.1111111111,100.0,31.5315315315,38.0530973451,48.6344751831
3ffc,22.2222222222,81.0055865922,26.3157894737,52.1367521368,47.4846932065
5bs0,11.1111111111,86.5921787709,31.5789473684,42.4778761062,44.9105672065
