pdb_id,pep_identity,mhc_identity,tcrA_identity,tcrB_identity,total_identity
3o4l,33.3333333333,100.0,85.4368932039,28.6956521739,63.4665353407
5d2n,22.2222222222,99.4413407821,21.1009174312,66.9565217391,55.2307608632
5men,22.2222222222,100.0,34.2342342342,28.0701754386,51.1248090195
