pdb_id,pep_identity,mhc_identity,tcrA_identity,tcrB_identity,total_identity
4eup,11.1111111111,100.0,89.0909090909,36.036036036,57.8915278915
3o4l,33.3333333333,100.0,38.7387387387,25.4385964912,55.1406669828
4mnq,22.2222222222,100.0,32.4324324324,33.0357142857,51.6520985271
5d2n,22.2222222222,99.4413407821,19.8198198198,32.1739130435,49.2201431453
5bs0,11.1111111111,86.5921787709,41.592920354,42.3423423423,46.5569737434
