pdb_id,pep_identity,mhc_identity,tcrA_identity,tcrB_identity,total_identity
3o4l,33.3333333333,100.0,85.4368932039,23.4782608696,62.5969701234
3gsn,22.2222222222,100.0,34.8623853211,30.0884955752,51.5658875568
4mnq,22.2222222222,100.0,32.1428571429,30.9734513274,51.2601254858
