pdb_id,pep_identity,mhc_identity,tcrA_identity,tcrB_identity,total_identity
5eu6,11.1111111111,100.0,90.2654867257,48.6725663717,60.1933792199
5bs0,11.1111111111,86.5921787709,86.7256637168,70.2702702703,58.7337522919
2p5e,11.1111111111,100.0,84.9557522124,31.25,56.4046624058
3o4l,33.3333333333,100.0,38.3928571429,26.0869565217,55.1910800552
3qdj,11.1111111111,100.0,41.9642857143,35.7142857143,49.9834656085
