pdb_id,pep_identity,mhc_identity,tcrA_identity,tcrB_identity,total_identity
3o4l,33.3333333333,100.0,36.036036036,26.5486725664,54.8752292115
5men,22.2222222222,100.0,40.5405405405,30.6306306306,52.6026026026
5eu6,11.1111111111,100.0,44.2477876106,45.1327433628,51.9337921993
3ffc,22.2222222222,81.0055865922,28.3185840708,44.4444444444,46.536441024
