pdb_id,pep_identity,mhc_identity,tcrA_identity,tcrB_identity,total_identity
3o4l,33.3333333333,100.0,32.7272727273,53.0973451327,58.7485474211
3qdj,11.1111111111,100.0,63.3027522936,34.2105263158,53.2892501386
4mnq,22.2222222222,100.0,30.0,31.5789473684,51.0038986355
5d2n,22.2222222222,99.4413407821,22.0183486239,31.0344827586,49.3966595652
