pdb_id,pep_identity,mhc_identity,tcrA_identity,tcrB_identity,total_identity
5men,22.2222222222,100.0,39.2857142857,50.4504504505,55.6967681968
3o4l,33.3333333333,100.0,35.3982300885,30.0884955752,55.3588987217
4eup,11.1111111111,100.0,33.6283185841,58.5585585586,52.4015165608
5d2n,22.2222222222,99.4413407821,22.8070175439,33.0434782609,49.8629369689
5bs0,11.1111111111,86.5921787709,46.017699115,40.9090909091,47.0555616314
2e7l,33.3333333333,68.7150837989,26.3157894737,50.9090909091,46.8869524412
3ffc,22.2222222222,81.0055865922,32.1739130435,35.8974358974,45.7544944283
