pdb_id,pep_identity,mhc_identity,tcrA_identity,tcrB_identity,total_identity
5d2n,22.2222222222,99.4413407821,24.5614035088,57.3913043478,54.2133056442
4mnq,22.2222222222,100.0,30.3571428571,35.3982300885,51.699969565
3qdj,11.1111111111,100.0,35.3982300885,38.0530973451,49.2789249426
3ffc,22.2222222222,81.0055865922,23.4782608696,52.1367521368,47.0117717725
5bs0,11.1111111111,86.5921787709,35.3982300885,42.4778761062,45.5471143265
2e7l,33.3333333333,68.7150837989,25.4385964912,36.2831858407,44.3031027661
