pdb_id,pep_identity,mhc_identity,tcrA_identity,tcrB_identity,total_identity
3qdj,11.1111111111,100.0,86.1111111111,36.2831858407,57.436086529
3o4l,33.3333333333,100.0,42.5925925926,29.5652173913,56.4707461084
5d2n,22.2222222222,99.4413407821,21.2962962963,56.5217391304,53.5241935726
4mnq,22.2222222222,100.0,29.7297297297,34.5132743363,51.4479080851
3ffc,22.2222222222,81.0055865922,32.1428571429,56.4102564103,49.1681218637
5bs0,11.1111111111,86.5921787709,38.9380530973,46.017699115,46.7270553294
