pdb_id,pep_identity,mhc_identity,tcrA_identity,tcrB_identity,total_identity
3gsn,22.2222222222,100.0,31.1926605505,77.8761061947,58.9188685316
3o4l,33.3333333333,100.0,33.0188679245,27.5862068966,54.545290248
2e7l,33.3333333333,68.7150837989,30.3571428571,56.6371681416,48.5151908772
