pdb_id,pep_identity,mhc_identity,tcrA_identity,tcrB_identity,total_identity
3o4l,33.3333333333,100.0,30.0884955752,25.4385964912,53.6989597889
2e7l,33.3333333333,68.7150837989,61.0619469027,37.8378378378,50.4994365008
4eup,11.1111111111,100.0,36.2831858407,35.1351351351,48.940090533
3ffc,22.2222222222,81.0055865922,28.6956521739,32.4786324786,44.6049837136
5bs0,11.1111111111,86.5921787709,30.701754386,37.8378378378,43.9910286647
