pdb_id,pep_identity,mhc_identity,tcrA_identity,tcrB_identity,total_identity
5men,22.2222222222,100.0,41.4414414414,51.8181818182,56.284011284
3o4l,33.3333333333,100.0,35.7142857143,30.9734513274,55.5590672847
4eup,11.1111111111,100.0,38.3928571429,57.6576576577,53.0454561705
5d2n,22.2222222222,99.4413407821,26.5486725664,30.4347826087,50.0517635306
2e7l,33.3333333333,68.7150837989,28.0701754386,55.5555555556,47.9537608764
5bs0,11.1111111111,86.5921787709,41.592920354,38.1818181818,45.86355305
