pdb_id,pep_identity,mhc_identity,tcrA_identity,tcrB_identity,total_identity
3o4l,33.3333333333,100.0,45.1327433628,27.8260869565,56.6042494977
5men,22.2222222222,100.0,34.5132743363,30.9734513274,51.655195018
5eu6,11.1111111111,100.0,43.3628318584,42.1052631579,51.2817195398
3ffc,22.2222222222,81.0055865922,34.7826086957,39.3162393162,46.7590776068
