pdb_id,pep_identity,mhc_identity,tcrA_identity,tcrB_identity,total_identity
3o4l,33.3333333333,100.0,29.4642857143,27.4336283186,53.9274301166
4mnq,22.2222222222,100.0,28.6956521739,36.3636363636,51.583955497
3ffc,22.2222222222,81.0055865922,53.982300885,38.4615384615,49.8165761625
5eu6,11.1111111111,100.0,34.7826086957,38.0530973451,49.1763213772
2e7l,33.3333333333,68.7150837989,37.1681415929,30.5555555556,45.3034219022
