pdb_id,pep_identity,mhc_identity,tcrA_identity,tcrB_identity,total_identity
3gsn,22.2222222222,100.0,36.1111111111,88.6956521739,61.5418679549
5men,22.2222222222,100.0,30.5555555556,88.6956521739,60.615942029
3qdj,11.1111111111,100.0,62.037037037,62.6086956522,57.8113258186
2p5e,11.1111111111,100.0,35.3982300885,82.6086956522,56.7048579938
3o4l,33.3333333333,100.0,31.4814814815,27.9661016949,54.3523749738
