pdb_id,pep_identity,mhc_identity,tcrA_identity,tcrB_identity,total_identity
3o4l,33.3333333333,100.0,38.7387387387,27.5862068966,55.4986020503
4eup,11.1111111111,100.0,66.3636363636,35.3982300885,53.9973481124
5men,22.2222222222,100.0,36.036036036,29.8245614035,51.7175069807
5bs0,11.1111111111,86.5921787709,49.5575221239,61.4035087719,51.0612684433
3ffc,22.2222222222,81.0055865922,34.5132743363,39.3162393162,46.7141885469
2e7l,33.3333333333,68.7150837989,38.9380530973,29.203539823,45.3730711975
