pdb_id,pep_identity,mhc_identity,tcrA_identity,tcrB_identity,total_identity
4mnq,22.2222222222,100.0,29.3103448276,56.6371681416,55.0653262356
3o4l,33.3333333333,100.0,30.1724137931,25.2173913043,53.6760786274
4eup,11.1111111111,100.0,29.3103448276,59.8214285714,51.8923326035
2e7l,33.3333333333,68.7150837989,36.7521367521,53.5714285714,49.070066598
3ffc,22.2222222222,81.0055865922,53.4482758621,29.0598290598,48.1606204251
5bs0,11.1111111111,86.5921787709,33.6206896552,36.6071428571,44.2724020461
