pdb_id,pep_identity,mhc_identity,tcrA_identity,tcrB_identity,total_identity
3qdj,11.1111111111,100.0,63.8888888889,52.6785714286,56.4649470899
3o4l,33.3333333333,100.0,32.1100917431,29.8245614035,54.7668866355
4mnq,22.2222222222,100.0,30.9090909091,50.8928571429,54.3743987494
5d2n,22.2222222222,99.4413407821,23.1481481481,32.1739130435,49.7748645334
2e7l,33.3333333333,68.7150837989,34.2342342342,54.954954955,48.8810039089
