pdb_id,pep_identity,mhc_identity,tcrA_identity,tcrB_identity,total_identity
5d2n,22.2222222222,99.4413407821,27.5862068966,89.6551724138,60.0947508865
3o4l,33.3333333333,100.0,29.3103448276,27.1186440678,53.849275927
3ffc,22.2222222222,81.0055865922,52.5862068966,54.7008547009,52.2904465377
5men,22.2222222222,100.0,30.1724137931,31.8965517241,51.0855683269
