pdb_id,pep_identity,mhc_identity,tcrA_identity,tcrB_identity,total_identity
3gsn,22.2222222222,100.0,39.0909090909,94.6902654867,63.0376031703
3qdj,11.1111111111,100.0,87.1559633028,64.8648648649,62.3738417316
5men,22.2222222222,100.0,31.5315315315,92.7927927928,61.4614614615
2bnr,11.1111111111,100.0,40.7079646018,88.3928571429,58.5538406611
3o4l,33.3333333333,100.0,40.0,33.3333333333,56.6666666667
