pdb_id,pep_identity,mhc_identity,tcrA_identity,tcrB_identity,total_identity
5d2n,22.2222222222,99.4413407821,89.6226415094,31.3043478261,60.709019224
5men,22.2222222222,100.0,22.5225225225,92.9203539823,59.9812201582
3o4l,33.3333333333,100.0,20.3703703704,29.3103448276,52.7245636441
3qeq,11.1111111111,100.0,30.5555555556,59.2920353982,52.0116355293
