pdb_id,pep_identity,mhc_identity,tcrA_identity,tcrB_identity,total_identity
5men,22.2222222222,100.0,86.3636363636,36.9369369369,61.2908362908
3o4l,33.3333333333,100.0,31.25,33.3333333333,55.2083333333
3gsn,22.2222222222,100.0,39.2857142857,38.5964912281,53.7211083264
3qeq,11.1111111111,100.0,35.1351351351,38.0530973451,49.2350757837
