pdb_id,pep_identity,mhc_identity,tcrA_identity,tcrB_identity,total_identity
3o4l,33.3333333333,100.0,57.6923076923,29.8245614035,59.0305892937
3gsn,22.2222222222,100.0,31.1926605505,48.6725663717,54.0516118944
2e7l,33.3333333333,68.7150837989,32.1428571429,50.4504504505,47.7816903096
