pdb_id,pep_identity,mhc_identity,tcrA_identity,tcrB_identity,total_identity
2bnq,11.1111111111,100.0,89.3805309735,49.5495495495,60.1920504575
3o4l,33.3333333333,100.0,39.2857142857,30.0884955752,56.0068127546
5bs0,11.1111111111,86.5921787709,87.610619469,40.0,53.8361998722
3qeq,11.1111111111,100.0,32.1428571429,52.6785714286,51.1739417989
5d2n,22.2222222222,99.4413407821,23.8938053097,33.0434782609,50.0440682632
2e7l,33.3333333333,68.7150837989,37.1681415929,50.0,48.5441626429
