pdb_id,pep_identity,mhc_identity,tcrA_identity,tcrB_identity,total_identity
5eu6,11.1111111111,100.0,48.6725663717,64.6017699115,55.9160930842
3o4l,33.3333333333,100.0,38.7387387387,26.5486725664,55.325679662
5men,22.2222222222,100.0,34.8214285714,27.6785714286,51.1574074074
3ffc,22.2222222222,81.0055865922,31.8584070796,56.4102564103,49.1207135198
