pdb_id,pep_identity,mhc_identity,tcrA_identity,tcrB_identity,total_identity
4eup,11.1111111111,100.0,88.2882882883,34.2105263158,57.4535061377
3o4l,33.3333333333,100.0,38.3928571429,23.9316239316,54.8318579569
4mnq,22.2222222222,100.0,32.4324324324,31.3043478261,51.3635374505
5d2n,22.2222222222,99.4413407821,19.6428571429,32.7586206897,49.2881006402
5bs0,11.1111111111,86.5921787709,41.592920354,41.7391304348,46.4564384255
