pdb_id,pep_identity,mhc_identity,tcrA_identity,tcrB_identity,total_identity
5men,22.2222222222,100.0,21.4285714286,90.9090909091,59.4636844637
5d2n,22.2222222222,99.4413407821,51.8181818182,27.8260869565,53.8285657972
3o4l,33.3333333333,100.0,22.3214285714,29.8245614035,53.1354427736
3qeq,11.1111111111,100.0,30.3571428571,57.1428571429,51.6203703704
2e7l,33.3333333333,68.7150837989,28.4482758621,55.4545454545,47.9999425968
