pdb_id,pep_identity,mhc_identity,tcrA_identity,tcrB_identity,total_identity
3qdj,11.1111111111,100.0,37.962962963,92.8571428571,58.8403880071
5men,22.2222222222,100.0,29.7297297297,66.0714285714,56.7076004576
3o4l,33.3333333333,100.0,29.3577981651,30.4347826087,54.4098745734
5d2n,22.2222222222,99.4413407821,24.7706422018,33.0434782609,50.1902077452
2e7l,33.3333333333,68.7150837989,30.6306306306,55.3571428571,48.3474346254
