pdb_id,pep_identity,mhc_identity,tcrA_identity,tcrB_identity,total_identity
3o4l,33.3333333333,100.0,31.8181818182,28.813559322,54.5497346345
5eu6,11.1111111111,100.0,33.3333333333,58.6206896552,52.3627075351
2e7l,33.3333333333,68.7150837989,68.4684684685,37.9310344828,51.7493895359
5men,22.2222222222,100.0,29.8245614035,33.6206896552,51.3149492505
3ffc,22.2222222222,81.0055865922,26.3157894737,56.4102564103,48.1969439188
