pdb_id,pep_identity,mhc_identity,tcrA_identity,tcrB_identity,total_identity
3o4l,33.3333333333,100.0,33.6283185841,26.9565217391,54.5419178316
4mnq,22.2222222222,100.0,26.3157894737,33.6283185841,50.731425417
2e7l,33.3333333333,68.7150837989,68.1415929204,29.4642857143,50.2837854832
5eu6,11.1111111111,100.0,33.3333333333,36.8421052632,48.7329434698
3ffc,22.2222222222,81.0055865922,26.0869565217,35.0427350427,44.5975515322
