pdb_id,pep_identity,mhc_identity,tcrA_identity,tcrB_identity,total_identity
3o4l,33.3333333333,100.0,33.3333333333,25.2173913043,54.2028985507
2e7l,33.3333333333,68.7150837989,70.1754385965,30.3571428571,50.7715692863
4mnq,22.2222222222,100.0,29.8245614035,30.0884955752,50.7262502372
5eu6,11.1111111111,100.0,34.2105263158,38.5964912281,49.171539961
3ffc,22.2222222222,81.0055865922,25.8620689655,40.1709401709,45.4147711275
