pdb_id,pep_identity,mhc_identity,tcrA_identity,tcrB_identity,total_identity
3o4l,33.3333333333,100.0,30.0884955752,55.3571428571,58.6853841832
3qeq,11.1111111111,100.0,83.0357142857,30.701754386,55.9932818157
5men,22.2222222222,100.0,34.8214285714,33.0357142857,52.0502645503
5d2n,22.2222222222,99.4413407821,28.0701754386,30.1724137931,50.2616192067
