pdb_id,pep_identity,mhc_identity,tcrA_identity,tcrB_identity,total_identity
3gsn,22.2222222222,100.0,33.9449541284,58.7719298246,56.1935547329
2e7l,33.3333333333,68.7150837989,29.7297297297,62.2807017544,49.3512109581
3ffc,22.2222222222,81.0055865922,32.1428571429,36.7521367521,45.8917685873
