pdb_id,pep_identity,mhc_identity,tcrA_identity,tcrB_identity,total_identity
3o4l,33.3333333333,100.0,57.6923076923,27.5862068966,58.6575302093
3gsn,22.2222222222,100.0,32.1100917431,33.3333333333,51.6479782535
5bs0,11.1111111111,86.5921787709,36.2831858407,58.7719298246,48.4102825716
3ffc,22.2222222222,81.0055865922,33.6363636364,42.735042735,47.1378373334
