pdb_id,pep_identity,mhc_identity,tcrA_identity,tcrB_identity,total_identity
3o4l,33.3333333333,100.0,36.1904761905,26.9565217391,54.9689440994
5men,22.2222222222,100.0,31.5315315315,31.8584070796,51.3057305093
3qdj,11.1111111111,100.0,43.9252336449,30.0884955752,49.3726585737
3ffc,22.2222222222,81.0055865922,33.6363636364,30.7692307692,45.1435353391
2e7l,33.3333333333,68.7150837989,34.2342342342,31.25,44.9301780831
