pdb_id,pep_identity,mhc_identity,tcrA_identity,tcrB_identity,total_identity
3o4l,33.3333333333,100.0,51.8181818182,29.3103448276,57.9658655521
5d2n,22.2222222222,99.4413407821,22.5225225225,55.652173913,53.583637074
5men,22.2222222222,100.0,34.8214285714,35.9649122807,52.5384642161
3qdj,11.1111111111,100.0,49.0909090909,37.7192982456,51.5054049265
3ffc,22.2222222222,81.0055865922,34.8214285714,53.8461538462,49.1872000077
5bs0,11.1111111111,86.5921787709,38.0530973451,45.1327433628,46.4320700787
