pdb_id,pep_identity,mhc_identity,tcrA_identity,tcrB_identity,total_identity
3o4l,33.3333333333,100.0,54.128440367,55.3571428571,62.6920416485
3gsn,22.2222222222,100.0,41.2844036697,30.4347826087,52.6939384538
4mnq,22.2222222222,100.0,33.9285714286,30.9734513274,51.5577445334
3qdj,11.1111111111,100.0,51.376146789,33.6283185841,51.2044479325
