pdb_id,pep_identity,mhc_identity,tcrA_identity,tcrB_identity,total_identity
3gsn,22.2222222222,100.0,40.1785714286,48.6725663717,55.5492637074
2e7l,33.3333333333,68.7150837989,28.9473684211,50.8928571429,47.3228433047
5bs0,11.1111111111,86.5921787709,42.4778761062,38.9380530973,46.1370848279
3ffc,22.2222222222,81.0055865922,29.8245614035,38.4615384615,45.790286249
