pdb_id,pep_identity,mhc_identity,tcrA_identity,tcrB_identity,total_identity
3qeq,11.1111111111,100.0,94.4444444444,33.6206896552,58.3812260536
5d2n,22.2222222222,99.4413407821,30.0,50.0,53.8878543348
3o4l,33.3333333333,100.0,30.2752293578,24.7863247863,53.6213701351
4mnq,22.2222222222,100.0,33.9285714286,34.4827586207,52.1426290823
3ffc,22.2222222222,81.0055865922,38.9380530973,46.1538461538,48.5912528133
