pdb_id,pep_identity,mhc_identity,tcrA_identity,tcrB_identity,total_identity
3o4l,33.3333333333,100.0,32.7272727273,28.9473684211,54.7235513025
3qdj,11.1111111111,100.0,62.3853211009,38.3928571429,53.8334000777
4mnq,22.2222222222,100.0,29.0909090909,35.7142857143,51.5416065416
3ffc,22.2222222222,81.0055865922,29.4642857143,52.9914529915,48.1518927224
5bs0,11.1111111111,86.5921787709,38.9380530973,45.9459459459,46.7150964679
2e7l,33.3333333333,68.7150837989,33.9285714286,35.7142857143,45.6232819012
