pdb_id,pep_identity,mhc_identity,tcrA_identity,tcrB_identity,total_identity
5men,22.2222222222,100.0,31.5789473684,56.25,55.3788986355
3o4l,33.3333333333,100.0,28.6956521739,25.4385964912,53.466819222
4eup,11.1111111111,100.0,27.8260869565,61.2612612613,51.8849284067
2e7l,33.3333333333,68.7150837989,34.4827586207,54.0540540541,48.7722744899
3ffc,22.2222222222,81.0055865922,51.3043478261,29.0598290598,47.8032990858
5bs0,11.1111111111,86.5921787709,34.7826086957,36.9369369369,44.5210208995
