pdb_id,pep_identity,mhc_identity,tcrA_identity,tcrB_identity,total_identity
3o4l,33.3333333333,100.0,53.1531531532,32.7433628319,58.7605304419
3gsn,22.2222222222,100.0,41.4414414414,47.7876106195,55.6122494176
2e7l,33.3333333333,68.7150837989,34.5132743363,51.376146789,48.331042565
