pdb_id,pep_identity,mhc_identity,tcrA_identity,tcrB_identity,total_identity
4mnq,22.2222222222,100.0,39.4736842105,60.7142857143,57.4387357282
3o4l,33.3333333333,100.0,32.4561403509,26.3157894737,54.2397660819
4eup,11.1111111111,100.0,34.2105263158,61.2612612613,52.9490016332
5d2n,22.2222222222,99.4413407821,24.347826087,28.6956521739,49.3951007116
2e7l,33.3333333333,68.7150837989,27.8260869565,53.1531531532,47.5126790624
