pdb_id,pep_identity,mhc_identity,tcrA_identity,tcrB_identity,total_identity
3qdj,11.1111111111,100.0,86.4864864865,38.0530973451,57.7936343423
3o4l,33.3333333333,100.0,38.3928571429,27.8260869565,55.4809351277
5d2n,22.2222222222,99.4413407821,19.6428571429,57.3913043478,53.3935479166
4mnq,22.2222222222,100.0,32.4324324324,35.3982300885,52.0458511609
3ffc,22.2222222222,81.0055865922,30.701754386,52.1367521368,48.2156873586
5bs0,11.1111111111,86.5921787709,41.592920354,42.4778761062,46.579562704
