pdb_id,pep_identity,mhc_identity,tcrA_identity,tcrB_identity,total_identity
3o4l,33.3333333333,100.0,28.8288288288,23.275862069,53.1285595941
3qeq,11.1111111111,100.0,46.3636363636,34.2105263158,50.4660641503
3ffc,22.2222222222,81.0055865922,33.3333333333,32.4786324786,45.3779305735
2e7l,33.3333333333,68.7150837989,26.1261261261,38.0530973451,44.7126762893
5bs0,11.1111111111,86.5921787709,33.3333333333,35.9649122807,44.1174708964
