pdb_id,pep_identity,mhc_identity,tcrA_identity,tcrB_identity,total_identity
3o4l,33.3333333333,100.0,39.2857142857,25.0,55.1587301587
3qdj,11.1111111111,100.0,69.3693693694,35.9649122807,54.5927506454
5men,22.2222222222,100.0,35.1351351351,35.9649122807,52.5907486434
5bs0,11.1111111111,86.5921787709,45.1327433628,36.8421052632,46.230238065
3ffc,22.2222222222,81.0055865922,35.9649122807,31.6239316239,45.6740769222
2e7l,33.3333333333,68.7150837989,39.4736842105,28.3185840708,45.3148504243
