pdb_id,pep_identity,mhc_identity,tcrA_identity,tcrB_identity,total_identity
3o4l,33.3333333333,100.0,83.8095238095,31.5789473684,63.6758563074
5eu6,11.1111111111,100.0,42.4778761062,55.7522123894,53.408718453
5men,22.2222222222,100.0,31.25,37.5,52.1990740741
3gsn,22.2222222222,100.0,31.5315315315,36.8421052632,52.1363468732
