pdb_id,pep_identity,mhc_identity,tcrA_identity,tcrB_identity,total_identity
5d2n,22.2222222222,99.4413407821,51.376146789,33.0434782609,54.6244585098
5men,22.2222222222,100.0,24.3243243243,32.4324324324,50.2002002002
3qeq,11.1111111111,100.0,29.7297297297,34.8214285714,47.7955634206
2e7l,33.3333333333,68.7150837989,27.8260869565,40.0,45.3204868702
3ffc,22.2222222222,81.0055865922,26.7857142857,35.0427350427,44.7140111595
