pdb_id,pep_identity,mhc_identity,tcrA_identity,tcrB_identity,total_identity
5d2n,22.2222222222,99.4413407821,49.0909090909,35.652173913,54.6783681688
4mnq,22.2222222222,100.0,20.5357142857,31.5789473684,49.4265176831
3qeq,11.1111111111,100.0,28.5714285714,30.701754386,46.9159008633
3ffc,22.2222222222,81.0055865922,25.6637168142,31.6239316239,43.9572110111
2e7l,33.3333333333,68.7150837989,26.724137931,32.7433628319,43.9273891712
