pdb_id,pep_identity,mhc_identity,tcrA_identity,tcrB_identity,total_identity
3o4l,33.3333333333,100.0,51.8181818182,34.7826086957,58.8779095301
3gsn,22.2222222222,100.0,40.9090909091,55.7522123894,56.8509579572
2e7l,33.3333333333,68.7150837989,34.8214285714,48.2142857143,47.8554247584
