pdb_id,pep_identity,mhc_identity,tcrA_identity,tcrB_identity,total_identity
3o4l,33.3333333333,100.0,55.0458715596,29.203539823,58.4860130082
3gsn,22.2222222222,100.0,41.2844036697,47.7876106195,55.5860764556
2e7l,33.3333333333,68.7150837989,36.036036036,51.8181818182,48.6585086864
