pdb_id,pep_identity,mhc_identity,tcrA_identity,tcrB_identity,total_identity
5d2n,22.2222222222,99.4413407821,24.2990654206,68.6956521739,56.0536406005
3o4l,33.3333333333,100.0,34.2857142857,27.8260869565,54.7964113182
5men,22.2222222222,100.0,31.5315315315,33.3333333333,51.5515515516
3qdj,11.1111111111,100.0,41.1214953271,37.7192982456,50.1771692992
3ffc,22.2222222222,81.0055865922,34.5454545455,53.8461538462,49.1412043367
5bs0,11.1111111111,86.5921787709,30.0884955752,45.6140350877,45.1848517378
