pdb_id,pep_identity,mhc_identity,tcrA_identity,tcrB_identity,total_identity
3o4l,33.3333333333,100.0,57.6923076923,26.0869565217,58.4076551468
4mnq,22.2222222222,100.0,28.5714285714,56.6371681416,54.9421735262
4eup,11.1111111111,100.0,47.7064220183,58.0357142857,54.660726421
5d2n,22.2222222222,99.4413407821,22.0183486239,30.4347826087,49.2967095402
2e7l,33.3333333333,68.7150837989,33.9285714286,54.4642857143,48.7482819012
