pdb_id,pep_identity,mhc_identity,tcrA_identity,tcrB_identity,total_identity
3qdj,11.1111111111,100.0,89.8148148148,31.8584070796,57.3159073528
3o4l,33.3333333333,100.0,39.8148148148,31.3043478261,56.2976382179
5d2n,22.2222222222,99.4413407821,20.3703703704,51.3043478261,52.5003073675
5men,22.2222222222,100.0,33.0275229358,35.3982300885,52.1450329115
3ffc,22.2222222222,81.0055865922,31.25,52.1367521368,48.3070616276
5bs0,11.1111111111,86.5921787709,40.7079646018,43.75,46.6440907276
