pdb_id,pep_identity,mhc_identity,tcrA_identity,tcrB_identity,total_identity
3o4l,33.3333333333,100.0,28.4482758621,24.5614035088,53.2793910063
5eu6,11.1111111111,100.0,37.0689655172,36.2831858407,49.2623955967
3ffc,22.2222222222,81.0055865922,53.4482758621,33.3333333333,48.8728711374
2e7l,33.3333333333,68.7150837989,34.188034188,29.7297297297,44.669099697
