pdb_id,pep_identity,mhc_identity,tcrA_identity,tcrB_identity,total_identity
3o4l,33.3333333333,100.0,85.5769230769,30.9734513274,63.8695068452
3gsn,22.2222222222,100.0,34.5454545455,38.0530973451,52.8404993892
5men,22.2222222222,100.0,33.9285714286,34.2342342342,52.1012083512
5eu6,11.1111111111,100.0,41.592920354,45.1327433628,51.4913143232
