pdb_id,pep_identity,mhc_identity,tcrA_identity,tcrB_identity,total_identity
3gsn,22.2222222222,100.0,86.3636363636,35.3982300885,61.0343851494
3o4l,33.3333333333,100.0,34.5454545455,28.9473684211,55.0265816055
4mnq,22.2222222222,100.0,38.3928571429,32.1428571429,52.4966931217
2p5e,11.1111111111,100.0,41.592920354,32.4324324324,49.3745958348
