pdb_id,pep_identity,mhc_identity,tcrA_identity,tcrB_identity,total_identity
5d2n,22.2222222222,99.4413407821,51.376146789,88.6956521739,63.8998208286
3o4l,33.3333333333,100.0,20.7207207207,27.5862068966,52.4955990473
