pdb_id,pep_identity,mhc_identity,tcrA_identity,tcrB_identity,total_identity
4mnq,22.2222222222,100.0,36.6071428571,58.5585585586,56.6016909767
3o4l,33.3333333333,100.0,36.9369369369,28.3185840708,55.3203646124
4eup,11.1111111111,100.0,32.4324324324,61.2612612613,52.6526526527
5d2n,22.2222222222,99.4413407821,25.0,27.8260869565,49.3588688275
2e7l,33.3333333333,68.7150837989,26.7857142857,55.4545454545,47.7228490008
5bs0,11.1111111111,86.5921787709,46.9026548673,37.2727272727,46.5969936507
