pdb_id,pep_identity,mhc_identity,tcrA_identity,tcrB_identity,total_identity
5d2n,22.2222222222,99.4413407821,23.4234234234,77.3913043478,57.35697563
3o4l,33.3333333333,100.0,28.1818181818,28.2051282051,53.8422688423
4mnq,22.2222222222,100.0,26.7857142857,33.0434782609,50.7122728318
3qeq,11.1111111111,100.0,39.4495412844,34.7826086957,49.4090620337
3ffc,22.2222222222,81.0055865922,23.8938053097,60.6837606838,48.5055306037
