pdb_id,pep_identity,mhc_identity,tcrA_identity,tcrB_identity,total_identity
3o4l,33.3333333333,100.0,33.6363636364,55.3571428571,59.2766955267
3qdj,11.1111111111,100.0,64.2201834862,34.5132743363,53.4926133408
4mnq,22.2222222222,100.0,30.0,31.8584070796,51.050475254
5d2n,22.2222222222,99.4413407821,24.7706422018,29.3103448276,49.5680188397
