pdb_id,pep_identity,mhc_identity,tcrA_identity,tcrB_identity,total_identity
4eup,11.1111111111,100.0,85.3211009174,63.0630630631,61.7677310338
4mnq,22.2222222222,100.0,33.3333333333,58.0357142857,55.9689153439
3o4l,33.3333333333,100.0,39.8148148148,26.3157894737,55.4662118259
2bnr,11.1111111111,100.0,42.4778761062,56.7567567568,53.5761425142
