pdb_id,pep_identity,mhc_identity,tcrA_identity,tcrB_identity,total_identity
3o4l,33.3333333333,100.0,32.4074074074,33.6206896552,55.4491272882
3ffc,22.2222222222,81.0055865922,33.0357142857,87.1794871795,54.4451365157
5eu6,11.1111111111,100.0,32.7433628319,57.8947368421,52.1433869827
5men,22.2222222222,100.0,30.6306306306,31.5789473684,51.1090037406
2e7l,33.3333333333,68.7150837989,32.4561403509,29.8245614035,44.3962560031
