pdb_id,pep_identity,mhc_identity,tcrA_identity,tcrB_identity,total_identity
3o4l,33.3333333333,100.0,44.1441441441,26.724137931,56.2558247903
5men,22.2222222222,100.0,37.5,55.2631578947,56.2012670565
4eup,11.1111111111,100.0,36.036036036,58.407079646,52.7775563174
5d2n,22.2222222222,99.4413407821,25.0,28.6956521739,49.5037963638
2e7l,33.3333333333,68.7150837989,25.8928571429,53.0973451327,47.1811727567
5bs0,11.1111111111,86.5921787709,46.017699115,34.2105263158,45.9391341992
