pdb_id,pep_identity,mhc_identity,tcrA_identity,tcrB_identity,total_identity
3qeq,11.1111111111,100.0,94.4444444444,29.203539823,57.6450344149
3o4l,33.3333333333,100.0,30.2752293578,24.347826087,53.5482870186
4mnq,22.2222222222,100.0,33.9285714286,33.6283185841,52.0002224095
5d2n,22.2222222222,99.4413407821,30.0,35.652173913,51.496549987
