pdb_id,pep_identity,mhc_identity,tcrA_identity,tcrB_identity,total_identity
3o4l,33.3333333333,100.0,31.8181818182,29.0598290598,54.5907795908
5eu6,11.1111111111,100.0,32.4561403509,56.5217391304,51.8666836173
5men,22.2222222222,100.0,29.8245614035,33.0434782609,51.2187473515
2e7l,33.3333333333,68.7150837989,59.4594594595,33.9130434783,49.578222867
3ffc,22.2222222222,81.0055865922,29.8245614035,52.1367521368,48.0694885282
