pdb_id,pep_identity,mhc_identity,tcrA_identity,tcrB_identity,total_identity
4eup,11.1111111111,100.0,44.6428571429,87.7192982456,59.0973962684
3o4l,33.3333333333,100.0,45.5357142857,26.4957264957,56.4496845747
5men,22.2222222222,100.0,31.8584070796,49.5652173913,54.3113448192
5d2n,22.2222222222,99.4413407821,24.7787610619,28.4482758621,49.4256938221
2e7l,33.3333333333,68.7150837989,35.3982300885,54.3859649123,48.9801715442
