pdb_id,pep_identity,mhc_identity,tcrA_identity,tcrB_identity,total_identity
4eup,11.1111111111,100.0,33.9285714286,89.2857142857,57.5727513228
3o4l,33.3333333333,100.0,33.0357142857,26.0869565217,54.2982229124
4mnq,22.2222222222,100.0,29.203539823,48.6725663717,53.7200917732
2e7l,33.3333333333,68.7150837989,50.4424778761,58.0357142857,52.0958377377
5d2n,22.2222222222,99.4413407821,30.0884955752,30.4347826087,50.6417340321
