pdb_id,pep_identity,mhc_identity,tcrA_identity,tcrB_identity,total_identity
3ffc,22.2222222222,81.0055865922,62.2807017544,88.0341880342,59.4617512362
5d2n,22.2222222222,99.4413407821,29.8245614035,55.652173913,54.8006435542
3o4l,33.3333333333,100.0,33.3333333333,27.5862068966,54.5977011494
5men,22.2222222222,100.0,30.4347826087,31.5789473684,51.0763624036
4qrp,11.1111111111,81.0055865922,30.701754386,87.7192982456,50.4424080064
3qdj,11.1111111111,100.0,33.3333333333,33.3333333333,48.1481481481
