pdb_id,pep_identity,mhc_identity,tcrA_identity,tcrB_identity,total_identity
5eu6,11.1111111111,100.0,88.4955752212,61.0619469027,61.9632907244
2bnr,11.1111111111,100.0,88.4955752212,30.0884955752,56.8010488364
3o4l,33.3333333333,100.0,38.3928571429,30.4347826087,55.9157177364
3ffc,22.2222222222,81.0055865922,34.2105263158,88.8888888889,54.9258388056
5bs0,11.1111111111,86.5921787709,82.3008849558,43.75,53.57624412
4mnq,22.2222222222,100.0,38.0530973451,30.9734513274,52.2451655195
4qrp,11.1111111111,81.0055865922,32.1428571429,89.4736842105,50.97498946
3qdj,11.1111111111,100.0,43.75,33.6283185841,49.9334234677
