pdb_id,pep_identity,mhc_identity,tcrA_identity,tcrB_identity,total_identity
5men,22.2222222222,100.0,29.5652173913,48.6725663717,53.7803713679
3o4l,33.3333333333,100.0,29.8245614035,24.347826087,53.4731756929
3qeq,11.1111111111,100.0,28.9473684211,61.0619469027,52.038589591
2e7l,33.3333333333,68.7150837989,36.5217391304,53.5714285714,49.0316669944
3ffc,22.2222222222,81.0055865922,52.6315789474,28.2051282051,47.8820541302
5bs0,11.1111111111,86.5921787709,38.2608695652,30.9734513274,44.1068167761
