pdb_id,pep_identity,mhc_identity,tcrA_identity,tcrB_identity,total_identity
3gsn,22.2222222222,100.0,45.871559633,78.7610619469,61.5128443374
5men,22.2222222222,100.0,36.2831858407,83.6363636364,60.7273323203
2p5e,11.1111111111,100.0,46.017699115,76.7857142857,57.5042726038
3qdj,11.1111111111,100.0,43.6363636364,66.6666666667,55.4208754209
3o4l,33.3333333333,100.0,35.7798165138,28.9473684211,55.2323086002
