pdb_id,pep_identity,mhc_identity,tcrA_identity,tcrB_identity,total_identity
3o4l,33.3333333333,100.0,27.5862068966,26.724137931,53.4961685824
5eu6,11.1111111111,100.0,35.3448275862,46.0869565217,50.609001055
3ffc,22.2222222222,81.0055865922,51.724137931,41.8803418803,50.01001624
2e7l,33.3333333333,68.7150837989,33.3333333333,31.8584070796,44.8814291129
