pdb_id,pep_identity,mhc_identity,tcrA_identity,tcrB_identity,total_identity
4eup,11.1111111111,100.0,87.1559633028,58.2608695652,61.2731758484
3o4l,33.3333333333,100.0,48.1481481481,24.5762711864,56.5651810002
4mnq,22.2222222222,100.0,32.4324324324,54.3103448276,55.1978702841
2bnr,11.1111111111,100.0,41.592920354,54.7826086957,53.099625212
5d2n,22.2222222222,99.4413407821,23.1481481481,29.9145299145,49.3983006786
