pdb_id,pep_identity,mhc_identity,tcrA_identity,tcrB_identity,total_identity
3o4l,33.3333333333,100.0,31.8584070796,27.1929824561,54.2863427004
5eu6,11.1111111111,100.0,36.5217391304,46.9026548673,50.9411027033
4mnq,22.2222222222,100.0,28.6956521739,31.5315315315,50.7786046916
3ffc,22.2222222222,81.0055865922,53.0973451327,44.4444444444,50.6662345343
2e7l,33.3333333333,68.7150837989,35.9649122807,29.7297297297,44.9652460458
