pdb_id,pep_identity,mhc_identity,tcrA_identity,tcrB_identity,total_identity
3o4l,33.3333333333,100.0,57.6923076923,27.1186440678,58.5796030711
3qeq,11.1111111111,100.0,31.7757009346,87.8260869565,56.9706683522
4mnq,22.2222222222,100.0,28.5714285714,58.2608695652,55.2127904302
5d2n,22.2222222222,99.4413407821,22.0183486239,34.4827586207,49.9713722089
2e7l,33.3333333333,68.7150837989,33.9285714286,61.7391304348,49.9607560213
