pdb_id,pep_identity,mhc_identity,tcrA_identity,tcrB_identity,total_identity
3gsn,22.2222222222,100.0,39.0909090909,74.3362831858,59.6452727869
3o4l,33.3333333333,100.0,34.5454545455,28.9473684211,55.0265816055
2e7l,33.3333333333,68.7150837989,28.8288288288,59.4594594595,48.7308537588
