pdb_id,pep_identity,mhc_identity,tcrA_identity,tcrB_identity,total_identity
3o4l,33.3333333333,100.0,39.2857142857,28.6956521739,55.7746721877
3qdj,11.1111111111,100.0,69.3693693694,30.9734513274,53.7608404865
5men,22.2222222222,100.0,35.1351351351,32.7433628319,52.0538237352
5d2n,22.2222222222,99.4413407821,25.8928571429,34.7826086957,50.6670986412
5bs0,11.1111111111,86.5921787709,45.1327433628,36.2831858407,46.1370848279
3ffc,22.2222222222,81.0055865922,35.0877192982,33.3333333333,45.8127783767
2e7l,33.3333333333,68.7150837989,38.5964912281,29.4642857143,45.3596018678
