pdb_id,pep_identity,mhc_identity,tcrA_identity,tcrB_identity,total_identity
3qdj,11.1111111111,100.0,91.6666666667,32.4561403509,57.72417154
3o4l,33.3333333333,100.0,39.4495412844,26.724137931,55.4733909804
5men,22.2222222222,100.0,35.4545454545,32.4561403509,52.059188375
5d2n,22.2222222222,99.4413407821,22.9357798165,36.5217391304,50.4641074926
