pdb_id,pep_identity,mhc_identity,tcrA_identity,tcrB_identity,total_identity
5d2n,22.2222222222,99.4413407821,24.5614035088,67.8260869565,55.952436079
3o4l,33.3333333333,100.0,29.203539823,27.5862068966,53.909402231
4mnq,22.2222222222,100.0,27.1929824561,28.6956521739,50.0555131791
2e7l,33.3333333333,68.7150837989,59.2920353982,34.2105263158,49.5998993297
4eup,11.1111111111,100.0,38.9380530973,32.4561403509,48.9360692784
3ffc,22.2222222222,81.0055865922,26.9565217391,58.9743589744,48.731083057
5bs0,11.1111111111,86.5921787709,34.2105263158,47.8260869565,46.2405321727
