pdb_id,pep_identity,mhc_identity,tcrA_identity,tcrB_identity,total_identity
5men,22.2222222222,100.0,31.0344827586,80.1801801802,59.2765178972
3o4l,33.3333333333,100.0,28.4482758621,27.1929824561,53.7179874975
3qdj,11.1111111111,100.0,29.3103448276,63.963963964,52.582755169
5d2n,22.2222222222,99.4413407821,26.724137931,31.3043478261,50.2259352943
2e7l,33.3333333333,68.7150837989,35.8974358974,58.5585585586,49.7588047867
3ffc,22.2222222222,81.0055865922,52.5862068966,34.188034188,48.8716431189
