pdb_id,pep_identity,mhc_identity,tcrA_identity,tcrB_identity,total_identity
3o4l,33.3333333333,100.0,33.0357142857,25.2173913043,54.1532953761
5men,22.2222222222,100.0,38.0530973451,32.7433628319,52.5401507702
3ffc,22.2222222222,81.0055865922,60.1769911504,36.7521367521,50.5641242552
5eu6,11.1111111111,100.0,33.9130434783,38.5964912281,49.1219594881
2e7l,33.3333333333,68.7150837989,31.8584070796,37.5,45.5758735573
