pdb_id,pep_identity,mhc_identity,tcrA_identity,tcrB_identity,total_identity
3gsn,22.2222222222,100.0,34.5454545455,56.6371681416,55.9378445219
2e7l,33.3333333333,68.7150837989,29.4642857143,53.5714285714,47.8554247584
