pdb_id,pep_identity,mhc_identity,tcrA_identity,tcrB_identity,total_identity
3gsn,22.2222222222,100.0,44.1441441441,48.6725663717,56.2101924934
2e7l,33.3333333333,68.7150837989,36.6071428571,55.0458715596,49.2916414469
5bs0,11.1111111111,86.5921787709,46.9026548673,36.9369369369,46.5410285947
3ffc,22.2222222222,81.0055865922,31.8584070796,31.6239316239,44.9896593887
