pdb_id,pep_identity,mhc_identity,tcrA_identity,tcrB_identity,total_identity
3gsn,22.2222222222,100.0,40.9090909091,93.0434782609,63.0661689357
5men,22.2222222222,100.0,36.6071428571,89.5652173913,61.7694674488
2f54,11.1111111111,100.0,35.0877192982,86.0869565217,57.2328163404
3qeq,11.1111111111,100.0,54.128440367,58.2608695652,55.7685886924
3o4l,33.3333333333,100.0,29.0909090909,32.2033898305,54.6601609313
