pdb_id,pep_identity,mhc_identity,tcrA_identity,tcrB_identity,total_identity
3o4l,33.3333333333,100.0,29.3577981651,23.4782608696,53.2504542836
5eu6,11.1111111111,100.0,32.7433628319,41.2280701754,49.3656092049
3ffc,22.2222222222,81.0055865922,31.25,40.1709401709,46.3127596333
2e7l,33.3333333333,68.7150837989,30.6306306306,39.2857142857,45.6688631968
