pdb_id,pep_identity,mhc_identity,tcrA_identity,tcrB_identity,total_identity
3o4l,33.3333333333,100.0,27.8846153846,25.8620689655,53.4022251695
5eu6,11.1111111111,100.0,28.3185840708,45.2173913043,49.2930329329
3ffc,22.2222222222,81.0055865922,26.3636363636,46.1538461538,46.495516691
2e7l,33.3333333333,68.7150837989,32.4324324324,30.9734513274,44.5837863374
