pdb_id,pep_identity,mhc_identity,tcrA_identity,tcrB_identity,total_identity
3o4l,33.3333333333,100.0,35.1851851852,25.4385964912,54.5484080572
3qdj,11.1111111111,100.0,62.962962963,31.8584070796,52.8405987108
4mnq,22.2222222222,100.0,30.0,33.6283185841,51.3454605048
3ffc,22.2222222222,81.0055865922,31.25,43.5897435897,46.8825602031
2e7l,33.3333333333,68.7150837989,32.4324324324,35.7142857143,45.3739254019
5bs0,11.1111111111,86.5921787709,37.1681415929,35.3982300885,44.6621585743
