pdb_id,pep_identity,mhc_identity,tcrA_identity,tcrB_identity,total_identity
4eup,11.1111111111,100.0,86.3636363636,35.3982300885,57.3306814457
3o4l,33.3333333333,100.0,40.5405405405,26.724137931,55.6552241897
5bs0,11.1111111111,86.5921787709,41.592920354,90.1785714286,54.5296785911
5men,22.2222222222,100.0,33.3333333333,32.7433628319,51.7535234349
5d2n,22.2222222222,99.4413407821,21.6216216216,45.2173913043,51.6943564891
3ffc,22.2222222222,81.0055865922,31.8584070796,38.4615384615,46.1292605283
