pdb_id,pep_identity,mhc_identity,tcrA_identity,tcrB_identity,total_identity
3o4l,33.3333333333,100.0,29.3103448276,27.8260869565,53.9671830751
5men,22.2222222222,100.0,28.4482758621,46.9026548673,53.2992291956
3qeq,11.1111111111,100.0,27.5862068966,59.2920353982,51.5167440862
3ffc,22.2222222222,81.0055865922,52.5862068966,32.4786324786,48.586742834
2e7l,33.3333333333,68.7150837989,34.188034188,49.1071428571,47.8986685516
5bs0,11.1111111111,86.5921787709,32.7586206897,35.3982300885,43.9272384237
