pdb_id,pep_identity,mhc_identity,tcrA_identity,tcrB_identity,total_identity
2bnq,11.1111111111,100.0,84.9557522124,54.954954955,60.3554882316
3o4l,33.3333333333,100.0,38.1818181818,25.4385964912,55.04784689
3qeq,11.1111111111,100.0,32.7272727273,58.9285714286,52.313011063
5bs0,11.1111111111,86.5921787709,82.3008849558,33.0357142857,51.7905298343
5d2n,22.2222222222,99.4413407821,24.3243243243,28.6956521739,49.3911837512
2e7l,33.3333333333,68.7150837989,34.2342342342,54.954954955,48.8810039089
