pdb_id,pep_identity,mhc_identity,tcrA_identity,tcrB_identity,total_identity
3o4l,33.3333333333,100.0,89.1089108911,28.3185840708,64.0156936048
4mnq,22.2222222222,100.0,32.1428571429,36.036036036,52.1038896039
3gsn,22.2222222222,100.0,33.6448598131,33.6283185841,51.9529371403
5eu6,11.1111111111,100.0,39.8230088496,46.9026548673,51.4913143232
