pdb_id,pep_identity,mhc_identity,tcrA_identity,tcrB_identity,total_identity
3o4l,33.3333333333,100.0,39.8148148148,24.347826087,55.1382179281
3qdj,11.1111111111,100.0,68.5185185185,35.3982300885,54.3564951382
5men,22.2222222222,100.0,36.036036036,32.7433628319,52.2039738854
5bs0,11.1111111111,86.5921787709,43.3628318584,38.0530973451,46.1370848279
2e7l,33.3333333333,68.7150837989,37.8378378378,34.8214285714,46.1260167789
3ffc,22.2222222222,81.0055865922,34.8214285714,30.7692307692,45.3410461616
