pdb_id,pep_identity,mhc_identity,tcrA_identity,tcrB_identity,total_identity
3o4l,33.3333333333,100.0,31.25,27.8260869565,54.2904589372
3qdj,11.1111111111,100.0,60.3603603604,38.0530973451,53.439279988
5men,22.2222222222,100.0,39.8148148148,35.3982300885,53.2762482246
3ffc,22.2222222222,81.0055865922,29.8245614035,52.1367521368,48.0694885282
5bs0,11.1111111111,86.5921787709,37.1681415929,42.4778761062,45.8420995772
2e7l,33.3333333333,68.7150837989,30.701754386,36.2831858407,45.1802957485
