pdb_id,pep_identity,mhc_identity,tcrA_identity,tcrB_identity,total_identity
3qdj,11.1111111111,100.0,90.0900900901,66.0714285714,63.063956814
3gsn,22.2222222222,100.0,37.5,78.7610619469,60.1175843986
5men,22.2222222222,100.0,33.3333333333,82.1428571429,59.9867724868
2bnr,11.1111111111,100.0,43.3628318584,80.3571428571,57.657032823
3o4l,33.3333333333,100.0,40.1785714286,30.4347826087,56.213336784
