pdb_id,pep_identity,mhc_identity,tcrA_identity,tcrB_identity,total_identity
5d2n,22.2222222222,99.4413407821,87.037037037,44.4444444444,62.4681012484
3o4l,33.3333333333,100.0,18.1818181818,26.0504201681,51.8164841694
