pdb_id,pep_identity,mhc_identity,tcrA_identity,tcrB_identity,total_identity
3qdj,11.1111111111,100.0,44.5454545455,87.610619469,59.0630493728
3o4l,33.3333333333,100.0,59.0476190476,28.4482758621,59.0270935961
5men,22.2222222222,100.0,32.1428571429,61.0619469027,56.2748747483
5d2n,22.2222222222,99.4413407821,23.6363636364,31.3043478261,49.7113062452
2e7l,33.3333333333,68.7150837989,32.7433628319,53.982300885,48.4704163302
