pdb_id,pep_identity,mhc_identity,tcrA_identity,tcrB_identity,total_identity
3o4l,33.3333333333,100.0,33.6448598131,30.4347826087,55.1243848481
5bs0,11.1111111111,86.5921787709,38.0530973451,91.0714285714,54.0885176134
5men,22.2222222222,100.0,33.3333333333,33.0357142857,51.8022486772
3qeq,11.1111111111,100.0,51.8867924528,29.4642857143,50.5955500649
3ffc,22.2222222222,81.0055865922,29.0909090909,39.3162393162,45.810461006
