pdb_id,pep_identity,mhc_identity,tcrA_identity,tcrB_identity,total_identity
5eu6,11.1111111111,100.0,33.3333333333,90.2654867257,57.6368403802
3o4l,33.3333333333,100.0,31.5315315315,34.2105263158,55.4014540857
5men,22.2222222222,100.0,29.8245614035,34.8214285714,51.5150724032
2e7l,33.3333333333,68.7150837989,62.1621621622,33.9285714286,50.0312613092
3ffc,22.2222222222,81.0055865922,35.9649122807,54.7008547009,49.5202307684
