pdb_id,pep_identity,mhc_identity,tcrA_identity,tcrB_identity,total_identity
3qdj,11.1111111111,100.0,90.0900900901,54.954954955,61.2112112112
3o4l,33.3333333333,100.0,41.0714285714,30.9734513274,56.4519244276
4mnq,22.2222222222,100.0,34.2342342342,54.954954955,55.6056056056
3gsn,22.2222222222,100.0,38.3928571429,49.5575221239,55.3991372852
2p5e,11.1111111111,100.0,39.8230088496,50.4504504505,52.082613587
