pdb_id,pep_identity,mhc_identity,tcrA_identity,tcrB_identity,total_identity
3o4l,33.3333333333,100.0,58.4905660377,28.9473684211,59.0174335209
4mnq,22.2222222222,100.0,29.4642857143,37.8378378378,51.9577613328
5d2n,22.2222222222,99.4413407821,23.4234234234,44.347826087,51.8497292532
3qdj,11.1111111111,100.0,41.4414414414,40.5405405405,50.7007007007
5bs0,11.1111111111,86.5921787709,36.2831858407,66.6666666667,49.7260720452
