pdb_id,pep_identity,mhc_identity,tcrA_identity,tcrB_identity,total_identity
3o4l,33.3333333333,100.0,35.1351351351,29.0598290598,55.1436051436
5eu6,11.1111111111,100.0,41.592920354,60.0,53.9691904294
4mnq,22.2222222222,100.0,40.7079646018,36.5217391304,53.6123580294
3ffc,22.2222222222,81.0055865922,30.9734513274,52.9914529915,48.4034203246
2e7l,33.3333333333,68.7150837989,29.4642857143,33.9130434783,44.5790272428
