pdb_id,pep_identity,mhc_identity,tcrA_identity,tcrB_identity,total_identity
3o4l,33.3333333333,100.0,29.7297297297,24.7863247863,53.5304535305
5eu6,11.1111111111,100.0,33.6283185841,49.1379310345,50.8314119735
3ffc,22.2222222222,81.0055865922,32.7433628319,44.4444444444,47.2739041509
2e7l,33.3333333333,68.7150837989,30.9734513274,34.7826086957,44.9754823813
