pdb_id,pep_identity,mhc_identity,tcrA_identity,tcrB_identity,total_identity
5men,22.2222222222,100.0,85.4545454545,50.4504504505,63.3915733916
4eup,11.1111111111,100.0,34.5454545455,89.1891891892,57.6594776595
3gsn,22.2222222222,100.0,38.7387387387,48.6725663717,55.3092915925
3o4l,33.3333333333,100.0,33.3333333333,29.203539823,54.8672566372
2f53,11.1111111111,100.0,44.2477876106,50.8928571429,52.8938111626
