pdb_id,pep_identity,mhc_identity,tcrA_identity,tcrB_identity,total_identity
5d2n,22.2222222222,99.4413407821,30.701754386,70.4347826087,57.4106105006
3o4l,33.3333333333,100.0,35.9649122807,27.5862068966,55.0362976407
3ffc,22.2222222222,81.0055865922,61.4035087719,55.5555555556,53.9024469927
4mnq,22.2222222222,100.0,30.4347826087,29.5652173913,50.7407407407
3qdj,11.1111111111,100.0,33.3333333333,33.9130434783,48.2447665056
