pdb_id,pep_identity,mhc_identity,tcrA_identity,tcrB_identity,total_identity
3o4l,33.3333333333,100.0,30.3571428571,53.9130434783,58.4894755003
3qdj,11.1111111111,100.0,61.2612612613,35.3448275862,53.1380518449
5men,22.2222222222,100.0,30.9090909091,32.7586206897,51.3520260072
5d2n,22.2222222222,99.4413407821,21.6216216216,31.8965517241,49.4742165591
