pdb_id,pep_identity,mhc_identity,tcrA_identity,tcrB_identity,total_identity
3qdj,11.1111111111,100.0,89.8148148148,33.0357142857,57.5121252205
3o4l,33.3333333333,100.0,40.7407407407,26.0869565217,55.5823939882
5d2n,22.2222222222,99.4413407821,23.1481481481,43.4782608696,51.6589225044
5men,22.2222222222,100.0,34.2342342342,30.3571428571,51.505970256
5bs0,11.1111111111,86.5921787709,39.8230088496,66.0714285714,50.2168361975
3ffc,22.2222222222,81.0055865922,33.0357142857,41.8803418803,46.8952789658
