pdb_id,pep_identity,mhc_identity,tcrA_identity,tcrB_identity,total_identity
3o4l,33.3333333333,100.0,51.8181818182,25.0,57.2474747475
5d2n,22.2222222222,99.4413407821,22.5225225225,47.8260869565,52.279289248
5men,22.2222222222,100.0,34.8214285714,34.2105263158,52.2460665553
3qdj,11.1111111111,100.0,49.0909090909,31.5789473684,50.4820131136
3ffc,22.2222222222,81.0055865922,34.8214285714,41.0256410256,47.050447871
