pdb_id,pep_identity,mhc_identity,tcrA_identity,tcrB_identity,total_identity
5d2n,22.2222222222,99.4413407821,51.376146789,33.9130434783,54.769386046
5men,22.2222222222,100.0,24.5454545455,31.8584070796,50.1413843449
3qeq,11.1111111111,100.0,29.7297297297,28.3185840708,46.7117560038
3ffc,22.2222222222,81.0055865922,27.6785714286,29.9145299145,44.0081198287
