pdb_id,pep_identity,mhc_identity,tcrA_identity,tcrB_identity,total_identity
3o4l,33.3333333333,100.0,32.7433628319,28.9473684211,54.7262329866
4mnq,22.2222222222,100.0,30.701754386,37.8378378378,52.1640061114
2e7l,33.3333333333,68.7150837989,69.0265486726,29.7297297297,50.4755187778
5eu6,11.1111111111,100.0,35.9649122807,41.592920354,49.9633424762
4qrp,11.1111111111,81.0055865922,47.7876106195,42.1052631579,45.6877115307
