pdb_id,pep_identity,mhc_identity,tcrA_identity,tcrB_identity,total_identity
4eup,11.1111111111,100.0,33.9449541284,85.9649122807,57.0220147719
5men,22.2222222222,100.0,44.9541284404,46.9565217391,56.0591824373
3o4l,33.3333333333,100.0,33.6363636364,25.641025641,54.324009324
5d2n,22.2222222222,99.4413407821,25.6880733945,29.3103448276,49.7209240385
2e7l,33.3333333333,68.7150837989,28.5714285714,57.0175438596,48.2809677826
