pdb_id,pep_identity,mhc_identity,tcrA_identity,tcrB_identity,total_identity
5men,22.2222222222,100.0,35.7142857143,51.724137931,55.3138113483
3o4l,33.3333333333,100.0,36.6071428571,24.5762711864,54.6416801184
3qeq,11.1111111111,100.0,43.2432432432,50.8620689655,52.7212557385
2e7l,33.3333333333,68.7150837989,25.8928571429,54.7826086957,47.4620500172
3ffc,22.2222222222,81.0055865922,31.5789473684,28.2051282051,44.3732822004
