pdb_id,pep_identity,mhc_identity,tcrA_identity,tcrB_identity,total_identity
3o4l,33.3333333333,100.0,29.8245614035,26.9565217391,53.9079583016
5men,22.2222222222,100.0,31.8584070796,32.7433628319,51.5077023927
5eu6,11.1111111111,100.0,37.3913043478,36.8421052632,49.4092719722
3ffc,22.2222222222,81.0055865922,53.5087719298,35.0427350427,49.1678541002
2e7l,33.3333333333,68.7150837989,35.652173913,29.4642857143,44.8688823153
