pdb_id,pep_identity,mhc_identity,tcrA_identity,tcrB_identity,total_identity
3o4l,33.3333333333,100.0,89.1089108911,28.4482758621,64.0373089033
5d2n,22.2222222222,99.4413407821,21.4953271028,87.8260869565,58.774756678
5men,22.2222222222,100.0,34.8214285714,31.5789473684,51.807470064
