pdb_id,pep_identity,mhc_identity,tcrA_identity,tcrB_identity,total_identity
4eup,11.1111111111,100.0,30.701754386,88.4955752212,56.9032586382
3o4l,33.3333333333,100.0,33.3333333333,28.4482758621,54.7413793103
5men,22.2222222222,100.0,31.3043478261,50.8771929825,54.4376642088
5d2n,22.2222222222,99.4413407821,29.8245614035,31.3043478261,50.7426725397
3ffc,22.2222222222,81.0055865922,59.649122807,31.6239316239,49.6214453433
2e7l,33.3333333333,68.7150837989,32.1739130435,55.7522123894,48.6704932829
