pdb_id,pep_identity,mhc_identity,tcrA_identity,tcrB_identity,total_identity
5d2n,22.2222222222,99.4413407821,25.4385964912,57.3913043478,54.3595044746
3ffc,22.2222222222,81.0055865922,28.6956521739,76.9230769231,52.012391121
4mnq,22.2222222222,100.0,28.0701754386,32.1428571429,50.776246171
2e7l,33.3333333333,68.7150837989,59.2920353982,31.25,49.1064782771
3qdj,11.1111111111,100.0,31.8584070796,34.8214285714,48.1503429789
5bs0,11.1111111111,86.5921787709,32.4561403509,45.5357142857,45.5664057335
