pdb_id,pep_identity,mhc_identity,tcrA_identity,tcrB_identity,total_identity
3o4l,33.3333333333,100.0,34.2342342342,23.2142857143,54.0191977692
5men,22.2222222222,100.0,29.5652173913,35.7142857143,51.620657925
3ffc,22.2222222222,81.0055865922,59.2920353982,32.2033898305,49.6585071429
4eup,11.1111111111,100.0,34.5132743363,36.036036036,48.7952554324
2e7l,33.3333333333,68.7150837989,34.5132743363,34.5454545455,45.525927191
5bs0,11.1111111111,86.5921787709,32.1739130435,34.2342342342,43.6357878403
