pdb_id,pep_identity,mhc_identity,tcrA_identity,tcrB_identity,total_identity
5men,22.2222222222,100.0,29.8245614035,79.4642857143,58.9555485937
3o4l,33.3333333333,100.0,29.4642857143,27.8260869565,53.9928398896
3qdj,11.1111111111,100.0,35.7142857143,64.2857142857,53.7037037037
2e7l,33.3333333333,68.7150837989,59.8214285714,58.0357142857,53.6589961869
5d2n,22.2222222222,99.4413407821,22.1238938053,29.5652173913,49.1693728676
