pdb_id,pep_identity,mhc_identity,tcrA_identity,tcrB_identity,total_identity
3o4l,33.3333333333,100.0,37.1681415929,26.0869565217,54.9869607969
5eu6,11.1111111111,100.0,48.6725663717,42.9824561404,52.3128741224
5men,22.2222222222,100.0,38.3928571429,30.0884955752,52.1542995271
3ffc,22.2222222222,81.0055865922,31.3043478261,42.735042735,46.7491680317
