pdb_id,pep_identity,mhc_identity,tcrA_identity,tcrB_identity,total_identity
4eup,11.1111111111,100.0,31.8584070796,87.3873873874,56.9113361149
5men,22.2222222222,100.0,31.5789473684,50.8928571429,54.4860414926
3o4l,33.3333333333,100.0,30.9734513274,26.3157894737,53.9926512446
2e7l,33.3333333333,68.7150837989,60.1769911504,57.6576576577,53.6552471788
5d2n,22.2222222222,99.4413407821,33.3333333333,31.3043478261,51.3274678614
