pdb_id,pep_identity,mhc_identity,tcrA_identity,tcrB_identity,total_identity
3o4l,33.3333333333,100.0,29.203539823,25.641025641,53.5852053551
3ffc,22.2222222222,81.0055865922,61.9469026549,47.0085470085,52.5685112154
5eu6,11.1111111111,100.0,35.652173913,51.3043478261,51.5297906602
2e7l,33.3333333333,68.7150837989,35.9649122807,30.4347826087,45.082754859
