pdb_id,pep_identity,mhc_identity,tcrA_identity,tcrB_identity,total_identity
3gsn,22.2222222222,100.0,39.8148148148,55.2631578947,56.5870695257
2e7l,33.3333333333,68.7150837989,27.027027027,53.982300885,47.5176936961
