pdb_id,pep_identity,mhc_identity,tcrA_identity,tcrB_identity,total_identity
3o4l,33.3333333333,100.0,35.1351351351,29.3103448276,55.1853577716
4mnq,22.2222222222,100.0,37.8378378378,33.3333333333,52.6026026026
5eu6,11.1111111111,100.0,43.3628318584,36.5217391304,50.3511322018
3ffc,22.2222222222,81.0055865922,27.4336283186,34.188034188,44.6795466892
