pdb_id,pep_identity,mhc_identity,tcrA_identity,tcrB_identity,total_identity
3qdj,11.1111111111,100.0,91.6666666667,30.3571428571,57.3743386243
3o4l,33.3333333333,100.0,41.6666666667,23.6842105263,55.3362573099
4mnq,22.2222222222,100.0,33.3333333333,30.3571428571,51.3558201058
5d2n,22.2222222222,99.4413407821,24.0740740741,33.0434782609,50.0741130573
