pdb_id,pep_identity,mhc_identity,tcrA_identity,tcrB_identity,total_identity
4eup,11.1111111111,100.0,30.4347826087,90.1785714286,57.1392627099
5men,22.2222222222,100.0,34.5132743363,50.4424778761,54.9000327761
3o4l,33.3333333333,100.0,31.3043478261,26.9565217391,54.154589372
3ffc,22.2222222222,81.0055865922,84.347826087,32.4786324786,53.8803460324
5d2n,22.2222222222,99.4413407821,27.8260869565,28.6956521739,49.9748108565
2e7l,33.3333333333,68.7150837989,29.3103448276,56.25,48.2761965153
