pdb_id,pep_identity,mhc_identity,tcrA_identity,tcrB_identity,total_identity
3o4l,33.3333333333,100.0,38.3928571429,30.9734513274,56.0054958562
5men,22.2222222222,100.0,36.6071428571,51.8181818182,55.4782948533
4eup,11.1111111111,100.0,35.7142857143,57.6576576577,52.599027599
5d2n,22.2222222222,99.4413407821,23.0088495575,34.7826086957,50.1864307103
5bs0,11.1111111111,86.5921787709,46.9026548673,38.7387387387,46.841328895
2e7l,33.3333333333,68.7150837989,25.6637168142,50.9259259259,46.7810795008
3ffc,22.2222222222,81.0055865922,31.5789473684,35.0427350427,45.51288334
