pdb_id,pep_identity,mhc_identity,tcrA_identity,tcrB_identity,total_identity
3o4l,33.3333333333,100.0,88.2352941176,26.3157894737,63.5362917097
4mnq,22.2222222222,100.0,32.1428571429,58.0357142857,55.7705026455
3gsn,22.2222222222,100.0,34.2592592593,55.7522123894,55.7426526822
4eup,11.1111111111,100.0,40.3669724771,60.3603603604,53.8249258433
2bnr,11.1111111111,100.0,38.0530973451,58.5585585586,53.1389796877
