pdb_id,pep_identity,mhc_identity,tcrA_identity,tcrB_identity,total_identity
3o4l,33.3333333333,100.0,33.9449541284,33.6206896552,55.705385075
5d2n,22.2222222222,99.4413407821,26.3636363636,53.9130434783,53.9339676418
3ffc,22.2222222222,81.0055865922,27.4336283186,87.1794871795,53.5114555211
5men,22.2222222222,100.0,32.1428571429,31.5789473684,51.3610414926
3qeq,11.1111111111,100.0,44.4444444444,33.3333333333,50.0
5bs0,11.1111111111,86.5921787709,36.2831858407,41.2280701754,45.4863059634
