pdb_id,pep_identity,mhc_identity,tcrA_identity,tcrB_identity,total_identity
5men,22.2222222222,100.0,26.9565217391,74.3362831858,57.6228748949
3o4l,33.3333333333,100.0,28.6956521739,27.5862068966,53.8247542895
2e7l,33.3333333333,68.7150837989,58.2608695652,59.2920353982,53.6082898713
3qdj,11.1111111111,100.0,31.3043478261,61.9469026549,52.5789121172
5d2n,22.2222222222,99.4413407821,24.1379310345,33.0434782609,50.084755884
