pdb_id,pep_identity,mhc_identity,tcrA_identity,tcrB_identity,total_identity
3o4l,33.3333333333,100.0,52.2123893805,27.9661016949,57.8075262904
3ffc,22.2222222222,81.0055865922,32.1739130435,89.7435897436,54.7288534026
5eu6,11.1111111111,100.0,42.1052631579,60.3448275862,54.1120521611
5men,22.2222222222,100.0,34.5132743363,30.1724137931,51.5216887623
