pdb_id,pep_identity,mhc_identity,tcrA_identity,tcrB_identity,total_identity
5d2n,22.2222222222,99.4413407821,89.5238095238,57.3913043478,65.0403733134
3o4l,33.3333333333,100.0,20.5607476636,29.3103448276,52.756293193
