pdb_id,pep_identity,mhc_identity,tcrA_identity,tcrB_identity,total_identity
3o4l,33.3333333333,100.0,33.9449541284,30.0884955752,55.1166860617
4mnq,22.2222222222,100.0,28.5714285714,50.4504504505,53.9110539111
3qeq,11.1111111111,100.0,38.8888888889,52.6785714286,52.2982804233
2e7l,33.3333333333,68.7150837989,25.2252252252,50.0,46.5536765816
5bs0,11.1111111111,86.5921787709,31.8584070796,40.0,44.544164474
3ffc,22.2222222222,81.0055865922,23.8938053097,35.0427350427,44.2320263302
