pdb_id,pep_identity,mhc_identity,tcrA_identity,tcrB_identity,total_identity
5men,22.2222222222,100.0,36.6071428571,53.982300885,55.8389813644
3o4l,33.3333333333,100.0,28.9473684211,25.2173913043,53.4719043987
2e7l,33.3333333333,68.7150837989,54.3859649123,55.3571428571,52.3066570056
4eup,11.1111111111,100.0,29.8245614035,58.0357142857,51.6804163186
5d2n,22.2222222222,99.4413407821,22.6086956522,27.8260869565,48.9603181029
