pdb_id,pep_identity,mhc_identity,tcrA_identity,tcrB_identity,total_identity
3o4l,33.3333333333,100.0,31.3043478261,28.9473684211,54.4863971523
4mnq,22.2222222222,100.0,28.6956521739,37.8378378378,51.8296557427
5eu6,11.1111111111,100.0,38.2608695652,41.592920354,50.3460020236
3ffc,22.2222222222,81.0055865922,52.1739130435,41.0256410256,49.9425286163
2e7l,33.3333333333,68.7150837989,36.2068965517,29.7297297297,45.0055767576
