pdb_id,pep_identity,mhc_identity,tcrA_identity,tcrB_identity,total_identity
3o4l,33.3333333333,100.0,83.0188679245,29.0598290598,63.1242272752
5men,22.2222222222,100.0,36.2831858407,77.1929824561,59.6534354569
3gsn,22.2222222222,100.0,33.0357142857,74.5614035088,58.6735937065
2pye,11.1111111111,100.0,42.1052631579,78.9473684211,57.2124756335
3qdj,11.1111111111,100.0,41.9642857143,63.1578947368,54.5574004456
