pdb_id,pep_identity,mhc_identity,tcrA_identity,tcrB_identity,total_identity
3o4l,33.3333333333,100.0,61.7647058824,27.3504273504,59.2969666499
5d2n,22.2222222222,99.4413407821,24.2990654206,67.2413793103,55.8112617899
5men,22.2222222222,100.0,30.3571428571,28.4482758621,50.5416438606
3ffc,22.2222222222,81.0055865922,33.6363636364,59.8290598291,49.9868401824
4eup,11.1111111111,100.0,44.0366972477,32.1739130435,49.7388054189
