pdb_id,pep_identity,mhc_identity,tcrA_identity,tcrB_identity,total_identity
3gsn,22.2222222222,100.0,34.5454545455,88.4955752212,61.2475790352
5men,22.2222222222,100.0,29.8245614035,90.2654867257,60.7557487623
3o4l,33.3333333333,100.0,30.9090909091,28.4482758621,54.3373389063
3qdj,11.1111111111,100.0,34.2342342342,64.6017699115,53.5097043947
2e7l,33.3333333333,68.7150837989,62.1621621622,53.982300885,53.3735495519
