pdb_id,pep_identity,mhc_identity,tcrA_identity,tcrB_identity,total_identity
3o4l,33.3333333333,100.0,22.2222222222,52.5862068966,56.9125159642
5d2n,22.2222222222,99.4413407821,63.2075471698,30.7692307692,56.2173173246
5men,22.2222222222,100.0,26.1261261261,29.0598290598,49.9383999384
3qdj,11.1111111111,100.0,27.7777777778,31.6239316239,46.9373219373
