pdb_id,pep_identity,mhc_identity,tcrA_identity,tcrB_identity,total_identity
3gsn,22.2222222222,100.0,33.9449541284,72.8070175439,58.5327360195
3o4l,33.3333333333,100.0,29.3577981651,26.4957264957,53.7533652213
2e7l,33.3333333333,68.7150837989,30.6306306306,57.0175438596,48.6241681258
