pdb_id,pep_identity,mhc_identity,tcrA_identity,tcrB_identity,total_identity
3o4l,33.3333333333,100.0,57.6923076923,28.2051282051,58.7606837607
3gsn,22.2222222222,100.0,32.1100917431,75.4385964912,58.6655221131
2e7l,33.3333333333,68.7150837989,33.9285714286,56.1403508772,49.027626095
