pdb_id,pep_identity,mhc_identity,tcrA_identity,tcrB_identity,total_identity
3o4l,33.3333333333,100.0,33.9130434783,27.1186440678,54.6163923688
3ffc,22.2222222222,81.0055865922,60.0,47.0085470085,52.2440274396
5men,22.2222222222,100.0,32.1739130435,31.3043478261,51.3204508857
5eu6,11.1111111111,100.0,38.2608695652,46.5517241379,51.1724693209
2e7l,33.3333333333,68.7150837989,33.6206896552,33.0434782609,45.1268336967
