pdb_id,pep_identity,mhc_identity,tcrA_identity,tcrB_identity,total_identity
5d2n,22.2222222222,99.4413407821,85.1851851852,31.0344827586,59.9244656587
3o4l,33.3333333333,100.0,19.0909090909,30.7692307692,52.7544677545
4mnq,22.2222222222,100.0,20.7207207207,46.9565217391,52.0202811507
3qeq,11.1111111111,100.0,28.1818181818,53.0434782609,50.5745864442
