pdb_id,pep_identity,mhc_identity,tcrA_identity,tcrB_identity,total_identity
5men,22.2222222222,100.0,27.1929824561,78.3783783784,58.3359675465
3o4l,33.3333333333,100.0,31.8584070796,33.3333333333,55.3097345133
2e7l,33.3333333333,68.7150837989,68.1415929204,56.7567567568,54.8325306569
3qdj,11.1111111111,100.0,30.0884955752,64.8648648649,52.8625971104
5d2n,22.2222222222,99.4413407821,24.5614035088,32.1739130435,50.0104070935
