pdb_id,pep_identity,mhc_identity,tcrA_identity,tcrB_identity,total_identity
5d2n,22.2222222222,99.4413407821,23.0088495575,68.6956521739,55.8386046234
3o4l,33.3333333333,100.0,32.1428571429,27.8260869565,54.439268461
4qrp,11.1111111111,81.0055865922,87.5,54.8672566372,54.4334420073
4mnq,22.2222222222,100.0,28.3185840708,33.3333333333,51.0160603081
3qdj,11.1111111111,100.0,35.7142857143,36.8421052632,49.1297688666
2e7l,33.3333333333,68.7150837989,50.4424778761,30.9734513274,47.585460578
5bs0,11.1111111111,86.5921787709,29.203539823,45.6140350877,45.0373591125
