pdb_id,pep_identity,mhc_identity,tcrA_identity,tcrB_identity,total_identity
3o4l,33.3333333333,100.0,32.7272727273,28.6956521739,54.6815985946
3qdj,11.1111111111,100.0,63.3027522936,33.6283185841,53.1922155166
5men,22.2222222222,100.0,31.8181818182,32.7433628319,51.5009981824
5bs0,11.1111111111,86.5921787709,38.0530973451,39.8230088496,45.5471143265
3ffc,22.2222222222,81.0055865922,30.3571428571,33.3333333333,45.0243489699
2e7l,33.3333333333,68.7150837989,32.1428571429,32.1428571429,44.7304247584
