pdb_id,pep_identity,mhc_identity,tcrA_identity,tcrB_identity,total_identity
3o4l,33.3333333333,100.0,31.8181818182,27.8260869565,54.3851559069
3qdj,11.1111111111,100.0,62.3853211009,38.0530973451,53.7767734447
4mnq,22.2222222222,100.0,30.2752293578,35.3982300885,51.6863173151
3ffc,22.2222222222,81.0055865922,29.4642857143,52.1367521368,48.00944258
5bs0,11.1111111111,86.5921787709,41.592920354,42.4778761062,46.579562704
2e7l,33.3333333333,68.7150837989,32.1428571429,36.2831858407,45.4204795413
