pdb_id,pep_identity,mhc_identity,tcrA_identity,tcrB_identity,total_identity
3qeq,11.1111111111,100.0,51.8867924528,58.9285714286,55.5062643506
3o4l,33.3333333333,100.0,34.5794392523,28.3185840708,54.9274483316
5men,22.2222222222,100.0,34.2342342342,47.7477477477,54.4044044044
2e7l,33.3333333333,68.7150837989,27.9279279279,50.0,47.0041270321
5bs0,11.1111111111,86.5921787709,38.9380530973,36.036036036,45.0634448163
3ffc,22.2222222222,81.0055865922,28.1818181818,32.4786324786,44.5193447149
