pdb_id,pep_identity,mhc_identity,tcrA_identity,tcrB_identity,total_identity
3o4l,33.3333333333,100.0,34.2342342342,32.7433628319,55.6073772888
5men,22.2222222222,100.0,28.9473684211,59.4594594595,55.4752120542
2e7l,33.3333333333,68.7150837989,68.4684684685,60.0,55.4275504555
3qeq,11.1111111111,100.0,29.7297297297,73.2142857143,54.1943729444
4qrp,11.1111111111,81.0055865922,54.954954955,30.9734513274,45.0269669482
