pdb_id,pep_identity,mhc_identity,tcrA_identity,tcrB_identity,total_identity
5d2n,22.2222222222,99.4413407821,24.7787610619,66.9565217391,55.8437348016
3o4l,33.3333333333,100.0,29.203539823,35.9649122807,55.3058531284
5men,22.2222222222,100.0,32.1428571429,33.9285714286,51.7526455026
3qdj,11.1111111111,100.0,36.6071428571,37.5,49.3882275132
3ffc,22.2222222222,81.0055865922,32.1739130435,55.5555555556,49.0308477046
5bs0,11.1111111111,86.5921787709,33.3333333333,41.9642857143,45.1173664686
