pdb_id,pep_identity,mhc_identity,tcrA_identity,tcrB_identity,total_identity
4eup,11.1111111111,100.0,83.0357142857,36.6071428571,56.9775132275
3o4l,33.3333333333,100.0,38.0530973451,26.9565217391,55.2793809585
5bs0,11.1111111111,86.5921787709,40.350877193,91.9642857143,54.6202904452
5men,22.2222222222,100.0,33.9285714286,32.1428571429,51.7526455026
5d2n,22.2222222222,99.4413407821,20.3539823009,43.4782608696,51.1932281965
3ffc,22.2222222222,81.0055865922,32.1739130435,42.735042735,46.8940955679
