pdb_id,pep_identity,mhc_identity,tcrA_identity,tcrB_identity,total_identity
5d2n,22.2222222222,99.4413407821,50.9090909091,41.7391304348,55.9958912254
3o4l,33.3333333333,100.0,21.4285714286,27.4336283186,52.5881444023
4mnq,22.2222222222,100.0,21.4285714286,36.036036036,50.3181753182
3qeq,11.1111111111,100.0,29.4642857143,36.6071428571,48.0489417989
5bs0,11.1111111111,86.5921787709,21.7391304348,60.3603603604,46.2510117599
3ffc,22.2222222222,81.0055865922,28.3185840708,41.8803418803,46.1090905967
