pdb_id,pep_identity,mhc_identity,tcrA_identity,tcrB_identity,total_identity
3qdj,11.1111111111,100.0,87.1559633028,36.2831858407,57.6102285609
3o4l,33.3333333333,100.0,38.1818181818,26.9565217391,55.3008344313
5men,22.2222222222,100.0,33.9449541284,33.6283185841,52.0029528595
5d2n,22.2222222222,99.4413407821,20.9090909091,42.6086956522,51.1408187617
5bs0,11.1111111111,86.5921787709,38.0530973451,59.2920353982,48.7919520846
3ffc,22.2222222222,81.0055865922,31.25,42.735042735,46.7401100606
