pdb_id,pep_identity,mhc_identity,tcrA_identity,tcrB_identity,total_identity
3o4l,33.3333333333,100.0,28.4482758621,56.25,58.5608237548
5men,22.2222222222,100.0,31.0344827586,31.8584070796,51.2228890471
5d2n,22.2222222222,99.4413407821,26.724137931,29.3103448276,49.8936014612
3ffc,22.2222222222,81.0055865922,52.5862068966,30.5084745763,48.2583831836
3qdj,11.1111111111,100.0,29.3103448276,34.5132743363,47.6743068977
