pdb_id,pep_identity,mhc_identity,tcrA_identity,tcrB_identity,total_identity
3qdj,11.1111111111,100.0,90.7407407407,32.1428571429,57.5176366843
3o4l,33.3333333333,100.0,40.3669724771,24.5614035088,55.2658404421
5men,22.2222222222,100.0,33.6363636364,31.25,51.5551346801
5d2n,22.2222222222,99.4413407821,22.9357798165,33.0434782609,49.8843973477
