pdb_id,pep_identity,mhc_identity,tcrA_identity,tcrB_identity,total_identity
5d2n,22.2222222222,99.4413407821,60.5504587156,42.6086956522,57.7477133961
3o4l,33.3333333333,100.0,21.6216216216,26.0869565217,52.395874135
5men,22.2222222222,100.0,26.6055045872,30.3571428571,50.2345153148
3ffc,22.2222222222,81.0055865922,32.1428571429,45.2991452991,47.3162700118
3qeq,11.1111111111,100.0,27.027027027,33.9285714286,47.1963034463
