pdb_id,pep_identity,mhc_identity,tcrA_identity,tcrB_identity,total_identity
3qdj,11.1111111111,100.0,45.9459459459,90.2654867257,59.7389424823
3o4l,33.3333333333,100.0,45.9459459459,30.1724137931,57.1308377343
5men,22.2222222222,100.0,31.8584070796,65.4867256637,56.9649295313
5d2n,22.2222222222,99.4413407821,30.3571428571,33.9130434783,51.266218724
2e7l,33.3333333333,68.7150837989,33.9285714286,53.0973451327,48.520458471
