pdb_id,pep_identity,mhc_identity,tcrA_identity,tcrB_identity,total_identity
3o4l,33.3333333333,100.0,29.3577981651,27.8260869565,53.9750919647
4mnq,22.2222222222,100.0,29.7297297297,34.5132743363,51.4479080851
3qdj,11.1111111111,100.0,37.962962963,31.8584070796,48.6739320441
3ffc,22.2222222222,81.0055865922,30.3571428571,34.188034188,45.1667991123
2e7l,33.3333333333,68.7150837989,31.5315315315,29.4642857143,44.182108585
5bs0,11.1111111111,86.5921787709,30.9734513274,37.1681415929,43.9246954474
