pdb_id,pep_identity,mhc_identity,tcrA_identity,tcrB_identity,total_identity
5d2n,22.2222222222,99.4413407821,62.962962963,75.652173913,63.6570438141
3o4l,33.3333333333,100.0,20.9090909091,27.5862068966,52.5269940787
3ffc,22.2222222222,81.0055865922,38.7387387387,61.5384615385,51.1221363177
