pdb_id,pep_identity,mhc_identity,tcrA_identity,tcrB_identity,total_identity
5men,22.2222222222,100.0,38.7387387387,50.4504504505,55.6056056056
3o4l,33.3333333333,100.0,32.7272727273,30.0884955752,54.9137391615
3qeq,11.1111111111,100.0,51.376146789,52.6785714286,54.3794900733
2e7l,33.3333333333,68.7150837989,26.3157894737,50.0,46.7354372897
5bs0,11.1111111111,86.5921787709,37.1681415929,40.9090909091,45.5806353777
3ffc,22.2222222222,81.0055865922,28.5714285714,35.0427350427,45.0116302072
