pdb_id,pep_identity,mhc_identity,tcrA_identity,tcrB_identity,total_identity
4eup,11.1111111111,100.0,47.2727272727,88.4955752212,59.6650874527
3o4l,33.3333333333,100.0,51.8181818182,26.724137931,57.5348310693
5men,22.2222222222,100.0,34.8214285714,49.1228070175,54.7314466722
2e7l,33.3333333333,68.7150837989,33.9285714286,55.7522123894,48.9629363471
5d2n,22.2222222222,99.4413407821,22.5225225225,27.8260869565,48.9459559146
