pdb_id,pep_identity,mhc_identity,tcrA_identity,tcrB_identity,total_identity
5d2n,22.2222222222,99.4413407821,21.8181818182,67.8260869565,55.4952324639
4qrp,11.1111111111,81.0055865922,87.2727272727,55.7522123894,54.5430558448
5men,22.2222222222,100.0,29.7297297297,28.9473684211,50.5202570992
3qdj,11.1111111111,100.0,35.4545454545,33.3333333333,48.5016835017
2e7l,33.3333333333,68.7150837989,48.6486486486,31.8584070796,47.4339816655
5bs0,11.1111111111,86.5921787709,29.203539823,47.7876106195,45.3996217011
