pdb_id,pep_identity,mhc_identity,tcrA_identity,tcrB_identity,total_identity
5d2n,22.2222222222,99.4413407821,62.3853211009,32.7586206897,56.4118446332
3o4l,33.3333333333,100.0,21.6216216216,26.4957264957,52.464002464
5men,22.2222222222,100.0,23.6363636364,32.1739130435,50.0424535207
3qdj,11.1111111111,100.0,26.1261261261,30.4347826087,46.4638551595
3ffc,22.2222222222,81.0055865922,31.25,34.188034188,45.3156086361
