pdb_id,pep_identity,mhc_identity,tcrA_identity,tcrB_identity,total_identity
5d2n,22.2222222222,99.4413407821,62.037037037,56.5217391304,60.3143170294
3ffc,22.2222222222,81.0055865922,30.6306306306,89.7435897436,54.4716396672
3o4l,33.3333333333,100.0,22.7272727273,29.0598290598,53.0756280756
5men,22.2222222222,100.0,25.2252252252,32.1739130435,50.3072637855
4qrp,11.1111111111,81.0055865922,22.1238938053,88.6956521739,49.175490231
