pdb_id,pep_identity,mhc_identity,tcrA_identity,tcrB_identity,total_identity
3qeq,11.1111111111,100.0,37.2727272727,87.5,57.8324915825
5men,22.2222222222,100.0,30.0,60.3603603604,55.8008008008
3o4l,33.3333333333,100.0,25.2252252252,28.9473684211,53.4732100522
5d2n,22.2222222222,99.4413407821,24.1071428571,40.8695652174,51.3839723472
2e7l,33.3333333333,68.7150837989,25.0,63.963963964,48.8434663714
