pdb_id,pep_identity,mhc_identity,tcrA_identity,tcrB_identity,total_identity
3o4l,33.3333333333,100.0,59.6153846154,30.0884955752,59.3950911429
5men,22.2222222222,100.0,33.0357142857,51.3513513514,54.8052516803
4eup,11.1111111111,100.0,41.2844036697,55.8558558559,53.2270802913
5d2n,22.2222222222,99.4413407821,23.8532110092,34.7826086957,50.3271576189
2e7l,33.3333333333,68.7150837989,32.1428571429,50.9090909091,47.8581303861
