pdb_id,pep_identity,mhc_identity,tcrA_identity,tcrB_identity,total_identity
3qeq,11.1111111111,100.0,82.1428571429,59.8214285714,60.6977513228
4mnq,22.2222222222,100.0,34.8214285714,47.7477477477,54.5022701273
3o4l,33.3333333333,100.0,30.9734513274,28.3185840708,54.3264503441
3gsn,22.2222222222,100.0,31.8584070796,47.7876106195,54.0150770239
