pdb_id,pep_identity,mhc_identity,tcrA_identity,tcrB_identity,total_identity
5men,22.2222222222,100.0,38.3928571429,80.3571428571,60.5324074074
3o4l,33.3333333333,100.0,38.1818181818,28.6956521739,55.5906895037
3qdj,11.1111111111,100.0,37.2727272727,64.2857142857,53.9634439634
5eu6,11.1111111111,100.0,51.3274336283,36.2831858407,51.6388069485
