pdb_id,pep_identity,mhc_identity,tcrA_identity,tcrB_identity,total_identity
5d2n,22.2222222222,99.4413407821,50.0,35.652173913,54.8298833203
5men,22.2222222222,100.0,21.8181818182,36.2831858407,50.4243020172
3qeq,11.1111111111,100.0,29.0909090909,34.5132743363,47.6377342749
3ffc,22.2222222222,81.0055865922,27.027027027,34.188034188,44.6117798073
2e7l,33.3333333333,68.7150837989,25.4385964912,36.6071428571,44.3570956021
