pdb_id,pep_identity,mhc_identity,tcrA_identity,tcrB_identity,total_identity
5men,22.2222222222,100.0,36.2831858407,61.9469026549,57.1124221567
3qdj,11.1111111111,100.0,30.4347826087,88.4955752212,56.858763342
3o4l,33.3333333333,100.0,30.4347826087,33.6206896552,55.1203564884
2e7l,33.3333333333,68.7150837989,65.2173913043,52.2123893805,53.5877691582
5d2n,22.2222222222,99.4413407821,25.0,31.3043478261,49.9385789725
