pdb_id,pep_identity,mhc_identity,tcrA_identity,tcrB_identity,total_identity
4eup,11.1111111111,100.0,32.4561403509,89.2857142857,57.3273461431
3o4l,33.3333333333,100.0,35.0877192982,30.4347826087,55.3648614289
5men,22.2222222222,100.0,31.3043478261,50.4424778761,54.3652116911
5d2n,22.2222222222,99.4413407821,30.701754386,29.5652173913,50.5990162977
3ffc,22.2222222222,81.0055865922,61.4035087719,29.9145299145,49.6289427192
2e7l,33.3333333333,68.7150837989,33.0434782609,56.25,48.8983854209
