pdb_id,pep_identity,mhc_identity,tcrA_identity,tcrB_identity,total_identity
3gsn,22.2222222222,100.0,35.7142857143,60.5263157895,56.7808409914
2e7l,33.3333333333,68.7150837989,26.0869565217,60.5263157895,48.4516844293
