pdb_id,pep_identity,mhc_identity,tcrA_identity,tcrB_identity,total_identity
3o4l,33.3333333333,100.0,28.3185840708,27.1929824561,53.6963721989
3qeq,11.1111111111,100.0,38.3928571429,36.6071428571,49.537037037
3ffc,22.2222222222,81.0055865922,26.0869565217,31.6239316239,44.0277509624
5bs0,11.1111111111,86.5921787709,31.8584070796,34.8214285714,43.6810692359
2e7l,33.3333333333,68.7150837989,27.1929824561,30.6306306306,43.6534078919
