pdb_id,pep_identity,mhc_identity,tcrA_identity,tcrB_identity,total_identity
3qeq,11.1111111111,100.0,84.2592592593,36.8421052632,57.2205977908
5d2n,22.2222222222,99.4413407821,28.1818181818,55.652173913,54.5268530173
3o4l,33.3333333333,100.0,29.3577981651,30.1724137931,54.3661464375
5men,22.2222222222,100.0,34.5454545455,37.7192982456,52.7848662059
3ffc,22.2222222222,81.0055865922,30.9734513274,49.5726495726,47.8336197548
