pdb_id,pep_identity,mhc_identity,tcrA_identity,tcrB_identity,total_identity
3o4l,33.3333333333,100.0,29.8245614035,27.8260869565,54.0528858378
4mnq,22.2222222222,100.0,28.0701754386,38.0530973451,51.7612862047
2e7l,33.3333333333,68.7150837989,60.5263157895,28.5714285714,48.8657631042
5eu6,11.1111111111,100.0,34.2105263158,34.2105263158,48.440545809
3ffc,22.2222222222,81.0055865922,28.4482758621,32.4786324786,44.5637543283
