pdb_id,pep_identity,mhc_identity,tcrA_identity,tcrB_identity,total_identity
5men,22.2222222222,100.0,44.0366972477,62.1621621622,58.4405506424
3o4l,33.3333333333,100.0,34.2592592593,27.4336283186,54.7265923741
3qdj,11.1111111111,100.0,37.037037037,58.5585585586,52.969636303
5d2n,22.2222222222,99.4413407821,27.1028037383,29.5652173913,49.9991911897
2e7l,33.3333333333,68.7150837989,27.9279279279,54.5454545455,47.7617027896
