pdb_id,pep_identity,mhc_identity,tcrA_identity,tcrB_identity,total_identity
4eup,11.1111111111,100.0,89.9082568807,35.3982300885,57.9214515319
3o4l,33.3333333333,100.0,39.4495412844,26.724137931,55.4733909804
4mnq,22.2222222222,100.0,31.5315315315,32.7433628319,51.4532231346
5d2n,22.2222222222,99.4413407821,20.1834862385,44.347826087,51.3097397224
5bs0,11.1111111111,86.5921787709,40.7079646018,68.75,50.8107573943
3ffc,22.2222222222,81.0055865922,32.1428571429,43.5897435897,47.0313697269
