pdb_id,pep_identity,mhc_identity,tcrA_identity,tcrB_identity,total_identity
3o4l,33.3333333333,100.0,31.7757009346,29.8245614035,54.7111548341
5eu6,11.1111111111,100.0,30.9734513274,59.2920353982,52.0812848246
5men,22.2222222222,100.0,30.9090909091,36.036036036,51.8982618983
3ffc,22.2222222222,81.0055865922,33.3333333333,52.9914529915,48.7967339923
2e7l,33.3333333333,68.7150837989,31.8584070796,36.3636363636,45.386479618
