pdb_id,pep_identity,mhc_identity,tcrA_identity,tcrB_identity,total_identity
3o4l,33.3333333333,100.0,30.3571428571,29.5652173913,54.4315044859
5eu6,11.1111111111,100.0,35.9649122807,58.407079646,52.7657023582
5men,22.2222222222,100.0,29.8245614035,33.6283185841,51.3162207387
2e7l,33.3333333333,68.7150837989,61.6071428571,35.3982300885,50.1837012017
3ffc,22.2222222222,81.0055865922,28.9473684211,52.9914529915,48.0657398402
