pdb_id,pep_identity,mhc_identity,tcrA_identity,tcrB_identity,total_identity
3o4l,33.3333333333,100.0,31.5789473684,28.0701754386,54.3859649123
5men,22.2222222222,100.0,30.701754386,36.3636363636,51.9183058657
2e7l,33.3333333333,68.7150837989,67.5438596491,30.0,50.2734489856
5eu6,11.1111111111,100.0,35.9649122807,43.3628318584,50.2583277269
3ffc,22.2222222222,81.0055865922,27.5862068966,41.8803418803,45.9870277343
