pdb_id,pep_identity,mhc_identity,tcrA_identity,tcrB_identity,total_identity
5men,22.2222222222,100.0,39.2857142857,56.25,56.6633597884
3o4l,33.3333333333,100.0,35.3982300885,25.4385964912,54.5839155411
4eup,11.1111111111,100.0,33.6283185841,61.2612612613,52.8519670113
5d2n,22.2222222222,99.4413407821,22.8070175439,28.6956521739,49.1382992877
2e7l,33.3333333333,68.7150837989,26.3157894737,54.0540540541,47.4111129654
5bs0,11.1111111111,86.5921787709,46.017699115,36.9369369369,46.3935359694
