pdb_id,pep_identity,mhc_identity,tcrA_identity,tcrB_identity,total_identity
3o4l,33.3333333333,100.0,59.6153846154,29.203539823,59.2475985175
4eup,11.1111111111,100.0,43.119266055,88.2882882883,58.9382960943
4mnq,22.2222222222,100.0,28.5714285714,54.954954955,54.6618046618
5d2n,22.2222222222,99.4413407821,22.9357798165,29.5652173913,49.3046872028
2e7l,33.3333333333,68.7150837989,33.0357142857,56.3636363636,48.916030819
