pdb_id,pep_identity,mhc_identity,tcrA_identity,tcrB_identity,total_identity
3o4l,33.3333333333,100.0,29.3103448276,30.0884955752,54.3442511782
5men,22.2222222222,100.0,30.1724137931,50.4504504505,54.1778847813
4eup,11.1111111111,100.0,29.3103448276,58.5585585586,51.6818542681
3ffc,22.2222222222,81.0055865922,52.5862068966,35.0427350427,49.0140932613
2e7l,33.3333333333,68.7150837989,35.8974358974,50.0,48.3323783603
5bs0,11.1111111111,86.5921787709,37.0689655172,40.0,45.4125908802
