pdb_id,pep_identity,mhc_identity,tcrA_identity,tcrB_identity,total_identity
3o4l,33.3333333333,100.0,58.2524271845,27.8260869565,58.7908634679
5d2n,22.2222222222,99.4413407821,23.1481481481,77.3913043478,57.3110964174
5men,22.2222222222,100.0,30.0,31.8584070796,51.050475254
3ffc,22.2222222222,81.0055865922,33.6363636364,57.264957265,49.559489755
3qdj,11.1111111111,100.0,41.6666666667,30.9734513274,49.1437233694
