pdb_id,pep_identity,mhc_identity,tcrA_identity,tcrB_identity,total_identity
3o4l,33.3333333333,100.0,85.5769230769,31.6239316239,63.9779202279
3gsn,22.2222222222,100.0,33.6363636364,36.5217391304,52.4337578685
5men,22.2222222222,100.0,35.7142857143,33.0434782609,52.2003680699
