pdb_id,pep_identity,mhc_identity,tcrA_identity,tcrB_identity,total_identity
3gsn,22.2222222222,100.0,91.7431192661,48.6725663717,64.1433550137
4mnq,22.2222222222,100.0,38.3928571429,49.5495495495,55.3978085228
3o4l,33.3333333333,100.0,33.9449541284,30.0884955752,55.1166860617
4eup,11.1111111111,100.0,40.0,57.6576576577,53.3133133133
2p5w,11.1111111111,100.0,40.7079646018,50.8928571429,52.3038406611
