pdb_id,pep_identity,mhc_identity,tcrA_identity,tcrB_identity,total_identity
3o4l,33.3333333333,100.0,54.5454545455,32.7433628319,58.992580674
5d2n,22.2222222222,99.4413407821,26.1261261261,68.6956521739,56.3581507181
4mnq,22.2222222222,100.0,33.9285714286,30.6306306306,51.5006077506
3qdj,11.1111111111,100.0,49.0909090909,33.9285714286,50.8736171236
3ffc,22.2222222222,81.0055865922,33.9285714286,53.8461538462,49.0383904839
