pdb_id,pep_identity,mhc_identity,tcrA_identity,tcrB_identity,total_identity
3o4l,33.3333333333,100.0,57.6923076923,26.3157894737,58.4457939721
4mnq,22.2222222222,100.0,28.5714285714,61.6071428571,55.7705026455
4eup,11.1111111111,100.0,47.7064220183,59.4594594595,54.8980172833
5d2n,22.2222222222,99.4413407821,22.0183486239,28.6956521739,49.0068544677
2e7l,33.3333333333,68.7150837989,33.9285714286,53.1531531532,48.5297598077
