pdb_id,pep_identity,mhc_identity,tcrA_identity,tcrB_identity,total_identity
3o4l,33.3333333333,100.0,30.9734513274,26.9565217391,54.0994399555
5men,22.2222222222,100.0,30.3571428571,32.7433628319,51.2574916889
2e7l,33.3333333333,68.7150837989,57.5221238938,28.5714285714,48.3650644549
3qdj,11.1111111111,100.0,32.7433628319,32.7433628319,47.9514913143
3ffc,22.2222222222,81.0055865922,31.3043478261,28.2051282051,44.32751561
5bs0,11.1111111111,86.5921787709,32.4561403509,34.5132743363,43.7293324085
