pdb_id,pep_identity,mhc_identity,tcrA_identity,tcrB_identity,total_identity
3o4l,33.3333333333,100.0,32.4561403509,27.8260869565,54.491482329
5eu6,11.1111111111,100.0,35.0877192982,59.2920353982,52.7669961531
2e7l,33.3333333333,68.7150837989,68.4210526316,36.2831858407,51.4668454561
5men,22.2222222222,100.0,28.9473684211,35.3982300885,51.465007159
3ffc,22.2222222222,81.0055865922,25.8620689655,52.1367521368,47.4090731218
