pdb_id,pep_identity,mhc_identity,tcrA_identity,tcrB_identity,total_identity
2bnq,11.1111111111,100.0,87.7192982456,60.7142857143,61.775967697
4mnq,22.2222222222,100.0,38.5964912281,64.8648648649,57.9843000896
3o4l,33.3333333333,100.0,37.7192982456,28.9473684211,55.5555555556
3qdj,11.1111111111,100.0,41.2280701754,66.6666666667,55.0194931774
5bs0,11.1111111111,86.5921787709,83.3333333333,33.3333333333,52.0122077385
2e7l,33.3333333333,68.7150837989,37.3913043478,60.3603603604,50.3080831621
5d2n,22.2222222222,99.4413407821,22.6086956522,34.7826086957,50.1197383928
