pdb_id,pep_identity,mhc_identity,tcrA_identity,tcrB_identity,total_identity
3o4l,33.3333333333,100.0,58.0952380952,30.0884955752,59.1417333895
4eup,11.1111111111,100.0,46.3636363636,58.5585585586,54.5240695241
4mnq,22.2222222222,100.0,28.5714285714,50.4504504505,53.9110539111
5d2n,22.2222222222,99.4413407821,21.8181818182,33.0434782609,49.6981310146
2e7l,33.3333333333,68.7150837989,32.7433628319,50.0,47.806699516
