pdb_id,pep_identity,mhc_identity,tcrA_identity,tcrB_identity,total_identity
5d2n,22.2222222222,99.4413407821,25.0,74.7826086957,57.1849557841
3o4l,33.3333333333,100.0,33.3333333333,26.3157894737,54.3859649123
4mnq,22.2222222222,100.0,41.0714285714,28.8288288288,52.3907836408
3qeq,11.1111111111,100.0,38.7387387387,38.9380530973,49.9831690097
3ffc,22.2222222222,81.0055865922,30.9734513274,55.5555555556,48.830770752
5bs0,11.1111111111,86.5921787709,43.3628318584,43.75,47.0865686038
