pdb_id,pep_identity,mhc_identity,tcrA_identity,tcrB_identity,total_identity
5men,22.2222222222,100.0,31.3043478261,81.5789473684,59.5546232732
3o4l,33.3333333333,100.0,29.5652173913,28.2051282051,54.0728353772
2e7l,33.3333333333,68.7150837989,60.8695652174,54.3859649123,53.2253940657
3qdj,11.1111111111,100.0,32.1739130435,64.9122807018,53.2180693279
5d2n,22.2222222222,99.4413407821,26.724137931,31.3043478261,50.2259352943
