pdb_id,pep_identity,mhc_identity,tcrA_identity,tcrB_identity,total_identity
3o4l,33.3333333333,100.0,34.8214285714,33.6206896552,55.8514641489
5eu6,11.1111111111,100.0,49.5575221239,57.8947368421,54.9457468647
3ffc,22.2222222222,81.0055865922,32.4561403509,87.1794871795,54.3485408599
5men,22.2222222222,100.0,38.7387387387,31.5789473684,52.4603550919
