pdb_id,pep_identity,mhc_identity,tcrA_identity,tcrB_identity,total_identity
3o4l,33.3333333333,100.0,28.5714285714,24.7787610619,53.3361427167
5eu6,11.1111111111,100.0,36.5217391304,37.1681415929,49.3186838243
3ffc,22.2222222222,81.0055865922,51.3274336283,33.3333333333,48.5193974317
2e7l,33.3333333333,68.7150837989,36.2831858407,32.7272727273,45.5178821387
