pdb_id,pep_identity,mhc_identity,tcrA_identity,tcrB_identity,total_identity
5men,22.2222222222,100.0,30.4347826087,74.5454545455,58.2374469331
3o4l,33.3333333333,100.0,35.7142857143,26.3157894737,54.7827903091
3qdj,11.1111111111,100.0,33.0357142857,59.4594594595,52.4528993279
5d2n,22.2222222222,99.4413407821,37.5,26.0869565217,51.1523470884
3ffc,22.2222222222,81.0055865922,61.9469026549,28.2051282051,49.4346080815
2e7l,33.3333333333,68.7150837989,32.7433628319,51.8181818182,48.1097298191
