pdb_id,pep_identity,mhc_identity,tcrA_identity,tcrB_identity,total_identity
3o4l,33.3333333333,100.0,57.6923076923,27.8260869565,58.6975102192
5d2n,22.2222222222,99.4413407821,22.0183486239,49.5652173913,52.4851153373
4mnq,22.2222222222,100.0,28.5714285714,35.9649122807,51.4967975494
4eup,11.1111111111,100.0,47.7064220183,37.1681415929,51.1827976389
3ffc,22.2222222222,81.0055865922,33.6363636364,47.8632478632,47.9925381881
