pdb_id,pep_identity,mhc_identity,tcrA_identity,tcrB_identity,total_identity
5d2n,22.2222222222,99.4413407821,27.9279279279,57.3913043478,54.7743930474
5men,22.2222222222,100.0,38.3928571429,35.3982300885,53.0392552793
3qeq,11.1111111111,100.0,44.5454545455,40.7079646018,51.2459402282
3ffc,22.2222222222,81.0055865922,31.5789473684,56.4102564103,49.0741369012
5bs0,11.1111111111,86.5921787709,32.4561403509,44.2477876106,45.3517512876
2e7l,33.3333333333,68.7150837989,26.1261261261,36.2831858407,44.4176910385
