pdb_id,pep_identity,mhc_identity,tcrA_identity,tcrB_identity,total_identity
5d2n,22.2222222222,99.4413407821,50.0,75.652173913,61.496549987
3o4l,33.3333333333,100.0,22.3214285714,27.5862068966,52.7623836891
4mnq,22.2222222222,100.0,22.3214285714,32.4561403509,49.8703355611
