pdb_id,pep_identity,mhc_identity,tcrA_identity,tcrB_identity,total_identity
3o4l,33.3333333333,100.0,38.1818181818,30.0884955752,55.8228300706
4mnq,22.2222222222,100.0,38.3928571429,48.6486486486,55.2476583727
3qeq,11.1111111111,100.0,37.6146788991,52.6785714286,52.0859120916
5d2n,22.2222222222,99.4413407821,30.6306306306,33.9130434783,51.3118000196
5bs0,11.1111111111,86.5921787709,46.017699115,40.5405405405,46.99413657
2e7l,33.3333333333,68.7150837989,25.2252252252,50.9090909091,46.7051917331
3ffc,22.2222222222,81.0055865922,32.7433628319,38.4615384615,46.2767531537
