pdb_id,pep_identity,mhc_identity,tcrA_identity,tcrB_identity,total_identity
3o4l,33.3333333333,100.0,50.4504504505,29.203539823,57.72010949
5men,22.2222222222,100.0,34.5454545455,38.7387387387,52.9547729548
3qdj,11.1111111111,100.0,46.8468468468,36.9369369369,51.001001001
5d2n,22.2222222222,99.4413407821,22.3214285714,34.7826086957,50.071860546
