pdb_id,pep_identity,mhc_identity,tcrA_identity,tcrB_identity,total_identity
3o4l,33.3333333333,100.0,29.4642857143,25.8620689655,53.6655035577
5eu6,11.1111111111,100.0,38.2608695652,37.3913043478,49.6457326892
3ffc,22.2222222222,81.0055865922,51.3274336283,35.0427350427,48.8042977166
2e7l,33.3333333333,68.7150837989,35.3982300885,33.6283185841,45.5205638228
