pdb_id,pep_identity,mhc_identity,tcrA_identity,tcrB_identity,total_identity
3o4l,33.3333333333,100.0,33.6448598131,26.4957264957,54.4678754959
5men,22.2222222222,100.0,30.6306306306,31.3043478261,51.0632371502
3qdj,11.1111111111,100.0,43.119266055,33.9130434783,49.8757552926
5bs0,11.1111111111,86.5921787709,31.8584070796,57.0175438596,47.3804217839
3ffc,22.2222222222,81.0055865922,34.2342342342,39.3162393162,46.6676818632
2e7l,33.3333333333,68.7150837989,32.7433628319,31.5789473684,44.7365240775
