pdb_id,pep_identity,mhc_identity,tcrA_identity,tcrB_identity,total_identity
3o4l,33.3333333333,100.0,34.2592592593,30.0884955752,55.1690702502
5men,22.2222222222,100.0,36.036036036,49.5495495495,55.005005005
3qeq,11.1111111111,100.0,50.4672897196,51.7857142857,54.0792043713
2e7l,33.3333333333,68.7150837989,26.7857142857,49.0909090909,46.6622429402
5bs0,11.1111111111,86.5921787709,36.2831858407,40.0,45.2816276008
3ffc,22.2222222222,81.0055865922,29.0909090909,34.188034188,44.9557601513
