pdb_id,pep_identity,mhc_identity,tcrA_identity,tcrB_identity,total_identity
3gsn,22.2222222222,100.0,42.7272727273,61.9469026549,58.1864366378
2e7l,33.3333333333,68.7150837989,33.9285714286,60.1769911504,49.7003994739
