pdb_id,pep_identity,mhc_identity,tcrA_identity,tcrB_identity,total_identity
5d2n,22.2222222222,99.4413407821,29.203539823,54.7826086957,54.5522124212
4mnq,22.2222222222,100.0,28.6956521739,32.4324324324,50.9287548418
3ffc,22.2222222222,81.0055865922,53.982300885,41.8803418803,50.3863767323
3qeq,11.1111111111,100.0,29.203539823,34.5132743363,47.6565060636
2e7l,33.3333333333,68.7150837989,36.8421052632,35.4545454545,46.0655808304
5bs0,11.1111111111,86.5921787709,35.652173913,33.9285714286,44.1645541843
