pdb_id,pep_identity,mhc_identity,tcrA_identity,tcrB_identity,total_identity
5men,22.2222222222,100.0,44.5454545455,62.5,58.5816498316
3qeq,11.1111111111,100.0,36.3636363636,90.1785714286,58.1274050024
3o4l,33.3333333333,100.0,35.1351351351,27.8260869565,54.9379814597
5d2n,22.2222222222,99.4413407821,23.2142857143,34.7826086957,50.2206700698
2e7l,33.3333333333,68.7150837989,24.1071428571,60.7142857143,48.153043806
