pdb_id,pep_identity,mhc_identity,tcrA_identity,tcrB_identity,total_identity
3o4l,33.3333333333,100.0,83.9622641509,26.0869565217,62.7859812232
5men,22.2222222222,100.0,32.7433628319,37.1681415929,52.3926581449
3gsn,22.2222222222,100.0,32.1428571429,31.8584070796,51.4076181112
