pdb_id,pep_identity,mhc_identity,tcrA_identity,tcrB_identity,total_identity
3gsn,22.2222222222,100.0,42.4778761062,86.7256637168,62.2746640446
5men,22.2222222222,100.0,35.3982300885,90.990990991,61.8056109207
2bnr,11.1111111111,100.0,49.5575221239,89.2857142857,60.1775764386
3o4l,33.3333333333,100.0,34.5132743363,30.701754386,55.3136158982
3qdj,11.1111111111,100.0,41.592920354,64.8648648649,54.7800012402
