pdb_id,pep_identity,mhc_identity,tcrA_identity,tcrB_identity,total_identity
3o4l,33.3333333333,100.0,33.0434782609,27.9661016949,54.6127077704
5men,22.2222222222,100.0,32.1739130435,46.5517241379,53.861680271
2e7l,33.3333333333,68.7150837989,66.9565217391,49.5652173913,53.4364288991
4eup,11.1111111111,100.0,30.4347826087,54.7826086957,51.2399355878
3ffc,22.2222222222,81.0055865922,26.4957264957,36.7521367521,44.9505801461
5bs0,11.1111111111,86.5921787709,31.3043478261,37.0689655172,43.9633155179
