pdb_id,pep_identity,mhc_identity,tcrA_identity,tcrB_identity,total_identity
3o4l,33.3333333333,100.0,29.8245614035,27.8260869565,54.0528858378
5men,22.2222222222,100.0,33.0434782609,33.6283185841,51.8527068816
5eu6,11.1111111111,100.0,36.5217391304,45.6140350877,50.7263327401
3ffc,22.2222222222,81.0055865922,52.6315789474,43.5897435897,50.4461566943
2e7l,33.3333333333,68.7150837989,35.652173913,32.1428571429,45.3153108867
