pdb_id,pep_identity,mhc_identity,tcrA_identity,tcrB_identity,total_identity
3o4l,33.3333333333,100.0,32.4561403509,25.641025641,54.1273054431
4qrp,11.1111111111,81.0055865922,86.8421052632,44.347826087,52.5705544594
5men,22.2222222222,100.0,29.8245614035,28.0701754386,50.3898635478
5eu6,11.1111111111,100.0,35.9649122807,41.7391304348,49.987710823
2e7l,33.3333333333,68.7150837989,50.4347826087,34.2105263158,48.1236905315
