pdb_id,pep_identity,mhc_identity,tcrA_identity,tcrB_identity,total_identity
3o4l,33.3333333333,100.0,31.5789473684,33.6283185841,55.3123221032
5men,22.2222222222,100.0,32.4561403509,33.3333333333,51.7056530214
2e7l,33.3333333333,68.7150837989,61.4035087719,30.0,49.2500571727
5eu6,11.1111111111,100.0,35.0877192982,33.6283185841,48.4897100174
3ffc,22.2222222222,81.0055865922,28.4482758621,30.7692307692,44.2788540434
