pdb_id,pep_identity,mhc_identity,tcrA_identity,tcrB_identity,total_identity
5d2n,22.2222222222,99.4413407821,27.5229357798,59.1304347826,54.9967494285
4mnq,22.2222222222,100.0,42.2018348624,36.2831858407,53.8215775246
3qeq,11.1111111111,100.0,45.871559633,38.9380530973,51.1719724921
3ffc,22.2222222222,81.0055865922,37.5,53.8461538462,49.6336285792
5bs0,11.1111111111,86.5921787709,38.9380530973,44.2477876106,46.4320700787
2e7l,33.3333333333,68.7150837989,27.6785714286,35.3982300885,44.5289392969
