pdb_id,pep_identity,mhc_identity,tcrA_identity,tcrB_identity,total_identity
2bnq,11.1111111111,100.0,88.4955752212,55.3571428571,61.0124900501
4mnq,22.2222222222,100.0,38.0530973451,56.6371681416,56.5224516552
3o4l,33.3333333333,100.0,38.3928571429,25.2173913043,55.046152519
5bs0,11.1111111111,86.5921787709,86.7256637168,36.6071428571,53.1232310563
3qeq,11.1111111111,100.0,33.0357142857,52.2123893805,51.2450543147
5d2n,22.2222222222,99.4413407821,23.0088495575,28.6956521739,49.1719379567
2e7l,33.3333333333,68.7150837989,37.1681415929,53.5714285714,49.1394007381
