pdb_id,pep_identity,mhc_identity,tcrA_identity,tcrB_identity,total_identity
3qeq,11.1111111111,100.0,94.4444444444,31.5789473684,58.0409356725
3o4l,33.3333333333,100.0,30.2752293578,26.4957264957,53.90627042
5bs0,11.1111111111,86.5921787709,32.7433628319,92.1052631579,53.3758676256
5d2n,22.2222222222,99.4413407821,30.0,44.347826087,52.9458253493
4mnq,22.2222222222,100.0,33.9285714286,31.5789473684,51.6586605402
3ffc,22.2222222222,81.0055865922,38.9380530973,43.5897435897,48.163902386
