pdb_id,pep_identity,mhc_identity,tcrA_identity,tcrB_identity,total_identity
4eup,11.1111111111,100.0,47.7477477477,85.7142857143,59.2807092807
3o4l,33.3333333333,100.0,51.3513513514,27.8260869565,57.6406841624
4mnq,22.2222222222,100.0,31.25,49.5575221239,54.2086610947
2e7l,33.3333333333,68.7150837989,37.1681415929,56.25,49.5858293096
5d2n,22.2222222222,99.4413407821,21.4285714286,29.5652173913,49.0534858048
