pdb_id,pep_identity,mhc_identity,tcrA_identity,tcrB_identity,total_identity
3o4l,33.3333333333,100.0,29.7297297297,26.0869565217,53.7472254864
5eu6,11.1111111111,100.0,30.9734513274,42.9824561404,49.363021615
3ffc,22.2222222222,81.0055865922,31.8584070796,39.3162393162,46.2717106708
2e7l,33.3333333333,68.7150837989,30.0884955752,32.1428571429,44.3880311638
