pdb_id,pep_identity,mhc_identity,tcrA_identity,tcrB_identity,total_identity
3o4l,33.3333333333,100.0,57.6923076923,28.6956521739,58.8424377555
3gsn,22.2222222222,100.0,32.1100917431,73.4513274336,58.3343106035
2e7l,33.3333333333,68.7150837989,33.9285714286,58.0357142857,49.3435199965
