pdb_id,pep_identity,mhc_identity,tcrA_identity,tcrB_identity,total_identity
2bnq,11.1111111111,100.0,85.8407079646,76.9911504425,64.1756801049
5men,22.2222222222,100.0,41.0714285714,76.1061946903,60.2703446177
3o4l,33.3333333333,100.0,38.1818181818,27.5862068966,55.4057819575
3qdj,11.1111111111,100.0,43.6363636364,63.7168141593,54.9292333363
5bs0,11.1111111111,86.5921787709,85.8407079646,37.5,53.1245479548
