pdb_id,pep_identity,mhc_identity,tcrA_identity,tcrB_identity,total_identity
4eup,11.1111111111,100.0,84.4036697248,90.0900900901,66.1193303395
3gsn,22.2222222222,100.0,40.3669724771,50.4424778761,55.8756491329
3o4l,33.3333333333,100.0,39.4495412844,27.4336283186,55.5916393783
5men,22.2222222222,100.0,35.4545454545,52.2522522523,55.3585403585
