pdb_id,pep_identity,mhc_identity,tcrA_identity,tcrB_identity,total_identity
4eup,11.1111111111,100.0,85.4545454545,35.7142857143,57.2318422318
3o4l,33.3333333333,100.0,39.6396396396,28.6956521739,55.8336597467
5men,22.2222222222,100.0,34.2342342342,31.8584070796,51.7561809597
5d2n,22.2222222222,99.4413407821,21.6216216216,34.7826086957,49.9552260543
5bs0,11.1111111111,86.5921787709,41.592920354,38.9380530973,45.9895922026
2e7l,33.3333333333,68.7150837989,34.5132743363,36.6071428571,45.8695419096
