pdb_id,pep_identity,mhc_identity,tcrA_identity,tcrB_identity,total_identity
3o4l,33.3333333333,100.0,35.7142857143,26.4957264957,54.8127798128
5men,22.2222222222,100.0,39.2857142857,38.2608695652,53.6651713826
5eu6,11.1111111111,100.0,48.6725663717,45.2173913043,52.6853633164
3ffc,22.2222222222,81.0055865922,30.701754386,40.1709401709,46.2213853643
