pdb_id,pep_identity,mhc_identity,tcrA_identity,tcrB_identity,total_identity
3o4l,33.3333333333,100.0,31.4814814815,26.724137931,54.1453810132
4mnq,22.2222222222,100.0,27.9279279279,39.1304347826,51.9171345258
5eu6,11.1111111111,100.0,30.9734513274,48.6956521739,50.3152209539
3ffc,22.2222222222,81.0055865922,32.1428571429,45.2991452991,47.3162700118
2e7l,33.3333333333,68.7150837989,30.6306306306,33.3333333333,44.6767997047
