pdb_id,pep_identity,mhc_identity,tcrA_identity,tcrB_identity,total_identity
3qdj,11.1111111111,100.0,88.8888888889,61.9469026549,62.1763356277
3gsn,22.2222222222,100.0,37.962962963,61.9469026549,57.3923850104
5men,22.2222222222,100.0,34.2342342342,61.0619469027,56.6234375969
3o4l,33.3333333333,100.0,38.8888888889,28.4482758621,55.6673052363
2bnr,11.1111111111,100.0,40.7079646018,59.2920353982,53.7037037037
2e7l,33.3333333333,68.7150837989,33.3333333333,61.0619469027,49.7486857501
