pdb_id,pep_identity,mhc_identity,tcrA_identity,tcrB_identity,total_identity
5d2n,22.2222222222,99.4413407821,87.2727272727,32.1739130435,60.4622943875
5men,22.2222222222,100.0,24.1071428571,72.5663716814,56.8529931638
3qeq,11.1111111111,100.0,29.4642857143,62.8318584071,52.4197277239
3o4l,33.3333333333,100.0,20.5357142857,26.724137931,52.3210864806
