pdb_id,pep_identity,mhc_identity,tcrA_identity,tcrB_identity,total_identity
3o4l,33.3333333333,100.0,47.2222222222,31.5789473684,57.5779727096
3qdj,11.1111111111,100.0,89.8148148148,32.1428571429,57.3633156966
3ffc,22.2222222222,81.0055865922,33.0357142857,87.1794871795,54.4451365157
5d2n,22.2222222222,99.4413407821,22.2222222222,53.0434782609,53.0988044153
5men,22.2222222222,100.0,32.4324324324,31.25,51.3544794795
5bs0,11.1111111111,86.5921787709,40.7079646018,41.9642857143,46.34647168
