pdb_id,pep_identity,mhc_identity,tcrA_identity,tcrB_identity,total_identity
5d2n,22.2222222222,99.4413407821,36.8421052632,49.5652173913,54.9557414439
3ffc,22.2222222222,81.0055865922,62.2807017544,44.4444444444,52.1967939713
4mnq,22.2222222222,100.0,31.3043478261,34.2105263158,51.6598864311
3qeq,11.1111111111,100.0,32.4561403509,34.2105263158,48.1481481481
2e7l,33.3333333333,68.7150837989,32.1739130435,35.3982300885,45.2781628994
