pdb_id,pep_identity,mhc_identity,tcrA_identity,tcrB_identity,total_identity
3gsn,22.2222222222,100.0,87.962962963,36.8421052632,61.5415854451
3o4l,33.3333333333,100.0,32.4074074074,25.6637168142,54.122965148
5men,22.2222222222,100.0,38.1818181818,38.0530973451,53.4465599952
3qdj,11.1111111111,100.0,39.4495412844,38.9380530973,50.1016361007
