pdb_id,pep_identity,mhc_identity,tcrA_identity,tcrB_identity,total_identity
5men,22.2222222222,100.0,29.4642857143,56.1403508772,55.0081801727
2e7l,33.3333333333,68.7150837989,69.3693693694,53.982300885,54.5747507531
3o4l,33.3333333333,100.0,31.8181818182,27.5862068966,54.3451758969
4eup,11.1111111111,100.0,30.3571428571,58.407079646,51.8310741209
