pdb_id,pep_identity,mhc_identity,tcrA_identity,tcrB_identity,total_identity
3o4l,33.3333333333,100.0,37.8378378378,28.9473684211,55.5753121543
4mnq,22.2222222222,100.0,37.8378378378,33.0357142857,52.552999428
5eu6,11.1111111111,100.0,45.1327433628,34.5132743363,50.3113733202
3ffc,22.2222222222,81.0055865922,30.9734513274,31.6239316239,44.8421667634
