pdb_id,pep_identity,mhc_identity,tcrA_identity,tcrB_identity,total_identity
3o4l,33.3333333333,100.0,52.7272727273,29.203539823,58.0995798695
4mnq,22.2222222222,100.0,34.5454545455,47.7477477477,54.4562744563
4eup,11.1111111111,100.0,46.3636363636,54.0540540541,53.7733187733
5d2n,22.2222222222,99.4413407821,22.5225225225,34.7826086957,50.1053762045
2e7l,33.3333333333,68.7150837989,34.8214285714,50.0,48.153043806
