pdb_id,pep_identity,mhc_identity,tcrA_identity,tcrB_identity,total_identity
5men,22.2222222222,100.0,38.3928571429,55.4545454545,56.381974507
3o4l,33.3333333333,100.0,35.7798165138,24.7787610619,54.5375407071
3qeq,11.1111111111,100.0,36.1111111111,58.9285714286,52.876984127
5d2n,22.2222222222,99.4413407821,23.6363636364,28.6956521739,49.2765236365
2e7l,33.3333333333,68.7150837989,25.2252252252,55.9633027523,47.5475603737
5bs0,11.1111111111,86.5921787709,45.1327433628,34.2342342342,45.7955928935
