pdb_id,pep_identity,mhc_identity,tcrA_identity,tcrB_identity,total_identity
3o4l,33.3333333333,100.0,87.3786407767,25.8620689655,63.3178960681
5eu6,11.1111111111,100.0,39.8230088496,48.2456140351,51.7151408511
4mnq,22.2222222222,100.0,29.4642857143,31.8584070796,50.9611895397
