pdb_id,pep_identity,mhc_identity,tcrA_identity,tcrB_identity,total_identity
3o4l,33.3333333333,100.0,47.2727272727,32.4561403509,57.7325890484
5d2n,22.2222222222,99.4413407821,24.3243243243,75.652173913,57.2172707077
5men,22.2222222222,100.0,33.6283185841,33.0357142857,51.8514128857
3qdj,11.1111111111,100.0,50.0,32.1428571429,50.7275132275
3ffc,22.2222222222,81.0055865922,35.3982300885,57.264957265,49.8531341637
5bs0,11.1111111111,86.5921787709,38.0530973451,47.3214285714,46.7968509468
