pdb_id,pep_identity,mhc_identity,tcrA_identity,tcrB_identity,total_identity
3o4l,33.3333333333,100.0,38.1818181818,53.5087719298,59.7262094631
5men,22.2222222222,100.0,37.5,29.5652173913,51.9182769726
5eu6,11.1111111111,100.0,49.5575221239,35.652173913,51.2386530432
3qeq,11.1111111111,100.0,36.6972477064,30.4347826087,48.2257087562
