pdb_id,pep_identity,mhc_identity,tcrA_identity,tcrB_identity,total_identity
5d2n,22.2222222222,99.4413407821,25.4545454545,67.8260869565,56.10129307
3o4l,33.3333333333,100.0,33.3333333333,26.9565217391,54.4927536232
4mnq,22.2222222222,100.0,41.2844036697,28.0701754386,52.2998372588
3qeq,11.1111111111,100.0,39.0909090909,34.2105263158,49.2539429382
3ffc,22.2222222222,81.0055865922,28.3185840708,59.8290598291,49.1005435881
5bs0,11.1111111111,86.5921787709,42.4778761062,47.3684210526,47.5421461538
