pdb_id,pep_identity,mhc_identity,tcrA_identity,tcrB_identity,total_identity
3o4l,33.3333333333,100.0,34.8214285714,25.6637168142,54.5253020087
5men,22.2222222222,100.0,40.1785714286,37.2727272727,53.6492905243
3qdj,11.1111111111,100.0,44.6428571429,36.9369369369,50.6336693837
5bs0,11.1111111111,86.5921787709,46.9026548673,37.8378378378,46.6911787449
3ffc,22.2222222222,81.0055865922,32.4561403509,29.9145299145,44.8043813157
2e7l,33.3333333333,68.7150837989,32.7433628319,29.6296296296,44.4116377877
