pdb_id,pep_identity,mhc_identity,tcrA_identity,tcrB_identity,total_identity
3o4l,33.3333333333,100.0,51.8181818182,29.3103448276,57.9658655521
5d2n,22.2222222222,99.4413407821,22.5225225225,65.2173913043,55.1778399726
5men,22.2222222222,100.0,34.8214285714,33.3333333333,52.0998677249
3qdj,11.1111111111,100.0,49.0909090909,35.9649122807,51.2130072656
3ffc,22.2222222222,81.0055865922,34.8214285714,49.5726495726,48.4749492955
