pdb_id,pep_identity,mhc_identity,tcrA_identity,tcrB_identity,total_identity
3o4l,33.3333333333,100.0,29.203539823,26.5486725664,53.7364798427
5eu6,11.1111111111,100.0,34.2105263158,49.5575221239,50.9983784437
3ffc,22.2222222222,81.0055865922,33.0434782609,44.4444444444,47.323923389
2e7l,33.3333333333,68.7150837989,29.5652173913,36.9369369369,45.0998314321
