pdb_id,pep_identity,mhc_identity,tcrA_identity,tcrB_identity,total_identity
3o4l,33.3333333333,100.0,85.4368932039,27.3504273504,63.2423312035
3gsn,22.2222222222,100.0,34.8623853211,32.1739130435,51.9134571348
4mnq,22.2222222222,100.0,32.1428571429,33.9130434783,51.7500575109
