pdb_id,pep_identity,mhc_identity,tcrA_identity,tcrB_identity,total_identity
5men,22.2222222222,100.0,36.6071428571,49.1228070175,55.0290657199
3o4l,33.3333333333,100.0,28.1818181818,30.1724137931,54.1701497736
3qeq,11.1111111111,100.0,45.871559633,51.7543859649,53.30802797
2e7l,33.3333333333,68.7150837989,26.1261261261,48.6725663717,46.4825877937
3ffc,22.2222222222,81.0055865922,31.5789473684,35.8974358974,45.6553334824
5bs0,11.1111111111,86.5921787709,31.5789473684,39.8230088496,44.4680893304
