pdb_id,pep_identity,mhc_identity,tcrA_identity,tcrB_identity,total_identity
3o4l,33.3333333333,100.0,51.8181818182,30.4347826087,58.1532718489
5men,22.2222222222,100.0,34.8214285714,32.7433628319,52.001539308
3qdj,11.1111111111,100.0,49.0909090909,33.6283185841,50.8235749829
5d2n,22.2222222222,99.4413407821,22.5225225225,33.9130434783,49.9604486682
