pdb_id,pep_identity,mhc_identity,tcrA_identity,tcrB_identity,total_identity
3o4l,33.3333333333,100.0,57.6923076923,27.5862068966,58.6575302093
3gsn,22.2222222222,100.0,32.1100917431,74.3362831858,58.4818032289
2e7l,33.3333333333,68.7150837989,33.9285714286,57.5221238938,49.2579215978
