pdb_id,pep_identity,mhc_identity,tcrA_identity,tcrB_identity,total_identity
3qeq,11.1111111111,100.0,49.5327102804,87.5,59.8758220838
5men,22.2222222222,100.0,35.1351351351,60.3603603604,56.6566566567
3o4l,33.3333333333,100.0,33.3333333333,28.9473684211,54.8245614035
5d2n,22.2222222222,99.4413407821,27.5229357798,40.8695652174,51.9532711676
2e7l,33.3333333333,68.7150837989,29.4642857143,63.963963964,49.5875139904
