pdb_id,pep_identity,mhc_identity,tcrA_identity,tcrB_identity,total_identity
5eu6,11.1111111111,100.0,89.3805309735,56.5217391304,61.3540820544
2bnr,11.1111111111,100.0,87.610619469,32.1739130435,57.0011257891
3o4l,33.3333333333,100.0,39.4495412844,26.4957264957,55.4353224078
5bs0,11.1111111111,86.5921787709,83.185840708,40.8695652174,53.2436642816
4mnq,22.2222222222,100.0,38.0530973451,32.1739130435,52.4452424722
3qdj,11.1111111111,100.0,42.7272727273,33.9130434783,49.8104230713
