pdb_id,pep_identity,mhc_identity,tcrA_identity,tcrB_identity,total_identity
5d2n,22.2222222222,99.4413407821,68.2242990654,68.6956521739,63.3745128747
3o4l,33.3333333333,100.0,22.0183486239,26.724137931,52.5681922036
