pdb_id,pep_identity,mhc_identity,tcrA_identity,tcrB_identity,total_identity
3qdj,11.1111111111,100.0,87.2727272727,34.5132743363,57.3347039719
3o4l,33.3333333333,100.0,39.6396396396,29.5652173913,55.9785872829
5men,22.2222222222,100.0,34.2342342342,32.7433628319,51.9036735851
5d2n,22.2222222222,99.4413407821,21.6216216216,33.0434782609,49.6653709819
5bs0,11.1111111111,86.5921787709,44.2477876106,39.8230088496,46.579562704
