pdb_id,pep_identity,mhc_identity,tcrA_identity,tcrB_identity,total_identity
3gsn,22.2222222222,100.0,38.7387387387,88.4955752212,61.9464597341
5men,22.2222222222,100.0,34.5454545455,89.3805309735,61.3950716606
3o4l,33.3333333333,100.0,50.4504504505,27.5862068966,57.4505540023
2p5w,11.1111111111,100.0,34.5132743363,84.9557522124,56.9485414618
3qdj,11.1111111111,100.0,46.8468468468,62.8318584071,55.316821246
