pdb_id,pep_identity,mhc_identity,tcrA_identity,tcrB_identity,total_identity
3o4l,33.3333333333,100.0,59.6153846154,26.5486725664,58.8051206414
3gsn,22.2222222222,100.0,36.6972477064,30.9734513274,52.0191905797
