pdb_id,pep_identity,mhc_identity,tcrA_identity,tcrB_identity,total_identity
3o4l,33.3333333333,100.0,34.2342342342,27.5862068966,54.7478512996
5bs0,11.1111111111,86.5921787709,32.4561403509,90.2654867257,53.0213678068
5men,22.2222222222,100.0,28.9473684211,38.0530973451,51.9074850351
2e7l,33.3333333333,68.7150837989,70.2702702703,28.3185840708,50.4476147676
3qdj,11.1111111111,100.0,32.4324324324,35.3982300885,48.3421474572
3ffc,22.2222222222,81.0055865922,28.9473684211,39.3162393162,45.786537561
