pdb_id,pep_identity,mhc_identity,tcrA_identity,tcrB_identity,total_identity
3o4l,33.3333333333,100.0,36.6972477064,23.0088495575,54.3954606551
5men,22.2222222222,100.0,39.2857142857,35.3982300885,53.1880648031
5eu6,11.1111111111,100.0,47.7876106195,39.4736842105,51.5805861754
3ffc,22.2222222222,81.0055865922,31.8584070796,34.7457627119,45.5099645701
2e7l,33.3333333333,68.7150837989,25.2252252252,36.036036036,44.2263492543
