pdb_id,pep_identity,mhc_identity,tcrA_identity,tcrB_identity,total_identity
3o4l,33.3333333333,100.0,37.5,25.8620689655,55.004789272
5eu6,11.1111111111,100.0,52.2123893805,42.1052631579,52.7566457934
5men,22.2222222222,100.0,39.2857142857,28.3185840708,52.0081238002
3ffc,22.2222222222,81.0055865922,32.4561403509,43.5897435897,47.0835835949
2e7l,33.3333333333,68.7150837989,26.5486725664,33.6283185841,44.0456375691
