pdb_id,pep_identity,mhc_identity,tcrA_identity,tcrB_identity,total_identity
5eu6,11.1111111111,100.0,86.7256637168,66.0869565217,62.5058070768
3o4l,33.3333333333,100.0,45.871559633,26.4957264957,56.5056587992
2bnr,11.1111111111,100.0,85.8407079646,28.6956521739,56.1264303935
5bs0,11.1111111111,86.5921787709,81.4159292035,44.347826087,53.5283891758
5men,22.2222222222,100.0,38.0530973451,29.5652173913,52.0104598635
