pdb_id,pep_identity,mhc_identity,tcrA_identity,tcrB_identity,total_identity
5eu6,11.1111111111,100.0,32.4561403509,90.5172413793,57.5326006587
3o4l,33.3333333333,100.0,32.4324324324,27.9661016949,54.510866799
5men,22.2222222222,100.0,29.4642857143,34.4827586207,51.3985814632
2e7l,33.3333333333,68.7150837989,68.4684684685,33.6206896552,51.0309987313
3ffc,22.2222222222,81.0055865922,26.3157894737,58.9743589744,48.6242943461
