pdb_id,pep_identity,mhc_identity,tcrA_identity,tcrB_identity,total_identity
3qdj,11.1111111111,100.0,87.962962963,36.036036036,57.7035368702
3o4l,33.3333333333,100.0,38.8888888889,27.4336283186,55.4981973124
4mnq,22.2222222222,100.0,32.4324324324,34.2342342342,51.8518518519
5d2n,22.2222222222,99.4413407821,21.2962962963,40.0,50.7705703842
5bs0,11.1111111111,86.5921787709,38.9380530973,62.7272727273,49.5119842648
3ffc,22.2222222222,81.0055865922,31.25,41.8803418803,46.5976599182
