pdb_id,pep_identity,mhc_identity,tcrA_identity,tcrB_identity,total_identity
3o4l,33.3333333333,100.0,38.3928571429,26.4957264957,55.2592083842
3qdj,11.1111111111,100.0,66.6666666667,35.0877192982,53.9961013645
5men,22.2222222222,100.0,36.9369369369,31.5789473684,52.1600547916
5bs0,11.1111111111,86.5921787709,45.1327433628,68.1415929204,51.4468193412
3ffc,22.2222222222,81.0055865922,35.9649122807,44.4444444444,47.810829059
2e7l,33.3333333333,68.7150837989,37.7192982456,28.9473684211,45.1272501552
