pdb_id,pep_identity,mhc_identity,tcrA_identity,tcrB_identity,total_identity
3o4l,33.3333333333,100.0,31.8584070796,30.0884955752,54.7689282203
4mnq,22.2222222222,100.0,27.1929824561,51.3513513514,53.831463042
4eup,11.1111111111,100.0,34.5132743363,57.6576576577,52.398859036
2e7l,33.3333333333,68.7150837989,57.5221238938,50.0,51.9364930264
3ffc,22.2222222222,81.0055865922,28.6956521739,36.7521367521,45.3172344258
5bs0,11.1111111111,86.5921787709,35.9649122807,38.7387387387,45.0183717973
