pdb_id,pep_identity,mhc_identity,tcrA_identity,tcrB_identity,total_identity
3o4l,33.3333333333,100.0,84.7619047619,26.9565217391,63.0641821946
5bs0,11.1111111111,86.5921787709,38.0530973451,91.9642857143,54.2373271373
5men,22.2222222222,100.0,35.7142857143,37.5,52.9431216931
3gsn,22.2222222222,100.0,34.2342342342,31.8584070796,51.7561809597
