pdb_id,pep_identity,mhc_identity,tcrA_identity,tcrB_identity,total_identity
3o4l,33.3333333333,100.0,29.8245614035,23.4782608696,53.3282481566
3qeq,11.1111111111,100.0,43.3628318584,29.203539823,49.1314323173
3ffc,22.2222222222,81.0055865922,31.8965517241,32.4786324786,45.1384669719
5bs0,11.1111111111,86.5921787709,34.2105263158,37.1681415929,44.4642079455
2e7l,33.3333333333,68.7150837989,27.1929824561,33.9285714286,44.2030646915
