pdb_id,pep_identity,mhc_identity,tcrA_identity,tcrB_identity,total_identity
5d2n,22.2222222222,99.4413407821,63.5514018692,46.0869565217,58.8275807333
3o4l,33.3333333333,100.0,22.0183486239,28.2051282051,52.8150239159
5men,22.2222222222,100.0,23.6363636364,39.1304347826,51.2018738106
3qdj,11.1111111111,100.0,26.6055045872,35.652173913,47.4133167871
