pdb_id,pep_identity,mhc_identity,tcrA_identity,tcrB_identity,total_identity
3gsn,22.2222222222,100.0,89.8148148148,30.4347826087,60.7823403113
3o4l,33.3333333333,100.0,36.1111111111,54.8672566372,59.6075057358
4mnq,22.2222222222,100.0,37.5,32.4561403509,52.4000974659
