pdb_id,pep_identity,mhc_identity,tcrA_identity,tcrB_identity,total_identity
3o4l,33.3333333333,100.0,33.3333333333,23.7288135593,53.9548022599
4mnq,22.2222222222,100.0,29.7297297297,31.0344827586,50.8681094888
3qdj,11.1111111111,100.0,37.3831775701,31.8965517241,48.5836585861
3ffc,22.2222222222,81.0055865922,34.5454545455,38.4615384615,46.5771017726
2e7l,33.3333333333,68.7150837989,33.3333333333,33.9130434783,45.2238685127
5bs0,11.1111111111,86.5921787709,31.8584070796,40.5172413793,44.6303713705
