pdb_id,pep_identity,mhc_identity,tcrA_identity,tcrB_identity,total_identity
5men,22.2222222222,100.0,39.8230088496,54.5454545455,56.4688179732
3o4l,33.3333333333,100.0,36.3636363636,32.7433628319,55.9622776437
3qeq,11.1111111111,100.0,41.8181818182,51.7857142857,52.6376863877
5d2n,22.2222222222,99.4413407821,27.9279279279,33.0434782609,50.7164220329
2e7l,33.3333333333,68.7150837989,27.027027027,50.9259259259,47.0082978696
