pdb_id,pep_identity,mhc_identity,tcrA_identity,tcrB_identity,total_identity
3qdj,11.1111111111,100.0,88.8888888889,35.9649122807,57.8460038986
3o4l,33.3333333333,100.0,38.8888888889,32.7586206897,56.3856960409
5men,22.2222222222,100.0,39.4495412844,39.4736842105,53.8946116566
5d2n,22.2222222222,99.4413407821,21.2962962963,50.4347826087,52.5097008189
3ffc,22.2222222222,81.0055865922,32.1428571429,47.8632478632,47.7436204392
