pdb_id,pep_identity,mhc_identity,tcrA_identity,tcrB_identity,total_identity
4eup,11.1111111111,100.0,47.2727272727,90.0900900901,59.9308399308
3o4l,33.3333333333,100.0,50.9090909091,27.4336283186,57.5015643157
5men,22.2222222222,100.0,35.4545454545,50.9090909091,55.1346801347
2e7l,33.3333333333,68.7150837989,34.8214285714,60.1851851852,49.8505746702
5d2n,22.2222222222,99.4413407821,22.5225225225,30.4347826087,49.3807385233
