pdb_id,pep_identity,mhc_identity,tcrA_identity,tcrB_identity,total_identity
5d2n,22.2222222222,99.4413407821,21.4285714286,68.6956521739,55.5752249352
3qdj,11.1111111111,100.0,61.6071428571,32.4561403509,52.714250905
5men,22.2222222222,100.0,30.6306306306,28.9473684211,50.6704072494
3ffc,22.2222222222,81.0055865922,30.4347826087,54.7008547009,48.5985424897
5bs0,11.1111111111,86.5921787709,41.2280701754,43.8596491228,46.7490498437
2e7l,33.3333333333,68.7150837989,33.9130434783,32.7433628319,45.1255400958
