pdb_id,pep_identity,mhc_identity,tcrA_identity,tcrB_identity,total_identity
3o4l,33.3333333333,100.0,30.4347826087,24.5614035088,53.610475464
2e7l,33.3333333333,68.7150837989,65.2173913043,29.7297297297,49.8406592164
5eu6,11.1111111111,100.0,33.0434782609,37.1681415929,48.7389736793
3ffc,22.2222222222,81.0055865922,25.641025641,32.4786324786,44.0958792914
