pdb_id,pep_identity,mhc_identity,tcrA_identity,tcrB_identity,total_identity
3o4l,33.3333333333,100.0,30.6306306306,29.8245614035,54.5203097835
4mnq,22.2222222222,100.0,29.8245614035,48.2142857143,53.7472152604
2e7l,33.3333333333,68.7150837989,61.2612612613,54.954954955,53.3855084134
4eup,11.1111111111,100.0,34.8214285714,54.954954955,51.9997676248
3ffc,22.2222222222,81.0055865922,26.3157894737,33.3333333333,44.3507900726
5bs0,11.1111111111,86.5921787709,31.5789473684,36.6071428571,43.9321116649
