pdb_id,pep_identity,mhc_identity,tcrA_identity,tcrB_identity,total_identity
4eup,11.1111111111,100.0,36.6071428571,85.0877192982,57.3195140629
3o4l,33.3333333333,100.0,37.5,25.641025641,54.9679487179
5men,22.2222222222,100.0,35.7142857143,49.5652173913,54.9539912583
5d2n,22.2222222222,99.4413407821,23.0088495575,31.0344827586,49.5617430541
2e7l,33.3333333333,68.7150837989,25.6637168142,56.1403508772,47.650150326
5bs0,11.1111111111,86.5921787709,47.7876106195,32.1739130435,45.8946839045
