pdb_id,pep_identity,mhc_identity,tcrA_identity,tcrB_identity,total_identity
5eu6,11.1111111111,100.0,90.2654867257,60.8695652174,62.2262123609
2bnr,11.1111111111,100.0,88.4955752212,30.4347826087,56.858763342
3o4l,33.3333333333,100.0,38.3928571429,27.3504273504,55.4016585267
5bs0,11.1111111111,86.5921787709,84.0707964602,44.347826087,53.9708670519
3ffc,22.2222222222,81.0055865922,33.3333333333,77.7777777778,52.9277881233
5men,22.2222222222,100.0,42.4778761062,30.4347826087,52.8928505266
3qdj,11.1111111111,100.0,43.75,33.0434782609,49.8359500805
