pdb_id,pep_identity,mhc_identity,tcrA_identity,tcrB_identity,total_identity
5euo,22.2222222222,100.0,89.9082568807,90.1785714286,70.7552121256
5men,22.2222222222,100.0,44.0366972477,53.982300885,57.0772404295
