pdb_id,pep_identity,mhc_identity,tcrA_identity,tcrB_identity,total_identity
5eu6,33.3333333333,100.0,50.4424778761,60.5263157895,62.9392433887
2vlk,22.2222222222,100.0,44.1441441441,38.0530973451,54.440280989
5men,22.2222222222,100.0,38.3928571429,33.3333333333,52.6951058201
3ffc,33.3333333333,81.0055865922,33.3333333333,52.9914529915,52.500437696
5brz,22.2222222222,86.5921787709,50.4424778761,45.6140350877,52.280885825
3o4l,22.2222222222,100.0,36.6071428571,27.8260869565,51.4796123764
2f54,11.1111111111,100.0,51.3274336283,29.203539823,50.4588659456
