pdb_id,pep_identity,mhc_identity,tcrA_identity,tcrB_identity,total_identity
5eu6,33.3333333333,100.0,38.0530973451,55.7522123894,60.0786627335
5men,22.2222222222,100.0,32.7272727273,34.8214285714,51.9988576239
3ffc,33.3333333333,81.0055865922,31.25,49.5726495726,51.5834149039
5euo,22.2222222222,100.0,33.0357142857,30.3571428571,51.3062169312
3o4l,22.2222222222,100.0,33.3333333333,28.0701754386,50.9746588694
2e7l,44.4444444444,68.7150837989,33.3333333333,36.6071428571,49.3765887795
5brz,22.2222222222,86.5921787709,37.1681415929,40.1785714286,49.1625858346
