pdb_id,pep_identity,mhc_identity,tcrA_identity,tcrB_identity,total_identity
5eu6,33.3333333333,100.0,42.4778761062,61.0619469027,61.7010816126
3qdj,0.0,100.0,89.8148148148,37.5,54.5524691358
2vlk,22.2222222222,100.0,36.6972477064,36.9369369369,53.013104848
3ffc,33.3333333333,81.0055865922,32.1428571429,52.9914529915,52.3020249976
5men,22.2222222222,100.0,34.2342342342,33.3333333333,52.002002002
3o4l,22.2222222222,100.0,38.8888888889,28.3185840708,51.941986234
5brz,22.2222222222,86.5921787709,39.8230088496,45.5357142857,50.4979208536
