pdb_id,pep_identity,mhc_identity,tcrA_identity,tcrB_identity,total_identity
5eu6,33.3333333333,100.0,37.1681415929,63.7168141593,61.2586037365
5euo,22.2222222222,100.0,32.1428571429,40.0,52.7645502646
3ffc,33.3333333333,81.0055865922,28.5714285714,55.5555555556,52.1341373297
5men,22.2222222222,100.0,30.9090909091,29.7297297297,50.8472108472
5brz,22.2222222222,86.5921787709,37.1681415929,48.6486486486,50.5742653713
3o4l,22.2222222222,100.0,31.4814814815,27.4336283186,50.5599257074
3qdj,0.0,100.0,62.962962963,33.9285714286,49.4819223986
