pdb_id,pep_identity,mhc_identity,tcrA_identity,tcrB_identity,total_identity
3gsn,22.2222222222,100.0,37.962962963,94.6902654867,62.849612149
5men,22.2222222222,100.0,34.2342342342,90.2654867257,61.4906942341
4eup,11.1111111111,100.0,87.1559633028,50.4424778761,59.9701105668
2bnr,11.1111111111,100.0,40.7079646018,87.610619469,58.4234677155
2vlk,22.2222222222,100.0,36.6972477064,51.3274336283,55.4115209632
3o4l,22.2222222222,100.0,38.8888888889,33.6206896552,52.8256704981
2e7l,44.4444444444,68.7150837989,34.2342342342,53.0973451327,52.2751059756
