pdb_id,pep_identity,mhc_identity,tcrA_identity,tcrB_identity,total_identity
5eu6,33.3333333333,100.0,32.7433628319,47.7876106195,57.866273353
2vlk,22.2222222222,100.0,26.6055045872,36.6071428571,51.2761819815
5men,22.2222222222,100.0,31.1926605505,31.25,51.1478508325
3ffc,33.3333333333,81.0055865922,31.25,46.1538461538,51.0136143341
5brz,22.2222222222,86.5921787709,30.9734513274,56.25,50.8087088856
2e7l,44.4444444444,68.7150837989,30.6306306306,33.9285714286,48.4797097576
