pdb_id,pep_identity,mhc_identity,tcrA_identity,tcrB_identity,total_identity
3o4l,22.2222222222,100.0,86.4077669903,25.4385964912,59.381801321
5eu6,33.3333333333,100.0,40.7079646018,34.5132743363,56.9813176008
5men,22.2222222222,100.0,34.5454545455,35.7142857143,52.4506974507
5euo,22.2222222222,100.0,35.4545454545,32.4324324324,52.0552370552
5brz,22.2222222222,86.5921787709,38.0530973451,37.5,48.8636498886
3ffc,33.3333333333,81.0055865922,33.6363636364,29.9145299145,48.7047889003
2e7l,44.4444444444,68.7150837989,33.9285714286,28.8288288288,48.1794094573
