pdb_id,pep_identity,mhc_identity,tcrA_identity,tcrB_identity,total_identity
5eu6,33.3333333333,100.0,32.7433628319,34.7826086957,55.6987730324
2vlk,22.2222222222,100.0,50.9090909091,33.6283185841,54.8303089896
3ffc,33.3333333333,81.0055865922,33.6283185841,32.4786324786,49.1307984856
2e7l,44.4444444444,68.7150837989,26.7857142857,30.0884955752,47.1988777246
