pdb_id,pep_identity,mhc_identity,tcrA_identity,tcrB_identity,total_identity
3gsn,22.2222222222,100.0,84.0707964602,50.4424778761,63.1596197968
2vlk,22.2222222222,100.0,35.3982300885,91.0714285714,61.8190171841
5men,22.2222222222,100.0,39.6396396396,49.5575221239,55.606934368
4eup,11.1111111111,100.0,37.1681415929,58.0357142857,52.9043463501
2p5w,11.1111111111,100.0,40.350877193,52.2123893805,52.4642481326
3o4l,22.2222222222,100.0,31.8584070796,30.4347826087,51.1229390221
