pdb_id,pep_identity,mhc_identity,tcrA_identity,tcrB_identity,total_identity
5eu6,33.3333333333,100.0,91.1504424779,35.0877192982,65.4841380738
2bnq,11.1111111111,100.0,86.7256637168,50.8928571429,59.9734571803
5brz,22.2222222222,86.5921787709,83.185840708,36.2831858407,56.1829714225
5men,22.2222222222,100.0,40.7079646018,50.4424778761,55.9324811537
5euo,22.2222222222,100.0,36.2831858407,54.4642857143,55.8653193332
4eup,11.1111111111,100.0,41.4414414414,56.25,53.3189439439
2e7l,44.4444444444,68.7150837989,35.7142857143,53.5714285714,52.6007951287
