pdb_id,pep_identity,mhc_identity,tcrA_identity,tcrB_identity,total_identity
5eu6,33.3333333333,100.0,35.3982300885,36.2831858407,56.3913470993
3o4l,22.2222222222,100.0,60.1941747573,30.701754386,55.8900622646
4mnq,22.2222222222,100.0,29.4642857143,50.0,53.9847883598
2e7l,44.4444444444,68.7150837989,33.3333333333,49.5495495495,51.5336565616
3ffc,33.3333333333,81.0055865922,36.3636363636,35.0427350427,50.0140352096
