pdb_id,pep_identity,mhc_identity,tcrA_identity,tcrB_identity,total_identity
5eu6,33.3333333333,100.0,36.2068965517,33.3333333333,56.0344827586
3ffc,33.3333333333,81.0055865922,59.4827586207,29.9145299145,53.0125213977
2vlk,22.2222222222,100.0,37.0689655172,31.25,52.1272349936
2e7l,44.4444444444,68.7150837989,33.3333333333,29.4642857143,48.186112589
