pdb_id,pep_identity,mhc_identity,tcrA_identity,tcrB_identity,total_identity
5eu6,33.3333333333,100.0,41.2280701754,58.407079646,61.050302748
3o4l,22.2222222222,100.0,85.8490566038,33.0434782609,60.5561632182
2vlk,22.2222222222,100.0,41.4414414414,32.7433628319,53.1048747863
4mnq,22.2222222222,100.0,31.8584070796,36.2831858407,52.0976728941
3ffc,33.3333333333,81.0055865922,30.9734513274,50.4273504274,51.679773601
5brz,22.2222222222,86.5921787709,40.350877193,42.4778761062,50.0762592143
2bnr,11.1111111111,100.0,39.4736842105,35.3982300885,49.5156894202
