pdb_id,pep_identity,mhc_identity,tcrA_identity,tcrB_identity,total_identity
5eu6,33.3333333333,100.0,31.5789473684,38.0530973451,56.04978523
2e7l,44.4444444444,68.7150837989,60.7142857143,30.0,52.8388903668
5euo,22.2222222222,100.0,30.701754386,34.5454545455,51.6152755626
3ffc,33.3333333333,81.0055865922,30.701754386,33.3333333333,48.7854879284
