pdb_id,pep_identity,mhc_identity,tcrA_identity,tcrB_identity,total_identity
5men,22.2222222222,100.0,89.8148148148,36.036036036,61.7158825492
5eu6,33.3333333333,100.0,41.592920354,35.3982300885,57.2763028515
5euo,22.2222222222,100.0,35.7142857143,34.5454545455,52.4506974507
3o4l,22.2222222222,100.0,31.5315315315,25.6637168142,50.2732821317
5brz,22.2222222222,86.5921787709,40.7079646018,39.6396396396,49.6627343713
2p5e,11.1111111111,100.0,40.7079646018,33.3333333333,49.3772533596
