pdb_id,pep_identity,mhc_identity,tcrA_identity,tcrB_identity,total_identity
5eu6,33.3333333333,100.0,37.1681415929,61.9469026549,60.9636184857
3o4l,22.2222222222,100.0,51.8181818182,26.5486725664,53.8018831382
5euo,22.2222222222,100.0,38.3928571429,35.1351351351,52.9954061204
3ffc,33.3333333333,81.0055865922,34.8214285714,53.8461538462,52.8909037114
5men,22.2222222222,100.0,34.8214285714,27.027027027,51.0488166738
5brz,22.2222222222,86.5921787709,38.0530973451,44.6428571429,50.0541260791
2e7l,44.4444444444,68.7150837989,33.9285714286,32.7272727273,48.8291501071
