pdb_id,pep_identity,mhc_identity,tcrA_identity,tcrB_identity,total_identity
5eu6,33.3333333333,100.0,38.0530973451,57.8947368421,60.4357501423
2vlk,22.2222222222,100.0,39.6396396396,35.3982300885,53.2470523621
5men,22.2222222222,100.0,29.4642857143,35.0877192982,51.4994082428
3ffc,33.3333333333,81.0055865922,25.4385964912,53.8461538462,51.3270983647
3o4l,22.2222222222,100.0,27.6785714286,30.1724137931,50.382571611
5brz,22.2222222222,86.5921787709,32.7433628319,42.4778761062,48.8083401541
