pdb_id,pep_identity,mhc_identity,tcrA_identity,tcrB_identity,total_identity
5eu6,33.3333333333,100.0,39.8230088496,47.7876106195,59.0462143559
3o4l,22.2222222222,100.0,59.6153846154,30.4347826087,55.7491019448
5euo,22.2222222222,100.0,33.6363636364,36.2831858407,52.3939989869
5men,22.2222222222,100.0,30.3571428571,34.5132743363,51.5524769396
3ffc,33.3333333333,81.0055865922,36.3636363636,40.1709401709,50.8687360643
5brz,22.2222222222,86.5921787709,35.3982300885,42.4778761062,49.2508180302
2e7l,44.4444444444,68.7150837989,32.1428571429,28.3185840708,47.7967496167
