pdb_id,pep_identity,mhc_identity,tcrA_identity,tcrB_identity,total_identity
5eu6,33.3333333333,100.0,38.0530973451,64.6017699115,61.5535889872
2vlk,22.2222222222,100.0,32.1100917431,39.6396396396,52.6990293045
3ffc,33.3333333333,81.0055865922,30.3571428571,56.4102564103,52.5742065197
3o4l,22.2222222222,100.0,33.3333333333,27.4336283186,50.8685676827
4mnq,22.2222222222,100.0,30.9090909091,29.7297297297,50.8472108472
5brz,22.2222222222,86.5921787709,37.1681415929,48.2142857143,50.5018715489
3qdj,0.0,100.0,62.962962963,33.9285714286,49.4819223986
