pdb_id,pep_identity,mhc_identity,tcrA_identity,tcrB_identity,total_identity
5hho,22.2222222222,100.0,41.9642857143,93.6363636364,63.3408489658
4eup,11.1111111111,100.0,86.4864864865,56.7567567568,60.9109109109
4mnq,22.2222222222,100.0,33.3333333333,54.954954955,55.4554554555
3gsn,22.2222222222,100.0,38.3928571429,49.5575221239,55.3991372852
3o4l,22.2222222222,100.0,40.1785714286,30.9734513274,52.5994112001
2bnr,11.1111111111,100.0,42.4778761062,50.4504504505,52.5250914631
2e7l,44.4444444444,68.7150837989,34.2105263158,49.0909090909,51.6034153156
