pdb_id,pep_identity,mhc_identity,tcrA_identity,tcrB_identity,total_identity
5eu6,33.3333333333,100.0,38.0530973451,35.0877192982,56.6345805517
3o4l,22.2222222222,100.0,33.6363636364,55.3571428571,55.572991823
4mnq,22.2222222222,100.0,30.0,31.8584070796,51.050475254
2e7l,44.4444444444,68.7150837989,34.8214285714,30.6306306306,48.6285192815
3ffc,33.3333333333,81.0055865922,32.1428571429,30.5084745763,48.5548619284
