pdb_id,pep_identity,mhc_identity,tcrA_identity,tcrB_identity,total_identity
5eu6,33.3333333333,100.0,42.4778761062,61.0619469027,61.7010816126
2vlk,22.2222222222,100.0,42.7272727273,35.1351351351,53.7178087178
3ffc,33.3333333333,81.0055865922,35.3982300885,52.9914529915,52.8445871552
5men,22.2222222222,100.0,34.5132743363,28.5714285714,51.254857892
3o4l,22.2222222222,100.0,33.9449541284,26.5486725664,50.8230118565
5brz,22.2222222222,86.5921787709,41.592920354,43.75,50.4952870567
2p5e,11.1111111111,100.0,42.4778761062,34.8214285714,49.9202544833
