pdb_id,pep_identity,mhc_identity,tcrA_identity,tcrB_identity,total_identity
3gsn,22.2222222222,100.0,37.962962963,79.6460176991,60.3422375178
2vlk,22.2222222222,100.0,35.7798165138,54.954954955,55.8632026522
2e7l,44.4444444444,68.7150837989,35.1351351351,55.3571428571,52.8018890798
3o4l,22.2222222222,100.0,39.8148148148,28.6956521739,52.1591519055
5brz,22.2222222222,86.5921787709,39.8230088496,36.9369369369,49.0647912955
3ffc,33.3333333333,81.0055865922,31.25,34.188034188,49.0193123398
