pdb_id,pep_identity,mhc_identity,tcrA_identity,tcrB_identity,total_identity
5eu6,33.3333333333,100.0,42.4778761062,36.2068965517,57.5585732208
2vlk,22.2222222222,100.0,36.6972477064,33.3333333333,52.4125042474
5brz,22.2222222222,86.5921787709,39.8230088496,37.3913043478,49.1405191973
3ffc,33.3333333333,81.0055865922,32.1428571429,33.3333333333,49.0256717212
2e7l,44.4444444444,68.7150837989,33.3333333333,28.9473684211,48.0999597068
