pdb_id,pep_identity,mhc_identity,tcrA_identity,tcrB_identity,total_identity
5eu6,33.3333333333,100.0,39.8230088496,92.9203539823,66.5683382498
3o4l,22.2222222222,100.0,89.2156862745,29.8245614035,60.5807820204
5d2n,22.2222222222,99.4413407821,21.2962962963,65.2173913043,54.9734689349
