pdb_id,pep_identity,mhc_identity,tcrA_identity,tcrB_identity,total_identity
5men,22.2222222222,100.0,34.2342342342,94.5454545455,62.204022204
3gsn,22.2222222222,100.0,38.1818181818,89.3805309735,62.0011322666
2bnr,11.1111111111,100.0,43.3628318584,89.2857142857,59.1451280611
2vlk,22.2222222222,100.0,38.1818181818,54.5454545455,56.1952861953
3qdj,0.0,100.0,67.8899082569,65.7657657658,55.6092790038
2e7l,44.4444444444,68.7150837989,39.2857142857,56.3636363636,53.6614011893
3o4l,22.2222222222,100.0,40.9090909091,29.8245614035,52.5296827928
