pdb_id,pep_identity,mhc_identity,tcrA_identity,tcrB_identity,total_identity
5eu6,33.3333333333,100.0,37.1681415929,32.7433628319,56.0963618486
2vlk,22.2222222222,100.0,33.0275229358,50.9090909091,54.7301763816
2e7l,44.4444444444,68.7150837989,33.3333333333,54.5454545455,52.3663073942
3ffc,33.3333333333,81.0055865922,31.25,28.2051282051,48.0221613427
