pdb_id,pep_identity,mhc_identity,tcrA_identity,tcrB_identity,total_identity
4eup,11.1111111111,100.0,84.5454545455,89.1891891892,65.9928109928
5eu6,33.3333333333,100.0,44.2477876106,28.3185840708,56.5388397247
5euo,22.2222222222,100.0,35.7142857143,54.954954955,55.8522808523
3gsn,22.2222222222,100.0,37.8378378378,48.6725663717,55.1591414423
5men,22.2222222222,100.0,34.2342342342,50.8928571429,54.9285893036
