pdb_id,pep_identity,mhc_identity,tcrA_identity,tcrB_identity,total_identity
5eu6,33.3333333333,100.0,43.3628318584,56.0344827586,61.0106635473
3ffc,33.3333333333,81.0055865922,33.0357142857,72.6495726496,55.7271877977
3qdj,0.0,100.0,91.6666666667,30.1724137931,53.6398467433
2vlk,22.2222222222,100.0,44.9541284404,31.0344827586,53.4055092739
3o4l,22.2222222222,100.0,41.2844036697,25.4237288136,51.8587628213
4mnq,22.2222222222,100.0,32.4324324324,28.4482758621,50.8875254565
5brz,22.2222222222,86.5921787709,42.4778761062,41.3793103448,50.2476647396
4qrp,11.1111111111,81.0055865922,35.4545454545,73.275862069,48.8273004883
