pdb_id,pep_identity,mhc_identity,tcrA_identity,tcrB_identity,total_identity
3gsn,22.2222222222,100.0,40.1785714286,77.8761061947,60.4165203446
5euo,22.2222222222,100.0,38.3928571429,51.3513513514,55.6981088231
3o4l,22.2222222222,100.0,39.2857142857,34.2105263158,52.9901141743
2e7l,44.4444444444,68.7150837989,33.3333333333,57.6576576577,52.8850079129
3ffc,33.3333333333,81.0055865922,32.4561403509,30.7692307692,48.6505351619
5brz,22.2222222222,86.5921787709,40.7079646018,33.3333333333,48.6116833202
