pdb_id,pep_identity,mhc_identity,tcrA_identity,tcrB_identity,total_identity
5eu6,33.3333333333,100.0,37.7192982456,33.6283185841,56.3357139161
2vlk,22.2222222222,100.0,58.407079646,31.8181818182,55.7782843181
3ffc,33.3333333333,81.0055865922,31.8965517241,29.9145299145,48.4148202483
2e7l,44.4444444444,68.7150837989,26.3157894737,34.5454545455,47.8633834176
