pdb_id,pep_identity,mhc_identity,tcrA_identity,tcrB_identity,total_identity
5hho,22.2222222222,100.0,58.0357142857,94.5454545455,66.1709355459
3qeq,0.0,100.0,83.0357142857,51.7857142857,55.8035714286
5eu6,33.3333333333,100.0,35.3982300885,32.7433628319,55.8013765978
4mnq,22.2222222222,100.0,33.9285714286,54.954954955,55.5546618047
3gsn,22.2222222222,100.0,31.8584070796,49.5575221239,54.3100622747
