pdb_id,pep_identity,mhc_identity,tcrA_identity,tcrB_identity,total_identity
5eu6,33.3333333333,100.0,33.3333333333,56.1403508772,59.3567251462
2e7l,44.4444444444,68.7150837989,63.0630630631,35.9649122807,54.2245053051
3ffc,33.3333333333,81.0055865922,28.9473684211,48.7179487179,51.0571928317
3o4l,22.2222222222,100.0,32.7272727273,27.5862068966,50.7929873447
4mnq,22.2222222222,100.0,27.1929824561,32.4561403509,50.6822612086
2vlk,22.2222222222,100.0,28.8288288288,28.9473684211,50.3701069491
5brz,22.2222222222,86.5921787709,30.701754386,39.4736842105,47.9673734305
