pdb_id,pep_identity,mhc_identity,tcrA_identity,tcrB_identity,total_identity
4eup,11.1111111111,100.0,84.4036697248,60.3603603604,61.1643753846
5men,22.2222222222,100.0,36.3636363636,58.5585585586,56.5611065611
5euo,22.2222222222,100.0,36.6071428571,54.5454545455,55.9328403078
2e7l,44.4444444444,68.7150837989,33.3333333333,55.4545454545,52.5178225458
3o4l,22.2222222222,100.0,39.4495412844,28.3185840708,52.0354282999
5d2n,22.2222222222,99.4413407821,22.9357798165,29.5652173913,49.3046872028
5brz,22.2222222222,86.5921787709,40.7079646018,36.036036036,49.0621337707
