pdb_id,pep_identity,mhc_identity,tcrA_identity,tcrB_identity,total_identity
5eu6,33.3333333333,100.0,41.592920354,56.6371681416,60.8161258604
3o4l,22.2222222222,100.0,44.6428571429,26.9565217391,52.6739705544
3ffc,33.3333333333,81.0055865922,33.3333333333,50.4273504274,52.0730872686
5men,22.2222222222,100.0,32.7433628319,32.7433628319,51.655195018
2vlr,22.2222222222,100.0,32.1428571429,31.8584070796,51.4076181112
5brz,22.2222222222,86.5921787709,38.9380530973,39.8230088496,49.3983106555
2e7l,44.4444444444,68.7150837989,32.7433628319,35.3982300885,49.0767749012
