pdb_id,pep_identity,mhc_identity,tcrA_identity,tcrB_identity,total_identity
3gsn,22.2222222222,100.0,89.1891891892,33.6283185841,61.2103253696
2vlr,22.2222222222,100.0,39.6396396396,38.3928571429,53.7461568712
4mnq,22.2222222222,100.0,38.3928571429,34.5132743363,52.8917626539
3o4l,22.2222222222,100.0,33.3333333333,27.8260869565,50.9339774557
2p5e,11.1111111111,100.0,43.3628318584,34.8214285714,50.0677471087
5brz,22.2222222222,86.5921787709,45.1327433628,37.1681415929,49.988281157
