pdb_id,pep_identity,mhc_identity,tcrA_identity,tcrB_identity,total_identity
5eu6,33.3333333333,100.0,30.9734513274,57.8947368421,59.2558091394
3ffc,33.3333333333,81.0055865922,32.7433628319,87.1794871795,58.1001149771
2vlk,22.2222222222,100.0,53.2110091743,35.0877192982,55.4571954862
3qeq,0.0,100.0,87.037037037,33.3333333333,53.3950617284
5men,22.2222222222,100.0,33.9285714286,31.5789473684,51.6586605402
3o4l,22.2222222222,100.0,30.2752293578,33.6206896552,51.3900605762
4qrp,11.1111111111,81.0055865922,30.9090909091,87.7192982456,50.4769640935
5brz,22.2222222222,86.5921787709,33.6283185841,41.2280701754,48.747531791
