pdb_id,pep_identity,mhc_identity,tcrA_identity,tcrB_identity,total_identity
2vlk,22.2222222222,100.0,42.3423423423,93.6363636364,63.4038584039
5eu6,33.3333333333,100.0,43.3628318584,36.2831858407,57.7187807276
4mnq,22.2222222222,100.0,41.2844036697,51.3513513514,56.1800332443
2f53,11.1111111111,100.0,39.8230088496,51.7857142857,52.3051575596
3o4l,22.2222222222,100.0,33.9285714286,30.9734513274,51.5577445334
2e7l,44.4444444444,68.7150837989,30.701754386,50.0,51.1701351454
