pdb_id,pep_identity,mhc_identity,tcrA_identity,tcrB_identity,total_identity
5men,22.2222222222,100.0,23.8532110092,73.4513274336,56.9581638145
5eu6,33.3333333333,100.0,25.4385964912,36.8421052632,54.8245614035
5hhm,22.2222222222,100.0,23.6363636364,51.3274336283,53.2347069515
2e7l,44.4444444444,68.7150837989,27.1929824561,58.407079646,51.9865197648
3ffc,33.3333333333,81.0055865922,27.027027027,34.188034188,48.315483511
5brz,22.2222222222,86.5921787709,22.8070175439,35.3982300885,45.9723416031
