pdb_id,pep_identity,mhc_identity,tcrA_identity,tcrB_identity,total_identity
5euo,22.2222222222,100.0,92.6605504587,53.982300885,65.1812159647
3gsn,22.2222222222,100.0,36.036036036,75.4385964912,59.319846162
5men,22.2222222222,100.0,34.2342342342,76.3157894737,59.1657446921
5eu6,33.3333333333,100.0,39.8230088496,38.2608695652,57.4584241802
2f53,11.1111111111,100.0,36.2831858407,74.5614035088,55.511135262
4eup,11.1111111111,100.0,37.8378378378,54.3859649123,52.4076708287
