pdb_id,pep_identity,mhc_identity,tcrA_identity,tcrB_identity,total_identity
5eu6,33.3333333333,100.0,38.9380530973,68.4210526316,62.3376287326
3o4l,22.2222222222,100.0,85.2941176471,26.9565217391,59.4491806384
3ffc,33.3333333333,81.0055865922,30.9090909091,58.9743589744,53.0935482891
2vlk,22.2222222222,100.0,35.5140186916,38.0530973451,53.0019267469
5men,22.2222222222,100.0,33.0357142857,28.9473684211,51.0712545252
5brz,22.2222222222,86.5921787709,37.1681415929,48.2456140351,50.5070929357
