pdb_id,pep_identity,mhc_identity,tcrA_identity,tcrB_identity,total_identity
5men,22.2222222222,100.0,27.4336283186,74.3362831858,57.7023926581
2e7l,44.4444444444,68.7150837989,56.7567567568,59.2920353982,57.0613081069
5eu6,33.3333333333,100.0,32.4561403509,35.9649122807,55.8479532164
5hhm,22.2222222222,100.0,31.5315315315,51.3274336283,54.5505682674
3ffc,33.3333333333,81.0055865922,28.9473684211,32.4786324786,48.3506401251
5brz,22.2222222222,86.5921787709,34.2105263158,35.3982300885,47.8729263984
