pdb_id,pep_identity,mhc_identity,tcrA_identity,tcrB_identity,total_identity
5eu6,33.3333333333,100.0,33.3333333333,38.2608695652,56.3768115942
5euo,22.2222222222,100.0,53.0973451327,35.3982300885,55.4900032776
3ffc,33.3333333333,81.0055865922,34.2105263158,35.0427350427,49.6551835349
2e7l,44.4444444444,68.7150837989,27.6785714286,30.9734513274,47.4951798738
