pdb_id,pep_identity,mhc_identity,tcrA_identity,tcrB_identity,total_identity
5eu6,33.3333333333,100.0,86.7256637168,68.1415929204,70.255653884
5brz,22.2222222222,86.5921787709,83.185840708,45.5357142857,57.7250594967
2bnq,11.1111111111,100.0,85.8407079646,38.0530973451,57.6860045887
5d2n,22.2222222222,99.4413407821,21.9298245614,77.3913043478,57.1080424863
