pdb_id,pep_identity,mhc_identity,tcrA_identity,tcrB_identity,total_identity
5d2n,22.2222222222,99.4413407821,51.4285714286,34.7826086957,54.9230510222
2vlk,22.2222222222,100.0,25.0,33.0357142857,50.4133597884
2e7l,44.4444444444,68.7150837989,26.7857142857,34.8214285714,47.9876998906
3ffc,33.3333333333,81.0055865922,27.2727272727,31.6239316239,47.9290831246
2p5e,11.1111111111,100.0,22.8070175439,37.5,47.0882066277
5brz,22.2222222222,86.5921787709,22.8070175439,38.0530973451,46.4148194792
