pdb_id,pep_identity,mhc_identity,tcrA_identity,tcrB_identity,total_identity
5eu6,33.3333333333,100.0,37.1681415929,40.7079646018,57.4237954769
5brz,22.2222222222,86.5921787709,37.1681415929,64.8648648649,53.276968074
2vlk,22.2222222222,100.0,32.1100917431,34.2342342342,51.7981284036
3ffc,33.3333333333,81.0055865922,30.3571428571,38.4615384615,49.5827535283
2e7l,44.4444444444,68.7150837989,32.4324324324,27.9279279279,47.7799028078
