pdb_id,pep_identity,mhc_identity,tcrA_identity,tcrB_identity,total_identity
2vlr,22.2222222222,100.0,51.8181818182,50.4347826087,57.7829014786
3qeq,0.0,100.0,84.5454545455,50.8620689655,55.9012539185
4mnq,22.2222222222,100.0,33.9285714286,52.5862068966,55.1598704616
2e7l,44.4444444444,68.7150837989,29.4642857143,54.7826086957,51.7609918161
5d2n,22.2222222222,99.4413407821,31.25,29.0598290598,50.6061591781
3ffc,33.3333333333,81.0055865922,33.6283185841,28.2051282051,48.4185477734
5brz,22.2222222222,86.5921787709,30.9734513274,32.7586206897,46.8934790006
