pdb_id,pep_identity,mhc_identity,tcrA_identity,tcrB_identity,total_identity
4eup,11.1111111111,100.0,91.7431192661,36.9369369369,58.4837130709
2vlk,22.2222222222,100.0,36.3636363636,38.1818181818,53.164983165
4mnq,22.2222222222,100.0,32.4324324324,33.9285714286,51.8009080509
3o4l,22.2222222222,100.0,39.0909090909,26.3157894737,51.6418571682
5brz,22.2222222222,86.5921787709,41.592920354,42.3423423423,50.2606774471
5d2n,22.2222222222,99.4413407821,20.0,33.0434782609,49.3951007116
2e7l,44.4444444444,68.7150837989,34.8214285714,34.2342342342,49.2291198821
3ffc,33.3333333333,81.0055865922,31.25,33.3333333333,48.8768621974
