pdb_id,pep_identity,mhc_identity,tcrA_identity,tcrB_identity,total_identity
5eu6,33.3333333333,100.0,46.017699115,38.2608695652,58.4908725578
3o4l,22.2222222222,100.0,59.0476190476,27.5862068966,55.1797117314
5brz,22.2222222222,86.5921787709,37.1681415929,63.1578947368,52.9924730527
5euo,22.2222222222,100.0,36.3636363636,36.2831858407,52.8485444415
5men,22.2222222222,100.0,31.25,35.9649122807,51.9432261209
3ffc,33.3333333333,81.0055865922,35.1351351351,39.3162393162,50.5215357171
2e7l,44.4444444444,68.7150837989,32.7433628319,28.3185840708,47.8968338982
