pdb_id,pep_identity,mhc_identity,tcrA_identity,tcrB_identity,total_identity
5eu6,33.3333333333,100.0,38.9380530973,59.2920353982,60.8161258604
3o4l,22.2222222222,100.0,59.0476190476,27.8260869565,55.2196917414
3ffc,33.3333333333,81.0055865922,34.2342342342,52.1367521368,52.5081377037
5euo,22.2222222222,100.0,36.3636363636,31.8584070796,52.1110813146
5men,22.2222222222,100.0,32.1428571429,35.3982300885,51.9975886126
5brz,22.2222222222,86.5921787709,35.3982300885,42.4778761062,49.2508180302
2e7l,44.4444444444,68.7150837989,32.7433628319,36.2831858407,49.2242675265
