pdb_id,pep_identity,mhc_identity,tcrA_identity,tcrB_identity,total_identity
5eu6,33.3333333333,100.0,39.8230088496,35.3982300885,56.9813176008
5men,22.2222222222,100.0,34.2342342342,50.4504504505,54.8548548549
3o4l,22.2222222222,100.0,33.9449541284,30.0884955752,51.412982358
2e7l,44.4444444444,68.7150837989,27.4336283186,50.0,50.6254474675
5brz,22.2222222222,86.5921787709,39.8230088496,40.0,49.575301806
3ffc,33.3333333333,81.0055865922,27.9279279279,35.0427350427,48.6080838036
