pdb_id,pep_identity,mhc_identity,tcrA_identity,tcrB_identity,total_identity
5eu6,33.3333333333,100.0,37.1681415929,35.9649122807,56.6332867567
3o4l,22.2222222222,100.0,31.8181818182,55.3571428571,55.26996152
5men,22.2222222222,100.0,30.9090909091,30.9734513274,51.0544977802
3ffc,33.3333333333,81.0055865922,32.1428571429,31.3559322034,48.6961048662
2e7l,44.4444444444,68.7150837989,32.1428571429,31.5315315315,48.3322408602
