pdb_id,pep_identity,mhc_identity,tcrA_identity,tcrB_identity,total_identity
5eu6,33.3333333333,100.0,33.6283185841,49.1379310345,58.2388193809
5men,22.2222222222,100.0,30.6306306306,33.6206896552,51.4492941217
5euo,22.2222222222,100.0,32.1428571429,31.3043478261,51.3152749022
3ffc,33.3333333333,81.0055865922,32.7433628319,44.4444444444,50.9776078546
3o4l,22.2222222222,100.0,29.7297297297,24.7863247863,49.8267498267
2e7l,44.4444444444,68.7150837989,30.9734513274,34.7826086957,48.679186085
5brz,22.2222222222,86.5921787709,37.1681415929,34.4827586207,48.2132837
