pdb_id,pep_identity,mhc_identity,tcrA_identity,tcrB_identity,total_identity
5eu6,33.3333333333,100.0,33.3333333333,47.8632478632,57.9772079772
2e7l,44.4444444444,68.7150837989,70.2702702703,33.6206896552,55.0350027353
5euo,22.2222222222,100.0,29.8245614035,31.8965517241,51.0275929287
4mnq,22.2222222222,100.0,28.0701754386,31.6239316239,50.6897585845
3ffc,33.3333333333,81.0055865922,28.9473684211,46.1538461538,50.6298424043
3o4l,22.2222222222,100.0,34.2342342342,23.7288135593,50.4012487063
5brz,22.2222222222,86.5921787709,32.4561403509,35.0427350427,47.5212795633
