pdb_id,pep_identity,mhc_identity,tcrA_identity,tcrB_identity,total_identity
3ffc,33.3333333333,81.0055865922,86.7256637168,42.735042735,59.6897577171
5eu6,33.3333333333,100.0,38.2608695652,47.7876106195,58.7858578086
5brz,22.2222222222,86.5921787709,35.652173913,61.2612612613,52.4237061934
2vlk,22.2222222222,100.0,29.203539823,40.0,52.2746640446
4mnq,22.2222222222,100.0,32.1739130435,33.9285714286,51.7578214861
3o4l,22.2222222222,100.0,31.8584070796,26.3157894737,50.4364401663
2e7l,44.4444444444,68.7150837989,29.8245614035,32.4324324324,48.0960083871
