pdb_id,pep_identity,mhc_identity,tcrA_identity,tcrB_identity,total_identity
5eu6,33.3333333333,100.0,86.7256637168,56.0344827586,68.2378021904
2bnq,11.1111111111,100.0,86.7256637168,38.7931034483,57.9568315646
5brz,22.2222222222,86.5921787709,80.5309734513,40.5172413793,56.4461694695
