pdb_id,pep_identity,mhc_identity,tcrA_identity,tcrB_identity,total_identity
5men,22.2222222222,100.0,23.4234234234,92.7927927928,60.1101101101
5d2n,22.2222222222,99.4413407821,62.3853211009,31.3043478261,56.1694658226
5euo,22.2222222222,100.0,28.8288288288,49.5495495495,53.8038038038
2e7l,44.4444444444,68.7150837989,25.2173913043,55.8558558559,51.2320506078
4eup,11.1111111111,100.0,26.1261261261,50.0,49.7247247247
3o4l,22.2222222222,100.0,22.5225225225,28.0701754386,49.1728570676
3ffc,33.3333333333,81.0055865922,30.3571428571,29.9145299145,48.1582521038
