pdb_id,pep_identity,mhc_identity,tcrA_identity,tcrB_identity,total_identity
5eu6,33.3333333333,100.0,38.9380530973,32.4561403509,56.3434766858
2vlk,22.2222222222,100.0,36.4485981308,29.203539823,51.682763733
2e7l,44.4444444444,68.7150837989,33.3333333333,31.25,48.4837316367
3ffc,33.3333333333,81.0055865922,31.8181818182,27.1186440678,47.9357776228
