pdb_id,pep_identity,mhc_identity,tcrA_identity,tcrB_identity,total_identity
5eu6,33.3333333333,100.0,38.0530973451,48.6725663717,58.8987217306
3o4l,22.2222222222,100.0,57.6923076923,26.0869565217,54.7039514431
5brz,22.2222222222,86.5921787709,36.2831858407,70.2702702703,54.0303763496
2vlk,22.2222222222,100.0,35.1851851852,39.6396396396,53.2115448782
3ffc,33.3333333333,81.0055865922,33.6363636364,45.2991452991,51.2688914644
4mnq,22.2222222222,100.0,28.5714285714,33.0357142857,51.0085978836
2e7l,44.4444444444,68.7150837989,33.9285714286,31.25,48.5829379859
