pdb_id,pep_identity,mhc_identity,tcrA_identity,tcrB_identity,total_identity
5eu6,33.3333333333,100.0,38.9380530973,61.0619469027,61.1111111111
3o4l,22.2222222222,100.0,59.0476190476,28.6956521739,55.3646192777
3ffc,33.3333333333,81.0055865922,34.2342342342,52.9914529915,52.6505878461
5euo,22.2222222222,100.0,36.3636363636,33.6283185841,52.4060665654
5men,22.2222222222,100.0,32.1428571429,33.6283185841,51.7026033619
5brz,22.2222222222,86.5921787709,35.3982300885,43.3628318584,49.3983106555
2e7l,44.4444444444,68.7150837989,32.7433628319,36.2831858407,49.2242675265
