pdb_id,pep_identity,mhc_identity,tcrA_identity,tcrB_identity,total_identity
5eu6,33.3333333333,100.0,32.7433628319,78.0701754386,62.9133674895
3ffc,33.3333333333,81.0055865922,33.0357142857,58.9743589744,53.4479855185
2vlr,22.2222222222,100.0,30.2752293578,40.350877193,52.5117584992
5men,22.2222222222,100.0,34.2342342342,34.2105263158,52.1482008324
3o4l,22.2222222222,100.0,31.1926605505,32.7586206897,51.3992876141
