pdb_id,pep_identity,mhc_identity,tcrA_identity,tcrB_identity,total_identity
5eu6,33.3333333333,100.0,45.1327433628,34.5132743363,57.7187807276
2vlk,22.2222222222,100.0,42.7272727273,35.1351351351,53.7178087178
4mnq,22.2222222222,100.0,37.8378378378,33.0357142857,52.552999428
5brz,22.2222222222,86.5921787709,39.8230088496,40.1785714286,49.6050637107
3ffc,33.3333333333,81.0055865922,30.9734513274,31.6239316239,48.5458704671
2e7l,44.4444444444,68.7150837989,29.203539823,32.4324324324,47.9925047903
