pdb_id,pep_identity,mhc_identity,tcrA_identity,tcrB_identity,total_identity
4eup,11.1111111111,100.0,43.119266055,88.2882882883,58.9382960943
2vlk,22.2222222222,100.0,36.1111111111,56.3636363636,56.1531986532
3o4l,22.2222222222,100.0,59.6153846154,29.203539823,55.5438948138
4mnq,22.2222222222,100.0,28.5714285714,54.954954955,54.6618046618
2e7l,44.4444444444,68.7150837989,33.0357142857,56.3636363636,52.6197345227
5d2n,22.2222222222,99.4413407821,22.9357798165,29.5652173913,49.3046872028
3ffc,33.3333333333,81.0055865922,35.4545454545,27.3504273504,48.580468776
5brz,22.2222222222,86.5921787709,37.1681415929,34.2342342342,48.1718629689
