pdb_id,pep_identity,mhc_identity,tcrA_identity,tcrB_identity,total_identity
5eu6,33.3333333333,100.0,38.0530973451,49.5575221239,59.0462143559
5men,22.2222222222,100.0,33.6363636364,35.7142857143,52.2991822992
2vlk,22.2222222222,100.0,33.9449541284,32.4324324324,51.8036385009
3o4l,22.2222222222,100.0,33.9449541284,25.6637168142,50.6755192312
3ffc,33.3333333333,81.0055865922,30.3571428571,44.4444444444,50.5799045254
2e7l,44.4444444444,68.7150837989,33.3333333333,36.036036036,49.2814043093
5brz,22.2222222222,86.5921787709,37.1681415929,35.7142857143,48.4185382156
