pdb_id,pep_identity,mhc_identity,tcrA_identity,tcrB_identity,total_identity
5eu6,33.3333333333,100.0,40.7079646018,59.2920353982,61.1111111111
5men,22.2222222222,100.0,45.871559633,35.3982300885,54.2857056943
5euo,22.2222222222,100.0,45.045045045,31.8584070796,53.5579827615
3ffc,33.3333333333,81.0055865922,29.4642857143,52.1367521368,51.7131462837
3o4l,22.2222222222,100.0,32.7272727273,27.8260869565,50.8329673547
5brz,22.2222222222,86.5921787709,38.9380530973,42.4778761062,49.8407885316
