pdb_id,pep_identity,mhc_identity,tcrA_identity,tcrB_identity,total_identity
5eu6,33.3333333333,100.0,45.6140350877,61.0619469027,62.2237747762
3qdj,0.0,100.0,87.5,32.1428571429,53.2738095238
2vlr,22.2222222222,100.0,38.0530973451,36.036036036,53.0889296376
3ffc,33.3333333333,81.0055865922,33.0434782609,53.8461538462,52.5945786597
3o4l,22.2222222222,100.0,38.9380530973,28.3185840708,51.9501802688
5men,22.2222222222,100.0,33.9285714286,28.5714285714,51.1574074074
5brz,22.2222222222,86.5921787709,43.8596491228,44.6428571429,51.0218847087
