pdb_id,pep_identity,mhc_identity,tcrA_identity,tcrB_identity,total_identity
5men,22.2222222222,100.0,32.4561403509,78.5714285714,59.2453355611
2e7l,44.4444444444,68.7150837989,59.4594594595,57.1428571429,57.1535621815
5eu6,33.3333333333,100.0,31.5789473684,35.3982300885,55.6073073539
5euo,22.2222222222,100.0,30.701754386,50.8928571429,54.3398426622
3o4l,22.2222222222,100.0,30.9090909091,33.9130434783,51.5444298053
3qeq,0.0,100.0,27.2727272727,61.6071428571,48.1466450216
3ffc,33.3333333333,81.0055865922,27.1929824561,30.7692307692,47.7733421794
