pdb_id,pep_identity,mhc_identity,tcrA_identity,tcrB_identity,total_identity
5eu6,33.3333333333,100.0,88.5964912281,56.6371681416,68.6500543394
2bnq,11.1111111111,100.0,91.2280701754,33.6283185841,57.8464351636
5brz,22.2222222222,86.5921787709,84.2105263158,42.8571428571,57.4494118599
