pdb_id,pep_identity,mhc_identity,tcrA_identity,tcrB_identity,total_identity
5eu6,33.3333333333,100.0,38.9380530973,33.3333333333,56.4896755162
3o4l,22.2222222222,100.0,32.7272727273,53.0973451327,55.0448437174
4mnq,22.2222222222,100.0,30.0,31.5789473684,51.0038986355
2e7l,44.4444444444,68.7150837989,33.9285714286,30.3571428571,48.4341284621
3ffc,33.3333333333,81.0055865922,32.1428571429,28.813559322,48.2723760527
