pdb_id,pep_identity,mhc_identity,tcrA_identity,tcrB_identity,total_identity
2vlk,22.2222222222,100.0,58.0357142857,37.1681415929,56.6080500538
5eu6,33.3333333333,100.0,35.9649122807,36.2068965517,56.4730792498
3ffc,33.3333333333,81.0055865922,31.3043478261,35.0427350427,49.1708204533
2e7l,44.4444444444,68.7150837989,27.4336283186,32.4561403509,47.7014708594
