pdb_id,pep_identity,mhc_identity,tcrA_identity,tcrB_identity,total_identity
2vlk,22.2222222222,100.0,89.8148148148,42.8571428571,62.8527336861
5eu6,33.3333333333,100.0,37.1681415929,64.0350877193,61.3116493298
3ffc,33.3333333333,81.0055865922,30.6306306306,56.4102564103,52.6197878153
5men,22.2222222222,100.0,36.036036036,28.9473684211,51.5713081503
5brz,22.2222222222,86.5921787709,38.9380530973,47.7876106195,50.7257442839
3o4l,22.2222222222,100.0,32.1100917431,26.9565217391,50.5851763211
