pdb_id,pep_identity,mhc_identity,tcrA_identity,tcrB_identity,total_identity
5eu6,33.3333333333,100.0,33.6283185841,45.6140350877,57.6515033897
3ffc,33.3333333333,81.0055865922,38.9380530973,46.1538461538,52.294956517
5brz,22.2222222222,86.5921787709,34.5132743363,55.7522123894,51.3157147853
2e7l,44.4444444444,68.7150837989,46.8468468468,33.6283185841,51.1323703196
5euo,22.2222222222,100.0,23.8938053097,34.5132743363,50.4752540151
4mnq,22.2222222222,100.0,26.7857142857,29.203539823,50.0722830922
