pdb_id,pep_identity,mhc_identity,tcrA_identity,tcrB_identity,total_identity
2vlk,22.2222222222,100.0,27.6785714286,90.0,60.3538359788
5eu6,33.3333333333,100.0,35.652173913,32.7433628319,55.8437005686
5men,22.2222222222,100.0,28.9473684211,49.5495495495,53.8235604025
3ffc,33.3333333333,81.0055865922,51.3274336283,32.4786324786,52.080650993
2e7l,44.4444444444,68.7150837989,34.5132743363,50.9090909091,51.956903622
3o4l,22.2222222222,100.0,30.3571428571,29.203539823,50.6675211874
