pdb_id,pep_identity,mhc_identity,tcrA_identity,tcrB_identity,total_identity
5d2n,22.2222222222,99.4413407821,51.8867924528,33.9130434783,54.8544936566
5euo,22.2222222222,100.0,27.9279279279,33.6363636364,51.0014560015
3ffc,33.3333333333,81.0055865922,28.1818181818,32.4786324786,48.2230484186
2e7l,44.4444444444,68.7150837989,29.4642857143,31.1926605505,47.8293337919
5brz,22.2222222222,86.5921787709,23.6842105263,38.7387387387,46.6752918752
2bnq,11.1111111111,100.0,22.8070175439,34.2342342342,46.5439123334
