pdb_id,pep_identity,mhc_identity,tcrA_identity,tcrB_identity,total_identity
5men,22.2222222222,100.0,31.5789473684,75.2212389381,58.5407717918
2e7l,44.4444444444,68.7150837989,61.9469026549,59.2920353982,57.9263324233
5eu6,33.3333333333,100.0,34.2105263158,38.5964912281,56.5789473684
2vlk,22.2222222222,100.0,29.203539823,52.2123893805,54.3100622747
3o4l,22.2222222222,100.0,31.8584070796,28.4482758621,50.7918545644
3ffc,33.3333333333,81.0055865922,29.5652173913,34.188034188,48.7385152384
5brz,22.2222222222,86.5921787709,31.5789473684,36.2831858407,47.5818225326
