pdb_id,pep_identity,mhc_identity,tcrA_identity,tcrB_identity,total_identity
5eu6,33.3333333333,100.0,44.2477876106,59.2920353982,61.7010816126
3qdj,0.0,100.0,88.1818181818,38.0530973451,54.3724859212
5men,22.2222222222,100.0,35.1351351351,35.3982300885,52.4963016113
2vlk,22.2222222222,100.0,36.9369369369,31.8584070796,52.2066314102
3ffc,33.3333333333,81.0055865922,31.8584070796,52.1367521368,52.1121665112
3o4l,22.2222222222,100.0,39.6396396396,27.8260869565,51.9850285068
2p5e,11.1111111111,100.0,40.7079646018,41.592920354,50.7538511963
5brz,22.2222222222,86.5921787709,38.9380530973,42.4778761062,49.8407885316
2e7l,44.4444444444,68.7150837989,33.6283185841,36.2831858407,49.3717601519
