pdb_id,pep_identity,mhc_identity,tcrA_identity,tcrB_identity,total_identity
5eu6,33.3333333333,100.0,22.8070175439,41.592920354,55.1777674274
2vlk,22.2222222222,100.0,26.8518518519,39.6396396396,51.8226559893
3ffc,33.3333333333,81.0055865922,33.6363636364,41.0256410256,50.5566407522
2e7l,44.4444444444,68.7150837989,25.0,29.7297297297,46.8414643694
