pdb_id,pep_identity,mhc_identity,tcrA_identity,tcrB_identity,total_identity
2vlk,22.2222222222,100.0,88.785046729,37.8378378378,61.8445548352
5eu6,33.3333333333,100.0,37.1681415929,45.1327433628,58.1612586037
5brz,22.2222222222,86.5921787709,37.1681415929,58.9285714286,52.2875858346
5men,22.2222222222,100.0,34.2342342342,33.0357142857,51.9523988274
3o4l,22.2222222222,100.0,33.3333333333,28.0701754386,50.9746588694
3ffc,33.3333333333,81.0055865922,30.0,41.0256410256,49.9505801461
