pdb_id,pep_identity,mhc_identity,tcrA_identity,tcrB_identity,total_identity
5eu6,33.3333333333,100.0,40.7079646018,54.8672566372,60.3736479843
3o4l,22.2222222222,100.0,58.4905660377,26.5486725664,54.9139471748
5euo,22.2222222222,100.0,36.3636363636,36.9369369369,52.9575029575
3ffc,33.3333333333,81.0055865922,34.8214285714,49.5726495726,52.1786529992
5men,22.2222222222,100.0,30.3571428571,35.1351351351,51.6561204061
2e7l,44.4444444444,68.7150837989,32.4561403509,38.5321100917,49.5512178215
5brz,22.2222222222,86.5921787709,38.0530973451,40.1785714286,49.31007846
