pdb_id,pep_identity,mhc_identity,tcrA_identity,tcrB_identity,total_identity
5eu6,33.3333333333,100.0,42.4778761062,60.8695652174,61.6690179984
2vlk,22.2222222222,100.0,44.4444444444,35.3982300885,54.0478531629
3ffc,33.3333333333,81.0055865922,30.3571428571,53.8461538462,52.1468560924
4mnq,22.2222222222,100.0,37.8378378378,27.8260869565,51.6847282065
3o4l,22.2222222222,100.0,37.6146788991,26.724137931,51.4638768791
5brz,22.2222222222,86.5921787709,39.8230088496,44.7368421053,50.3647754902
