pdb_id,pep_identity,mhc_identity,tcrA_identity,tcrB_identity,total_identity
5eu6,33.3333333333,100.0,39.8230088496,41.592920354,58.0137659784
2vlk,22.2222222222,100.0,45.4545454545,39.6396396396,54.9231049231
5brz,22.2222222222,86.5921787709,38.9380530973,66.6666666667,53.8722536251
4mnq,22.2222222222,100.0,33.9285714286,37.8378378378,52.7018089518
3ffc,33.3333333333,81.0055865922,30.0884955752,41.0256410256,49.9653294086
2e7l,44.4444444444,68.7150837989,24.1071428571,29.7297297297,46.6926548456
