pdb_id,pep_identity,mhc_identity,tcrA_identity,tcrB_identity,total_identity
5eu6,33.3333333333,100.0,33.6283185841,59.2920353982,59.9311701082
3ffc,33.3333333333,81.0055865922,31.5789473684,52.1367521368,52.0655898927
5men,22.2222222222,100.0,31.5315315315,35.3982300885,51.8957010107
2vlk,22.2222222222,100.0,27.6785714286,31.8584070796,50.6635704921
3o4l,22.2222222222,100.0,29.4642857143,27.8260869565,50.2891361859
2e7l,44.4444444444,68.7150837989,32.4561403509,36.2831858407,49.176397113
5brz,22.2222222222,86.5921787709,34.5132743363,42.4778761062,49.1033254048
