pdb_id,pep_identity,mhc_identity,tcrA_identity,tcrB_identity,total_identity
3gsn,22.2222222222,100.0,38.7387387387,88.4955752212,61.9464597341
5men,22.2222222222,100.0,34.2342342342,91.8918918919,61.7617617618
3qdj,0.0,100.0,87.2727272727,64.8648648649,58.6895986896
2p5w,11.1111111111,100.0,41.592920354,85.7142857143,58.2549047151
2vlk,22.2222222222,100.0,36.036036036,50.9090909091,55.2315952316
2e7l,44.4444444444,68.7150837989,34.5132743363,55.8558558559,52.7813644465
3o4l,22.2222222222,100.0,38.7387387387,31.5789473684,52.4603550919
