pdb_id,pep_identity,mhc_identity,tcrA_identity,tcrB_identity,total_identity
5eu6,33.3333333333,100.0,37.1681415929,55.7522123894,59.9311701082
4mnq,22.2222222222,100.0,30.9090909091,33.9285714286,51.547017797
3ffc,33.3333333333,81.0055865922,30.3571428571,49.5726495726,51.4346053801
3o4l,22.2222222222,100.0,33.3333333333,29.8245614035,51.2670565302
2vlk,22.2222222222,100.0,32.1100917431,30.3571428571,51.1519465075
2e7l,44.4444444444,68.7150837989,32.4324324324,36.6071428571,49.2264386294
5brz,22.2222222222,86.5921787709,37.1681415929,40.1785714286,49.1625858346
