pdb_id,pep_identity,mhc_identity,tcrA_identity,tcrB_identity,total_identity
5d2n,22.2222222222,99.4413407821,50.9259259259,36.5217391304,55.1291318442
5men,22.2222222222,100.0,22.5225225225,59.8214285714,54.4647325897
3qeq,0.0,100.0,29.0909090909,94.6428571429,53.9556277056
2e7l,44.4444444444,68.7150837989,28.9473684211,60.7142857143,52.6634517703
3ffc,33.3333333333,81.0055865922,28.8288288288,32.4786324786,48.3308835264
5brz,22.2222222222,86.5921787709,22.8070175439,30.3571428571,45.1321603979
