pdb_id,pep_identity,mhc_identity,tcrA_identity,tcrB_identity,total_identity
5eu6,33.3333333333,100.0,31.3043478261,41.592920354,56.5939891411
2vlk,22.2222222222,100.0,30.4347826087,39.6396396396,52.4198111155
2e7l,44.4444444444,68.7150837989,58.2608695652,29.7297297297,52.3849426303
3ffc,33.3333333333,81.0055865922,25.641025641,41.0256410256,49.2240844196
