pdb_id,pep_identity,mhc_identity,tcrA_identity,tcrB_identity,total_identity
5eu6,33.3333333333,100.0,37.1681415929,40.7079646018,57.4237954769
5brz,22.2222222222,86.5921787709,37.1681415929,88.2882882883,57.1808719779
2vlk,22.2222222222,100.0,33.0275229358,35.1351351351,52.1011837526
3ffc,33.3333333333,81.0055865922,31.25,37.6068376068,49.5891129096
2e7l,44.4444444444,68.7150837989,32.4324324324,30.6306306306,48.2303532583
