pdb_id,pep_identity,mhc_identity,tcrA_identity,tcrB_identity,total_identity
5eu6,33.3333333333,100.0,40.7079646018,58.407079646,60.9636184857
3o4l,22.2222222222,100.0,90.099009901,29.5652173913,60.6847786228
3ffc,33.3333333333,81.0055865922,31.8181818182,86.3247863248,57.803467999
2vlk,22.2222222222,100.0,42.0560747664,34.5132743363,53.5022989245
5men,22.2222222222,100.0,33.9285714286,35.3982300885,52.2952076603
4qrp,11.1111111111,81.0055865922,33.6363636364,89.4736842105,51.2239072089
5brz,22.2222222222,86.5921787709,39.8230088496,41.592920354,49.8407885316
