pdb_id,pep_identity,mhc_identity,tcrA_identity,tcrB_identity,total_identity
3o4l,22.2222222222,100.0,83.8095238095,30.0884955752,59.7237439715
5eu6,33.3333333333,100.0,41.592920354,35.3982300885,57.2763028515
5men,22.2222222222,100.0,33.9285714286,50.4504504505,54.8039110539
2e7l,44.4444444444,68.7150837989,32.4561403509,50.0,51.4625328063
3ffc,33.3333333333,81.0055865922,33.9285714286,35.0427350427,49.6081910537
5brz,22.2222222222,86.5921787709,38.9380530973,40.0,49.4278091806
