pdb_id,pep_identity,mhc_identity,tcrA_identity,tcrB_identity,total_identity
2vlk,22.2222222222,100.0,89.6226415094,53.0973451327,64.5274051811
3gsn,22.2222222222,100.0,39.8148148148,55.2631578947,56.5870695257
5eu6,33.3333333333,100.0,38.9380530973,32.1739130435,56.2964388012
5men,22.2222222222,100.0,35.1351351351,56.1403508772,55.9533217428
4eup,11.1111111111,100.0,37.6146788991,59.2920353982,53.1881560866
2p5w,11.1111111111,100.0,35.3982300885,58.7719298246,52.7320636892
