pdb_id,pep_identity,mhc_identity,tcrA_identity,tcrB_identity,total_identity
5eu6,33.3333333333,100.0,38.0530973451,50.4424778761,59.1937069813
4mnq,22.2222222222,100.0,30.9090909091,35.7142857143,51.8446368446
2vlk,22.2222222222,100.0,32.1100917431,33.3333333333,51.6479782535
3ffc,33.3333333333,81.0055865922,31.25,45.2991452991,50.8711641917
3o4l,22.2222222222,100.0,34.2592592593,25.6637168142,50.7279034196
2e7l,44.4444444444,68.7150837989,32.4324324324,36.036036036,49.1312541592
5brz,22.2222222222,86.5921787709,37.1681415929,36.6071428571,48.5673477394
