pdb_id,pep_identity,mhc_identity,tcrA_identity,tcrB_identity,total_identity
5d2n,22.2222222222,99.4413407821,87.8504672897,44.347826087,62.5875698976
2vlk,22.2222222222,100.0,31.1926605505,35.0877192982,51.7874707155
5brz,22.2222222222,86.5921787709,21.9298245614,66.6666666667,51.0375488691
5men,22.2222222222,100.0,23.4234234234,35.0877192982,50.492597861
