pdb_id,pep_identity,mhc_identity,tcrA_identity,tcrB_identity,total_identity
5eu6,33.3333333333,100.0,37.1681415929,58.2608695652,60.3492796375
3o4l,22.2222222222,100.0,51.8518518519,29.0598290598,54.2260208927
2vlk,22.2222222222,100.0,37.6146788991,34.7826086957,52.8069553399
5men,22.2222222222,100.0,34.8214285714,36.5217391304,52.6312686911
3ffc,33.3333333333,81.0055865922,32.1428571429,53.8461538462,52.44447514
5brz,22.2222222222,86.5921787709,35.3982300885,42.6086956522,49.2726212878
2e7l,44.4444444444,68.7150837989,33.3333333333,33.9130434783,48.9275722164
