pdb_id,pep_identity,mhc_identity,tcrA_identity,tcrB_identity,total_identity
5eu6,33.3333333333,100.0,39.8230088496,41.0256410256,57.9192194236
5euo,22.2222222222,100.0,44.1441441441,36.5217391304,54.1850546198
4mnq,22.2222222222,100.0,41.6666666667,30.1724137931,52.7139208174
3ffc,33.3333333333,81.0055865922,30.3571428571,39.3162393162,49.7252036707
5brz,22.2222222222,86.5921787709,40.7079646018,39.6551724138,49.665323167
2e7l,44.4444444444,68.7150837989,28.5714285714,38.2608695652,48.8585591039
