pdb_id,pep_identity,mhc_identity,tcrA_identity,tcrB_identity,total_identity
3o4l,22.2222222222,100.0,52.2522522523,56.25,58.8244494494
5eu6,33.3333333333,100.0,39.8230088496,32.4561403509,56.4909693112
5men,22.2222222222,100.0,36.6071428571,36.6071428571,52.9431216931
5euo,22.2222222222,100.0,39.2857142857,31.25,52.4966931217
2e7l,44.4444444444,68.7150837989,34.5132743363,31.1926605505,48.6708318956
3ffc,33.3333333333,81.0055865922,31.8584070796,27.9661016949,48.0837247709
5brz,22.2222222222,86.5921787709,35.3982300885,30.0884955752,47.185921275
