pdb_id,pep_identity,mhc_identity,tcrA_identity,tcrB_identity,total_identity
2vlk,22.2222222222,100.0,34.5454545455,91.1504424779,61.6900569113
4eup,11.1111111111,100.0,86.2385321101,57.5221238938,60.997146371
5men,22.2222222222,100.0,34.2342342342,50.0,54.7797797798
2p5e,11.1111111111,100.0,40.7079646018,51.3274336283,52.3762700754
3o4l,22.2222222222,100.0,39.0909090909,30.1724137931,52.2846278881
2e7l,44.4444444444,68.7150837989,33.9285714286,48.6725663717,51.4866990478
5d2n,22.2222222222,99.4413407821,21.8181818182,35.652173913,50.1329136233
3ffc,33.3333333333,81.0055865922,33.9285714286,35.0427350427,49.6081910537
