pdb_id,pep_identity,mhc_identity,tcrA_identity,tcrB_identity,total_identity
5eu6,33.3333333333,100.0,37.1681415929,56.6371681416,60.0786627335
3o4l,22.2222222222,100.0,51.8181818182,34.2105263158,55.0788587631
5euo,22.2222222222,100.0,38.3928571429,32.1428571429,52.4966931217
5men,22.2222222222,100.0,34.8214285714,34.8214285714,52.3478835979
3ffc,33.3333333333,81.0055865922,34.8214285714,50.4273504274,52.3211031416
5brz,22.2222222222,86.5921787709,38.0530973451,42.8571428571,49.7565070314
2e7l,44.4444444444,68.7150837989,33.9285714286,34.8214285714,49.1781760811
