pdb_id,pep_identity,mhc_identity,tcrA_identity,tcrB_identity,total_identity
5eu6,33.3333333333,100.0,48.6725663717,42.9824561404,59.7202815298
5brz,22.2222222222,86.5921787709,44.2477876106,64.6017699115,54.4130599181
2vlk,22.2222222222,100.0,41.9642857143,37.5,53.9847883598
5men,22.2222222222,100.0,38.3928571429,30.0884955752,52.1542995271
3o4l,22.2222222222,100.0,37.1681415929,26.0869565217,51.2832570932
3ffc,33.3333333333,81.0055865922,31.3043478261,42.735042735,50.4528717354
