pdb_id,pep_identity,mhc_identity,tcrA_identity,tcrB_identity,total_identity
5d2n,22.2222222222,99.4413407821,60.5504587156,35.652173913,56.5882931062
2vlk,22.2222222222,100.0,27.027027027,33.6283185841,50.8499650093
3ffc,33.3333333333,81.0055865922,29.4642857143,32.4786324786,48.4367930073
2p5e,11.1111111111,100.0,26.3157894737,32.7433628319,46.880229088
2e7l,44.4444444444,68.7150837989,25.2173913043,29.203539823,46.7899979357
5brz,22.2222222222,86.5921787709,23.6842105263,37.7192982456,46.5053851264
