pdb_id,pep_identity,mhc_identity,tcrA_identity,tcrB_identity,total_identity
3gsn,22.2222222222,100.0,36.9369369369,73.9130434783,59.2157374766
5euo,22.2222222222,100.0,35.3982300885,52.6315789474,55.4123755801
2e7l,44.4444444444,68.7150837989,35.7142857143,57.3913043478,53.2374410915
3o4l,22.2222222222,100.0,45.9459459459,28.813559322,53.2006582854
3ffc,33.3333333333,81.0055865922,34.5132743363,32.4786324786,49.278291111
5brz,22.2222222222,86.5921787709,38.9380530973,33.3333333333,48.3166980695
