pdb_id,pep_identity,mhc_identity,tcrA_identity,tcrB_identity,total_identity
5eu6,33.3333333333,100.0,47.7876106195,37.1681415929,58.6037364798
2vlk,22.2222222222,100.0,40.5405405405,33.3333333333,53.0530530531
5men,22.2222222222,100.0,36.9369369369,31.25,52.1052302302
3o4l,22.2222222222,100.0,34.2342342342,24.5614035088,50.5400136979
5brz,22.2222222222,86.5921787709,44.2477876106,38.3928571429,50.04490779
3ffc,33.3333333333,81.0055865922,30.9734513274,33.3333333333,48.830770752
2e7l,44.4444444444,68.7150837989,33.0357142857,32.4324324324,48.6312005341
