pdb_id,pep_identity,mhc_identity,tcrA_identity,tcrB_identity,total_identity
5eu6,33.3333333333,100.0,40.7079646018,66.6666666667,62.3402163225
2vlk,22.2222222222,100.0,39.4495412844,35.9649122807,53.3098163349
4mnq,22.2222222222,100.0,39.0909090909,35.9649122807,53.2500443027
3ffc,33.3333333333,81.0055865922,26.7857142857,52.9914529915,51.4091678547
3o4l,22.2222222222,100.0,33.0275229358,29.3103448276,51.130385368
5brz,22.2222222222,86.5921787709,40.7079646018,45.6140350877,50.658466946
