pdb_id,pep_identity,mhc_identity,tcrA_identity,tcrB_identity,total_identity
4eup,11.1111111111,100.0,87.1559633028,36.9369369369,57.719187077
3o4l,22.2222222222,100.0,48.1481481481,27.1929824561,53.2975958415
4mnq,22.2222222222,100.0,32.4324324324,34.8214285714,51.9497175747
5brz,22.2222222222,86.5921787709,39.8230088496,42.3423423423,49.9656921964
5d2n,22.2222222222,99.4413407821,23.1481481481,33.0434782609,49.9197920696
2e7l,44.4444444444,68.7150837989,34.2342342342,35.1351351351,49.2814043093
3ffc,33.3333333333,81.0055865922,32.1428571429,33.3333333333,49.0256717212
