pdb_id,pep_identity,mhc_identity,tcrA_identity,tcrB_identity,total_identity
5eu6,33.3333333333,100.0,35.652173913,40.7079646018,57.1711341969
3ffc,33.3333333333,81.0055865922,51.3274336283,40.1709401709,53.362702275
5brz,22.2222222222,86.5921787709,33.9130434783,64.2857142857,52.6379266251
2vlk,22.2222222222,100.0,28.3185840708,36.6071428571,51.5616952287
2e7l,44.4444444444,68.7150837989,34.2105263158,29.4642857143,48.3323114195
