pdb_id,pep_identity,mhc_identity,tcrA_identity,tcrB_identity,total_identity
5eu6,33.3333333333,100.0,34.2105263158,42.6086956522,57.2476481058
2e7l,44.4444444444,68.7150837989,63.7168141593,30.9734513274,53.5015536622
4mnq,22.2222222222,100.0,30.701754386,37.7192982456,52.1442495127
5hhm,22.2222222222,100.0,29.203539823,36.2831858407,51.655195018
5brz,22.2222222222,86.5921787709,29.8245614035,57.8947368421,50.8913500387
3ffc,33.3333333333,81.0055865922,28.6956521739,40.1709401709,49.5907386993
