pdb_id,pep_identity,mhc_identity,tcrA_identity,tcrB_identity,total_identity
5eu6,33.3333333333,100.0,85.8407079646,27.8260869565,63.3889102646
2bnr,11.1111111111,100.0,86.7256637168,54.8672566372,60.635857096
2vlk,22.2222222222,100.0,37.5,55.7522123894,56.282776139
5brz,22.2222222222,86.5921787709,84.0707964602,33.3333333333,55.8388219633
5men,22.2222222222,100.0,38.9380530973,50.8771929825,55.7099484207
2e7l,44.4444444444,68.7150837989,36.2831858407,57.5221238938,53.3540610369
3o4l,22.2222222222,100.0,37.5,27.5862068966,51.5884418902
