pdb_id,pep_identity,mhc_identity,tcrA_identity,tcrB_identity,total_identity
5eu6,33.3333333333,100.0,38.9380530973,56.6371681416,60.3736479843
3ffc,33.3333333333,81.0055865922,31.25,50.4273504274,51.7258650464
4mnq,22.2222222222,100.0,30.9090909091,34.8214285714,51.6958273208
2vlk,22.2222222222,100.0,32.7272727273,31.25,51.4036195286
3o4l,22.2222222222,100.0,33.6363636364,28.0701754386,51.0251639199
3qdj,0.0,100.0,64.2201834862,36.6071428571,50.1378877239
2e7l,44.4444444444,68.7150837989,34.8214285714,36.6071428571,49.6246046525
5brz,22.2222222222,86.5921787709,37.1681415929,41.0714285714,49.3113953584
