pdb_id,pep_identity,mhc_identity,tcrA_identity,tcrB_identity,total_identity
5eu6,33.3333333333,100.0,49.5575221239,35.3982300885,58.6037364798
5men,22.2222222222,100.0,38.3928571429,50.4504504505,55.547958673
3o4l,22.2222222222,100.0,37.1681415929,30.0884955752,51.9501802688
5brz,22.2222222222,86.5921787709,47.7876106195,40.0,50.9027354343
2e7l,44.4444444444,68.7150837989,26.3157894737,50.0,50.4391409934
3ffc,33.3333333333,81.0055865922,31.3043478261,35.0427350427,49.1708204533
