pdb_id,pep_identity,mhc_identity,tcrA_identity,tcrB_identity,total_identity
3gsn,22.2222222222,100.0,33.9449541284,74.3362831858,58.7876136265
2vlr,22.2222222222,100.0,30.2752293578,54.954954955,54.9457714595
2e7l,44.4444444444,68.7150837989,30.6306306306,57.6576576577,52.4345574625
3o4l,22.2222222222,100.0,29.3577981651,29.8245614035,50.6044673355
3ffc,33.3333333333,81.0055865922,30.3571428571,33.3333333333,48.7280526736
5brz,22.2222222222,86.5921787709,30.9734513274,36.9369369369,47.5898650418
