pdb_id,pep_identity,mhc_identity,tcrA_identity,tcrB_identity,total_identity
5eu6,33.3333333333,100.0,37.3913043478,49.5575221239,58.9359155231
3ffc,33.3333333333,81.0055865922,52.1739130435,45.2991452991,54.3584830323
5brz,22.2222222222,86.5921787709,33.0434782609,60.7142857143,51.8977609936
2vlk,22.2222222222,100.0,26.9565217391,39.6396396396,51.8401009705
4mnq,22.2222222222,100.0,30.9734513274,33.0357142857,51.4089350096
3o4l,22.2222222222,100.0,29.5652173913,26.3157894737,50.0542418849
2e7l,44.4444444444,68.7150837989,34.4827586207,34.2342342342,49.1726748903
