pdb_id,pep_identity,mhc_identity,tcrA_identity,tcrB_identity,total_identity
3o4l,22.2222222222,100.0,87.5,30.0884955752,60.3388233366
4eup,11.1111111111,100.0,40.9090909091,89.1891891892,58.7200837201
2vlk,22.2222222222,100.0,35.7798165138,56.3636363636,56.097982887
4mnq,22.2222222222,100.0,32.1428571429,55.8558558559,55.4071929072
2e7l,44.4444444444,68.7150837989,35.3982300885,57.2727272727,53.165002308
5d2n,22.2222222222,99.4413407821,22.7272727273,28.6956521739,49.125008485
