pdb_id,pep_identity,mhc_identity,tcrA_identity,tcrB_identity,total_identity
5eu6,33.3333333333,100.0,38.9380530973,40.0,57.6007866273
2vlk,22.2222222222,100.0,32.1428571429,35.3982300885,51.9975886126
4mnq,22.2222222222,100.0,29.0909090909,32.4561403509,50.9985823144
5brz,22.2222222222,86.5921787709,40.7079646018,41.2280701754,49.9274727939
3ffc,33.3333333333,81.0055865922,29.8245614035,36.7521367521,49.2090896678
2e7l,44.4444444444,68.7150837989,33.3333333333,35.3982300885,49.1751033181
