pdb_id,pep_identity,mhc_identity,tcrA_identity,tcrB_identity,total_identity
5eu6,33.3333333333,100.0,40.7079646018,62.6086956522,61.6638878201
3o4l,22.2222222222,100.0,53.6363636364,26.724137931,54.1341576686
2vlk,22.2222222222,100.0,34.5454545455,39.8230088496,53.1354846399
3ffc,33.3333333333,81.0055865922,34.5132743363,55.5555555556,53.1244449571
4mnq,22.2222222222,100.0,30.9734513274,28.6956521739,50.6855913243
5brz,22.2222222222,86.5921787709,38.0530973451,47.3684210526,50.5083867307
