pdb_id,pep_identity,mhc_identity,tcrA_identity,tcrB_identity,total_identity
5eu6,33.3333333333,100.0,48.6725663717,62.3931623932,62.9553992386
5euo,22.2222222222,100.0,43.75,40.0,54.6990740741
3ffc,33.3333333333,81.0055865922,32.7433628319,57.264957265,53.1143599913
5men,22.2222222222,100.0,41.0714285714,28.2051282051,52.2868335368
5brz,22.2222222222,86.5921787709,45.1327433628,46.5517241379,51.5522115812
3o4l,22.2222222222,100.0,36.9369369369,26.2711864407,51.2754279703
