pdb_id,pep_identity,mhc_identity,tcrA_identity,tcrB_identity,total_identity
2vlk,22.2222222222,100.0,32.1100917431,89.0909090909,60.9409075464
5eu6,33.3333333333,100.0,37.1681415929,31.8584070796,55.9488692232
4mnq,22.2222222222,100.0,30.0,48.6486486486,53.8488488488
2p5e,11.1111111111,100.0,36.2831858407,54.954954955,52.2433938363
3qdj,0.0,100.0,62.962962963,48.6486486486,51.9352686019
2e7l,44.4444444444,68.7150837989,32.4324324324,50.0,51.4585814865
3o4l,22.2222222222,100.0,34.2592592593,29.203539823,51.3178739211
