pdb_id,pep_identity,mhc_identity,tcrA_identity,tcrB_identity,total_identity
2vlk,22.2222222222,100.0,50.4504504505,50.8928571429,57.6312920063
4mnq,22.2222222222,100.0,35.4545454545,56.6371681416,56.0893596734
5eu6,33.3333333333,100.0,35.0877192982,29.8245614035,55.2631578947
2e7l,44.4444444444,68.7150837989,25.8928571429,53.5714285714,50.9638903668
3ffc,33.3333333333,81.0055865922,30.701754386,26.4957264957,47.6458867888
5brz,22.2222222222,86.5921787709,30.701754386,34.5132743363,47.1406384514
