pdb_id,pep_identity,mhc_identity,tcrA_identity,tcrB_identity,total_identity
5eu6,33.3333333333,100.0,37.1681415929,42.6086956522,57.7405839853
3o4l,22.2222222222,100.0,57.5471698113,29.9145299145,55.317690695
5brz,22.2222222222,86.5921787709,38.9380530973,66.6666666667,53.8722536251
4mnq,22.2222222222,100.0,30.6306306306,32.4561403509,51.255202571
3ffc,33.3333333333,81.0055865922,33.9285714286,42.735042735,50.8902423358
2e7l,44.4444444444,68.7150837989,30.701754386,28.9473684211,47.6613632156
