pdb_id,pep_identity,mhc_identity,tcrA_identity,tcrB_identity,total_identity
5eu6,33.3333333333,100.0,32.4561403509,46.4912280702,57.6023391813
2e7l,44.4444444444,68.7150837989,57.1428571429,32.1428571429,52.6007951287
2vlr,22.2222222222,100.0,31.25,39.2857142857,52.4966931217
5brz,22.2222222222,86.5921787709,31.5789473684,59.2920353982,51.4166307922
4mnq,22.2222222222,100.0,26.3157894737,34.5132743363,50.8789180424
3ffc,33.3333333333,81.0055865922,28.9473684211,43.5897435897,50.202491977
