pdb_id,pep_identity,mhc_identity,tcrA_identity,tcrB_identity,total_identity
5eu6,33.3333333333,100.0,29.203539823,60.5263157895,59.3994203799
3ffc,33.3333333333,81.0055865922,34.5454545455,55.5555555556,53.1298083253
4mnq,22.2222222222,100.0,29.7297297297,33.3333333333,51.2512512513
3o4l,22.2222222222,100.0,33.3333333333,27.5862068966,50.8939974457
2vlk,22.2222222222,100.0,26.1682242991,33.3333333333,50.6576670128
2e7l,44.4444444444,68.7150837989,33.3333333333,36.8421052632,49.4157491805
5brz,22.2222222222,86.5921787709,31.8584070796,43.8596491228,48.8911430315
