pdb_id,pep_identity,mhc_identity,tcrA_identity,tcrB_identity,total_identity
5euo,22.2222222222,100.0,93.5779816514,34.5132743363,62.0892834054
5eu6,33.3333333333,100.0,38.0530973451,59.649122807,60.7281478031
3o4l,22.2222222222,100.0,34.5794392523,32.1739130435,51.8662994567
3ffc,33.3333333333,81.0055865922,28.1818181818,52.1367521368,51.4994016949
5men,22.2222222222,100.0,34.2342342342,28.0701754386,51.1248090195
5brz,22.2222222222,86.5921787709,38.9380530973,44.7368421053,50.2172828648
