pdb_id,pep_identity,mhc_identity,tcrA_identity,tcrB_identity,total_identity
5eu6,33.3333333333,100.0,37.1681415929,57.5221238938,60.2261553589
3o4l,22.2222222222,100.0,53.7037037037,28.9473684211,54.5159194282
5euo,22.2222222222,100.0,38.3928571429,33.0357142857,52.6455026455
5men,22.2222222222,100.0,34.2342342342,36.9369369369,52.6026026026
3ffc,33.3333333333,81.0055865922,32.1428571429,51.2820512821,52.0171247127
2e7l,44.4444444444,68.7150837989,34.2342342342,36.036036036,49.4315544595
5brz,22.2222222222,86.5921787709,36.2831858407,41.0714285714,49.1639027331
