pdb_id,pep_identity,mhc_identity,tcrA_identity,tcrB_identity,total_identity
5eu6,33.3333333333,100.0,38.9380530973,43.4782608696,58.1804967723
3o4l,22.2222222222,100.0,53.2110091743,25.8620689655,53.9195870974
2vlk,22.2222222222,100.0,38.5321100917,36.2831858407,53.2099567295
5brz,22.2222222222,86.5921787709,37.1681415929,56.1403508772,51.8228824094
4mnq,22.2222222222,100.0,33.0357142857,33.3333333333,51.8022486772
3ffc,33.3333333333,81.0055865922,33.0357142857,40.1709401709,50.3140823846
2e7l,44.4444444444,68.7150837989,35.1351351351,32.7433628319,49.0329257423
