pdb_id,pep_identity,mhc_identity,tcrA_identity,tcrB_identity,total_identity
2vlr,22.2222222222,100.0,44.5454545455,50.4347826087,56.5707802664
5eu6,33.3333333333,100.0,40.7079646018,29.0598290598,56.0724100547
2e7l,44.4444444444,68.7150837989,27.9279279279,54.7826086957,51.504932185
3ffc,33.3333333333,81.0055865922,30.9734513274,28.2051282051,47.9760698973
