pdb_id,pep_identity,mhc_identity,tcrA_identity,tcrB_identity,total_identity
4eup,11.1111111111,100.0,32.4561403509,89.2857142857,57.3273461431
5euo,22.2222222222,100.0,33.9130434783,55.3571428571,55.61910513
3ffc,33.3333333333,81.0055865922,61.4035087719,29.9145299145,53.3326464229
2e7l,44.4444444444,68.7150837989,33.0434782609,56.25,52.6020891246
5d2n,22.2222222222,99.4413407821,30.701754386,29.5652173913,50.5990162977
5brz,22.2222222222,86.5921787709,32.1739130435,34.5132743363,47.3859982277
