pdb_id,pep_identity,mhc_identity,tcrA_identity,tcrB_identity,total_identity
3gsn,22.2222222222,100.0,30.9090909091,61.9469026549,56.2167396681
2e7l,44.4444444444,68.7150837989,31.8584070796,60.1769911504,53.0590757861
3ffc,33.3333333333,81.0055865922,33.3333333333,35.8974358974,49.651434847
5brz,22.2222222222,86.5921787709,34.5132743363,33.9285714286,47.6784412919
