pdb_id,pep_identity,mhc_identity,tcrA_identity,tcrB_identity,total_identity
5eu6,33.3333333333,100.0,49.5575221239,32.4561403509,58.1133881902
5men,22.2222222222,100.0,41.9642857143,56.6371681416,57.1743163834
2vlk,22.2222222222,100.0,43.2432432432,53.5714285714,56.8765193765
2e7l,44.4444444444,68.7150837989,25.6637168142,53.5714285714,50.925700312
5brz,22.2222222222,86.5921787709,45.1327433628,35.3982300885,49.6932959063
3ffc,33.3333333333,81.0055865922,32.4561403509,30.7692307692,48.6505351619
