pdb_id,pep_identity,mhc_identity,tcrA_identity,tcrB_identity,total_identity
5eu6,33.3333333333,100.0,42.4778761062,39.4736842105,58.1030378306
2vlk,22.2222222222,100.0,42.5925925926,33.9285714286,53.4942680776
4mnq,22.2222222222,100.0,38.7387387387,30.9734513274,52.3594390851
5brz,22.2222222222,86.5921787709,40.7079646018,39.8230088496,49.6932959063
3ffc,33.3333333333,81.0055865922,29.4642857143,35.0427350427,48.8641434347
2e7l,44.4444444444,68.7150837989,27.9279279279,31.25,47.5828307358
