pdb_id,pep_identity,mhc_identity,tcrA_identity,tcrB_identity,total_identity
5eu6,33.3333333333,100.0,39.1304347826,63.7168141593,61.5856526014
3ffc,33.3333333333,81.0055865922,50.8771929825,55.5555555556,55.8517647315
5euo,22.2222222222,100.0,28.6956521739,40.5405405405,52.2801061931
5brz,22.2222222222,86.5921787709,35.652173913,48.2142857143,50.2492102689
5men,22.2222222222,100.0,27.8260869565,29.203539823,50.2456785373
3o4l,22.2222222222,100.0,28.9473684211,28.0701754386,50.2436647173
