pdb_id,pep_identity,mhc_identity,tcrA_identity,tcrB_identity,total_identity
5eu6,33.3333333333,100.0,90.2654867257,43.1034482759,66.672600278
5brz,22.2222222222,86.5921787709,82.3008849558,89.5652173913,64.9158173889
2bnq,11.1111111111,100.0,85.8407079646,32.1739130435,56.7061405384
2vlk,22.2222222222,100.0,37.5,39.1304347826,53.5124798712
