pdb_id,pep_identity,mhc_identity,tcrA_identity,tcrB_identity,total_identity
5euo,22.2222222222,100.0,88.1818181818,50.0,63.771043771
5eu6,33.3333333333,100.0,38.5964912281,35.652173913,56.819221968
3gsn,22.2222222222,100.0,35.7142857143,60.5263157895,56.7808409914
5men,22.2222222222,100.0,34.8214285714,58.7719298246,56.3396338067
2bnr,11.1111111111,100.0,35.0877192982,60.5263157895,52.9727095517
3qeq,0.0,100.0,49.0909090909,67.5438596491,52.7724614567
2e7l,44.4444444444,68.7150837989,26.0869565217,60.5263157895,52.155388133
