pdb_id,pep_identity,mhc_identity,tcrA_identity,tcrB_identity,total_identity
5eu6,33.3333333333,100.0,35.0877192982,52.2123893805,58.9944625576
2e7l,44.4444444444,68.7150837989,59.649122807,34.8214285714,53.4649346442
2vlk,22.2222222222,100.0,35.9649122807,32.1428571429,52.0920356447
3o4l,22.2222222222,100.0,30.701754386,36.8421052632,51.9980506823
4mnq,22.2222222222,100.0,29.8245614035,33.6283185841,51.3162207387
3ffc,33.3333333333,81.0055865922,25.8620689655,47.8632478632,50.4005261133
5brz,22.2222222222,86.5921787709,34.2105263158,39.8230088496,48.6103895253
