pdb_id,pep_identity,mhc_identity,tcrA_identity,tcrB_identity,total_identity
5eu6,33.3333333333,100.0,40.7079646018,46.017699115,58.8987217306
5euo,22.2222222222,100.0,43.2432432432,40.0,54.6146146146
5men,22.2222222222,100.0,44.8598130841,33.9285714286,53.8721381595
5brz,22.2222222222,86.5921787709,38.9380530973,61.2612612613,52.9713527242
3o4l,22.2222222222,100.0,32.4324324324,27.1929824561,50.6783098888
3ffc,33.3333333333,81.0055865922,30.0884955752,42.735042735,50.2502296935
2e7l,44.4444444444,68.7150837989,29.203539823,33.3333333333,48.1426549405
