pdb_id,pep_identity,mhc_identity,tcrA_identity,tcrB_identity,total_identity
5eu6,33.3333333333,100.0,29.203539823,35.9649122807,55.3058531284
5men,22.2222222222,100.0,30.9090909091,32.7433628319,51.3494830309
5hhm,22.2222222222,100.0,29.0909090909,33.9285714286,51.243987494
3ffc,33.3333333333,81.0055865922,26.7857142857,33.3333333333,48.1328145783
2e7l,44.4444444444,68.7150837989,30.701754386,29.4642857143,47.7475160978
