pdb_id,pep_identity,mhc_identity,tcrA_identity,tcrB_identity,total_identity
2vlr,22.2222222222,100.0,27.1929824561,94.5454545455,61.030480241
2e7l,44.4444444444,68.7150837989,67.5438596491,51.8181818182,57.6135163257
5eu6,33.3333333333,100.0,35.0877192982,37.1681415929,56.4870879263
5men,22.2222222222,100.0,32.1428571429,49.5495495495,54.3561418561
3o4l,22.2222222222,100.0,32.4561403509,30.0884955752,51.1648467284
3ffc,33.3333333333,81.0055865922,26.724137931,37.6068376068,48.8348025648
