pdb_id,pep_identity,mhc_identity,tcrA_identity,tcrB_identity,total_identity
2vlk,22.2222222222,100.0,33.6363636364,93.6363636364,61.9528619529
4eup,11.1111111111,100.0,87.1559633028,57.6576576577,61.1726405304
4mnq,22.2222222222,100.0,30.6306306306,51.8181818182,54.4822094822
3o4l,22.2222222222,100.0,39.0909090909,32.7433628319,52.7131193945
2e7l,44.4444444444,68.7150837989,37.5,52.2935779817,52.6854390781
2bnr,11.1111111111,100.0,40.7079646018,51.3513513514,52.3802563626
5d2n,22.2222222222,99.4413407821,20.0,34.7826086957,49.6849557841
