pdb_id,pep_identity,mhc_identity,tcrA_identity,tcrB_identity,total_identity
5d2n,22.2222222222,99.4413407821,52.7777777778,52.1739130435,58.0464694717
2vlk,22.2222222222,100.0,25.4545454545,33.3333333333,50.5387205387
4mnq,22.2222222222,100.0,21.6216216216,36.036036036,50.3503503504
3ffc,33.3333333333,81.0055865922,28.8288288288,44.4444444444,50.3251855207
2e7l,44.4444444444,68.7150837989,28.9473684211,35.7798165138,48.5077069036
