pdb_id,pep_identity,mhc_identity,tcrA_identity,tcrB_identity,total_identity
3o4l,22.2222222222,100.0,87.3786407767,25.8620689655,59.6141923644
5eu6,33.3333333333,100.0,39.8230088496,48.2456140351,59.1225482586
5brz,22.2222222222,86.5921787709,38.0530973451,69.9115044248,54.2655672927
2vlk,22.2222222222,100.0,34.2592592593,39.8230088496,53.0877854255
3ffc,33.3333333333,81.0055865922,31.8181818182,47.0085470085,51.2507614463
4mnq,22.2222222222,100.0,29.4642857143,31.8584070796,50.9611895397
2e7l,44.4444444444,68.7150837989,33.0357142857,31.8584070796,48.535529642
