pdb_id,pep_identity,mhc_identity,tcrA_identity,tcrB_identity,total_identity
5eu6,33.3333333333,100.0,38.0530973451,60.1769911504,60.8161258604
2vlk,22.2222222222,100.0,33.9449541284,34.2342342342,52.1039388012
3ffc,33.3333333333,81.0055865922,30.3571428571,52.1367521368,51.8619558075
5men,22.2222222222,100.0,33.6363636364,27.6785714286,50.9598965849
3o4l,22.2222222222,100.0,33.3333333333,26.5486725664,50.7210750574
5brz,22.2222222222,86.5921787709,37.1681415929,42.8571428571,49.6090144061
3qdj,0.0,100.0,64.8148148148,32.1428571429,49.4929453263
2e7l,44.4444444444,68.7150837989,33.3333333333,33.3333333333,48.8309538589
