pdb_id,pep_identity,mhc_identity,tcrA_identity,tcrB_identity,total_identity
3o4l,22.2222222222,100.0,85.4368932039,23.0769230769,58.8263767875
5eu6,33.3333333333,100.0,40.7079646018,34.4827586207,56.9762316482
2vlk,22.2222222222,100.0,34.2592592593,32.4561403509,51.8599740091
4mnq,22.2222222222,100.0,32.1428571429,30.4347826087,51.170347366
3ffc,33.3333333333,81.0055865922,33.6363636364,32.4786324786,49.1321393277
5brz,22.2222222222,86.5921787709,38.9380530973,37.3913043478,48.9930265719
2e7l,44.4444444444,68.7150837989,33.9285714286,33.3333333333,48.9301602081
