pdb_id,pep_identity,mhc_identity,tcrA_identity,tcrB_identity,total_identity
5eu6,33.3333333333,100.0,31.8584070796,49.5575221239,58.0137659784
2vlr,22.2222222222,100.0,40.3669724771,39.6396396396,54.0751760935
5brz,22.2222222222,86.5921787709,34.5132743363,61.6071428571,52.29153653
4mnq,22.2222222222,100.0,29.4642857143,33.0357142857,51.1574074074
3ffc,33.3333333333,81.0055865922,24.7787610619,46.1538461538,49.9350745111
2e7l,44.4444444444,68.7150837989,25.2252252252,34.2342342342,47.6297526577
