pdb_id,pep_identity,mhc_identity,tcrA_identity,tcrB_identity,total_identity
3gsn,22.2222222222,100.0,38.8888888889,85.8407079646,61.529006883
5men,22.2222222222,100.0,30.0,90.0900900901,60.7557557558
2p5e,11.1111111111,100.0,36.2831858407,91.0714285714,58.2628061057
3qdj,0.0,100.0,62.962962963,63.0630630631,54.3376710043
2vlk,22.2222222222,100.0,32.1100917431,48.6486486486,54.200530806
2e7l,44.4444444444,68.7150837989,32.4324324324,54.954954955,52.2844073123
3o4l,22.2222222222,100.0,33.3333333333,28.0701754386,50.9746588694
