pdb_id,pep_identity,mhc_identity,tcrA_identity,tcrB_identity,total_identity
5eu6,33.3333333333,100.0,37.1681415929,50.4424778761,59.0462143559
2vlk,22.2222222222,100.0,33.0275229358,33.3333333333,51.8008834523
4mnq,22.2222222222,100.0,30.0,35.7142857143,51.6931216931
3ffc,33.3333333333,81.0055865922,31.25,45.2991452991,50.8711641917
3o4l,22.2222222222,100.0,33.3333333333,26.5486725664,50.7210750574
2e7l,44.4444444444,68.7150837989,32.4324324324,36.036036036,49.1312541592
5brz,22.2222222222,86.5921787709,38.0530973451,36.6071428571,48.7148403648
