pdb_id,pep_identity,mhc_identity,tcrA_identity,tcrB_identity,total_identity
5men,22.2222222222,100.0,30.701754386,88.5964912281,60.6237816764
2e7l,44.4444444444,68.7150837989,57.1428571429,55.2631578947,56.4541785874
5eu6,33.3333333333,100.0,32.4561403509,37.3913043478,56.0856852276
5euo,22.2222222222,100.0,32.4561403509,50.0,54.4834307992
3o4l,22.2222222222,100.0,31.25,27.3504273504,50.5074786325
3qdj,0.0,100.0,33.9285714286,61.4035087719,49.2220133668
