pdb_id,pep_identity,mhc_identity,tcrA_identity,tcrB_identity,total_identity
3gsn,22.2222222222,100.0,33.9449541284,61.0619469027,56.5752242459
2e7l,44.4444444444,68.7150837989,30.6306306306,53.5714285714,51.7535192815
3ffc,33.3333333333,81.0055865922,30.3571428571,29.0598290598,48.0158019613
5brz,22.2222222222,86.5921787709,30.9734513274,29.7297297297,46.3886638406
