pdb_id,pep_identity,mhc_identity,tcrA_identity,tcrB_identity,total_identity
5eu6,33.3333333333,100.0,44.2477876106,45.1327433628,59.3411996067
5brz,22.2222222222,86.5921787709,40.7079646018,94.5454545455,58.8137035223
2vlk,22.2222222222,100.0,36.6071428571,42.7272727273,53.9631433381
5men,22.2222222222,100.0,36.036036036,33.3333333333,52.3023023023
3o4l,22.2222222222,100.0,39.2857142857,27.1929824561,51.820523531
3ffc,33.3333333333,81.0055865922,32.4561403509,41.0256410256,50.3599368713
2e7l,44.4444444444,68.7150837989,33.3333333333,29.7297297297,48.2303532583
