pdb_id,pep_identity,mhc_identity,tcrA_identity,tcrB_identity,total_identity
5eu6,33.3333333333,100.0,39.8230088496,53.5087719298,59.999741241
2vlk,22.2222222222,100.0,33.3333333333,34.5132743363,52.0485086857
5men,22.2222222222,100.0,32.7272727273,33.3333333333,51.7508417508
3ffc,33.3333333333,81.0055865922,29.203539823,48.7179487179,51.0998880653
3o4l,22.2222222222,100.0,32.4324324324,26.9565217391,50.6388997693
2e7l,44.4444444444,68.7150837989,33.6283185841,36.2831858407,49.3717601519
5brz,22.2222222222,86.5921787709,37.1681415929,38.5964912281,48.8989058012
