pdb_id,pep_identity,mhc_identity,tcrA_identity,tcrB_identity,total_identity
5men,22.2222222222,100.0,29.5652173913,83.6363636364,59.607670912
5eu6,33.3333333333,100.0,39.1304347826,36.2831858407,57.013381215
5euo,22.2222222222,100.0,27.8260869565,53.1531531532,54.237280759
2e7l,44.4444444444,68.7150837989,35.9649122807,56.880733945,53.1941171187
3ffc,33.3333333333,81.0055865922,53.982300885,34.188034188,52.808029154
3o4l,22.2222222222,100.0,29.203539823,28.9473684211,50.4325587814
3qeq,0.0,100.0,30.9734513274,59.8214285714,48.4658133165
5brz,22.2222222222,86.5921787709,35.652173913,35.1351351351,48.0693518391
