pdb_id,pep_identity,mhc_identity,tcrA_identity,tcrB_identity,total_identity
5eu6,33.3333333333,100.0,23.6842105263,76.724137931,61.1791691873
3ffc,33.3333333333,81.0055865922,27.2727272727,57.264957265,52.2025873981
5euo,22.2222222222,100.0,24.3243243243,36.2068965517,50.8292775534
5men,22.2222222222,100.0,22.5225225225,32.7586206897,49.9542646094
3o4l,22.2222222222,100.0,20.5607476636,29.6610169492,49.1110348429
