pdb_id,pep_identity,mhc_identity,tcrA_identity,tcrB_identity,total_identity
5eu6,33.3333333333,100.0,40.350877193,60.1769911504,61.1990891683
2vlk,22.2222222222,100.0,39.6396396396,34.2342342342,53.0530530531
3ffc,33.3333333333,81.0055865922,31.5789473684,52.1367521368,52.0655898927
3o4l,22.2222222222,100.0,40.9090909091,26.5486725664,51.98370132
5men,22.2222222222,100.0,35.0877192982,27.6785714286,51.2017891952
5brz,22.2222222222,86.5921787709,39.4736842105,42.8571428571,49.993271509
