pdb_id,pep_identity,mhc_identity,tcrA_identity,tcrB_identity,total_identity
3o4l,22.2222222222,100.0,51.8181818182,59.8214285714,59.3473424723
5eu6,33.3333333333,100.0,37.1681415929,32.4561403509,56.0484914351
5euo,22.2222222222,100.0,38.3928571429,31.25,52.3478835979
5men,22.2222222222,100.0,34.8214285714,32.1428571429,51.9014550265
3ffc,33.3333333333,81.0055865922,34.8214285714,27.9661016949,48.5775616862
2e7l,44.4444444444,68.7150837989,33.0357142857,29.0909090909,48.0742799772
5brz,22.2222222222,86.5921787709,38.0530973451,30.9734513274,47.7758917765
