pdb_id,pep_identity,mhc_identity,tcrA_identity,tcrB_identity,total_identity
5eu6,33.3333333333,100.0,30.701754386,33.3333333333,55.1169590643
2e7l,44.4444444444,68.7150837989,58.407079646,29.4642857143,52.3650703078
5men,22.2222222222,100.0,33.6283185841,30.0884955752,51.3602097673
5hhm,22.2222222222,100.0,29.203539823,33.0357142857,51.1139497589
3ffc,33.3333333333,81.0055865922,27.8260869565,31.6239316239,48.0213097386
