pdb_id,pep_identity,mhc_identity,tcrA_identity,tcrB_identity,total_identity
3gsn,22.2222222222,100.0,39.6396396396,72.5663716814,59.4417426276
2vlk,22.2222222222,100.0,35.1351351351,51.3274336283,55.151168868
3o4l,22.2222222222,100.0,51.3513513514,31.0344827586,54.4717130924
2e7l,44.4444444444,68.7150837989,37.1681415929,56.6371681416,53.3540610369
3ffc,33.3333333333,81.0055865922,32.7433628319,31.6239316239,48.8408557178
5brz,22.2222222222,86.5921787709,35.3982300885,32.7433628319,47.6283991511
