pdb_id,pep_identity,mhc_identity,tcrA_identity,tcrB_identity,total_identity
4eup,11.1111111111,100.0,61.2612612613,86.7256637168,61.7015245334
5euo,22.2222222222,100.0,33.0357142857,54.8672566372,55.3912358946
5men,22.2222222222,100.0,30.9090909091,50.0,54.2255892256
2p5e,11.1111111111,100.0,38.9380530973,57.5221238938,53.1137332022
2e7l,44.4444444444,68.7150837989,33.3333333333,56.6371681416,52.7149263269
3o4l,22.2222222222,100.0,32.1428571429,25.8620689655,50.4082284255
5d2n,22.2222222222,99.4413407821,21.6216216216,31.3043478261,49.3755159094
