pdb_id,pep_identity,mhc_identity,tcrA_identity,tcrB_identity,total_identity
5men,22.2222222222,100.0,44.9541284404,79.1304347826,61.4215012779
3gsn,22.2222222222,100.0,41.4414414414,76.5217391304,60.4012708361
5euo,22.2222222222,100.0,42.3423423423,48.6956521739,55.9137398268
2e7l,44.4444444444,68.7150837989,28.3185840708,53.9130434783,51.425114006
3o4l,22.2222222222,100.0,32.4324324324,27.9661016949,50.8071630953
3qdj,0.0,100.0,35.4545454545,62.6086956522,49.6772068511
