pdb_id,pep_identity,mhc_identity,tcrA_identity,tcrB_identity,total_identity
5hho,22.2222222222,100.0,44.6428571429,91.8181818182,63.4842472342
5eu6,33.3333333333,100.0,47.7876106195,32.7433628319,57.866273353
4mnq,22.2222222222,100.0,35.1351351351,50.9090909091,55.0814450814
3o4l,22.2222222222,100.0,40.1785714286,35.3982300885,53.3368743269
3qdj,0.0,100.0,69.3693693694,50.4504504505,53.3033033033
2e7l,44.4444444444,68.7150837989,39.4736842105,49.5412844037,52.5556708501
2bnr,11.1111111111,100.0,44.2477876106,48.6486486486,52.5197764136
