pdb_id,pep_identity,mhc_identity,tcrA_identity,tcrB_identity,total_identity
5men,22.2222222222,100.0,37.5,81.0810810811,60.5042542543
5eu6,33.3333333333,100.0,50.4424778761,33.6283185841,58.4562438545
5euo,22.2222222222,100.0,41.9642857143,50.4504504505,56.1431967682
2e7l,44.4444444444,68.7150837989,25.8928571429,56.7567567568,51.4947783977
3o4l,22.2222222222,100.0,36.036036036,27.1929824561,51.2789104894
3qdj,0.0,100.0,36.036036036,64.8648648649,50.1501501502
5brz,22.2222222222,86.5921787709,46.017699115,31.5315315315,49.1963387722
3ffc,33.3333333333,81.0055865922,31.8584070796,31.6239316239,48.6933630924
