pdb_id,pep_identity,mhc_identity,tcrA_identity,tcrB_identity,total_identity
5eu6,33.3333333333,100.0,37.1681415929,56.6371681416,60.0786627335
3ffc,33.3333333333,81.0055865922,31.25,50.4273504274,51.7258650464
4mnq,22.2222222222,100.0,30.0,35.7142857143,51.6931216931
2vlk,22.2222222222,100.0,32.1100917431,31.25,51.3007560313
3o4l,22.2222222222,100.0,33.3333333333,28.0701754386,50.9746588694
2e7l,44.4444444444,68.7150837989,32.4324324324,37.5,49.3752481532
5brz,22.2222222222,86.5921787709,37.1681415929,41.0714285714,49.3113953584
