pdb_id,pep_identity,mhc_identity,tcrA_identity,tcrB_identity,total_identity
5eu6,33.3333333333,100.0,33.0434782609,35.3982300885,55.851395836
2e7l,44.4444444444,68.7150837989,55.652173913,50.0,55.3285383999
5men,22.2222222222,100.0,29.5652173913,50.4504504505,54.076685381
3o4l,22.2222222222,100.0,31.3043478261,30.0884955752,50.9728813076
3ffc,33.3333333333,81.0055865922,28.2051282051,35.0427350427,48.6542838498
