pdb_id,pep_identity,mhc_identity,tcrA_identity,tcrB_identity,total_identity
5eu6,33.3333333333,100.0,38.9380530973,49.1228070175,59.1212544636
5men,22.2222222222,100.0,31.8181818182,35.0877192982,51.8917242601
2vlk,22.2222222222,100.0,33.3333333333,32.7433628319,51.7535234349
3ffc,33.3333333333,81.0055865922,29.203539823,44.4444444444,50.3876373531
3o4l,22.2222222222,100.0,32.4324324324,25.2173913043,50.3490446969
2e7l,44.4444444444,68.7150837989,33.6283185841,36.2831858407,49.3717601519
5brz,22.2222222222,86.5921787709,37.1681415929,35.9649122807,48.46030931
