pdb_id,pep_identity,mhc_identity,tcrA_identity,tcrB_identity,total_identity
5eu6,33.3333333333,100.0,42.4778761062,39.4736842105,58.1030378306
2vlk,22.2222222222,100.0,42.7272727273,37.5,54.111952862
5men,22.2222222222,100.0,34.5132743363,30.0884955752,51.5077023927
5brz,22.2222222222,86.5921787709,40.7079646018,39.8230088496,49.6932959063
3ffc,33.3333333333,81.0055865922,30.0884955752,36.7521367521,49.2530786964
2e7l,44.4444444444,68.7150837989,27.027027027,39.2857142857,48.7719662999
