pdb_id,pep_identity,mhc_identity,tcrA_identity,tcrB_identity,total_identity
5eu6,33.3333333333,100.0,41.2280701754,32.7433628319,56.7730166123
5men,22.2222222222,100.0,43.75,49.5495495495,56.2906656657
5hhm,22.2222222222,100.0,40.350877193,50.9090909091,55.9507354244
2e7l,44.4444444444,68.7150837989,27.8260869565,54.5454545455,51.4484329981
3ffc,33.3333333333,81.0055865922,30.1724137931,28.2051282051,47.8425636415
