pdb_id,pep_identity,mhc_identity,tcrA_identity,tcrB_identity,total_identity
5eu6,33.3333333333,100.0,37.1681415929,41.592920354,57.5712881023
5brz,22.2222222222,86.5921787709,37.1681415929,89.1891891892,57.3310221281
2vlk,22.2222222222,100.0,32.1100917431,36.036036036,52.0984287039
3ffc,33.3333333333,81.0055865922,31.25,38.4615384615,49.7315630521
2e7l,44.4444444444,68.7150837989,32.4324324324,31.5315315315,48.3805034084
