pdb_id,pep_identity,mhc_identity,tcrA_identity,tcrB_identity,total_identity
4eup,11.1111111111,100.0,38.1818181818,91.8918918919,58.715988716
2vlk,22.2222222222,100.0,41.2844036697,60.5504587156,57.713217805
4mnq,22.2222222222,100.0,40.5405405405,51.3513513514,56.0560560561
2e7l,44.4444444444,68.7150837989,28.5714285714,58.1818181818,52.1787172067
3o4l,22.2222222222,100.0,36.3636363636,28.3185840708,51.5211108131
5d2n,22.2222222222,99.4413407821,27.9279279279,30.4347826087,50.2816394242
3ffc,33.3333333333,81.0055865922,38.3928571429,30.7692307692,49.6399879605
5brz,22.2222222222,86.5921787709,41.592920354,38.1818181818,49.5672567537
