pdb_id,pep_identity,mhc_identity,tcrA_identity,tcrB_identity,total_identity
2vlk,22.2222222222,100.0,39.2857142857,91.8181818182,62.5913900914
5eu6,33.3333333333,100.0,43.3628318584,32.7433628319,57.1288102262
5men,22.2222222222,100.0,30.3571428571,50.9090909091,54.2851130351
3o4l,22.2222222222,100.0,26.5486725664,35.3982300885,51.0652245166
2f54,11.1111111111,100.0,35.3982300885,48.6486486486,51.0448501599
2e7l,44.4444444444,68.7150837989,25.4385964912,49.5412844037,50.2164895636
