pdb_id,pep_identity,mhc_identity,tcrA_identity,tcrB_identity,total_identity
5eu6,33.3333333333,100.0,34.2105263158,38.7931034483,56.6117160718
2vlk,22.2222222222,100.0,54.954954955,36.8421052632,56.0402507771
3ffc,33.3333333333,81.0055865922,32.4561403509,36.7521367521,49.647686159
2e7l,44.4444444444,68.7150837989,26.7857142857,36.8421052632,48.3244793393
