pdb_id,pep_identity,mhc_identity,tcrA_identity,tcrB_identity,total_identity
4eup,11.1111111111,100.0,85.3211009174,51.3513513514,59.8157790818
5men,22.2222222222,100.0,35.7798165138,52.6785714286,55.4838053978
2vlk,22.2222222222,100.0,37.6146788991,49.5495495495,55.2681121488
2e7l,44.4444444444,68.7150837989,34.2342342342,55.8558558559,52.7348577628
3o4l,22.2222222222,100.0,40.3669724771,27.1929824561,52.0007332296
5d2n,22.2222222222,99.4413407821,21.1009174312,28.6956521739,48.853949269
5brz,22.2222222222,86.5921787709,40.7079646018,32.1428571429,48.4132706218
3ffc,33.3333333333,81.0055865922,32.1428571429,27.3504273504,48.0285207241
