pdb_id,pep_identity,mhc_identity,tcrA_identity,tcrB_identity,total_identity
5men,22.2222222222,100.0,29.4642857143,75.8928571429,58.3002645503
2e7l,44.4444444444,68.7150837989,58.5585585586,58.9285714286,57.301031079
5eu6,33.3333333333,100.0,33.3333333333,32.7433628319,55.4572271386
5euo,22.2222222222,100.0,28.0701754386,50.0,53.7524366472
3o4l,22.2222222222,100.0,29.7297297297,26.9565217391,50.1884493189
3ffc,33.3333333333,81.0055865922,28.9473684211,29.0598290598,47.7808395553
5brz,22.2222222222,86.5921787709,30.701754386,33.0357142857,46.894378443
