pdb_id,pep_identity,mhc_identity,tcrA_identity,tcrB_identity,total_identity
5eu6,33.3333333333,100.0,31.8584070796,46.017699115,57.4237954769
5brz,22.2222222222,86.5921787709,32.7433628319,91.9642857143,57.0560750887
2vlk,22.2222222222,100.0,50.4587155963,38.3928571429,55.5493361973
3ffc,33.3333333333,81.0055865922,38.9380530973,42.735042735,51.7251559472
2e7l,44.4444444444,68.7150837989,27.027027027,32.1428571429,47.5814901094
