pdb_id,pep_identity,mhc_identity,tcrA_identity,tcrB_identity,total_identity
5hho,22.2222222222,100.0,52.6785714286,90.2654867257,64.5647504331
5men,22.2222222222,100.0,37.2727272727,53.5087719298,55.8709906078
5eu6,33.3333333333,100.0,34.2105263158,32.1739130435,55.508517671
3gsn,22.2222222222,100.0,29.203539823,50.0,53.9413307112
