pdb_id,pep_identity,mhc_identity,tcrA_identity,tcrB_identity,total_identity
3gsn,22.2222222222,100.0,38.1818181818,89.4736842105,62.0166578061
3qdj,11.1111111111,100.0,88.0733944954,61.4035087719,61.9498542483
5men,22.2222222222,100.0,32.4324324324,87.7192982456,60.7660291871
2pye,11.1111111111,100.0,40.7079646018,85.0877192982,58.0029843537
3o4l,33.3333333333,100.0,40.9090909091,30.1724137931,56.2913618948
