pdb_id,pep_identity,mhc_identity,tcrA_identity,tcrB_identity,total_identity
2p5e,11.1111111111,100.0,92.9203539823,94.5945945946,68.2895284665
5eu6,33.3333333333,100.0,89.3805309735,34.5132743363,65.0934119961
3gsn,22.2222222222,100.0,40.7079646018,88.4955752212,62.2746640446
5men,11.1111111111,100.0,40.7079646018,91.0714285714,59.0002692326
4eup,22.2222222222,100.0,39.8230088496,51.3513513514,55.9364674409
