pdb_id,pep_identity,mhc_identity,tcrA_identity,tcrB_identity,total_identity
2p5e,22.2222222222,100.0,92.9203539823,94.5945945946,71.9932321702
3gsn,44.4444444444,100.0,40.7079646018,88.4955752212,69.682071452
5men,22.2222222222,100.0,40.7079646018,91.0714285714,62.7039729363
5eu6,22.2222222222,100.0,89.3805309735,34.5132743363,61.3897082924
3o4l,44.4444444444,100.0,37.1681415929,28.0701754386,59.0212009867
2vlk,33.3333333333,100.0,35.3982300885,49.5495495495,58.6024077175
