pdb_id,pep_identity,mhc_identity,tcrA_identity,tcrB_identity,total_identity
3gsn,33.3333333333,100.0,38.1818181818,89.4736842105,65.7203615098
5hhm,44.4444444444,100.0,35.4545454545,51.7857142857,62.6881914382
5men,22.2222222222,100.0,32.4324324324,87.7192982456,60.7660291871
4eup,11.1111111111,100.0,89.9082568807,52.2123893805,60.7238114139
2bnq,11.1111111111,100.0,41.592920354,87.610619469,58.5709603409
