pdb_id,pep_identity,mhc_identity,tcrA_identity,tcrB_identity,total_identity
2bnq,0.0,100.0,92.0353982301,94.6428571429,64.4463758955
5euo,33.3333333333,100.0,36.2831858407,50.0,58.8249754179
5men,11.1111111111,100.0,42.4778761062,87.5,58.7000163881
5bs0,11.1111111111,86.5921787709,84.0707964602,31.25,51.7878960374
