pdb_id,pep_identity,mhc_identity,tcrA_identity,tcrB_identity,total_identity
2f53,11.1111111111,100.0,92.9203539823,94.6428571429,68.2975722246
5eu6,33.3333333333,100.0,87.610619469,34.5132743363,64.7984267453
3gsn,22.2222222222,100.0,40.7079646018,86.7256637168,61.9796787938
5men,0.0,100.0,41.592920354,89.2857142857,55.1464391066
