pdb_id,pep_identity,mhc_identity,tcrA_identity,tcrB_identity,total_identity
5eu6,44.4444444444,100.0,38.0530973451,35.3982300885,60.3900360538
5men,22.2222222222,100.0,34.2342342342,50.4504504505,54.8548548549
3qeq,11.1111111111,100.0,50.9433962264,52.6785714286,54.3073649795
