pdb_id,pep_identity,mhc_identity,tcrA_identity,tcrB_identity,total_identity
4eup,33.3333333333,100.0,89.9082568807,51.7543859649,68.0548849187
2bnq,33.3333333333,100.0,41.592920354,86.8421052632,65.8502820473
3gsn,33.3333333333,100.0,38.1818181818,89.4736842105,65.7203615098
5men,22.2222222222,100.0,32.4324324324,88.5964912281,60.9122280175
3o4l,33.3333333333,100.0,40.9090909091,29.9145299145,56.2483812484
5euo,22.2222222222,100.0,35.7142857143,51.3274336283,55.2476939645
