pdb_id,pep_identity,mhc_identity,tcrA_identity,tcrB_identity,total_identity
3qdj,11.1111111111,100.0,88.0733944954,62.2807017544,62.0960530787
3gsn,22.2222222222,100.0,38.1818181818,89.4736842105,62.0166578061
3o4l,44.4444444444,100.0,40.9090909091,29.9145299145,59.9520849521
2bnr,11.1111111111,100.0,41.592920354,86.8421052632,58.4428746399
4mnq,11.1111111111,100.0,31.5315315315,84.2105263158,56.3273800116
