pdb_id,pep_identity,mhc_identity,tcrA_identity,tcrB_identity,total_identity
4eup,22.2222222222,100.0,86.2385321101,50.8928571429,63.5959722829
2pye,33.3333333333,100.0,41.592920354,63.3928571429,61.9420740273
5men,22.2222222222,100.0,34.2342342342,70.2702702703,58.1581581582
3gsn,22.2222222222,100.0,40.3669724771,62.8318584071,57.9405458881
3o4l,33.3333333333,100.0,41.2844036697,30.701754386,56.4421374537
5euo,11.1111111111,100.0,40.1785714286,50.4504504505,52.1418740169
