pdb_id,pep_identity,mhc_identity,tcrA_identity,tcrB_identity,total_identity
3gsn,22.2222222222,100.0,42.0560747664,59.2920353982,57.6320924348
3ffc,22.2222222222,81.0055865922,40.0,32.4786324786,46.4890416846
