pdb_id,pep_identity,mhc_identity,tcrA_identity,tcrB_identity,total_identity
2bnq,22.2222222222,100.0,41.592920354,86.8421052632,62.1465783436
5men,0.0,100.0,32.4324324324,88.5964912281,53.5048206101
2vlr,11.1111111111,100.0,35.4545454545,52.2123893805,51.6481928429
