pdb_id,pep_identity,mhc_identity,tcrA_identity,tcrB_identity,total_identity
2f53,33.3333333333,100.0,39.8230088496,87.5,65.6649459194
3gsn,22.2222222222,100.0,37.5,84.9557522124,61.1500327761
4eup,22.2222222222,100.0,31.5315315315,52.6785714286,54.7757579008
3o4l,33.3333333333,100.0,31.25,30.701754386,54.7697368421
