pdb_id,pep_identity,mhc_identity,tcrA_identity,tcrB_identity,total_identity
5eu6,11.1111111111,99.4413407821,40.7079646018,76.9911504425,56.4673364718
2vlk,11.1111111111,99.4413407821,36.6972477064,39.2857142857,49.5146442964
3ffc,11.1111111111,80.4469273743,33.9285714286,58.9743589744,46.0031678956
