pdb_id,pep_identity,mhc_identity,tcrA_identity,tcrB_identity,total_identity
5hhm,44.4444444444,99.4413407821,26.8518518519,33.0434782609,57.9444834276
5eu6,11.1111111111,99.4413407821,22.8070175439,64.347826087,51.3766245695
4mnq,22.2222222222,99.4413407821,22.5225225225,30.4347826087,49.3807385233
3ffc,22.2222222222,80.4469273743,31.8181818182,52.1367521368,48.215538858
5bs0,22.2222222222,86.0335195531,21.9298245614,43.4782608696,46.9865948303
