pdb_id,pep_identity,mhc_identity,tcrA_identity,tcrB_identity,total_identity
2bnq,22.2222222222,100.0,30.9734513274,61.2612612613,56.1131928389
5euo,11.1111111111,100.0,58.7155963303,51.8181818182,55.4593333951
5d2n,22.2222222222,99.4413407821,28.8288288288,30.4347826087,50.4317895744
