pdb_id,pep_identity,mhc_identity,tcrA_identity,tcrB_identity,total_identity
3gsn,44.4444444444,100.0,36.9369369369,49.5575221239,62.563891325
3o4l,44.4444444444,100.0,33.6363636364,30.0884955752,58.7689580167
4eup,22.2222222222,100.0,36.9369369369,58.5585585586,56.6566566567
5men,22.2222222222,100.0,36.9369369369,50.4504504505,55.3053053053
2p5w,22.2222222222,100.0,36.2831858407,50.0,55.1212717142
