pdb_id,pep_identity,mhc_identity,tcrA_identity,tcrB_identity,total_identity
4eup,22.2222222222,100.0,37.6146788991,58.5585585586,56.7696136503
5men,11.1111111111,100.0,34.2342342342,50.4504504505,51.1511511512
5d2n,22.2222222222,99.4413407821,26.8518518519,33.0434782609,50.5370760202
3ffc,33.3333333333,81.0055865922,28.1818181818,35.0427350427,48.6503988459
3o4l,11.1111111111,100.0,34.5794392523,30.0884955752,47.815026175
