pdb_id,pep_identity,mhc_identity,tcrA_identity,tcrB_identity,total_identity
4eup,33.3333333333,100.0,37.6146788991,58.5585585586,60.4733173541
2p5w,33.3333333333,100.0,35.3982300885,50.0,58.6774827925
3o4l,33.3333333333,100.0,34.5794392523,30.0884955752,55.2224335824
5d2n,33.3333333333,99.4413407821,26.8518518519,33.0434782609,54.2407797239
