pdb_id,pep_identity,mhc_identity,tcrA_identity,tcrB_identity,total_identity
2bnq,22.2222222222,100.0,40.7079646018,91.0714285714,62.7039729363
3qdj,11.1111111111,100.0,34.2342342342,70.2702702703,54.4544544545
5euo,11.1111111111,100.0,36.9369369369,50.4504504505,51.6016016016
