pdb_id,pep_identity,mhc_identity,tcrA_identity,tcrB_identity,total_identity
3qdj,11.1111111111,100.0,86.2385321101,35.1351351351,57.2659815779
3o4l,33.3333333333,100.0,40.0,28.0701754386,55.7894736842
4mnq,22.2222222222,100.0,32.4324324324,33.3333333333,51.7017017017
5d2n,22.2222222222,99.4413407821,22.7272727273,41.7391304348,51.2989215285
5bs0,11.1111111111,86.5921787709,39.8230088496,69.0909090909,50.7200829508
