pdb_id,pep_identity,mhc_identity,tcrA_identity,tcrB_identity,total_identity
4eup,33.3333333333,100.0,84.4036697248,35.7142857143,64.4641036843
5eu6,44.4444444444,100.0,42.4778761062,43.3628318584,62.4549328089
5bs0,33.3333333333,86.5921787709,39.8230088496,69.0909090909,58.1274903582
3o4l,33.3333333333,100.0,40.0,28.0701754386,55.7894736842
2vlk,22.2222222222,100.0,34.5454545455,43.6363636364,53.771043771
