pdb_id,pep_identity,mhc_identity,tcrA_identity,tcrB_identity,total_identity
4eup,33.3333333333,100.0,84.4036697248,35.7142857143,64.4641036843
5eu6,22.2222222222,100.0,42.4778761062,43.3628318584,55.0475254015
3gsn,22.2222222222,100.0,38.1818181818,30.9734513274,52.2666189923
