pdb_id,pep_identity,mhc_identity,tcrA_identity,tcrB_identity,total_identity
5eu6,44.4444444444,100.0,38.0530973451,30.9734513274,59.6525729269
5men,22.2222222222,100.0,34.8214285714,58.9285714286,56.3657407407
5euo,22.2222222222,100.0,36.036036036,52.7272727273,55.5346255346
3qeq,11.1111111111,100.0,31.5315315315,51.7857142857,50.9232446732
3o4l,11.1111111111,100.0,50.4504504505,25.6637168142,49.7227315811
2e7l,33.3333333333,68.7150837989,32.4561403509,53.6363636364,48.3648897086
